player_id,first_name,last_name,team_abbrev,team,division,jersey,games_played,goals,assists,hockey_assists,blocks,callahans,callahans_thrown,completions,throw_attempts,throwaways,stalls,drops,catches,yards_thrown,yards_received,hucks_completed,hucks_attempted,o_points_played,o_points_scored,d_points_played,d_points_scored,pulls,ob_pulls,seconds_played,turnovers,plus_minus,total_scores,completion_pct,minutes_played,rank_plus_minus,rank_total_scores,rank_goals,rank_assists,rank_blocks,rank_yards_thrown,rank_yards_received
ddemarre,Daan,De Marrée,CHI,Chicago Union,Central,21,12,43,28,27,18,0,0,230,238,8,0,3,265,1697,3005,5,9,141,109,49,26,1,1,12349,11,78,71,96.64,205.8,1,5,4,28,6,81,11
alaviolet,Allan,Laviolette,CAR,Carolina Flyers,South,11,12,22,67,15,6,0,0,393,414,16,0,2,372,3954,1706,32,37,228,165,1,0,0,0,15684,18,77,89,94.93,261.4,2,1,45,1,139,11,75
agutowsky,Anthony,Gutowsky,MAD,Madison Radicals,Central,6,12,55,10,14,18,0,0,154,169,12,0,6,218,611,2751,1,3,155,105,120,39,0,0,18787,18,65,65,91.12,313.1,3,10,1,178,6,247,18
jrandolph,John,Randolph,NY,New York Empire,East,34,12,28,39,28,6,0,0,370,382,9,0,0,400,2684,2200,11,15,198,148,89,22,0,0,18704,9,64,67,96.86,311.7,4,7,28,12,139,31,35
qbonnaud,Quentin,Bonnaud,MTL,Montreal Royal,East,44,12,53,19,14,7,0,0,187,203,13,0,2,250,933,3645,7,12,241,153,9,2,0,0,15926,15,64,72,92.12,265.4,4,4,2,82,103,163,2
wfrankenb,Walker,Frankenberg,OAK,Oakland Spiders,West,4,12,38,39,29,4,0,0,292,313,20,0,0,347,2456,3456,7,8,212,165,0,0,0,0,12588,20,61,77,93.29,209.8,6,3,6,12,234,41,4
bjagt,Ben,Jagt,NY,New York Empire,East,4,12,45,18,21,9,0,0,182,195,11,0,1,240,547,3524,1,4,261,185,40,8,30,1,19261,12,60,63,93.33,321.0,7,13,3,88,63,271,3
gmartin1,Garrett,Martin,SEA,Seattle Cascades,West,12,12,37,31,23,4,0,0,204,217,12,0,6,251,1473,2733,9,11,224,158,20,10,0,0,16545,18,54,68,94.01,275.8,8,6,7,22,234,100,19
bpreiss,Benjamin,Preiss,CHI,Chicago Union,Central,13,12,37,16,13,11,0,0,129,137,7,0,3,166,637,2304,3,4,145,116,68,32,0,0,13322,10,54,53,94.16,222.0,8,29,7,102,39,238,31
mhenke,Mark,Henke,ATX,Austin Sol,South,3,12,33,17,16,11,1,0,147,153,6,0,2,179,664,2114,2,3,146,103,85,31,0,0,15393,8,53,50,96.08,256.6,10,34,16,95,39,229,40
tdecraene,Tobe,Decraene,BOS,Boston Glory,East,33,12,37,30,23,4,0,0,295,314,15,0,3,351,1393,3843,4,7,202,145,19,3,1,1,15944,18,53,67,93.95,265.7,10,7,7,23,234,109,1
ncoolman,Noah,Coolman,COL,Colorado Apex,West,59,12,22,24,17,24,0,0,184,203,17,0,0,211,1541,2185,9,14,104,70,175,72,1,0,19213,17,53,46,90.64,320.2,10,43,45,51,1,90,37
sfaris,Seth,Faris,COL,Colorado Apex,West,11,12,34,16,7,7,0,0,68,74,4,0,0,102,1038,1325,14,17,132,91,91,35,14,0,13537,4,53,50,91.89,225.6,10,34,13,102,103,151,122
jkerr,Jordan,Kerr,SLC,Salt Lake Shred,West,66,12,17,41,21,4,0,0,255,267,9,0,2,270,2385,1908,12,16,236,181,5,1,0,0,14220,11,51,58,95.51,237.0,14,19,78,9,234,44,51
mlabar,Matt,LaBar,NY,New York Empire,East,2,12,34,27,25,4,0,0,255,268,12,0,3,303,1475,3060,9,13,243,177,10,2,0,0,17458,15,50,61,95.15,291.0,15,16,13,35,234,99,7
ataylor,Austin,Taylor,ATL,Atlanta Hustle,South,2,12,11,53,25,2,0,0,523,542,15,0,2,467,4548,1905,27,35,249,192,4,1,0,0,17239,17,49,64,96.49,287.3,16,12,170,3,411,2,52
sheyman,Scott,Heyman,PHI,Philadelphia Phoenix,East,44,12,23,39,27,6,0,0,304,326,18,1,1,346,3113,2531,22,27,198,133,9,1,0,0,14071,20,48,62,93.25,234.5,17,14,43,12,139,20,25
mrussnogl,Matt,Russnogle,SLC,Salt Lake Shred,West,18,12,42,9,12,2,0,0,100,104,4,1,1,145,345,2133,2,4,214,160,3,0,0,0,12783,6,47,51,96.15,213.1,18,33,5,202,411,368,39
jfairfax,Jacob,Fairfax,CAR,Carolina Flyers,South,20,12,36,16,15,5,0,0,168,175,7,0,3,210,816,3103,12,14,195,144,18,1,0,0,12983,10,47,52,96.0,216.4,18,32,10,102,183,186,6
jlyle,Jonathan,Lyle,LA,LA Aviators,South,6,12,25,42,28,2,0,0,293,314,18,0,4,334,2336,2929,21,28,225,135,4,2,0,0,15402,22,47,67,93.31,256.7,18,7,37,8,411,46,13
jlewis,James,Lewis,TOR,Toronto Rush,East,9,12,32,22,27,9,0,0,287,305,15,0,1,332,1900,3254,4,7,233,153,32,8,1,0,16221,16,47,54,94.1,270.4,18,27,19,59,63,66,5
amiller1,Adam,Miller,ATL,Atlanta Hustle,South,18,12,22,35,22,1,0,1,395,410,13,0,0,386,2670,1770,11,15,211,158,27,13,5,0,16352,13,45,57,96.34,272.5,22,20,45,17,531,32,65
tdunn,Travis,Dunn,SD,San Diego Growlers,South,80,12,17,40,17,7,0,0,225,243,17,0,2,249,1591,2607,11,21,218,154,11,1,0,0,14178,19,45,57,92.59,236.3,22,20,78,10,103,86,22
arees,Adam,Rees,OAK,Oakland Spiders,West,41,12,36,13,20,5,0,0,179,186,7,0,3,223,1050,2345,4,4,188,144,20,6,1,0,12761,10,44,49,96.24,212.7,24,38,10,127,183,146,29
cyorgason,Chad,Yorgason,SLC,Salt Lake Shred,West,6,12,25,36,31,4,0,0,242,263,20,0,2,272,2693,3011,22,27,222,166,39,14,0,0,15732,22,43,61,92.02,262.2,25,16,37,15,234,30,10
jduennebe,Jace,Duennebeil,SLC,Salt Lake Shred,West,22,12,34,16,7,5,0,0,87,94,6,0,6,126,782,2265,7,8,179,138,36,15,0,0,12017,12,43,50,92.55,200.3,25,34,13,102,183,196,33
sgudeman,Seth,Gudeman,IND,Indianapolis AlleyCats,Central,17,12,27,19,15,20,1,0,266,293,22,1,0,274,1349,2538,6,14,189,100,55,13,29,2,16332,23,43,46,90.78,272.2,25,43,29,82,4,113,24
kchunmoy,Kainoa,Chun-Moy,MAD,Madison Radicals,Central,93,12,16,34,17,10,0,0,222,240,14,1,2,228,1345,1746,7,12,138,94,67,26,2,0,15217,17,43,50,92.5,253.6,25,34,97,19,48,114,70
gsanner,Grayson,Sanner,CAR,Carolina Flyers,South,7,12,32,24,21,7,0,0,210,229,15,0,5,260,1407,2980,10,12,237,178,4,1,1,0,15682,20,43,56,91.7,261.4,25,22,19,51,103,108,12
haustinkn,Hayden,Austin-Knab,ATL,Atlanta Hustle,South,17,12,20,35,30,3,1,0,375,393,15,0,1,390,3185,2033,21,26,241,184,9,1,2,0,16762,16,42,55,95.42,279.4,30,26,61,17,322,18,43
zraunig,Zeppelin,Raunig,SEA,Seattle Cascades,West,0,12,31,11,9,6,0,0,102,108,5,0,1,136,563,2660,2,2,189,127,5,0,0,0,12179,6,42,42,94.44,203.0,30,54,22,157,139,264,20
ctremblay,Christophe,Tremblay-Joncas,MTL,Montreal Royal,East,42,12,12,44,22,11,0,0,258,284,21,0,5,286,3004,2177,26,32,209,132,34,4,9,1,15890,26,41,56,90.85,264.8,32,22,147,6,39,23,38
jbabbitt,Jeff,Babbitt,BOS,Boston Glory,East,87,12,21,0,4,21,0,0,96,99,1,0,0,113,147,838,0,0,70,50,93,22,0,0,11902,1,41,21,96.97,198.4,32,176,49,650,2,505,207
qfiner,Quinn,Finer,COL,Colorado Apex,West,88,12,33,32,28,0,0,0,287,312,21,0,3,341,2369,3018,20,30,259,177,11,4,0,0,18838,24,41,65,91.99,314.0,32,10,16,20,654,45,9
smcdougal,Sean,McDougall,LA,LA Aviators,South,10,12,17,19,10,12,0,0,139,147,8,0,0,159,855,1599,7,11,161,93,18,5,0,0,11159,8,40,36,94.56,186.0,35,78,78,82,29,171,86
jpotts,Jackson,Potts,ATX,Austin Sol,South,28,12,21,28,12,2,0,0,158,170,12,0,1,175,1073,1718,5,12,168,118,21,9,4,0,11986,13,38,49,92.94,199.8,36,38,49,28,411,141,74
smott,Sean,Mott,PHI,Philadelphia Phoenix,East,81,12,16,46,33,3,0,0,525,558,23,0,4,497,4293,2193,19,34,250,161,7,0,4,0,17390,27,38,62,94.09,289.8,36,14,97,5,322,4,36
rpieran,Pieran,Robert,MAD,Madison Radicals,Central,94,12,21,6,7,17,0,0,50,54,4,0,2,63,236,1135,0,0,42,27,190,71,0,0,15312,6,38,27,92.59,255.2,36,126,49,283,9,428,142
jcohen,Jesse,Cohen,SD,San Diego Growlers,South,3,12,17,20,10,7,0,0,98,106,6,0,0,116,844,1308,3,3,118,86,43,17,0,0,9954,6,38,37,92.45,165.9,36,73,78,73,103,176,123
nknutson,Nate,Knutson,ORE,Oregon Steel,West,17,12,30,9,15,7,0,0,143,152,5,0,4,174,352,1962,0,0,187,90,19,2,0,0,15213,9,37,39,94.08,253.6,40,66,24,202,103,363,48
awilsonho,Alec,Wilson Holliday,ATL,Atlanta Hustle,South,10,12,33,6,11,4,0,0,86,92,6,0,0,125,278,1979,2,2,139,108,1,0,0,0,9595,6,37,39,93.48,159.9,40,66,16,283,234,405,47
ebrodbeck,Eric,Brodbeck,ATX,Austin Sol,South,6,12,27,19,18,3,0,0,282,299,13,0,0,249,2163,1837,2,3,249,173,4,3,0,0,16563,13,36,46,94.31,276.1,42,43,29,82,322,54,57
tjohnson1,Tannor,Johnson-Go,BOS,Boston Glory,East,60,12,9,19,10,12,0,0,145,149,4,0,0,150,781,996,2,4,20,10,121,43,90,4,10705,4,36,28,97.32,178.4,42,118,210,82,29,198,169
wselfridg,Will,Selfridge,SLC,Salt Lake Shred,West,8,12,25,20,12,4,0,0,183,198,13,0,0,223,1282,1787,7,13,151,115,23,9,0,0,10663,13,36,45,92.42,177.7,42,46,37,73,234,118,61
bhulsmeye,Brett,Hulsmeyer,ATL,Atlanta Hustle,South,6,12,20,25,28,10,0,0,285,304,16,1,2,290,1527,3051,7,14,200,154,64,28,7,0,17648,19,36,45,93.75,294.1,42,46,61,46,48,94,8
moliart,Marcel,Oliart,PIT,Pittsburgh Thunderbirds,Central,47,12,30,13,18,5,0,0,227,239,10,0,2,268,1000,2608,2,2,212,115,8,3,0,0,14323,12,36,43,94.98,238.7,42,52,24,127,183,156,21
rsmith3,Rutledge,Smith,CAR,Carolina Flyers,South,1,12,29,12,15,3,0,0,323,331,6,0,2,292,1656,1327,0,0,166,124,7,0,0,0,11765,8,36,41,97.58,196.1,42,58,26,138,322,83,121
kelsalaam,Khalif,El-Salaam,SD,San Diego Growlers,South,99,12,21,24,12,2,0,0,166,179,10,0,1,197,1138,1938,5,9,118,76,113,34,19,0,16194,11,36,45,92.74,269.9,42,46,49,51,411,136,49
emagsig,Evan,Magsig,OAK,Oakland Spiders,West,32,12,16,40,32,6,0,0,587,613,25,1,1,515,4106,1510,17,25,243,183,13,4,1,0,15571,27,35,56,95.76,259.5,49,22,97,10,139,8,96
cbelfield,Conor,Belfield,SEA,Seattle Cascades,West,4,12,20,23,13,7,0,0,163,179,12,0,3,195,1038,2571,7,14,155,102,13,4,0,0,11567,15,35,43,91.06,192.8,49,52,61,58,103,151,23
akarklins,Arvids,Karklins,TOR,Toronto Rush,East,99,12,17,25,16,9,0,0,166,182,15,0,1,195,1592,2508,12,21,167,110,33,5,11,0,11874,16,35,42,91.21,197.9,49,54,78,46,63,85,26
khenke,Kyle,Henke,ATX,Austin Sol,South,23,12,27,26,33,12,0,0,378,413,30,1,0,382,2943,2871,15,28,266,186,27,7,1,0,18479,31,34,53,91.53,308.0,52,29,29,41,29,25,15
mmcdonnel,Rowan,McDonnell,DC,DC Breeze,East,12,12,20,36,14,3,0,0,267,289,22,0,3,304,1439,1921,8,15,231,157,4,3,1,0,17551,25,34,56,92.39,292.5,52,22,61,15,322,104,50
jfranklin,James,Franklin,LA,LA Aviators,South,84,12,27,27,13,0,0,0,164,183,19,0,1,210,1306,2450,13,20,189,114,12,1,0,0,12759,20,34,54,89.62,212.7,52,27,29,35,654,115,27
mcombs,Max,Combs,LA,LA Aviators,South,30,12,18,12,13,16,0,0,229,242,10,0,2,221,915,1414,1,3,79,46,148,43,6,0,16568,12,34,30,94.63,276.1,52,108,72,138,11,166,110
tblasman,Tom,Blasman,TOR,Toronto Rush,East,1,12,11,48,27,4,0,0,452,483,25,1,3,390,4346,1764,24,39,232,151,47,7,6,0,16838,29,34,59,93.58,280.6,52,18,170,4,234,3,68
bvohnoutk,Bryan,Vohnoutka,MIN,Minnesota Wind Chill,Central,3,12,24,20,22,6,0,0,206,223,15,0,1,237,1510,2057,4,7,170,111,63,30,2,0,14899,16,34,44,92.38,248.3,52,49,42,73,139,95,41
lgordon,Leo,Gordon,OAK,Oakland Spiders,West,47,12,14,30,24,4,0,0,298,315,16,0,0,276,2430,1616,9,12,185,140,2,1,0,0,10984,16,32,44,94.6,183.1,58,49,119,23,234,43,83
cguay,Charles,Guay,MTL,Montreal Royal,East,11,12,13,8,12,19,0,0,131,141,8,0,0,107,870,511,1,2,43,26,172,47,0,0,14388,8,32,21,92.91,239.8,58,176,137,219,5,170,315
bsadok,Benjamin,Sadok,BOS,Boston Glory,East,3,12,12,27,19,4,0,0,389,401,11,0,0,299,3663,1100,14,18,201,145,0,0,0,0,14827,11,32,39,97.01,247.1,58,66,147,35,234,15,146
bpastor,Brandon,Pastor,PHI,Philadelphia Phoenix,East,1,12,29,6,7,2,0,0,154,157,3,0,2,182,410,1284,1,1,195,135,3,0,0,0,14168,5,32,35,98.09,236.1,58,83,26,283,411,334,125
nlittle,Nate,Little,PHI,Philadelphia Phoenix,East,25,12,11,13,7,16,0,0,70,79,7,0,1,87,620,1006,5,7,47,25,184,51,0,0,14495,8,32,24,88.61,241.6,58,146,170,127,11,246,168
jlangdon,Jeremy,Langdon,ATL,Atlanta Hustle,South,20,12,17,16,13,2,0,0,93,95,1,0,2,111,712,1144,2,2,96,77,23,7,4,0,7261,3,32,33,97.89,121.0,58,93,78,102,411,220,140
kmcrae,Keith,McRae,TOR,Toronto Rush,East,41,12,21,10,10,9,0,0,108,116,8,0,0,137,734,1597,5,9,134,94,75,16,2,1,13416,8,32,31,93.1,223.6,58,100,49,178,63,212,87
jwylie,Joey,Wylie,ATX,Austin Sol,South,43,12,15,21,16,5,0,0,237,247,9,0,1,248,1500,1765,1,2,146,107,79,25,0,0,14606,10,31,36,95.95,243.4,65,78,107,63,183,97,67
ocable,Orion,Cable,BOS,Boston Glory,East,27,12,32,16,10,4,0,0,136,152,16,1,4,183,719,2891,16,28,208,148,21,2,0,0,16064,21,31,48,89.47,267.7,65,41,19,102,234,217,14
cjurek,Cole,Jurek,DC,DC Breeze,East,13,12,27,11,21,1,0,0,225,231,6,0,2,257,766,2773,2,6,144,107,8,2,0,0,10851,8,31,38,97.4,180.8,65,69,29,157,531,205,16
oartus,Oliver,Artus,SD,San Diego Growlers,South,52,12,26,11,9,4,0,0,98,105,7,0,3,131,468,1660,3,5,181,122,7,0,0,0,11907,10,31,37,93.33,198.4,65,73,35,157,234,308,81
swildavsk,Saul,Wildavsky,OAK,Oakland Spiders,West,90,12,25,8,10,2,0,0,116,122,5,0,0,147,563,1533,0,1,218,162,4,0,0,0,12936,5,30,33,95.08,215.6,69,93,37,219,411,264,94
jsalazar,Jordan,Salazar,HTX,Houston Havoc,South,45,12,21,10,10,4,0,0,117,121,3,0,2,139,522,2032,1,1,151,96,73,13,0,0,14147,5,30,31,96.69,235.8,69,100,49,178,234,284,44
sgrossber,Sam,Grossberg,PHI,Philadelphia Phoenix,East,16,12,20,21,21,2,0,0,422,439,12,0,1,330,3027,1365,7,13,185,125,9,0,0,0,13196,13,30,41,96.13,219.9,69,58,61,63,411,22,113
myorgason,McKay,Yorgason,SLC,Salt Lake Shred,West,10,12,4,43,44,4,0,0,549,571,18,1,2,449,4208,1378,7,9,239,182,23,12,0,0,15892,21,30,47,96.15,264.9,69,42,400,7,234,5,112
mosborne,Marcel,Osborne,SD,San Diego Growlers,South,42,12,31,18,40,7,0,0,341,363,21,0,5,303,2233,2290,3,5,237,162,33,13,5,1,18071,26,30,49,93.94,301.2,69,38,22,88,103,48,32
tbarbieri,Ty,Barbieri,TOR,Toronto Rush,East,5,12,36,8,5,1,0,0,73,82,9,1,5,117,214,1791,2,5,194,129,18,2,0,0,13266,15,30,44,89.02,221.1,69,49,10,219,531,448,60
tvandemoo,Tristan,Van de Moortele,MIN,Minnesota Wind Chill,Central,99,12,12,30,23,6,0,0,315,332,16,0,2,276,2276,1027,6,12,83,49,163,71,8,1,18050,18,30,42,94.88,300.8,69,54,147,23,139,47,163
jvallee,Jason,Vallee,OAK,Oakland Spiders,West,94,12,10,28,23,3,0,0,275,287,11,0,1,293,1738,1047,6,6,153,112,22,7,0,0,10698,12,29,38,95.82,178.3,76,69,190,28,322,78,160
mturner,Mark,Turner,HTX,Houston Havoc,South,55,12,17,21,9,3,0,1,142,155,11,0,1,153,1273,1126,7,9,139,92,3,0,0,0,9028,12,29,38,91.61,150.5,76,69,78,63,322,120,143
scarapell,Simon,Carapella,BOS,Boston Glory,East,2,12,13,14,17,6,0,0,209,214,3,0,1,227,748,1270,4,5,137,106,0,0,0,0,10261,4,29,27,97.66,171.0,76,126,137,118,139,209,126
tmonroe,Tyler,Monroe,DC,DC Breeze,East,7,12,12,24,24,2,0,0,273,279,6,1,2,291,1282,1689,3,4,194,139,1,0,0,0,15262,9,29,36,97.85,254.4,76,78,147,51,411,118,77
ddeclerck,Dylan,DeClerck,MIN,Minnesota Wind Chill,Central,54,12,21,4,1,8,0,0,36,40,4,0,0,56,129,733,0,2,30,20,140,55,0,0,13544,4,29,25,90.0,225.7,76,143,49,368,83,524,238
xpayne,Xavier,Payne,CHI,Chicago Union,Central,6,12,5,26,14,15,1,0,284,308,17,0,0,247,2076,92,11,19,23,12,164,79,140,5,13208,17,29,31,92.21,220.1,76,100,337,41,13,60,624
dburns,Dylan,Burns,OAK,Oakland Spiders,West,99,12,17,17,21,5,0,0,166,179,11,0,0,185,810,2030,0,2,162,126,69,23,0,0,14588,11,28,34,92.74,243.1,82,88,78,95,183,187,45
cstoughto,Calvin,Stoughton,BOS,Boston Glory,East,5,12,17,24,22,6,0,0,250,271,19,0,0,286,1706,1821,8,14,150,111,28,9,1,0,13319,19,28,41,92.25,222.0,82,58,78,51,139,80,59
kekwurtze,Karl,Ekwurtzel,ATL,Atlanta Hustle,South,32,12,27,2,9,3,0,0,85,88,3,0,1,116,-133,1688,0,0,143,107,8,4,0,0,11481,4,28,29,96.59,191.3,82,111,29,488,322,878,78
pkrenik,Paul,Krenik,MIN,Minnesota Wind Chill,Central,23,12,21,10,7,5,0,0,141,149,6,0,2,163,854,1455,1,2,137,85,55,25,0,0,13370,8,28,31,94.63,222.8,82,100,49,178,183,172,103
glarson,Gordon,Larson,MIN,Minnesota Wind Chill,Central,18,12,15,26,25,4,0,0,258,275,14,0,3,273,2012,1423,5,6,178,114,28,16,0,0,13816,17,28,41,93.82,230.3,82,58,107,41,234,63,109
dritthale,Daniel,Ritthaler,OAK,Oakland Spiders,West,17,12,13,13,20,10,0,0,234,243,7,0,2,194,1117,663,2,2,22,13,192,68,1,0,14985,9,27,26,96.3,249.8,87,136,137,127,48,140,257
aforsberg,Alex,Forsberg,SLC,Salt Lake Shred,West,25,12,14,3,4,13,0,0,33,37,2,0,1,40,154,528,1,2,4,3,160,54,0,0,10280,3,27,17,89.19,171.3,87,234,119,426,20,498,307
cchamberl,Carson,Chamberlain,IND,Indianapolis AlleyCats,Central,21,12,17,14,16,4,0,0,161,170,6,0,2,176,962,1865,2,4,170,97,9,3,0,0,12622,8,27,31,94.71,210.4,87,100,78,118,234,162,55
lmarks,Luke,Marks,MAD,Madison Radicals,Central,74,12,4,10,1,21,0,0,43,48,5,0,3,42,332,308,2,4,4,1,165,63,19,0,11124,8,27,14,89.58,185.4,87,281,400,178,2,379,409
kkoo,KJ,Koo,SD,San Diego Growlers,South,27,12,18,10,18,10,0,0,191,201,10,0,1,198,1426,1589,7,8,140,104,57,14,1,0,12787,11,27,28,95.02,213.1,87,118,72,178,48,106,88
lfitzpatr,Langley,Fitzpatrick,SEA,Seattle Cascades,West,3,12,10,4,4,14,0,0,33,34,1,0,0,39,23,609,1,1,8,5,96,36,0,0,7186,1,27,14,97.06,119.8,87,281,190,368,16,697,278
marmstron,Myles,Armstrong,ATX,Austin Sol,South,2,12,17,18,17,0,0,0,170,177,7,0,2,194,1246,1611,9,10,179,124,4,0,0,0,11893,9,26,35,96.05,198.2,93,83,78,88,654,122,84
ojohnson,Owen,Johnson,ATX,Austin Sol,South,20,12,12,4,7,13,0,0,52,55,3,0,0,57,131,713,0,0,19,15,147,50,0,0,10565,3,26,16,94.55,176.1,93,249,147,368,20,522,246
aroy,Andrew,Roy,DC,DC Breeze,East,32,12,16,21,26,3,0,0,556,570,13,0,1,490,3822,818,5,7,221,148,3,1,0,0,16459,14,26,37,97.54,274.3,93,73,97,63,322,13,210
tedmonds,Thomas,Edmonds,DC,DC Breeze,East,8,12,19,16,11,4,0,0,280,298,13,0,0,281,1773,1233,5,9,139,93,54,13,19,4,13643,13,26,35,93.96,227.4,93,83,68,102,234,76,128
dramsey,Dean,Ramsey,ATL,Atlanta Hustle,South,36,12,12,5,1,9,1,0,15,16,0,0,0,24,110,765,1,1,9,4,198,51,109,10,13262,0,26,17,93.75,221.0,93,234,147,317,63,547,226
kpew,Kimball,Pew,SLC,Salt Lake Shred,West,15,12,9,7,5,11,0,0,59,60,1,0,0,47,572,410,4,4,2,2,133,52,0,0,9215,1,26,16,98.33,153.6,93,249,210,244,39,262,351
chyzer,Cole,Hyzer,IND,Indianapolis AlleyCats,Central,13,12,14,28,12,12,0,0,258,293,27,0,1,279,2182,2318,15,24,195,98,35,13,7,0,16415,28,26,42,88.05,273.6,93,54,119,28,29,51,30
ebloodwor,Ethan,Bloodworth,CAR,Carolina Flyers,South,10,12,5,21,18,8,0,0,181,189,7,0,1,184,805,786,3,4,64,39,147,47,3,1,14354,8,26,26,95.77,239.2,93,136,337,63,83,188,218
tmitchell,Terrence,Mitchell,CAR,Carolina Flyers,South,8,12,17,17,12,4,0,0,120,128,8,0,4,142,850,1880,5,5,182,137,1,0,0,0,11644,12,26,34,93.75,194.1,93,88,78,95,234,174,54
pjanas,Pawel,Janas,CHI,Chicago Union,Central,55,12,3,27,12,1,0,0,196,207,5,0,0,164,1361,259,4,9,22,13,117,60,70,5,9817,5,26,30,94.69,163.6,93,108,452,35,531,111,453
cdeluna,Connor,DeLuna,ATX,Austin Sol,South,17,12,12,5,3,9,0,0,14,15,1,0,0,26,74,565,0,0,2,1,145,48,0,0,9303,1,25,17,93.33,155.1,103,234,147,317,63,595,291
plebourda,Philippe,Le Bourdais,MTL,Montreal Royal,East,30,12,17,12,12,1,0,0,80,84,4,0,1,101,474,1556,3,3,166,107,9,2,0,0,11306,5,25,29,95.24,188.4,103,111,78,138,531,305,90
nminfink,Nanda,Min-Fink,COL,Colorado Apex,West,46,12,15,20,18,2,1,0,194,203,9,1,2,213,1041,1648,4,6,121,82,32,12,0,0,9990,12,25,35,95.57,166.5,103,83,107,73,411,149,82
jkempe,Jason,Kempe,IND,Indianapolis AlleyCats,Central,14,12,9,11,13,18,0,0,207,221,12,0,1,195,1136,849,0,2,82,41,106,30,0,0,13436,13,25,20,93.67,223.9,103,190,210,157,6,137,203
jmcmoniga,John,McMonigal,PIT,Pittsburgh Thunderbirds,Central,3,12,19,21,18,7,0,0,280,301,18,0,4,316,1531,2215,8,14,207,120,38,11,0,0,16163,22,25,40,93.02,269.4,103,63,68,63,103,93,34
nranabhat,Nico,Ranabhat,MAD,Madison Radicals,Central,19,12,23,10,10,3,0,0,111,118,6,0,5,136,477,1602,2,3,124,90,28,13,1,0,11582,11,25,33,94.07,193.0,103,93,43,178,322,302,85
dhawkins,Dylan,Hawkins,CAR,Carolina Flyers,South,6,12,25,6,16,3,0,0,149,156,5,0,4,177,350,1439,1,3,176,128,12,2,0,0,11403,9,25,31,95.51,190.1,103,100,37,283,322,364,106
mmiller1,Matt,Miller,SD,San Diego Growlers,South,2,12,21,32,26,7,0,2,436,476,34,0,1,396,4037,1984,21,30,240,164,28,10,1,0,17976,35,25,53,91.6,299.6,103,29,49,20,103,9,46
pturner,Phil,Turner,TOR,Toronto Rush,East,34,12,10,2,7,17,1,0,62,64,2,0,2,66,435,632,2,2,47,30,187,36,87,5,14737,4,25,12,96.88,245.6,103,325,190,488,9,319,269
mhanscom,Max,Hanscom,MIN,Minnesota Wind Chill,Central,96,12,10,2,5,15,0,0,32,34,2,0,0,43,131,476,0,0,7,6,148,59,0,0,11159,2,25,12,94.12,186.0,103,325,190,488,13,522,330
wwettenge,William,Wettengel,CHI,Chicago Union,Central,77,12,7,10,3,12,0,0,55,61,4,0,0,63,372,735,2,5,13,8,125,50,6,1,9818,4,25,17,90.16,163.6,103,234,255,178,29,348,236
aagami,Axel,Agami,NY,New York Empire,East,18,12,16,7,7,4,0,0,56,59,3,0,0,65,224,649,0,0,11,7,172,44,0,0,12117,3,24,23,94.92,201.9,114,159,97,244,234,435,264
arosentha,Aaron,Rosenthal,OAK,Oakland Spiders,West,38,12,15,0,2,11,1,0,26,28,2,0,0,41,35,688,0,0,8,4,153,46,0,0,10970,2,24,15,92.86,182.8,114,261,107,650,39,668,251
jwilliams,Jack,Williams,NY,New York Empire,East,11,12,9,28,25,4,0,0,389,411,17,0,0,344,2895,1428,9,17,193,138,14,2,0,0,13531,17,24,37,94.65,225.5,114,73,210,28,234,27,108
mcrawford,Matthew,Crawford,OAK,Oakland Spiders,West,5,12,14,10,8,1,0,0,196,197,1,0,0,144,1219,838,2,2,180,143,3,2,0,0,11048,1,24,24,99.49,184.1,114,146,119,178,531,128,207
hmay,Hunter,May,COL,Colorado Apex,West,10,12,12,4,3,11,0,0,17,19,1,0,2,30,16,756,0,0,14,5,118,43,0,0,9172,3,24,16,89.47,152.9,114,249,147,368,39,719,230
agordon,Archer,Gordon,ORE,Oregon Steel,West,23,12,21,6,8,2,0,0,122,126,3,1,1,146,412,1735,1,2,170,87,5,1,0,0,12511,5,24,27,96.83,208.5,114,126,49,283,411,332,72
lambrose,Lukas,Ambrose,SEA,Seattle Cascades,West,2,12,15,4,11,13,0,0,86,94,7,0,1,103,433,1074,1,2,43,27,175,46,71,7,13720,8,24,19,91.49,228.7,114,204,107,368,20,320,154
bkrapfl,Blake,Krapfl,MIN,Minnesota Wind Chill,Central,51,12,9,5,5,12,1,0,15,17,2,0,0,26,171,354,2,2,0,0,147,66,0,0,10488,2,24,14,88.24,174.8,114,281,210,317,29,483,384
jcowan,Jacob,Cowan,NY,New York Empire,East,24,12,16,8,4,3,0,0,77,80,3,1,0,95,299,1212,0,0,110,85,66,12,0,0,10996,4,23,24,96.25,183.3,122,146,97,219,322,390,131
kkolafa,Kyle,Kolafa,HTX,Houston Havoc,South,1,12,16,4,4,5,0,0,34,37,1,0,1,51,171,799,1,1,58,40,38,9,1,1,6157,2,23,20,91.89,102.6,122,190,97,368,183,483,214
adowney,Aidan,Downey,DC,DC Breeze,East,3,12,12,12,12,2,0,0,127,130,3,0,0,133,504,1093,1,2,80,55,43,18,1,0,8462,3,23,24,97.69,141.0,122,146,147,138,411,294,150
jmiller,Jacob,Miller,SLC,Salt Lake Shred,West,0,12,14,14,30,0,0,0,286,290,3,0,2,270,1533,1340,4,4,208,159,1,0,0,0,12349,5,23,28,98.62,205.8,122,118,119,118,654,91,117
jgalle,Jack,Galle,IND,Indianapolis AlleyCats,Central,38,12,19,5,5,8,0,0,122,128,6,0,3,135,314,1340,1,1,117,59,56,13,0,0,11633,9,23,24,95.31,193.9,122,146,68,317,83,385,117
jcarrico,Jake,Carrico,MAD,Madison Radicals,Central,3,12,6,21,12,5,1,0,98,108,8,0,1,99,1035,714,6,6,47,30,124,55,1,0,11324,9,23,27,90.74,188.7,122,126,290,63,183,154,245
mmccarthy,Mitchell,McCarthy,MAD,Madison Radicals,Central,59,12,18,11,10,12,0,0,120,138,16,1,1,127,1178,763,7,11,47,30,145,62,33,1,13171,18,23,29,86.96,219.5,122,111,72,157,29,133,227
jpollard,James,Pollard,MIN,Minnesota Wind Chill,Central,17,12,9,12,7,15,1,0,71,84,10,1,2,75,725,891,9,13,57,29,150,59,123,11,13621,13,23,21,84.52,227.0,122,176,210,138,13,216,187
clankford,Carter,Lankford,OAK,Oakland Spiders,West,24,12,11,2,5,14,0,0,42,46,4,0,1,53,159,659,0,0,12,6,107,37,1,0,7809,5,22,13,91.3,130.2,130,306,170,488,16,492,259
ayuan,Albert,Yuan,BOS,Boston Glory,East,32,12,15,7,9,4,0,0,70,74,2,0,2,87,407,1094,1,1,69,48,87,33,0,0,12478,4,22,22,94.59,208.0,130,167,107,244,234,336,149
jwisner,Jack,Wisner,PHI,Philadelphia Phoenix,East,14,12,11,3,1,13,0,0,36,39,3,0,2,47,80,588,1,1,26,16,167,44,0,0,12862,5,22,14,92.31,214.4,130,281,170,426,20,589,284
mmunoz,Marc,Munoz,SEA,Seattle Cascades,West,11,12,8,25,21,7,0,0,244,261,15,1,2,214,2070,1042,12,14,119,84,83,17,0,0,13629,18,22,33,93.49,227.2,130,93,232,46,103,62,162
tgoss,Tony,Goss,SEA,Seattle Cascades,West,1,12,15,13,21,4,0,0,280,290,9,0,1,241,1454,753,3,3,160,111,44,18,0,0,13857,10,22,28,96.55,230.9,130,118,107,127,234,101,232
gschoepke,Gabe,Schoepke,CHI,Chicago Union,Central,1,12,14,4,2,7,0,0,14,14,0,0,3,27,43,620,0,0,0,0,100,50,1,0,7122,3,22,18,100.0,118.7,130,215,119,368,103,646,273
ochartock,Oliver,Chartock,NY,New York Empire,East,13,12,12,15,14,3,0,0,135,143,8,0,1,156,891,1547,3,3,174,122,15,2,0,0,12655,9,21,27,94.41,210.9,136,126,147,113,322,167,92
wstpierre,William,St-Pierre,MTL,Montreal Royal,East,10,12,14,5,7,4,0,0,55,57,2,0,0,71,261,1053,0,0,59,38,91,26,0,0,10107,2,21,19,96.49,168.4,136,204,119,317,234,414,159
powens,Paul,Owens,PHI,Philadelphia Phoenix,East,88,12,6,11,5,9,0,0,132,138,5,0,0,110,827,428,4,7,29,17,186,48,38,1,15030,5,21,17,95.65,250.5,136,234,290,157,63,184,346
mmaroon,Michael,Maroon,PHI,Philadelphia Phoenix,East,6,12,17,6,7,2,0,0,62,66,4,0,0,83,49,1024,0,0,96,58,11,4,0,0,7443,4,21,23,93.94,124.0,136,159,78,283,411,633,164
jburnett,Justin,Burnett,MIN,Minnesota Wind Chill,Central,5,12,10,8,4,14,0,0,62,69,7,1,3,54,517,936,1,2,14,8,169,64,1,0,13301,11,21,18,89.86,221.7,136,215,190,219,16,288,179
nhanson,Noah,Hanson,MIN,Minnesota Wind Chill,Central,4,12,7,12,6,13,0,0,67,79,10,0,1,74,661,595,3,6,5,3,148,70,0,0,12211,11,21,19,84.81,203.5,136,204,255,138,20,231,283
sjonas,Sam,Jonas,NY,New York Empire,East,12,12,3,7,7,13,0,0,129,130,1,0,2,106,624,244,2,2,15,8,158,45,0,0,12152,3,20,10,99.23,202.5,142,374,452,244,20,244,467
rbowman,Reese,Bowman,ATX,Austin Sol,South,4,12,14,12,9,1,0,0,79,85,5,0,2,97,698,895,4,7,143,96,9,1,1,0,9367,7,20,26,92.94,156.1,142,136,119,138,531,224,185
blewis,Ben,Lewis,HTX,Houston Havoc,South,7,12,16,7,10,4,0,0,102,109,4,0,3,125,736,1455,4,5,104,64,36,13,0,0,9031,7,20,23,93.58,150.5,142,159,97,244,234,211,103
jzuraw,Jimmy,Zuraw,HTX,Houston Havoc,South,23,12,12,26,25,7,0,1,337,359,19,1,5,315,2541,1561,11,14,201,125,48,15,20,0,15819,25,20,38,93.87,263.6,142,69,147,41,103,37,89
svandusen,Sam,VanDusen,COL,Colorado Apex,West,82,12,7,17,15,10,0,0,115,130,13,0,1,94,1123,394,5,12,17,8,181,68,114,10,12237,14,20,24,88.46,203.9,142,146,255,95,48,138,358
spew,Sam,Pew,SLC,Salt Lake Shred,West,29,12,7,8,5,9,0,0,63,67,4,0,0,67,278,613,1,3,6,4,199,62,0,0,12140,4,20,15,94.03,202.3,142,261,255,219,63,405,275
singham,Samuel,Ingham,IND,Indianapolis AlleyCats,Central,4,12,17,16,5,3,0,0,122,135,13,0,3,147,844,1724,0,3,94,42,85,32,0,0,12444,16,20,33,90.37,207.4,142,93,78,102,322,176,73
amullen,Alex,Mullen,PIT,Pittsburgh Thunderbirds,Central,54,12,17,12,8,6,0,0,203,214,10,0,5,202,1046,1456,5,10,147,74,13,3,0,0,10307,15,20,29,94.86,171.8,142,111,78,138,139,147,102
rduncan,Reid,Duncan,PIT,Pittsburgh Thunderbirds,Central,0,12,16,1,4,7,0,0,48,50,2,0,2,59,174,862,0,0,32,15,128,25,14,1,10513,4,20,17,96.0,175.2,142,234,97,559,103,479,198
dbrunker,Daniel,Brunker,SD,San Diego Growlers,South,26,12,10,18,13,5,0,0,195,207,12,0,1,177,1743,882,8,11,106,74,29,8,1,0,9364,13,20,28,94.2,156.1,142,118,190,88,183,77,190
cconcanno,Connor,Concannon,DET,Detroit Mechanix,Central,5,12,26,10,9,2,0,0,80,91,11,0,7,118,402,2365,4,6,221,101,18,3,0,0,14597,18,20,36,87.91,243.3,142,78,35,178,411,338,28
jrubinmil,Jake,Rubin-Miller,CHI,Chicago Union,Central,75,12,11,5,8,8,1,0,50,53,3,0,1,58,211,551,1,1,4,2,167,88,0,0,12799,4,20,16,94.34,213.3,142,249,170,317,83,449,295
mbaldauf,Mark,Baldauf,HTX,Houston Havoc,South,26,12,7,20,8,4,0,0,206,220,12,0,0,190,1370,1017,6,8,130,72,33,4,1,0,10056,12,19,27,93.64,167.6,154,126,255,73,234,110,165
mjackson,Matt,Jackson,COL,Colorado Apex,West,6,12,6,13,12,6,0,0,127,130,3,0,3,112,716,299,2,3,28,18,133,62,0,0,12065,6,19,19,97.69,201.1,154,204,290,127,139,219,419
cboxley,Christian,Boxley,DC,DC Breeze,East,31,12,15,9,7,0,0,0,118,122,4,0,1,136,243,1095,0,0,86,62,2,1,0,0,6594,5,19,24,96.72,109.9,154,146,107,202,654,424,147
lmcclamro,Lukas,McClamrock,ATL,Atlanta Hustle,South,3,12,6,8,10,14,1,0,88,98,9,0,0,80,648,339,1,1,3,2,158,43,0,0,10965,9,19,14,89.8,182.8,154,281,290,219,16,236,393
rbrowning,Reed,Browning,SLC,Salt Lake Shred,West,33,12,8,11,9,7,0,0,50,57,7,0,0,61,474,728,4,5,4,3,159,54,0,0,11496,7,19,19,87.72,191.6,154,204,232,157,103,305,239
kweinberg,Kyle,Weinberg,SLC,Salt Lake Shred,West,34,12,12,5,7,9,0,0,68,74,6,0,1,72,459,365,2,4,17,11,169,53,127,8,11635,7,19,17,91.89,193.9,154,234,147,317,63,311,377
lstorm,Lucas,Storm,PIT,Pittsburgh Thunderbirds,Central,31,12,11,11,5,4,0,0,88,94,6,0,1,104,526,964,3,5,110,59,32,9,0,0,9156,7,19,22,93.62,152.6,154,167,170,157,234,281,175
sstark,Sam,Stark,MAD,Madison Radicals,Central,95,12,6,9,7,10,0,0,57,61,3,0,3,58,590,755,5,6,41,26,141,58,24,0,11652,6,19,15,93.44,194.2,154,261,290,202,48,255,231
tli,Tommy,Li,SEA,Seattle Cascades,West,17,12,19,14,23,4,0,0,163,180,16,0,2,195,1072,1786,8,12,230,152,0,0,0,0,15821,18,19,33,90.56,263.7,154,93,68,118,234,142,62
rpoloz,Ryan,Poloz,TOR,Toronto Rush,East,18,12,6,24,13,1,0,0,265,281,11,0,1,209,2075,912,4,6,208,138,9,4,0,0,13996,12,19,30,94.31,233.3,154,108,290,51,531,61,182
jklane,Josh,Klane,MIN,Minnesota Wind Chill,Central,29,12,7,24,13,3,0,0,242,259,13,0,2,196,2172,895,12,20,167,106,7,2,1,0,11634,15,19,31,93.44,193.9,154,100,255,51,322,53,185
jjohnson,Jesse,Johnson,CHI,Chicago Union,Central,0,12,12,5,7,10,0,0,37,41,4,0,4,47,142,640,0,1,1,0,109,51,0,0,7465,8,19,17,90.24,124.4,154,234,147,317,48,514,266
bvandeuse,Brandon,Van Deusen,CHI,Chicago Union,Central,42,12,4,25,25,4,0,0,303,318,13,0,1,253,2754,798,11,13,169,128,14,10,2,0,12219,14,19,29,95.28,203.7,154,111,400,46,234,29,215
smccall1,Stefan,McCall,OAK,Oakland Spiders,West,9,12,5,11,3,8,0,0,77,82,5,0,1,81,396,622,3,5,11,6,123,48,0,0,9828,6,18,16,93.9,163.8,167,249,337,157,83,342,272
jclutton,Joel,Clutton,LV,Vegas Bighorns,West,77,12,18,4,5,4,0,0,67,76,8,0,0,93,360,1078,2,2,110,51,15,2,1,0,8782,8,18,22,88.16,146.4,167,167,72,368,234,355,151
kquinlan,Kevin,Quinlan,MTL,Montreal Royal,East,81,12,7,30,25,3,0,0,318,340,20,1,1,321,2622,1684,16,25,244,155,4,1,0,0,16210,22,18,37,93.53,270.2,167,73,255,23,322,35,79
tmounga,Tony,Mounga,SLC,Salt Lake Shred,West,7,12,10,11,4,7,0,0,49,58,9,0,1,55,626,419,6,9,4,4,147,50,1,0,10102,10,18,21,84.48,168.4,167,176,190,157,103,243,349
beberhard,Braden,Eberhard,SLC,Salt Lake Shred,West,20,12,21,7,24,2,0,0,340,353,10,1,1,284,2004,1126,2,4,217,169,0,0,0,0,12902,12,18,28,96.32,215.0,167,118,49,244,411,64,143
cwu,Casey,Wu,SD,San Diego Growlers,South,29,12,14,4,9,2,0,0,104,106,1,0,1,104,636,864,1,1,133,93,0,0,0,0,9033,2,18,18,98.11,150.6,167,215,119,368,411,240,196
clacy,Cameron,Lacy,MIN,Minnesota Wind Chill,Central,28,12,8,13,11,7,0,0,109,121,9,1,0,92,788,369,4,8,6,5,170,84,117,10,13975,10,18,21,90.08,232.9,167,176,232,127,103,194,374
wmatthews1,Wilson,Matthews,CHI,Chicago Union,Central,11,12,18,1,8,2,0,0,65,67,2,0,1,84,38,1345,0,0,125,90,8,4,0,0,9828,3,18,19,97.01,163.8,167,204,72,559,411,659,115
adavis2,Antoine,Davis,NY,New York Empire,East,81,12,5,4,1,9,0,0,24,25,1,0,0,27,216,274,2,2,7,5,151,42,0,0,10201,1,17,9,96.0,170.0,175,393,337,368,63,445,445
mbrownlee,Marques,Brownlee,NY,New York Empire,East,82,12,2,16,6,5,0,0,93,100,6,0,0,73,996,148,4,6,9,5,151,39,119,13,9849,6,17,18,93.0,164.2,175,215,507,102,183,157,559
mwilliams,Max,Williams,OAK,Oakland Spiders,West,87,12,7,5,2,12,0,0,55,61,6,0,1,63,385,669,2,3,26,14,183,61,0,0,13296,7,17,12,90.16,221.6,175,325,255,317,29,345,256
mwalter,Mick,Walter,ATX,Austin Sol,South,26,12,5,5,4,7,0,0,55,55,0,0,0,49,433,298,1,1,19,10,138,47,0,0,10510,0,17,10,100.0,175.2,175,374,337,317,103,320,422
zcotter,Zachary,Cotter,HTX,Houston Havoc,South,20,12,11,7,5,10,0,0,77,87,8,0,3,96,562,1155,5,8,51,24,138,25,52,7,11930,11,17,18,88.51,198.8,175,215,170,244,48,266,138
cburt,Caiden,Burt,HTX,Houston Havoc,South,14,12,12,4,3,6,0,0,40,45,4,0,1,57,201,780,2,3,52,22,141,25,0,0,12612,5,17,16,88.89,210.2,175,249,147,368,139,457,221
zscheuerm,Zac,Scheuerman,ORE,Oregon Steel,West,18,12,13,1,1,9,0,0,30,38,3,0,3,50,19,795,0,1,32,16,163,32,0,0,13449,6,17,14,78.95,224.2,175,281,137,559,63,709,216
ehawkins,Elliot,Hawkins,COL,Colorado Apex,West,23,12,10,10,3,3,0,0,44,50,5,0,1,58,356,1075,3,4,63,38,22,6,5,1,4979,6,17,20,88.0,83.0,175,190,190,178,322,359,153
mgrovic,Miles,Grovic,DC,DC Breeze,East,37,12,4,3,4,11,0,0,25,26,1,0,0,29,132,532,0,0,11,2,96,23,0,0,7177,1,17,7,96.15,119.6,175,440,400,426,39,520,304
cbrock,Cameron,Brock,ATL,Atlanta Hustle,South,85,12,15,7,10,1,0,0,147,151,4,1,1,168,672,1078,0,0,140,105,0,0,0,0,10247,6,17,22,97.35,170.8,175,167,107,244,531,227,151
jmast,Jonathan,Mast,PIT,Pittsburgh Thunderbirds,Central,2,12,7,28,22,1,0,0,430,451,17,0,2,381,3151,866,11,17,217,120,0,0,0,0,14699,19,17,35,95.34,245.0,175,83,255,28,531,19,194
tlynch,Trevor,Lynch,CAR,Carolina Flyers,South,76,12,11,10,6,2,0,0,90,96,5,0,1,100,708,926,4,6,53,40,60,11,14,2,7353,6,17,21,93.75,122.5,175,176,170,178,411,221,180
wcoffin,William,Coffin,CAR,Carolina Flyers,South,12,12,7,12,4,13,0,0,102,118,14,0,1,116,967,726,8,15,52,25,138,42,114,5,12467,15,17,19,86.44,207.8,175,204,255,138,20,161,240
mgibson,Max,Gibson,SD,San Diego Growlers,South,68,12,5,7,5,13,0,0,43,52,8,0,0,53,491,443,4,7,16,13,91,25,1,0,7724,8,17,12,82.69,128.7,175,325,337,244,20,297,339
krubin,Kyle,Rubin,SD,San Diego Growlers,South,18,12,6,14,15,3,0,0,149,155,4,0,2,152,1293,851,4,4,186,129,1,0,0,0,11408,6,17,20,96.13,190.1,175,190,290,118,322,117,201
jbrown,Jack,Brown,SEA,Seattle Cascades,West,18,12,6,12,6,10,0,0,77,87,8,0,3,86,539,1110,5,8,87,52,126,31,4,0,13824,11,17,18,88.51,230.4,175,215,290,138,48,273,145
ostonehou,Oscar,Stonehouse,TOR,Toronto Rush,East,8,12,11,4,8,4,0,0,51,53,2,0,0,58,235,830,0,0,28,22,122,27,0,0,9479,2,17,15,96.23,158.0,175,261,170,368,234,429,209
gcousins,Greg,Cousins,MIN,Minnesota Wind Chill,Central,32,12,15,4,9,2,0,0,68,71,2,0,2,80,682,850,5,7,104,77,16,10,1,0,8720,4,17,19,95.77,145.3,175,204,107,368,411,226,202
tshope,Thomas,Shope,MIN,Minnesota Wind Chill,Central,24,12,11,2,5,6,0,0,40,42,2,0,0,49,174,703,0,0,34,24,65,25,0,0,7277,2,17,13,95.24,121.3,175,306,170,488,139,479,247
krutledge,Kyle,Rutledge,CHI,Chicago Union,Central,8,12,14,7,9,6,0,0,154,167,8,0,2,140,1119,739,2,6,97,72,22,14,0,0,8104,10,17,21,92.22,135.1,175,176,119,244,139,139,235
tschoch,Tim,Schoch,CHI,Chicago Union,Central,31,12,6,5,2,9,0,0,56,57,0,1,2,60,152,396,0,0,12,8,110,49,0,0,8539,3,17,11,98.25,142.3,175,347,290,317,63,500,356
ofay,Oliver,Fay,NY,New York Empire,East,41,12,7,6,8,9,0,0,42,48,5,0,1,53,224,716,2,3,14,7,146,36,10,0,9630,6,16,13,87.5,160.5,196,306,255,283,63,435,243
tlalondel,Thomas,Lalonde-Landry,MTL,Montreal Royal,East,24,12,9,8,6,7,0,0,90,100,8,0,0,97,538,473,1,1,39,24,187,51,0,0,15482,8,16,17,90.0,258.0,196,234,210,219,103,274,332
zthoreson,Zeke,Thoreson,COL,Colorado Apex,West,17,12,14,7,11,2,0,0,88,94,5,0,2,108,361,1701,1,2,101,76,6,2,0,0,7330,7,16,21,93.62,122.2,196,176,119,244,411,354,76
jtom,Jasper,Tom,DC,DC Breeze,East,57,12,5,4,2,9,0,0,72,73,1,0,1,71,356,0,2,2,2,0,136,40,0,0,9605,2,16,9,98.63,160.1,196,393,337,368,63,359,777
esjostrom,Eric,Sjostrom,MAD,Madison Radicals,Central,5,12,5,15,9,2,0,0,169,175,5,0,1,150,1847,284,11,12,92,67,1,0,0,0,7741,6,16,20,96.57,129.0,196,190,337,113,411,70,435
gjagt,Gabe,Jagt,MIN,Minnesota Wind Chill,Central,12,12,9,6,6,3,0,0,30,32,2,0,0,40,296,695,1,2,40,31,38,23,0,0,3912,2,16,15,93.75,65.2,196,261,210,283,322,394,249
jfelton,Jake,Felton,DET,Detroit Mechanix,Central,14,12,18,62,18,4,0,1,406,484,66,0,2,384,4760,1782,49,83,276,131,16,4,9,2,17902,68,16,80,83.88,298.4,196,2,72,2,234,1,63
jgao,Jeff,Gao,CHI,Chicago Union,Central,18,12,8,5,6,3,0,0,63,63,0,0,0,70,291,337,0,0,0,0,101,44,0,0,7474,0,16,13,100.0,124.6,196,306,232,317,322,398,395
eshapiro,Everest,Shapiro,NY,New York Empire,East,23,12,17,6,14,5,0,0,135,142,6,0,7,157,844,1459,4,5,158,102,71,19,0,0,14751,13,15,23,95.07,245.8,204,159,78,283,183,176,101
npowell,Noah,Powell,ATX,Austin Sol,South,11,12,5,1,1,9,0,0,32,32,0,0,0,37,60,456,0,0,3,1,161,47,0,0,10003,0,15,6,100.0,166.7,204,470,337,559,63,617,335
bellis,Brad,Ellis,LV,Vegas Bighorns,West,6,12,21,8,6,4,0,0,73,92,16,1,1,105,364,1770,2,9,198,85,10,2,0,0,14365,18,15,29,79.35,239.4,204,111,49,219,234,352,65
bdistel,Braden,Distel,LV,Vegas Bighorns,West,72,12,7,6,6,11,0,0,68,78,9,0,0,81,423,988,3,5,93,37,90,17,0,0,12848,9,15,13,87.18,214.1,204,306,255,283,39,327,170
itran,Ivan,Tran,BOS,Boston Glory,East,1,12,5,2,5,8,0,0,60,60,0,0,0,63,135,350,1,1,0,0,134,39,0,0,10222,0,15,7,100.0,170.4,204,440,337,488,83,517,387
jhill,Jeremy,Hill,MTL,Montreal Royal,East,95,12,14,7,9,5,0,0,84,93,8,0,3,108,519,1364,4,5,158,98,11,3,0,0,10638,11,15,21,90.32,177.3,204,176,119,244,183,286,114
mtran1,Max,Tran,PHI,Philadelphia Phoenix,East,8,12,6,5,3,6,0,0,35,36,1,0,1,36,373,308,3,3,15,10,99,25,0,0,7980,2,15,11,97.22,133.0,204,347,290,317,139,347,409
sconnole,Sean,Connole,ATL,Atlanta Hustle,South,7,12,14,7,9,4,0,0,116,125,9,0,1,128,601,1068,3,4,107,82,27,11,0,0,9893,10,15,21,92.8,164.9,204,176,119,244,234,250,155
ndemorgan,Nathan,De Morgan,SLC,Salt Lake Shred,West,31,12,8,12,4,3,0,0,45,54,8,0,0,54,577,786,8,12,19,14,91,31,0,0,7080,8,15,20,83.33,118.0,204,190,232,138,322,259,218
jclose,Joel,Close,IND,Indianapolis AlleyCats,Central,77,12,5,6,4,8,0,0,72,77,4,0,0,69,441,700,1,1,69,46,81,14,13,1,8811,4,15,11,93.51,146.8,204,347,337,283,83,318,248
mtucker,Matt,Tucker,CAR,Carolina Flyers,South,9,12,10,1,8,9,0,0,27,31,4,0,1,41,52,570,0,0,1,0,210,59,1,0,13154,5,15,11,87.1,219.2,204,347,190,559,63,628,290
cwilliams,Cooper,Williams,CAR,Carolina Flyers,South,19,12,7,3,1,9,0,0,38,43,4,0,0,50,87,495,0,2,15,6,160,50,11,2,12126,4,15,10,88.37,202.1,204,374,255,426,63,575,322
wturner,Will,Turner,SD,San Diego Growlers,South,14,12,7,6,7,7,0,0,113,119,4,0,1,90,769,338,3,3,13,10,161,49,119,2,11582,5,15,13,94.96,193.0,204,306,255,283,103,202,394
draskin,Dox,Raskin,LA,LA Aviators,South,19,12,5,12,6,7,0,0,130,137,7,1,1,122,663,425,0,2,40,15,149,41,36,0,12767,9,15,17,94.89,212.8,204,234,337,138,103,230,347
kmccracke,Kobi,McCracken,SD,San Diego Growlers,South,28,12,2,11,6,5,0,0,80,85,3,0,0,70,599,396,3,4,27,18,153,48,0,0,12890,3,15,13,94.12,214.8,204,306,507,157,183,251,356
alantz,Asher,Lantz,SEA,Seattle Cascades,West,96,12,5,4,5,8,0,0,34,34,0,1,1,37,191,611,0,0,24,6,172,50,1,0,13234,2,15,9,100.0,220.6,204,393,337,368,83,468,276
tabeltins,Toms,Abeltins,TOR,Toronto Rush,East,25,12,4,11,9,7,0,0,121,129,7,0,0,104,1213,212,10,13,47,35,151,30,0,0,13027,7,15,15,93.8,217.1,204,261,400,157,103,130,490
wbrandt,William,Brandt,MIN,Minnesota Wind Chill,Central,1,12,7,27,19,2,0,0,306,327,17,0,4,255,2431,1535,5,6,167,105,4,3,0,0,11858,21,15,34,93.58,197.6,204,88,255,35,411,42,93
bgessner,Brendan,Gessner,DET,Detroit Mechanix,Central,24,12,17,4,10,3,0,0,152,158,6,0,3,168,536,1739,2,2,251,118,18,2,0,0,16904,9,15,21,96.2,281.7,204,176,78,368,322,277,71
tpolisukb,Trevor,Polisuk-Balfour,DET,Detroit Mechanix,Central,4,12,4,7,3,9,0,0,39,44,5,0,0,43,346,540,4,5,23,9,98,19,0,0,8601,5,15,11,88.64,143.3,204,347,400,244,63,367,301
jshanahan,Jack,Shanahan,CHI,Chicago Union,Central,7,12,10,14,18,3,0,0,153,164,9,1,2,153,1180,1252,6,10,153,112,9,5,2,1,10637,12,15,24,93.29,177.3,204,146,190,118,322,132,127
xfuzat,Xavier,Fuzat,HTX,Houston Havoc,South,10,12,8,6,6,3,0,0,66,69,2,0,1,76,254,674,1,2,55,34,17,4,0,0,4940,3,14,14,95.65,82.3,225,281,232,283,322,417,254
badams1,Brendan,Adams,HTX,Houston Havoc,South,11,12,14,10,14,2,0,1,196,209,12,0,0,187,1532,1143,7,11,166,101,29,4,1,0,12546,12,14,24,93.78,209.1,225,146,119,178,411,92,141
emoore,Elliott,Moore,ATX,Austin Sol,South,21,12,12,28,28,0,0,0,362,387,24,1,1,288,3486,1059,11,16,189,130,35,15,0,0,14761,26,14,40,93.54,246.0,225,63,147,28,654,16,158
bmoore1,Brent,Moore,LV,Vegas Bighorns,West,13,12,8,3,2,10,0,0,30,36,6,0,1,41,53,509,0,3,35,15,90,16,34,3,8836,7,14,11,83.33,147.3,225,347,232,426,48,626,316
vcurodeau,Victor,Curodeau,MTL,Montreal Royal,East,33,12,11,4,5,2,0,0,59,60,1,0,2,69,286,745,0,0,63,38,58,12,0,0,8272,3,14,15,98.33,137.9,225,261,170,368,411,400,234
rlalondel,Raphaël,Lalonde-Landry,MTL,Montreal Royal,East,23,12,5,4,5,11,0,0,87,92,4,0,2,95,74,502,0,0,39,24,160,39,0,0,13239,6,14,9,94.57,220.7,225,393,337,368,39,595,319
jfroude,Jay,Froude,COL,Colorado Apex,West,2,12,12,5,7,4,0,0,83,88,4,0,3,98,446,954,1,2,83,50,99,35,0,0,12004,7,14,17,94.32,200.1,225,234,147,317,234,316,177
gnorrbom,Gus,Norrbom,DC,DC Breeze,East,54,12,8,10,14,0,0,0,255,260,4,0,0,206,1672,542,0,0,128,91,1,1,0,0,10096,4,14,18,98.08,168.3,225,215,232,178,654,82,300
khealey,Kevin,Healey,DC,DC Breeze,East,18,12,11,3,1,4,0,0,57,61,3,0,1,71,202,604,0,0,41,25,123,36,0,0,11744,4,14,14,93.44,195.7,225,281,170,426,234,455,280
mfairley,Michael,Fairley,ATL,Atlanta Hustle,South,5,12,4,8,1,7,1,0,45,50,5,0,0,35,404,309,4,5,6,2,116,32,80,4,8153,5,14,12,90.0,135.9,225,325,400,219,103,337,407
jwilson,Joshua,Wilson,MAD,Madison Radicals,Central,9,12,6,11,4,4,0,0,127,137,5,1,1,97,985,487,6,9,42,24,105,39,45,3,10223,7,14,17,92.7,170.4,225,234,290,157,234,159,326
jnelson,Jack,Nelson,MAD,Madison Radicals,Central,29,12,5,10,3,3,0,0,50,58,4,0,0,60,515,793,5,7,78,47,0,0,0,0,6427,4,14,15,86.21,107.1,225,261,337,178,322,290,217
dswanson,Drew,Swanson,CAR,Carolina Flyers,South,15,12,2,2,1,10,0,0,9,9,0,0,0,10,32,200,0,0,6,2,96,23,0,0,6141,0,14,4,100.0,102.3,225,545,507,488,48,674,504
cshugarma,Casey,Shugarman,SD,San Diego Growlers,South,89,12,1,4,5,12,0,0,30,33,3,0,0,34,152,494,0,0,6,0,160,46,0,0,11528,3,14,5,90.91,192.1,225,507,583,368,29,500,324
kgoldberg,Kevin,Goldberg,LA,LA Aviators,South,17,12,20,16,20,3,0,0,441,465,21,0,4,379,2224,2772,6,11,224,129,2,2,0,0,15383,25,14,36,94.84,256.4,225,78,61,102,322,49,17
mgallant,Martin,Gallant,TOR,Toronto Rush,East,33,12,14,9,8,2,0,0,109,119,10,1,0,106,853,757,2,3,78,55,8,0,0,0,5591,11,14,23,91.6,93.2,225,159,119,202,411,173,229
mjohnson,Matthew,Johnson,MIN,Minnesota Wind Chill,Central,33,12,6,2,9,6,0,0,18,19,0,0,0,22,138,371,0,0,5,3,112,58,0,0,7585,0,14,8,94.74,126.4,225,408,290,488,139,515,371
tkoch,Trey,Koch,DET,Detroit Mechanix,Central,30,12,12,4,3,5,0,0,46,51,4,0,3,61,171,870,0,0,111,43,60,9,0,0,10920,7,14,16,90.2,182.0,225,249,147,368,183,483,192
skaminsky,Sam,Kaminsky,CHI,Chicago Union,Central,14,12,6,9,12,1,0,0,131,131,0,0,2,101,823,446,0,0,95,78,8,5,1,0,6439,2,14,15,100.0,107.3,225,261,290,202,531,185,338
srobinson,Seamus,Robinson,OAK,Oakland Spiders,West,25,12,6,8,6,12,0,0,89,101,12,0,1,101,631,841,3,6,22,14,171,59,32,0,12953,13,13,14,88.12,215.9,244,281,290,219,29,241,206
cbrown1,Calvin,Brown,NY,New York Empire,East,49,12,13,27,17,2,0,0,326,356,25,0,4,278,3669,1341,24,33,163,120,0,0,0,0,11031,29,13,40,91.57,183.8,244,63,137,35,411,14,116
mgrove,Max,Grove,HTX,Houston Havoc,South,0,12,3,11,9,6,0,0,93,100,6,0,1,96,524,849,6,7,69,29,118,22,2,0,12784,7,13,14,93.0,213.1,244,281,452,157,139,283,203
bgfroerer,Brian,Gfroerer,HTX,Houston Havoc,South,19,12,14,9,13,0,0,0,158,164,5,0,5,178,631,1775,0,1,174,111,5,2,0,0,11085,10,13,23,96.34,184.8,244,159,119,202,654,241,64
tallen1,Turner,Allen,BOS,Boston Glory,East,7,12,4,5,4,6,0,0,63,65,1,0,1,67,64,519,0,0,7,5,79,25,0,0,6876,2,13,9,96.92,114.6,244,393,400,317,139,611,313
tchan,Tyler,Chan,BOS,Boston Glory,East,44,12,5,7,7,7,0,0,85,93,6,0,0,96,575,539,3,8,31,24,95,31,2,0,9434,6,13,12,91.4,157.2,244,325,337,244,103,261,302
adub,Antoine,Dubé,MTL,Montreal Royal,East,26,12,7,5,6,7,0,0,32,38,6,0,0,44,193,602,2,4,30,15,102,26,6,0,8356,6,13,12,84.21,139.3,244,325,255,317,103,465,281
jduquette,Jacob,Duquette,MTL,Montreal Royal,East,29,12,20,8,14,2,0,0,176,192,13,0,4,198,1244,1528,7,10,167,113,9,1,0,0,11584,17,13,28,91.67,193.1,244,118,61,219,411,123,95
sbrown1,Sandy,Brown,COL,Colorado Apex,West,29,12,9,2,2,4,0,0,29,30,1,0,1,38,55,431,2,2,7,4,76,32,0,0,6007,2,13,11,96.67,100.1,244,347,210,488,234,624,345
sgoldstei,Sam,Goldstein,COL,Colorado Apex,West,9,12,6,5,4,6,0,0,78,85,4,0,0,71,519,304,2,5,10,6,115,43,0,0,9278,4,13,11,91.76,154.6,244,347,290,317,139,286,414
ccampbell1,Caleb,Campbell,ORE,Oregon Steel,West,69,12,6,12,15,10,0,0,178,196,11,0,4,146,1056,308,4,5,28,13,188,42,100,4,14723,15,13,18,90.82,245.4,244,215,290,138,48,145,409
colson,Connor,Olson,COL,Colorado Apex,West,22,12,8,15,20,2,0,0,342,354,11,0,1,267,2148,434,3,7,220,155,2,1,1,0,15595,12,13,23,96.61,259.9,244,159,232,113,411,56,343
cloverane,Coby,Loveranes,DC,DC Breeze,East,26,12,14,0,7,3,0,0,49,53,3,0,1,67,146,951,0,0,70,50,6,0,0,0,4742,4,13,14,92.45,79.0,244,281,119,650,322,506,178
cwhite1,Colin,White,PHI,Philadelphia Phoenix,East,3,12,12,1,10,3,0,0,81,82,1,0,2,93,460,859,0,0,116,76,32,10,0,0,11020,3,13,13,98.78,183.7,244,306,147,559,322,310,199
trandall,Tyler,Randall,ATL,Atlanta Hustle,South,11,12,6,4,7,7,0,0,53,56,3,0,1,56,205,288,1,1,0,0,217,59,0,0,14409,4,13,10,94.64,240.2,244,374,290,368,103,453,431
nhuff,Nathan,Huff,SLC,Salt Lake Shred,West,1,12,3,9,13,5,0,0,96,100,4,0,0,80,502,434,1,1,12,10,160,49,0,0,10941,4,13,12,96.0,182.3,244,325,452,202,183,296,343
dnichols,Dan,Nichols,PIT,Pittsburgh Thunderbirds,Central,49,12,6,5,8,4,0,0,84,86,2,0,0,70,414,487,0,0,67,47,35,11,0,0,6638,2,13,11,97.67,110.6,244,347,290,317,234,331,326
msteiner,Mitchell,Steiner,LA,LA Aviators,South,12,12,5,9,9,8,1,0,160,170,8,1,0,157,559,963,1,3,73,32,122,33,15,0,13510,9,13,14,94.12,225.2,244,281,337,202,83,268,176
ctoriello,Cy,Toriello,LA,LA Aviators,South,11,12,7,5,4,8,0,0,80,87,6,0,1,92,402,461,2,3,38,18,151,38,4,1,13102,7,13,12,91.95,218.4,244,325,255,317,83,338,334
djacobs,Dominic,Jacobs,SEA,Seattle Cascades,West,55,12,6,1,0,8,0,0,10,11,1,0,1,19,63,214,0,0,5,4,113,24,0,0,7680,2,13,7,90.91,128.0,244,440,290,559,83,613,488
dmourad,Derek,Mourad,SEA,Seattle Cascades,West,19,12,10,17,23,2,0,0,369,387,14,1,1,313,2918,491,12,12,203,129,9,5,4,0,14911,16,13,27,95.35,248.5,244,126,190,95,411,26,325
nploeger,Nathan,Ploeger,DET,Detroit Mechanix,Central,3,12,12,6,6,2,0,0,64,75,7,0,0,87,411,1292,1,2,137,60,48,9,0,0,11574,7,13,18,85.33,192.9,244,215,147,283,411,333,124
jsteslick,Jake,Steslicki,CHI,Chicago Union,Central,28,12,4,7,6,3,0,0,108,110,1,0,0,102,255,258,0,0,4,3,113,56,1,0,8718,1,13,11,98.18,145.3,244,347,400,244,322,416,455
srueschem,Solomon,Rueschemeyer-Bailey,NY,New York Empire,East,9,12,12,14,31,0,0,0,500,513,10,0,4,388,3963,1194,0,2,245,177,0,0,0,0,16435,14,12,26,97.47,273.9,267,136,147,118,654,10,134
lgrench,Lincoln,Grench,OAK,Oakland Spiders,West,77,12,4,8,5,5,0,0,61,66,5,0,0,61,400,364,2,3,5,2,120,46,0,0,8507,5,12,12,92.42,141.8,267,325,400,219,183,340,379
carmstron1,Carson,Armstrong,ATX,Austin Sol,South,1,12,9,18,17,0,0,0,285,300,14,0,1,259,2158,1494,6,9,208,148,10,2,0,0,13822,15,12,27,95.0,230.4,267,126,210,88,654,55,97
ndigiorgi,Nicholas,DiGiorgio,ATX,Austin Sol,South,88,12,9,6,4,2,0,0,54,58,4,0,1,58,247,672,1,1,56,37,53,23,0,0,7621,5,12,15,93.1,127.0,267,261,210,283,411,422,255
htucker,Harrison,Tucker,LV,Vegas Bighorns,West,24,12,13,2,6,2,0,0,63,65,2,0,3,79,31,1203,1,1,126,48,48,10,0,0,12071,5,12,15,96.92,201.2,267,261,137,488,411,676,132
dvockerot,Dan,Vockeroth,LV,Vegas Bighorns,West,81,12,7,7,6,6,0,0,96,104,6,0,2,101,559,1009,3,6,94,41,29,4,1,0,8749,8,12,14,92.31,145.8,267,281,255,244,139,268,167
jbernat,Julien,Bernat,MTL,Montreal Royal,East,20,12,6,11,8,6,0,0,110,120,9,0,2,118,728,914,5,12,52,32,130,35,19,0,12408,11,12,17,91.67,206.8,267,234,290,157,139,215,181
tbrooks1,Tobias,Brooks,COL,Colorado Apex,West,1,12,4,20,23,2,0,0,260,275,13,0,1,225,2962,525,13,19,113,81,7,0,0,0,7655,14,12,24,94.55,127.6,267,146,400,73,411,24,309
qbuermeye,Quinn,Buermeyer,ORE,Oregon Steel,West,10,12,22,3,14,4,0,0,228,245,14,0,3,214,782,1555,1,4,244,123,9,1,0,0,18498,17,12,25,93.06,308.3,267,143,45,426,234,196,91
mwagner,Micah,Wagner,DC,DC Breeze,East,34,12,5,1,2,6,0,0,29,29,0,0,0,32,197,360,1,1,0,0,65,24,0,0,4484,0,12,6,100.0,74.7,267,470,337,559,139,459,382
jtowle,Jimmy,Towle,PIT,Pittsburgh Thunderbirds,Central,48,12,10,5,10,2,0,0,136,141,4,0,1,146,749,970,0,1,174,94,0,0,0,0,10920,5,12,15,96.45,182.0,267,261,190,317,411,208,173
gvordick,Gabe,Vordick,MAD,Madison Radicals,Central,85,12,14,12,30,3,0,0,226,238,11,0,6,248,655,1853,3,5,176,114,3,2,1,0,14616,17,12,26,94.96,243.6,267,136,119,138,322,233,56
smadiraju,Suraj,Madiraju,CAR,Carolina Flyers,South,18,12,6,8,6,2,0,0,90,95,4,0,0,80,424,313,1,1,10,6,172,47,0,0,12241,4,12,14,94.74,204.0,267,281,290,219,411,325,406
mhume,Maxwell,Hume,SD,San Diego Growlers,South,9,12,11,3,3,5,0,0,42,47,5,0,2,52,158,531,0,0,12,8,144,44,0,0,11317,7,12,14,89.36,188.6,267,281,170,426,183,494,306
ndunbar,Nicholas,Dunbar,LA,LA Aviators,South,65,12,7,6,2,6,1,0,67,73,5,0,2,72,372,853,1,3,47,19,107,20,19,4,10550,7,12,13,91.78,175.8,267,306,255,283,139,348,200
bli,Brandon,Li,SEA,Seattle Cascades,West,88,12,7,5,2,5,0,0,49,55,4,0,1,61,204,843,1,1,80,50,47,15,1,0,8673,5,12,12,89.09,144.6,267,325,255,317,183,454,205
eshipway,Emmet,Shipway,SEA,Seattle Cascades,West,23,12,16,2,3,4,0,0,128,140,9,0,1,118,842,486,1,2,79,47,80,24,2,0,11112,10,12,18,91.43,185.2,267,215,97,488,234,179,329
cberry,Colin,Berry,MIN,Minnesota Wind Chill,Central,13,12,11,7,7,4,0,0,58,67,9,0,1,72,342,773,2,5,55,32,69,33,0,0,9291,10,12,18,86.57,154.8,267,215,170,244,234,371,223
mwalsh,Mickey,Walsh,MIN,Minnesota Wind Chill,Central,47,12,4,9,4,2,0,0,33,36,3,0,0,37,353,196,2,4,2,2,53,30,0,0,3785,3,12,13,91.67,63.1,267,306,400,202,411,361,508
ksuelflow,Kyle,Suelflow,MIN,Minnesota Wind Chill,Central,15,12,7,4,2,5,0,0,14,18,4,0,0,25,156,398,2,4,15,11,62,25,0,0,5105,4,12,11,77.78,85.1,267,347,255,368,183,496,355
mrehder,Matthew,Rehder,MIN,Minnesota Wind Chill,Central,31,12,13,6,4,4,0,0,64,77,10,0,1,86,542,691,0,2,96,59,9,1,0,0,6453,11,12,19,83.12,107.5,267,204,137,283,234,272,250
parters,Paul,Arters,CHI,Chicago Union,Central,5,12,2,19,15,5,0,0,209,225,14,0,0,195,2124,662,10,17,120,90,4,2,0,0,8498,14,12,21,92.89,141.6,267,176,507,82,183,58,258
nastrom,Nate,Astrom,CHI,Chicago Union,Central,12,12,7,5,3,5,0,0,29,33,3,0,2,38,221,558,1,3,40,32,23,13,1,0,4586,5,12,12,87.88,76.4,267,325,255,317,183,438,293
sdastrup,Simon,Dastrup,CHI,Chicago Union,Central,61,12,8,5,2,4,0,0,31,35,4,0,1,42,278,655,4,4,33,25,51,29,0,0,5537,5,12,13,88.57,92.3,267,306,232,317,234,405,263
ekerns,Eli,Kerns,OAK,Oakland Spiders,West,92,12,3,12,7,4,0,0,103,114,8,0,0,86,842,60,9,16,13,6,102,35,89,6,6797,8,11,15,90.35,113.3,291,261,452,138,234,179,679
thebert1,Trenton,Hebert,ATX,Austin Sol,South,9,12,3,7,2,2,0,0,29,30,1,0,0,26,252,180,1,1,0,0,78,25,3,0,4302,1,11,10,96.67,71.7,291,374,452,244,411,419,530
bdial,Brandon,Dial,ATX,Austin Sol,South,27,12,5,5,5,4,0,0,85,88,3,0,0,82,317,435,0,0,23,15,133,47,3,0,10862,3,11,10,96.59,181.0,291,374,337,317,234,384,342
ndick,Nathanial,Dick,BOS,Boston Glory,East,26,12,10,10,17,1,0,0,345,353,8,0,2,285,2200,632,2,3,187,135,0,0,0,0,14555,10,11,20,97.73,242.6,291,190,190,178,531,50,269
srossi,Sebastian,Rossi,BOS,Boston Glory,East,80,12,3,3,1,7,0,0,22,24,2,0,0,26,179,299,2,2,12,8,91,26,6,0,6994,2,11,6,91.67,116.6,291,470,452,426,103,476,419
jknopf,Jeremy,Knopf,COL,Colorado Apex,West,25,12,6,6,2,1,0,0,116,118,2,0,0,99,507,189,3,3,62,42,108,38,0,0,10767,2,11,12,98.31,179.4,291,325,290,283,531,292,522
aatkins,Alex,Atkins,COL,Colorado Apex,West,0,12,6,12,4,8,0,0,136,151,13,0,2,112,775,329,6,12,20,12,89,35,77,3,7756,15,11,18,90.07,129.3,291,215,290,138,83,200,400
bsessums,Beckett,Sessums,ORE,Oregon Steel,West,45,12,9,7,5,2,0,0,31,36,4,0,3,42,247,585,2,3,19,10,85,30,0,0,6454,7,11,16,86.11,107.6,291,249,210,244,411,422,285
kmarshall,Kai,Marshall,COL,Colorado Apex,West,31,12,4,2,5,8,0,0,41,44,2,0,1,46,257,517,1,1,21,8,169,58,0,0,11336,3,11,6,93.18,188.9,291,470,400,488,83,415,314
ehotaling,Erik,Hotaling,COL,Colorado Apex,West,33,12,5,7,6,7,0,0,71,78,7,0,1,67,562,528,2,5,11,8,115,41,11,1,9065,8,11,12,91.03,151.1,291,325,337,244,103,266,307
telliott,Timothy,Elliott,COL,Colorado Apex,West,14,12,8,12,17,2,0,0,269,281,9,0,2,238,1894,1170,1,1,175,127,0,0,0,0,11802,11,11,20,95.73,196.7,291,190,232,138,411,67,136
bthoennes,Ben,Thoennes,ORE,Oregon Steel,West,4,12,11,30,14,13,0,0,205,255,41,1,1,208,2598,1335,26,49,93,45,111,32,81,7,13432,43,11,41,80.39,223.9,291,58,170,23,20,36,120
amerriman,AJ,Merriman,DC,DC Breeze,East,5,12,4,10,3,8,0,0,98,110,11,0,0,95,535,633,3,9,35,19,186,43,130,3,13937,11,11,14,89.09,232.3,291,281,400,178,83,278,268
eholmgren,Ethan,Holmgren,PHI,Philadelphia Phoenix,East,36,12,8,6,12,1,0,1,105,111,4,0,0,83,580,372,0,4,20,13,161,44,107,5,12875,4,11,14,94.59,214.6,291,281,232,283,531,257,369
crawlins,Chase,Rawlins,PHI,Philadelphia Phoenix,East,85,12,5,6,3,4,0,0,34,39,3,0,1,41,149,772,0,1,36,23,88,14,4,0,8180,4,11,11,87.18,136.3,291,347,337,283,234,504,224
ktaylor,Kennith,Taylor,ATL,Atlanta Hustle,South,9,12,2,4,7,10,0,0,63,68,5,0,0,54,425,81,3,3,1,1,150,38,6,1,9728,5,11,6,92.65,162.1,291,470,507,368,48,324,643
areppermu,Anson,Reppermund,PIT,Pittsburgh Thunderbirds,Central,6,12,10,7,7,5,0,0,74,86,10,0,1,93,537,1095,5,10,86,51,73,21,28,0,9944,11,11,17,86.05,165.7,291,234,190,244,183,276,147
mchope,Mace,Chope,IND,Indianapolis AlleyCats,Central,11,12,7,2,1,4,0,0,21,24,1,0,1,30,49,509,0,0,30,9,106,35,14,1,8075,2,11,9,87.5,134.6,291,393,255,488,234,633,316
jleibfort,Joe,Leibforth,MAD,Madison Radicals,Central,64,12,5,4,2,6,0,0,21,29,4,0,0,28,125,351,0,1,0,0,146,53,0,0,10092,4,11,9,72.41,168.2,291,393,337,368,139,532,385
ssamu,Stefan,Samu,SD,San Diego Growlers,South,66,12,6,4,2,4,0,0,32,36,3,0,0,39,297,443,3,4,8,4,98,30,4,1,7473,3,11,10,88.89,124.5,291,374,290,368,234,392,339
mobrien2,Mikey,O'Brien,SEA,Seattle Cascades,West,15,12,1,7,4,7,0,0,82,85,2,2,0,84,275,578,0,0,30,20,179,51,16,1,13564,4,11,8,96.47,226.1,291,408,583,244,103,408,288
dcox1,David,Cox,DET,Detroit Mechanix,Central,31,12,17,10,15,6,1,0,119,136,16,0,6,152,1027,1471,6,18,187,94,3,0,0,0,11973,22,11,27,87.5,199.6,291,126,78,178,139,155,99
rmauntel,Ray,Mauntel,CHI,Chicago Union,Central,2,12,5,5,5,4,0,0,31,33,1,0,2,38,187,549,0,1,0,0,106,46,6,0,7958,3,11,10,93.94,132.6,291,374,337,317,234,471,298
jcercello,Joe,Cercello,CHI,Chicago Union,Central,23,12,6,7,7,2,0,0,37,40,3,0,1,45,505,551,4,5,61,51,7,4,0,0,3953,4,11,13,92.5,65.9,291,306,290,244,411,293,295
jweis,Jeff,Weis,CHI,Chicago Union,Central,19,12,6,0,9,7,0,0,93,94,0,0,2,96,242,307,0,0,23,12,120,47,0,0,9598,2,11,6,98.94,160.0,291,470,290,650,103,425,412
sbontemps,Sofiène,Bontemps,CHI,Chicago Union,Central,9,12,7,3,3,2,0,0,21,22,1,0,0,28,238,302,2,2,14,8,36,19,21,0,3127,1,11,10,95.45,52.1,291,374,255,426,411,426,415
asjogren,Andrew,Sjogren,CHI,Chicago Union,Central,99,12,6,3,2,4,0,0,30,32,2,0,0,33,96,400,0,0,4,3,73,40,0,0,5654,2,11,9,93.75,94.2,291,393,290,426,234,567,353
msheppard,Max,Sheppard,NY,New York Empire,East,1,12,10,10,6,6,0,0,94,110,14,0,2,114,526,770,7,16,106,67,61,17,30,4,10913,16,10,20,85.45,181.9,318,190,190,178,139,281,225
bsimmons,Benjamin,Simmons,NY,New York Empire,East,5,12,4,2,5,4,0,0,32,33,0,0,0,36,193,382,1,1,8,5,154,37,0,0,10386,0,10,6,96.97,173.1,318,470,400,488,234,465,362
salston,Sam,Alston,NY,New York Empire,East,7,12,3,3,3,7,0,0,30,33,3,0,0,30,17,239,0,0,1,0,108,34,55,4,7202,3,10,6,90.91,120.0,318,470,452,426,103,715,470
ljay,Liam,Jay,OAK,Oakland Spiders,West,22,12,2,8,1,1,0,0,61,62,1,0,0,55,459,-17,2,2,0,0,101,34,0,0,7941,1,10,10,98.39,132.3,318,374,507,219,531,311,868
acurry,Aidan,Curry,OAK,Oakland Spiders,West,71,12,4,4,2,6,0,0,24,28,4,0,0,26,46,205,0,0,0,0,93,36,39,6,6801,4,10,8,85.71,113.3,318,408,400,368,139,639,496
wkellman,Wyatt,Kellman,BOS,Boston Glory,East,4,12,5,10,5,2,0,0,50,59,7,0,0,62,358,534,3,6,47,31,5,0,0,0,3759,7,10,15,84.75,62.6,318,261,337,178,411,358,303
phooley,Paul,Hooley,MTL,Montreal Royal,East,0,12,5,7,4,3,0,0,69,76,5,0,0,68,571,372,1,2,16,7,102,26,50,4,8998,5,10,12,90.79,150.0,318,325,337,244,322,263,369
tdavis,Topher,Davis,BOS,Boston Glory,East,8,12,6,9,12,3,0,0,157,163,6,0,2,154,729,715,1,3,146,102,28,12,0,0,14192,8,10,15,96.32,236.5,318,261,290,202,322,214,244
amuller,Andrew,Muller,COL,Colorado Apex,West,32,12,4,4,3,3,0,0,15,15,0,0,1,18,185,236,1,1,5,5,85,35,0,0,5657,1,10,8,100.0,94.3,318,408,400,368,322,472,472
jmoore1,Josh,Moore,ORE,Oregon Steel,West,12,12,8,13,5,2,0,0,132,144,10,0,3,137,769,1150,2,5,93,49,4,1,0,0,7015,13,10,21,91.67,116.9,318,176,232,127,411,202,139
arueda,Antonio,Rueda,ORE,Oregon Steel,West,24,12,15,9,16,6,0,0,313,334,16,0,4,306,1225,1448,1,1,226,120,13,2,0,0,17670,20,10,24,93.71,294.5,318,146,107,202,139,127,105
mdia,Moussa,Dia,DC,DC Breeze,East,17,12,5,2,4,5,0,0,36,37,1,0,1,40,211,307,0,0,15,10,81,22,0,0,6994,2,10,7,97.3,116.6,318,440,337,488,183,449,412
bgreenber,Ben,Greenberg,DC,DC Breeze,East,9,12,3,7,1,3,0,0,59,63,3,0,0,55,456,224,2,2,1,0,78,32,33,5,6103,3,10,10,93.65,101.7,318,374,452,244,322,313,479
agrossber,Adam,Grossberg,PHI,Philadelphia Phoenix,East,42,12,5,17,10,7,0,0,111,127,15,0,4,125,970,720,7,15,58,35,103,23,11,1,11379,19,10,22,87.4,189.7,318,167,337,95,103,160,242
jwodatch1,Jeff,Wodatch,DC,DC Breeze,East,45,12,12,8,14,5,0,0,151,164,13,0,2,177,800,1477,2,5,140,94,10,1,0,0,11217,15,10,20,92.07,186.9,318,190,147,219,183,190,98
jnissen,Jacques,Nissen,DC,DC Breeze,East,24,12,9,25,21,3,0,0,530,561,27,0,0,462,3886,1834,12,17,221,148,4,1,0,0,17098,27,10,34,94.47,285.0,318,88,210,46,322,12,58
bashton,Ben,Ashton,SLC,Salt Lake Shred,West,12,12,1,5,7,6,0,0,39,41,2,0,0,33,314,179,2,2,3,2,102,32,3,1,7204,2,10,6,95.12,120.1,318,470,583,317,139,385,533
elheureux,Eugene,L'Heureux,SLC,Salt Lake Shred,West,89,12,2,9,7,4,0,0,58,61,3,1,1,52,653,381,4,4,3,3,153,59,129,15,11023,5,10,11,95.08,183.7,318,347,507,202,234,235,363
tcrowley,Trip,Crowley,ATL,Atlanta Hustle,South,1,12,8,0,0,2,0,0,13,13,0,0,0,19,-61,284,0,0,17,8,47,14,0,0,4387,0,10,8,100.0,73.1,318,408,232,650,411,877,435
cjohnson2,Carl,Johnson,PIT,Pittsburgh Thunderbirds,Central,87,12,9,2,4,4,0,0,41,46,5,0,0,52,173,658,0,3,82,44,36,9,4,0,7646,5,10,11,89.13,127.4,318,347,210,488,234,481,260
avandeber,Andrew,Vande Berg,CAR,Carolina Flyers,South,73,12,5,1,2,6,0,0,22,22,0,0,2,24,57,279,0,0,12,7,93,23,49,3,7266,2,10,6,100.0,121.1,318,470,337,559,139,622,443
swiles,Sean,Wiles,CAR,Carolina Flyers,South,13,12,8,3,13,0,0,0,100,101,1,0,0,108,154,1384,2,2,126,100,2,0,0,0,9027,1,10,11,99.01,150.4,318,347,232,426,654,498,111
oshaff,Owen,Shaff,LA,LA Aviators,South,18,12,5,3,3,10,0,0,37,43,5,0,3,48,280,610,2,3,26,7,147,30,0,0,12267,8,10,8,86.05,204.4,318,408,337,426,48,403,277
blevinsky,Ben,Levinsky,SD,San Diego Growlers,South,37,12,3,4,3,7,0,0,31,34,3,0,1,33,179,331,1,1,1,1,119,36,5,0,8580,4,10,7,91.18,143.0,318,440,452,368,103,476,398
ddyer,Darren,Dyer,DET,Detroit Mechanix,Central,10,12,4,1,1,5,0,0,5,5,0,0,0,8,12,259,0,0,4,2,30,7,0,0,3000,0,10,5,100.0,50.0,318,507,400,559,183,731,453
jperticon,Justin,Perticone,DET,Detroit Mechanix,Central,2,12,10,10,19,5,0,0,187,200,11,0,4,205,918,1462,2,5,180,100,8,1,0,0,12564,15,10,20,93.5,209.4,318,190,190,178,183,165,100
wberreman,Wyatt,Berreman,OAK,Oakland Spiders,West,98,12,3,1,3,5,0,0,40,40,0,0,0,41,112,247,0,0,0,0,130,51,1,0,9743,0,9,4,100.0,162.4,344,545,452,559,183,544,463
bdowney,Bryan,Downey,HTX,Houston Havoc,South,36,12,5,6,9,1,0,0,67,70,3,0,0,65,774,384,7,7,42,26,49,13,0,0,5539,3,9,11,95.71,92.3,344,347,337,283,531,201,361
dsmith,Dalton,Smith,HTX,Houston Havoc,South,13,12,5,9,9,1,0,0,153,160,6,0,0,134,1041,199,2,3,67,46,12,7,0,0,5145,6,9,14,95.62,85.8,344,281,337,202,531,149,507
skelly,Steven,Kelly,HTX,Houston Havoc,South,17,12,10,3,3,5,0,0,51,60,7,0,2,68,110,686,0,1,65,33,112,14,2,0,10943,9,9,13,85.0,182.4,344,306,190,426,183,547,252
dwelkener,Daniel,Welkener,ATX,Austin Sol,South,48,12,3,5,2,3,0,0,42,44,2,0,0,42,420,221,2,3,0,0,88,38,21,1,6063,2,9,8,95.45,101.0,344,408,452,317,322,328,482
pstobbe,Porter,Stobbe,LV,Vegas Bighorns,West,17,12,13,18,4,5,0,0,62,88,24,0,3,96,758,1171,10,21,153,65,28,4,0,0,11559,27,9,31,70.45,192.7,344,100,137,88,183,206,135
kponzio,Kuochuan,Ponzio,MTL,Montreal Royal,East,2,12,9,0,2,1,0,0,28,28,0,0,1,36,107,323,0,0,12,7,96,28,0,0,7433,1,9,9,100.0,123.9,344,393,210,650,531,553,404
jheglie,Jackson,Heglie,ORE,Oregon Steel,West,77,12,9,2,1,1,0,0,21,23,2,0,1,33,74,373,0,0,16,5,60,14,0,0,4643,3,9,11,91.3,77.4,344,347,210,488,531,595,368
ssemrin,Saeed,Semrin,COL,Colorado Apex,West,13,12,5,6,3,2,0,0,25,28,3,0,1,30,129,469,0,1,8,5,91,34,0,0,6991,4,9,11,89.29,116.5,344,347,337,283,411,524,333
afall,Alexandre,Fall,DC,DC Breeze,East,1,12,4,1,1,9,0,0,24,28,4,0,1,32,-14,503,0,0,3,0,143,38,0,0,10186,5,9,5,85.71,169.8,344,507,400,559,63,867,318
rbergeron,Rhys,Bergeron,DC,DC Breeze,East,21,12,3,3,0,3,0,0,19,19,0,0,0,22,134,190,1,1,0,0,85,26,1,0,6425,0,9,6,100.0,107.1,344,470,452,426,322,518,518
colsen,Christian,Olsen,ATL,Atlanta Hustle,South,8,12,7,7,18,2,0,0,267,273,6,0,1,214,1591,381,1,2,119,100,7,3,1,0,8478,7,9,14,97.8,141.3,344,281,255,244,411,86,363
rdavenpor1,Robby,Davenport,IND,Indianapolis AlleyCats,Central,90,12,11,7,12,4,0,0,125,139,12,0,1,123,793,635,3,6,44,19,115,35,2,0,9958,13,9,18,89.93,166.0,344,215,170,244,234,192,267
jhavey,Jack,Havey,IND,Indianapolis AlleyCats,Central,26,12,11,7,12,2,0,0,175,183,7,0,4,166,1228,1157,1,3,135,79,29,5,0,0,10792,11,9,18,95.63,179.9,344,215,170,244,411,125,137
jwellers,John,Wellers,CAR,Carolina Flyers,South,25,12,3,1,2,8,0,0,21,23,2,0,1,22,-11,295,0,0,1,0,155,44,0,0,10220,3,9,4,91.3,170.3,344,545,452,559,83,864,424
mtran,Michael,Tran,SD,San Diego Growlers,South,21,12,3,4,4,6,0,0,73,78,4,0,0,65,427,154,1,4,20,13,104,29,45,0,9131,4,9,7,93.59,152.2,344,440,452,368,139,322,550
plenz,Peter,Lenz,SD,San Diego Growlers,South,11,12,5,5,2,5,0,0,88,93,5,0,1,73,708,347,3,3,61,44,20,7,5,0,5439,6,9,10,94.62,90.7,344,374,337,317,183,221,389
mkiyoi,Michael,Kiyoi,LA,LA Aviators,South,1,12,11,9,18,0,0,0,167,175,8,0,3,183,1361,906,5,5,159,102,1,1,0,0,10662,11,9,20,95.43,177.7,344,190,170,202,654,111,183
cfoster,Christian,Foster,SEA,Seattle Cascades,West,10,12,3,21,15,1,0,0,240,257,15,1,0,196,2755,525,26,31,146,94,18,5,12,0,9700,16,9,24,93.39,161.7,344,146,452,63,531,28,309
awolf,Aaron,Wolf,SEA,Seattle Cascades,West,70,12,8,16,13,5,0,0,170,188,17,1,2,169,1496,379,5,8,87,57,46,17,8,0,8434,20,9,24,90.43,140.6,344,146,232,102,183,98,365
zarmstron,Zachary,Armstrong,TOR,Toronto Rush,East,12,12,3,4,1,4,0,0,22,24,2,0,0,27,124,302,0,1,25,10,161,33,75,3,11550,2,9,7,91.67,192.5,344,440,452,368,234,533,415
wlewis,Wilkie,Lewis,TOR,Toronto Rush,East,35,12,15,7,12,0,0,0,140,148,8,0,5,161,734,1339,2,5,201,132,28,4,0,0,14898,13,9,22,94.59,248.3,344,167,107,244,654,212,119
mmackenzi,Mike,Mackenzie,TOR,Toronto Rush,East,7,12,8,3,7,4,0,0,44,49,5,0,1,56,375,563,1,2,19,14,92,22,21,4,7106,6,9,11,89.8,118.4,344,347,232,426,234,346,292
ngoff,Nate,Goff,CHI,Chicago Union,Central,22,12,9,10,8,2,0,0,123,132,9,0,3,140,987,1195,5,10,95,72,19,3,1,0,7342,12,9,19,93.18,122.4,344,204,210,178,411,158,133
jbruner,Jace,Bruner,CHI,Chicago Union,Central,24,12,4,3,2,3,0,0,24,25,0,0,1,27,128,229,0,0,2,1,84,42,0,0,7379,1,9,7,96.0,123.0,344,440,400,426,322,526,476
nprior,Nathan,Prior,OAK,Oakland Spiders,West,43,12,4,3,7,1,0,0,130,130,0,0,0,94,658,79,1,1,56,45,0,0,0,0,3707,0,8,7,100.0,61.8,369,440,400,426,531,232,647
sthompson,Sawyer,Thompson,OAK,Oakland Spiders,West,18,12,6,4,5,4,0,0,35,41,6,0,0,41,359,386,1,2,4,1,125,40,6,0,8698,6,8,10,85.37,145.0,369,374,290,368,234,357,360
ccunningh,Chase,Cunningham,HTX,Houston Havoc,South,4,12,8,20,14,4,0,0,219,246,22,0,2,195,1940,1063,5,13,128,84,38,8,22,2,9993,24,8,28,89.02,166.6,369,118,232,73,234,65,156
cmoore,Cole,Moore,BOS,Boston Glory,East,6,12,3,4,0,3,0,0,17,19,2,0,0,20,42,105,0,1,2,1,39,15,0,0,3248,2,8,7,89.47,54.1,369,440,452,368,322,649,604
rdinger,Ryan,Dinger,BOS,Boston Glory,East,12,12,6,14,21,2,0,0,291,304,11,0,3,248,2500,401,8,13,153,116,1,1,0,0,10762,14,8,20,95.72,179.4,369,190,290,118,411,40,352
gbevan,Geoff,Bevan,MTL,Montreal Royal,East,9,12,3,8,3,3,0,0,81,86,5,0,1,61,753,227,8,11,44,30,48,15,32,2,6057,6,8,11,94.19,101.0,369,347,452,219,322,207,477
lpruess,Logan,Pruess,COL,Colorado Apex,West,5,12,6,2,3,4,0,0,31,35,4,0,0,37,328,262,2,3,2,1,118,44,0,0,8863,4,8,8,88.57,147.7,369,408,290,488,234,381,451
dbechis,Dennis,Bechis,COL,Colorado Apex,West,15,12,6,1,2,1,0,0,25,25,0,0,0,28,180,278,1,1,13,11,51,17,0,0,4055,0,8,7,100.0,67.6,369,440,290,559,531,474,444
mhanna,Matt,Hanna,PHI,Philadelphia Phoenix,East,39,12,13,5,12,3,0,0,138,148,9,0,4,162,559,2046,1,3,180,116,8,0,0,0,12627,13,8,18,93.24,210.4,369,215,137,317,322,268,42
mkobyra,Mike,Kobyra,ATL,Atlanta Hustle,South,44,12,3,2,3,3,0,0,15,15,0,0,0,15,103,231,0,0,0,0,127,37,12,1,8784,0,8,5,100.0,146.4,369,507,452,488,322,556,474
kfroebe,Kaden,Froebe,SLC,Salt Lake Shred,West,26,12,5,0,1,3,0,0,5,6,0,0,0,9,1,146,0,0,8,5,57,17,0,0,4761,0,8,5,83.33,79.3,369,507,337,650,322,757,562
lyorgason,Luke,Yorgason,SLC,Salt Lake Shred,West,2,12,6,2,5,2,0,0,39,41,2,0,0,38,348,302,1,1,5,4,63,29,0,0,5034,2,8,8,95.12,83.9,369,408,290,488,411,366,415
jbranson,Jeremiah,Branson,SLC,Salt Lake Shred,West,4,12,1,6,4,3,0,0,44,46,2,0,0,36,292,184,2,2,7,7,80,29,0,0,6738,2,8,7,95.65,112.3,369,440,583,283,322,397,525
adriehuys,Anil,Driehuys,PIT,Pittsburgh Thunderbirds,Central,16,12,7,11,4,0,0,0,139,151,10,0,0,121,1037,883,7,15,93,51,0,0,0,0,6067,10,8,18,92.05,101.1,369,215,255,157,654,153,189
bclose,Ben,Close,IND,Indianapolis AlleyCats,Central,64,12,6,5,6,6,0,0,103,113,9,0,0,110,529,657,2,2,64,37,81,19,26,4,9241,9,8,11,91.15,154.0,369,347,290,317,139,279,261
ebembenis,Evan,Bembenista,PIT,Pittsburgh Thunderbirds,Central,35,12,12,4,8,3,0,0,70,78,7,0,4,88,486,1063,3,7,128,66,31,5,0,0,10223,11,8,16,89.74,170.4,369,249,147,368,322,299,156
tschewe,Ted,Schewe,MAD,Madison Radicals,Central,66,12,7,11,15,3,0,0,308,324,12,0,1,249,2175,649,5,7,174,117,0,0,0,0,13448,13,8,18,95.06,224.1,369,215,255,157,322,52,264
kmarcus,Kai,Marcus,MAD,Madison Radicals,Central,97,12,1,21,9,1,0,0,167,186,15,0,0,145,1571,502,8,15,120,77,0,0,0,0,9345,15,8,22,89.78,155.8,369,167,583,63,531,88,319
pkorolog,Phillip,Korolog,SEA,Seattle Cascades,West,39,12,3,4,3,2,0,1,25,26,1,0,0,26,103,204,1,1,25,15,47,10,3,0,4176,1,8,7,96.15,69.6,369,440,452,368,411,556,497
lcomire,Luc,Comire,TOR,Toronto Rush,East,15,12,5,17,20,1,0,0,306,320,14,1,0,260,2654,986,8,14,176,118,9,0,0,0,12305,15,8,22,95.62,205.1,369,167,337,95,531,33,171
mneil,Malachi,Neil,DET,Detroit Mechanix,Central,18,12,5,6,4,2,0,0,54,59,5,0,0,60,342,579,0,1,85,45,16,3,1,0,7012,5,8,11,91.53,116.9,369,347,337,283,411,371,287
ddremann,Dex,Dremann,CHI,Chicago Union,Central,16,12,10,3,0,6,0,0,50,59,8,0,3,51,341,325,1,6,6,3,101,49,25,4,7447,11,8,13,84.75,124.1,369,306,190,426,139,373,403
msommer,Morgan,Sommer,OAK,Oakland Spiders,West,28,12,5,0,1,5,0,0,15,17,2,0,1,18,16,263,0,1,25,23,63,21,6,0,6104,3,7,5,88.24,101.7,391,507,337,650,183,719,449
tchukwume,Toya,Chukwumerije,HTX,Houston Havoc,South,25,12,2,0,2,5,0,0,11,11,0,0,0,13,31,94,0,0,10,3,99,14,0,0,6589,0,7,2,100.0,109.8,391,616,507,650,183,676,620
calbin,Cam,Albin,HTX,Houston Havoc,South,9,12,4,5,6,1,0,0,56,58,2,0,1,62,228,552,1,2,43,27,30,8,0,0,5010,3,7,9,96.55,83.5,391,393,400,317,531,432,294
ajanelle,Alex,Janelle,ATX,Austin Sol,South,8,12,2,4,4,8,0,0,38,45,6,1,0,41,326,193,3,5,0,0,90,30,42,2,5911,7,7,6,84.44,98.5,391,470,507,368,83,382,512
jzhou,Jeff,Zhou,HTX,Houston Havoc,South,21,12,1,4,1,2,0,0,15,15,0,0,0,16,109,169,0,0,14,4,54,9,0,0,4253,0,7,5,100.0,70.9,391,507,583,368,411,549,542
oarmstron,Oakley,Armstrong,ATX,Austin Sol,South,44,12,5,1,5,5,1,0,24,27,3,0,1,24,220,190,0,0,0,0,108,36,3,0,7423,4,7,6,88.89,123.7,391,470,337,559,183,440,518
jzeidman,Jason,Zeidman,LV,Vegas Bighorns,West,21,12,5,2,2,8,0,0,57,64,6,0,2,56,298,451,2,3,51,20,69,10,0,0,8488,8,7,7,89.06,141.5,391,440,337,488,83,391,337
hbabcock,Henry,Babcock,BOS,Boston Glory,East,16,12,4,8,7,2,0,0,137,144,6,0,1,123,779,244,2,2,10,7,114,39,5,0,9120,7,7,12,95.14,152.0,391,325,400,219,411,199,467
zslayton,Zach,Slayton,COL,Colorado Apex,West,71,12,9,8,11,2,0,0,158,172,10,0,2,150,847,607,3,10,80,51,76,32,37,2,10983,12,7,17,91.86,183.1,391,234,210,219,411,175,279
cstillwel,Conner,Stillwell,ORE,Oregon Steel,West,47,12,8,13,12,3,0,0,142,158,13,0,4,157,800,1892,3,3,162,79,6,0,0,0,11410,17,7,21,89.87,190.2,391,176,232,127,322,190,53
ndahms,Nicholas,Dahms,ORE,Oregon Steel,West,14,12,2,1,3,5,0,0,39,42,0,0,1,38,121,226,0,0,18,9,140,31,0,0,11343,1,7,3,92.86,189.1,391,577,507,559,183,537,478
apiper,Alex,Piper,COL,Colorado Apex,West,61,12,7,1,4,2,0,0,29,32,3,0,0,37,67,418,0,1,32,26,37,13,0,0,4405,3,7,8,90.62,73.4,391,408,255,559,411,606,350
ewitmer,Eric,Witmer,PHI,Philadelphia Phoenix,East,13,12,0,3,5,8,0,0,59,62,3,0,1,59,324,135,0,0,17,12,137,33,0,0,11334,4,7,3,95.16,188.9,391,577,694,426,83,383,573
enardelli,Eric,Nardelli,PHI,Philadelphia Phoenix,East,99,12,4,0,1,6,0,0,33,35,2,0,1,37,83,166,0,0,11,7,101,23,0,0,8296,3,7,4,94.29,138.3,391,545,400,650,139,581,543
jmolder,Joe,Molder,PIT,Pittsburgh Thunderbirds,Central,10,12,2,2,0,4,0,0,12,13,1,0,0,17,26,288,0,0,13,5,94,28,0,0,6827,1,7,4,92.31,113.8,391,545,507,488,234,690,431
owoodward,Owen,Woodward,IND,Indianapolis AlleyCats,Central,83,12,7,0,1,1,0,0,19,22,1,0,0,30,160,287,0,1,15,7,43,15,0,0,3873,1,7,7,86.36,64.5,391,440,255,650,531,491,433
jrollins,Jacob,Rollins,PIT,Pittsburgh Thunderbirds,Central,55,12,5,3,4,1,0,0,25,26,1,0,1,31,79,309,1,1,11,7,80,21,1,0,5807,2,7,8,96.15,96.8,391,408,337,426,531,590,407
aolcese,Angelo,Olcese,CAR,Carolina Flyers,South,22,12,1,7,5,2,0,0,78,81,3,0,0,60,527,81,1,1,9,6,105,30,0,0,8553,3,7,8,96.3,142.6,391,408,583,244,411,280,643
cbelus,Christian,Belus,CAR,Carolina Flyers,South,32,12,5,1,0,3,0,0,12,14,2,0,0,19,17,190,0,0,6,4,42,13,0,0,3091,2,7,6,85.71,51.5,391,470,337,559,322,715,518
smadiraju1,Suhas,Madiraju,CAR,Carolina Flyers,South,2,12,4,3,4,3,1,0,108,112,3,0,0,108,396,108,1,1,15,9,149,49,1,0,12237,3,7,7,96.43,203.9,391,440,400,426,322,342,601
tsander,Tynan,Sander,SD,San Diego Growlers,South,15,12,6,0,4,3,0,0,38,41,2,0,0,37,353,233,2,2,18,8,110,26,37,0,8680,2,7,6,92.68,144.7,391,470,290,650,322,361,473
eli,Ethan,Li,SD,San Diego Growlers,South,13,12,5,0,5,5,0,0,26,29,3,0,0,29,132,212,0,0,1,1,57,24,0,0,4398,3,7,5,89.66,73.3,391,507,337,650,183,520,490
blozinski,Bryce,Lozinski,SD,San Diego Growlers,South,5,12,1,6,7,4,0,0,107,110,2,1,1,93,666,245,2,2,17,11,175,52,4,0,13499,4,7,7,97.27,225.0,391,440,583,283,234,228,466
dmiller2,Dax,Miller,TOR,Toronto Rush,East,21,12,3,5,2,1,0,0,27,29,2,0,0,28,265,263,1,2,16,12,75,20,0,0,5999,2,7,8,93.1,100.0,391,408,452,317,531,413,449
qsnider,Quinn,Snider,MIN,Minnesota Wind Chill,Central,98,12,8,1,2,0,0,0,14,14,0,1,1,23,8,438,0,0,44,21,0,0,0,0,3082,2,7,9,100.0,51.4,391,393,232,559,654,743,341
pmans,Peter,Mans,MIN,Minnesota Wind Chill,Central,2,12,3,3,2,4,0,0,24,26,2,0,1,24,127,209,0,1,8,5,49,32,0,0,3900,3,7,6,92.31,65.0,391,470,452,426,234,528,492
mrivas,Milan,Rivas,CHI,Chicago Union,Central,27,12,5,5,8,3,1,0,68,74,5,0,1,66,521,343,2,4,0,0,92,51,0,0,7045,6,7,10,91.89,117.4,391,374,337,317,322,285,391
salladi,Shashank,Alladi,NY,New York Empire,East,10,12,4,4,5,5,0,0,66,72,5,1,1,62,215,191,2,2,4,3,157,39,0,0,10940,7,6,8,91.67,182.3,418,408,400,368,183,447,514
rvickersb,Robin,Vickers Batzdorf,OAK,Oakland Spiders,West,2,12,3,1,6,5,0,0,61,63,2,0,1,57,155,76,0,0,8,6,52,14,3,0,4047,3,6,4,96.83,67.5,418,545,452,559,183,497,655
cwilson,Chris,Wilson,LV,Vegas Bighorns,West,22,12,2,5,4,4,0,0,62,67,4,0,1,69,83,544,0,0,42,18,112,18,0,0,11053,5,6,7,92.54,184.2,418,440,507,317,234,581,299
vsauv,Victor,Sauvé,MTL,Montreal Royal,East,4,12,7,1,4,0,0,0,23,25,2,0,0,32,99,361,0,0,42,30,46,11,0,0,5939,2,6,8,92.0,99.0,418,408,255,559,654,563,381
arousseau,Antoine,Rousseau,MTL,Montreal Royal,East,38,12,3,6,3,6,0,0,79,88,8,0,1,59,645,109,2,4,22,15,84,22,67,10,7867,9,6,9,89.77,131.1,418,393,452,283,139,237,600
amcnichol,Adam,McNichols,ORE,Oregon Steel,West,34,12,3,26,19,6,0,0,284,311,23,1,5,292,1836,1684,14,28,202,101,7,0,0,0,14320,29,6,29,91.32,238.7,418,111,452,41,139,71,79
mpoe,Michael,Poe,ATL,Atlanta Hustle,South,69,12,1,2,2,3,0,0,7,7,0,0,0,8,112,135,1,1,0,0,47,13,0,0,2819,0,6,3,100.0,47.0,418,577,583,488,322,544,573
cwatkins,Curtis,Watkins,SLC,Salt Lake Shred,West,19,12,5,0,0,1,0,0,14,14,0,0,0,18,31,182,0,0,3,2,71,25,0,0,4382,0,6,5,100.0,73.0,418,507,337,650,531,676,527
dknighton,Derik,Knighton,SLC,Salt Lake Shred,West,32,12,1,3,1,2,0,0,13,13,0,0,0,12,111,92,1,1,2,2,63,22,0,0,3671,0,6,4,100.0,61.2,418,545,583,426,411,546,624
whoffenka,Will,Hoffenkamp,PIT,Pittsburgh Thunderbirds,Central,24,12,12,22,30,5,0,0,488,525,29,0,4,463,2522,975,3,8,204,111,26,5,2,0,14633,33,6,34,92.95,243.9,418,88,147,59,183,38,172
mames,Michael,Ames,IND,Indianapolis AlleyCats,Central,78,12,3,12,14,0,0,1,248,258,9,0,0,215,1816,201,3,5,104,63,38,10,8,0,9058,9,6,15,96.12,151.0,418,261,452,138,654,73,502
rwartenbe,Ryan,Wartenberg,IND,Indianapolis AlleyCats,Central,99,12,6,0,7,6,0,0,52,58,5,0,1,61,294,811,1,2,43,18,126,36,0,0,11709,6,6,6,89.66,195.2,418,470,290,650,139,396,211
kdelorenz,Kai,DeLorenzo,MAD,Madison Radicals,Central,14,12,9,5,9,7,1,0,151,168,14,0,1,159,1161,1043,6,7,127,85,84,24,44,4,15153,15,6,14,89.88,252.6,418,281,210,317,103,134,161
kalexande,Kelsen,Alexander,MAD,Madison Radicals,Central,55,12,8,8,20,4,0,0,237,251,12,0,2,188,1791,750,3,4,156,106,19,8,0,0,13628,14,6,16,94.42,227.1,418,249,232,219,234,74,233
dnester,David,Nester,MAD,Madison Radicals,Central,11,12,2,6,2,1,0,0,18,20,2,0,1,18,224,89,0,1,2,1,46,23,0,0,3099,3,6,8,90.0,51.6,418,408,507,283,531,435,630
mgrinde,Matt,Grinde,MAD,Madison Radicals,Central,4,12,11,3,8,2,0,0,78,89,10,0,0,94,331,1013,0,0,73,46,58,30,0,0,9773,10,6,14,87.64,162.9,418,281,170,426,411,380,166
rsung,Reggie,Sung,SD,San Diego Growlers,South,12,12,6,2,3,1,0,0,12,15,3,0,0,18,123,114,0,0,0,0,88,27,0,0,6007,3,6,8,80.0,100.1,418,408,290,488,531,535,591
rgrundy,Royce,Grundy,LA,LA Aviators,South,16,12,2,3,0,3,0,0,14,15,1,0,1,17,102,155,0,0,5,2,64,12,0,0,5835,2,6,5,93.33,97.2,418,507,507,426,322,558,549
lsovellfe,Leo,Sovell-Fernandez,MIN,Minnesota Wind Chill,Central,30,12,7,7,19,3,0,0,218,227,9,0,2,183,1448,863,0,0,146,98,29,15,0,0,12109,11,6,14,96.04,201.8,418,281,255,244,322,103,197
bbergmeie,Bret,Bergmeier,MIN,Minnesota Wind Chill,Central,0,12,4,11,10,1,0,0,92,100,7,1,2,94,604,781,4,8,25,16,111,50,2,0,9406,10,6,15,92.0,156.8,418,261,400,157,531,249,220
gmoreno,Gregory,Moreno,DET,Detroit Mechanix,Central,6,12,3,7,4,10,0,0,85,98,13,0,1,79,350,495,1,3,37,9,133,23,0,0,10568,14,6,10,86.73,176.1,418,374,452,244,48,364,322
tgaither,Terry,Gaither,DET,Detroit Mechanix,Central,33,12,5,1,0,2,0,0,14,15,1,0,1,21,12,219,0,0,39,10,85,14,0,0,8098,2,6,6,93.33,135.0,418,470,337,559,411,731,484
tyarter,Tristan,Yarter,NY,New York Empire,East,46,12,0,2,2,5,0,0,35,36,1,0,1,29,183,-45,0,0,2,1,101,23,8,0,7129,2,5,2,97.22,118.8,440,616,694,488,183,473,875
aaucoin,Arthur,Aucoin,NY,New York Empire,East,22,12,3,1,1,1,1,0,6,7,0,0,0,6,37,42,0,0,3,2,34,11,0,0,2980,0,5,4,85.71,49.7,440,545,452,559,531,662,707
dwhited,Dillon,Whited,OAK,Oakland Spiders,West,8,12,5,1,1,0,0,0,14,15,1,0,0,20,53,164,0,0,31,21,0,0,0,0,2237,1,5,6,93.33,37.3,440,470,337,559,654,626,544
cdixon,Caleb,Dixon,HTX,Houston Havoc,South,77,12,5,6,3,0,0,0,122,129,6,0,0,92,1299,290,4,6,77,49,0,0,0,0,4918,6,5,11,94.57,82.0,440,347,337,283,654,116,429
zmassi,Zakarie,Massi,MTL,Montreal Royal,East,88,12,3,3,0,1,0,0,8,13,2,0,0,9,87,96,1,3,2,1,59,12,0,0,4244,2,5,6,61.54,70.7,440,470,452,426,531,575,619
efortin,Ethan,Fortin,BOS,Boston Glory,East,18,12,2,3,3,5,0,0,112,116,4,1,0,98,591,72,1,2,14,8,98,30,44,6,8930,5,5,5,96.55,148.8,440,507,507,426,183,254,663
bmccann,Brendan,McCann,BOS,Boston Glory,East,13,12,5,4,6,3,0,0,136,145,6,0,1,123,1065,-11,7,9,6,3,178,52,60,3,13409,7,5,9,93.79,223.5,440,393,337,368,322,143,865
lwebb,Luke,Webb,BOS,Boston Glory,East,0,12,2,0,2,4,0,0,13,13,0,0,1,14,60,91,0,0,0,0,123,36,0,0,8885,1,5,2,100.0,148.1,440,616,507,650,234,617,627
cbosworth,Callahan,Bosworth,ORE,Oregon Steel,West,13,12,9,4,7,2,0,0,78,82,4,2,4,84,482,970,2,2,64,31,55,13,3,0,6427,10,5,13,95.12,107.1,440,306,210,368,411,301,173
klaurence,Keenan,Laurence,COL,Colorado Apex,West,51,12,6,8,5,3,0,0,49,59,9,0,3,62,424,869,3,8,79,51,17,4,9,1,6833,12,5,14,83.05,113.9,440,281,290,219,322,325,193
jlee,Jonathan,Lee,ORE,Oregon Steel,West,33,12,2,3,1,0,0,0,18,19,0,0,0,22,127,93,0,0,11,8,28,10,0,0,2691,0,5,5,94.74,44.9,440,507,507,426,654,528,622
jkeller,Justin,Keller,PHI,Philadelphia Phoenix,East,27,12,1,3,4,1,0,0,60,60,0,0,0,55,297,59,1,1,9,5,114,33,0,0,9666,0,5,4,100.0,161.1,440,545,583,426,531,392,680
arodrigue,Andres,Rodriguez,PHI,Philadelphia Phoenix,East,95,12,2,3,4,5,0,0,38,44,4,0,1,42,250,209,0,0,3,3,77,25,3,0,6583,5,5,5,86.36,109.7,440,507,507,426,183,420,492
ffarah,Frederick,Farah,DC,DC Breeze,East,73,12,1,0,0,4,0,0,8,8,0,0,0,8,6,76,0,0,2,0,35,12,0,0,2501,0,5,1,100.0,41.7,440,677,583,650,234,747,655
ffernande,Franky,Fernandez,ATL,Atlanta Hustle,South,23,12,1,2,0,3,0,0,14,14,0,0,1,16,-3,103,0,0,0,0,70,18,0,0,4827,1,5,3,100.0,80.5,440,577,583,488,322,851,605
ctappero,Coleman,Tappero,ATL,Atlanta Hustle,South,21,12,3,2,1,2,0,0,53,55,2,0,0,47,267,-5,1,1,0,0,99,22,0,0,6500,2,5,5,96.36,108.3,440,507,452,488,411,412,862
tgraham,Tanner,Graham,IND,Indianapolis AlleyCats,Central,28,12,3,3,5,4,0,0,66,75,5,0,0,68,150,272,1,1,21,9,88,26,0,0,8447,5,5,6,88.0,140.8,440,470,452,426,234,503,446
jcari,Joey,Cari,IND,Indianapolis AlleyCats,Central,6,12,3,5,2,3,0,0,163,168,4,0,2,142,838,365,1,2,78,40,20,5,0,0,7529,6,5,8,97.02,125.5,440,408,452,317,322,182,377
dhappe,Drew,Happe,IND,Indianapolis AlleyCats,Central,3,12,2,5,1,5,0,0,56,62,6,0,1,50,310,294,1,3,25,9,48,14,29,1,4675,7,5,7,90.32,77.9,440,440,507,317,183,387,426
cnewell,Connor,Newell,PIT,Pittsburgh Thunderbirds,Central,26,12,4,8,7,3,0,0,183,195,8,0,2,143,1226,366,3,6,83,45,65,17,2,0,9542,10,5,12,93.85,159.0,440,325,400,219,322,126,376
mweber2,Mac,Weber,MAD,Madison Radicals,Central,22,12,5,2,6,6,0,0,88,95,7,0,1,83,448,255,1,3,21,13,163,51,0,0,11869,8,5,7,92.63,197.8,440,440,337,488,139,315,457
wmatthews,Walker,Matthews,CAR,Carolina Flyers,South,23,12,2,4,1,1,0,0,18,20,2,0,0,22,145,285,2,2,5,2,44,14,21,4,3458,2,5,6,90.0,57.6,440,470,507,368,531,509,434
hstuck,Hudson,Stuck,LA,LA Aviators,South,77,12,4,0,1,1,0,0,34,34,0,0,0,34,195,281,0,0,10,4,54,13,0,0,5886,0,5,4,100.0,98.1,440,545,400,650,531,463,439
efinley,Eddie,Finley,LA,LA Aviators,South,44,12,2,1,2,5,0,0,21,24,3,0,0,25,14,190,0,0,22,9,65,17,0,0,5465,3,5,3,87.5,91.1,440,577,507,559,183,723,518
gleahy,Gavin,Leahy,SEA,Seattle Cascades,West,50,12,1,4,1,0,0,0,9,9,0,0,0,9,87,85,0,0,11,10,9,4,1,0,1516,0,5,5,100.0,25.3,440,507,583,368,654,575,639
aolson,Axel,Olson,SEA,Seattle Cascades,West,29,12,0,3,3,2,0,0,25,25,0,0,0,21,279,-1,2,2,5,3,17,7,10,0,1525,0,5,3,100.0,25.4,440,577,694,426,411,404,858
rjamieson,Rowan,Jamieson,TOR,Toronto Rush,East,11,12,5,0,1,1,0,0,7,7,0,0,1,11,-17,213,0,0,8,5,41,7,2,0,3322,1,5,5,100.0,55.4,440,507,337,650,531,870,489
nhsieh,Nathan,Hsieh,TOR,Toronto Rush,East,24,12,6,2,6,0,0,0,28,32,3,0,0,35,310,340,2,3,29,20,53,10,0,0,5766,3,5,8,87.5,96.1,440,408,290,488,654,387,392
asehgal,Araav,Sehgal,TOR,Toronto Rush,East,77,12,0,4,3,2,0,0,46,46,0,0,1,35,345,69,1,1,9,7,77,18,0,0,5925,1,5,4,100.0,98.8,440,545,694,368,411,368,668
badibe,Brandon,Adibe,TOR,Toronto Rush,East,14,12,5,1,0,3,0,0,6,9,3,0,1,15,48,332,0,0,5,3,123,22,0,0,8504,4,5,6,66.67,141.7,440,470,337,559,322,635,397
zmorton,Zach,Morton,MIN,Minnesota Wind Chill,Central,21,12,1,1,0,3,0,0,5,5,0,0,0,6,56,102,1,1,8,5,13,8,0,0,1019,0,5,2,100.0,17.0,440,616,583,559,322,623,606
dhobday,Danny,Hobday,MIN,Minnesota Wind Chill,Central,22,12,4,0,0,1,0,0,0,0,0,0,0,4,0,59,0,0,1,1,17,13,0,0,1019,0,5,4,,17.0,440,545,400,650,531,762,680
rware,Richard,Ware,DET,Detroit Mechanix,Central,12,12,3,0,2,3,0,0,9,10,0,0,1,13,-16,191,0,0,9,1,93,13,0,0,5881,1,5,3,90.0,98.0,440,577,452,650,322,869,514
jmarsh1,John,Marsh,CHI,Chicago Union,Central,20,12,4,3,5,2,0,0,52,57,3,0,1,48,288,298,1,2,2,1,66,30,0,0,5255,4,5,7,91.23,87.6,440,440,400,426,411,399,422
bzhang,Ben,Zhang,CHI,Chicago Union,Central,50,12,3,2,1,1,0,0,11,13,1,0,0,14,40,139,0,0,0,0,35,19,0,0,2859,1,5,5,84.62,47.6,440,507,452,488,531,655,569
dsuvorov,Dmitry,Suvorov,NY,New York Empire,East,6,12,3,2,1,1,0,0,20,20,0,0,2,22,146,161,0,0,1,0,84,25,0,0,5491,2,4,5,100.0,91.5,475,507,452,488,531,506,546
vmader,Vance,Mader,ATX,Austin Sol,South,,12,5,1,3,0,0,0,15,16,1,0,1,21,100,249,0,0,25,14,31,10,0,0,3674,2,4,6,93.75,61.2,475,470,337,559,654,562,462
nfurrh,Noah,Furrh,ATX,Austin Sol,South,,12,2,0,0,4,0,0,6,8,2,0,0,10,41,115,0,0,3,0,59,13,0,0,3860,2,4,2,75.0,64.3,475,616,507,650,234,651,590
ikassim,Ismail,Kassim,HTX,Houston Havoc,South,72,12,2,2,0,0,0,0,10,11,0,0,0,13,24,195,0,0,7,3,38,4,0,0,2300,0,4,4,90.91,38.3,475,545,507,488,654,695,510
rhiser,Ryan,Hiser,LV,Vegas Bighorns,West,9,12,3,20,19,8,0,0,243,268,23,0,4,222,2134,905,20,29,153,73,9,3,5,0,11323,27,4,23,90.67,188.7,475,159,452,73,83,57,184
bhorrisbe,Benjamin,Horrisberger,BOS,Boston Glory,East,48,12,1,2,1,4,0,0,31,34,2,0,1,33,10,284,0,0,0,0,73,19,0,0,5190,3,4,3,91.18,86.5,475,577,583,488,234,739,435
cdavisbra,Cole,Davis-Brand,BOS,Boston Glory,East,22,12,1,4,3,0,0,0,34,35,1,0,0,31,202,52,0,0,6,5,41,10,21,0,3587,1,4,5,97.14,59.8,475,507,583,368,654,455,690
jgiard,Jeremie,Giard,MTL,Montreal Royal,East,62,12,1,2,1,2,0,0,7,8,1,0,0,10,58,144,0,0,1,1,40,11,0,0,2850,1,4,3,87.5,47.5,475,577,583,488,411,620,565
lmckeown,Liam,McKeown,MTL,Montreal Royal,East,69,12,0,3,3,3,0,0,27,30,2,0,0,28,219,139,2,2,4,2,68,15,8,1,4978,2,4,3,90.0,83.0,475,577,694,426,322,441,569
wdillende,Will,Dillender-Kinast,ORE,Oregon Steel,West,99,12,2,0,2,6,0,0,11,13,2,0,2,12,83,117,0,0,9,3,52,15,0,0,4042,4,4,2,84.62,67.4,475,616,507,650,139,581,586
dloughnan,Drew,Loughnane,PHI,Philadelphia Phoenix,East,9,12,3,0,2,2,0,0,5,6,1,0,0,8,20,154,0,0,1,1,46,13,0,0,3533,1,4,3,83.33,58.9,475,577,452,650,411,707,550
wtober,William,Tober,PHI,Philadelphia Phoenix,East,20,12,10,5,16,1,0,0,172,180,7,0,5,190,839,1758,1,1,198,129,15,2,0,0,14218,12,4,15,95.56,237.0,475,261,190,317,531,181,69
ctrisolin,Calvin,Trisolini,PHI,Philadelphia Phoenix,East,33,12,4,3,1,0,0,0,62,64,2,0,1,44,491,200,1,2,40,22,6,0,1,0,3096,3,4,7,96.88,51.6,475,440,400,426,654,297,504
jpolk,Jakeem,Polk,ATL,Atlanta Hustle,South,14,12,2,1,1,2,0,0,17,18,1,0,0,16,97,74,1,1,2,2,144,32,28,0,9419,1,4,3,94.44,157.0,475,577,507,559,411,565,659
grettberg,Grayson,Rettberg,SLC,Salt Lake Shred,West,99,12,1,2,0,1,0,0,8,9,0,0,0,9,45,116,0,0,1,1,26,9,0,0,1499,0,4,3,88.89,25.0,475,577,583,488,531,640,589
tkelley,Trevor,Kelley,SLC,Salt Lake Shred,West,3,12,3,3,5,0,0,0,28,30,2,0,0,30,275,182,1,1,0,0,53,21,0,0,3555,2,4,6,93.33,59.2,475,470,452,426,654,408,527
obrown,Oscar,Brown,SLC,Salt Lake Shred,West,11,12,4,7,8,4,0,0,105,116,11,0,0,94,467,251,2,3,10,8,165,53,16,0,11629,11,4,11,90.52,193.8,475,347,400,244,234,309,461
wkrisky,Wyatt,Krisky,PIT,Pittsburgh Thunderbirds,Central,91,12,3,1,0,2,0,0,14,15,1,0,1,18,48,261,0,0,6,5,36,10,0,0,2501,2,4,4,93.33,41.7,475,545,452,559,411,635,452
cstanish,Caleb,Stanish,PIT,Pittsburgh Thunderbirds,Central,61,12,1,1,1,2,0,0,4,4,0,0,0,5,14,106,0,0,3,0,51,10,0,0,3410,0,4,2,100.0,56.8,475,616,583,559,411,723,603
rkindell,Ryan,Kindell,PIT,Pittsburgh Thunderbirds,Central,29,12,1,1,2,8,0,0,15,20,5,0,1,19,44,206,0,3,7,2,96,29,12,0,7372,6,4,2,75.0,122.9,475,616,583,559,83,643,495
mweaver,Matthew,Weaver,IND,Indianapolis AlleyCats,Central,81,12,4,5,2,3,0,1,42,49,7,0,1,50,219,299,1,4,24,7,51,14,2,0,5472,8,4,9,85.71,91.2,475,393,400,317,322,441,419
jmurray,Jake,Murray,PIT,Pittsburgh Thunderbirds,Central,14,12,2,3,6,4,0,0,59,66,5,0,0,58,410,185,1,1,21,11,80,21,1,0,6660,5,4,5,89.39,111.0,475,507,507,426,234,334,524
vpost,Val,Post,MAD,Madison Radicals,Central,35,12,0,2,0,2,0,0,3,3,0,0,0,2,51,15,1,1,0,0,15,4,1,0,761,0,4,2,100.0,12.7,475,616,694,488,411,630,757
msample,Max,Sample,MAD,Madison Radicals,Central,44,12,5,3,2,1,0,0,48,50,2,0,3,55,221,454,1,2,47,27,5,0,0,0,4773,5,4,8,96.0,79.5,475,408,337,426,531,438,336
bschlaefe,Biz,Schlaefer,MAD,Madison Radicals,Central,41,12,0,4,0,0,0,0,10,10,0,0,0,9,78,28,0,0,1,1,17,13,0,0,1137,0,4,4,100.0,18.9,475,545,694,368,654,592,736
bmorrison,Brayden,Morrison,CAR,Carolina Flyers,South,14,12,1,2,1,2,0,0,35,36,1,0,0,28,210,102,0,0,4,2,36,15,3,0,3095,1,4,3,97.22,51.6,475,577,583,488,411,452,606
jthorne,Jake,Thorne,CAR,Carolina Flyers,South,16,12,2,0,2,3,0,0,23,24,1,0,0,25,12,257,0,0,12,8,75,18,0,0,5938,1,4,2,95.83,99.0,475,616,507,650,322,731,456
kpignone,Kevin,Pignone,CAR,Carolina Flyers,South,51,12,2,11,16,1,0,0,173,184,10,0,0,140,1451,370,4,6,104,80,1,0,1,0,6355,10,4,13,94.02,105.9,475,306,507,157,531,102,373
ali,Andrew,Li,CAR,Carolina Flyers,South,5,12,7,5,11,4,1,0,150,160,10,0,2,136,769,140,1,2,13,7,121,36,26,0,9995,12,4,12,93.75,166.6,475,325,255,317,234,202,568
zbyrnes,Zac,Byrnes,CAR,Carolina Flyers,South,3,12,0,0,3,4,0,0,10,10,0,0,0,8,108,102,0,0,0,0,11,6,0,0,959,0,4,0,100.0,16.0,475,748,694,650,234,551,606
jlee2,Jason,Lee,LA,LA Aviators,South,20,12,1,0,0,3,0,0,17,17,0,0,0,17,0,156,0,0,10,3,48,9,0,0,5566,0,4,1,100.0,92.8,475,677,583,650,322,762,548
mdomingue,Mateo,Dominguez,LA,LA Aviators,South,24,12,8,5,21,1,0,0,402,420,9,1,0,360,2505,520,3,3,191,120,2,1,0,0,13314,10,4,13,95.71,221.9,475,306,232,317,531,39,312
rliao,Ryan,Liao,SEA,Seattle Cascades,West,34,12,5,1,4,1,0,0,21,25,3,0,0,30,166,254,0,0,27,13,72,17,0,0,7384,3,4,6,84.0,123.1,475,470,337,559,531,486,458
hnorris,Harry,Norris,TOR,Toronto Rush,East,22,12,4,3,1,1,0,0,16,20,4,0,0,22,62,327,0,2,4,3,72,17,2,0,5167,4,4,7,80.0,86.1,475,440,400,426,531,615,401
bmathie,Becker,Mathie,MIN,Minnesota Wind Chill,Central,9,12,2,0,2,2,0,0,7,7,0,0,0,5,21,59,0,0,2,2,16,10,0,0,1016,0,4,2,100.0,16.9,475,616,507,650,411,706,680
cwalsh,Chris,Walsh,DET,Detroit Mechanix,Central,9,12,1,5,1,2,0,0,63,68,4,0,0,53,538,294,2,2,40,22,0,0,0,0,2561,4,4,6,92.65,42.7,475,470,583,317,411,274,426
esebastia,Evan,Sebastian,CHI,Chicago Union,Central,70,12,2,2,0,1,0,0,8,8,0,0,1,8,27,78,0,0,0,0,27,15,0,0,2244,1,4,4,100.0,37.4,475,545,507,488,531,688,652
vluo,Victor,Luo,CHI,Chicago Union,Central,10,12,4,6,9,0,0,0,82,89,5,0,1,77,484,171,2,4,11,8,94,45,11,1,7093,6,4,10,92.13,118.2,475,374,400,283,654,300,538
hgoldenbe,Henry,Goldenberg,CHI,Chicago Union,Central,4,12,5,11,13,0,0,0,164,178,10,0,2,147,1144,575,3,9,126,95,10,5,1,0,9092,12,4,16,92.13,151.5,475,249,337,157,654,135,289
gharris,Grant,Harris,CHI,Chicago Union,Central,63,12,0,4,3,0,0,0,25,25,0,0,0,20,197,72,0,0,0,0,33,15,0,0,2184,0,4,4,100.0,36.4,475,545,694,368,654,459,663
vsachdeva,Vedant,Sachdeva,NY,New York Empire,East,66,12,2,0,2,2,0,0,11,12,1,0,0,16,48,78,0,0,0,0,84,24,0,0,5522,1,3,2,91.67,92.0,515,616,507,650,411,635,652
elieman,Ethan,Lieman,NY,New York Empire,East,14,12,0,2,3,2,0,0,15,16,1,0,0,13,30,111,0,0,2,1,43,10,0,0,2858,1,3,2,93.75,47.6,515,616,694,488,411,682,598
spalchuru,Saaketh,Palchuru,ATX,Austin Sol,South,0,12,2,5,5,4,0,0,67,75,8,0,0,68,371,153,0,2,1,1,138,41,0,0,9670,8,3,7,89.33,161.2,515,440,507,317,234,350,553
telam,Trevor,Elam,HTX,Houston Havoc,South,89,12,1,2,0,1,0,0,14,15,1,0,0,16,84,122,0,0,16,10,17,2,0,0,2051,1,3,3,93.33,34.2,515,577,583,488,531,579,581
fgomez,Frankie,Gomez,ATX,Austin Sol,South,55,12,2,0,0,1,0,0,1,1,0,0,0,3,13,80,0,0,1,0,56,16,1,0,3094,0,3,2,100.0,51.6,515,616,507,650,531,727,646
pboerth,Peter,Boerth,BOS,Boston Glory,East,10,12,3,0,1,1,0,0,9,10,1,0,0,11,44,134,0,0,3,2,18,4,0,0,1244,1,3,3,90.0,20.7,515,577,452,650,531,643,575
jtapper,Jason,Tapper,BOS,Boston Glory,East,99,12,1,2,0,2,0,0,17,19,2,0,0,17,83,280,1,1,0,0,79,23,0,0,5753,2,3,3,89.47,95.9,515,577,583,488,411,581,441
jbrissett,Jakob,Brissette,MTL,Montreal Royal,East,86,12,5,22,35,5,0,0,506,538,28,0,1,343,4149,583,11,18,249,158,4,2,0,0,16358,29,3,27,94.05,272.6,515,126,337,59,183,7,286
ograff,Oscar,Graff,BOS,Boston Glory,East,17,12,1,2,1,0,0,0,29,29,0,0,0,32,96,117,0,0,3,3,24,3,0,0,2499,0,3,3,100.0,41.6,515,577,583,488,654,567,586
ewarner1,Emmett,Warner,ORE,Oregon Steel,West,16,12,1,6,2,1,0,0,60,64,4,0,1,52,427,203,3,7,24,10,56,13,15,1,5573,5,3,7,93.75,92.9,515,440,583,283,531,322,499
dbaumgart,Dan,Baumgartner,ORE,Oregon Steel,West,36,12,0,1,1,2,0,0,11,11,0,0,0,11,67,119,0,0,5,1,54,9,0,0,3729,0,3,1,100.0,62.1,515,677,694,559,411,606,585
esarles,Ethan,Sarles,PHI,Philadelphia Phoenix,East,91,12,2,4,1,0,0,0,39,43,3,0,0,32,477,182,6,8,7,5,57,14,47,3,4264,3,3,6,90.7,71.1,515,470,507,368,654,302,527
epigeon,Ethan,Pigeon,PHI,Philadelphia Phoenix,East,11,12,4,1,5,1,0,0,24,26,2,0,1,30,22,327,0,0,5,4,61,21,0,0,5398,3,3,5,92.31,90.0,515,507,400,559,531,704,401
gturner,Graham,Turner,DC,DC Breeze,East,20,12,2,1,1,0,0,0,16,16,0,0,0,19,-43,148,0,0,29,20,1,1,0,0,2062,0,3,3,100.0,34.4,515,577,507,559,654,876,559
nlong,Nate,Long,PHI,Philadelphia Phoenix,East,12,12,1,4,7,1,0,0,71,76,2,0,1,46,690,79,1,2,35,24,21,5,15,3,4164,3,3,5,93.42,69.4,515,507,583,368,531,225,647
ilee,Isaac,Lee,DC,DC Breeze,East,2,12,2,3,1,2,0,0,57,60,3,0,1,47,336,117,3,4,2,1,79,20,4,0,6090,4,3,5,95.0,101.5,515,507,507,426,411,377,586
dlaird,Drew,Laird,ATL,Atlanta Hustle,South,33,12,1,0,0,2,0,0,3,4,0,0,0,5,19,38,0,0,0,0,37,8,0,0,2583,0,3,1,75.0,43.0,515,677,583,650,411,709,716
trobinson,Tanner,Robinson,ATL,Atlanta Hustle,South,22,12,1,1,2,1,0,0,20,20,0,0,0,19,82,55,0,0,0,0,101,28,0,0,7105,0,3,2,100.0,118.4,515,616,583,559,531,586,687
rflick,Ryan,Flick,ATL,Atlanta Hustle,South,15,12,3,4,8,0,0,1,148,151,3,0,1,123,1044,170,2,2,83,57,3,2,0,0,6190,4,3,7,98.01,103.2,515,440,452,368,654,148,540
mfredrick,Matthew,Fredrickson,SLC,Salt Lake Shred,West,16,12,2,0,0,1,0,0,1,1,0,0,0,3,0,66,0,0,0,0,29,11,0,0,2023,0,3,2,100.0,33.7,515,616,507,650,531,762,671
naustin,Nathaniel,Austin,ATL,Atlanta Hustle,South,88,12,3,1,0,0,0,0,3,3,0,0,1,5,1,71,0,0,0,0,38,10,0,0,2158,1,3,4,100.0,36.0,515,545,452,559,654,757,666
heverett,Henry,Everett,PIT,Pittsburgh Thunderbirds,Central,8,12,1,1,3,4,0,0,16,18,2,0,1,15,98,149,0,1,7,3,75,20,0,0,5344,3,3,2,88.89,89.1,515,616,583,559,234,564,558
mwhitton,Mark,Whitton,PIT,Pittsburgh Thunderbirds,Central,92,12,2,1,0,1,0,0,12,13,1,0,0,15,143,200,1,1,25,9,2,0,0,0,1432,1,3,3,92.31,23.9,515,577,507,559,531,511,504
nbetsch,Nicholas,Betsch,IND,Indianapolis AlleyCats,Central,2,12,8,18,8,7,0,0,188,218,27,0,3,197,1850,734,8,13,76,34,127,33,32,4,12166,30,3,26,86.24,202.8,515,136,232,88,103,69,237
jkempe1,Jack,Kempe,IND,Indianapolis AlleyCats,Central,12,12,1,3,4,2,0,0,63,67,3,0,0,55,445,203,1,2,38,13,43,13,0,0,5197,3,3,4,94.03,86.6,515,545,583,426,411,317,499
imccosky,Ian,McCosky,MAD,Madison Radicals,Central,21,12,1,4,1,1,0,0,49,53,3,0,0,48,337,92,1,3,19,12,46,17,0,0,4174,3,3,5,92.45,69.6,515,507,583,368,531,375,624
mjunga,Max,Junga,MAD,Madison Radicals,Central,23,12,0,3,1,2,0,0,6,8,2,0,0,6,159,83,3,4,1,1,54,13,0,0,2972,2,3,3,75.0,49.5,515,577,694,426,411,492,641
syanuck,Sol,Yanuck,CAR,Carolina Flyers,South,2,12,1,2,3,0,0,0,45,45,0,0,0,36,219,94,0,0,23,19,1,0,0,0,1361,0,3,3,100.0,22.7,515,577,583,488,654,441,620
troberts1,Tanner,Roberts,CAR,Carolina Flyers,South,98,12,2,0,0,2,0,0,6,8,1,0,0,11,18,144,0,1,0,0,36,13,0,0,2779,1,3,2,75.0,46.3,515,616,507,650,411,713,565
mnighting,Matthew,Nightingale,CAR,Carolina Flyers,South,0,12,1,0,0,2,0,0,5,5,0,0,0,5,-3,44,0,0,0,0,17,5,0,0,1141,0,3,1,100.0,19.0,515,677,583,650,411,851,705
zschakner,Zac,Schakner,LA,LA Aviators,South,22,12,2,1,2,4,0,0,38,43,4,0,0,39,-1,239,0,3,12,4,62,10,1,0,6195,4,3,3,88.37,103.2,515,577,507,559,234,849,470
ikawaguch,Isamu,Kawaguchi,SD,San Diego Growlers,South,8,12,3,0,0,1,0,0,7,8,1,0,0,9,10,50,0,0,1,1,67,16,0,0,4054,1,3,3,87.5,67.6,515,577,452,650,531,739,694
eeve,Elliott,Eve,SD,San Diego Growlers,South,24,12,1,1,1,1,0,0,5,6,0,0,0,7,13,99,0,0,0,0,21,8,0,0,1518,0,3,2,83.33,25.3,515,616,583,559,531,727,613
egrass,Everett,Grass,LA,LA Aviators,South,27,12,4,1,4,3,0,0,100,105,4,0,1,88,470,292,0,1,27,14,105,23,0,0,9686,5,3,5,95.24,161.4,515,507,400,559,322,307,428
jeast,Josh,East,TOR,Toronto Rush,East,6,12,2,2,3,1,0,0,28,30,2,0,0,31,137,217,0,0,22,10,21,5,0,0,3476,2,3,4,93.33,57.9,515,545,507,488,531,516,486
tpuckrin,Travis,Puckrin,TOR,Toronto Rush,East,,12,0,1,0,3,0,0,12,13,1,0,0,12,101,99,1,1,5,2,13,5,0,0,1526,1,3,1,92.31,25.4,515,677,694,559,322,560,613
orobinson,Owen,Robinson,TOR,Toronto Rush,East,27,12,4,3,6,1,0,0,108,115,4,1,0,87,738,183,1,3,53,37,82,21,0,0,8689,5,3,7,93.91,144.8,515,440,400,426,531,210,526
aturcotte,Adam,Turcotte,TOR,Toronto Rush,East,92,12,0,0,1,3,0,0,30,30,0,0,0,27,72,121,0,0,10,4,37,13,0,0,3237,0,3,0,100.0,54.0,515,748,694,650,322,601,582
mlloyd,Mark,Lloyd,TOR,Toronto Rush,East,89,12,2,3,3,2,0,0,19,22,3,0,1,19,151,177,2,4,12,7,49,13,0,0,3626,4,3,5,86.36,60.4,515,507,507,426,411,502,535
tbarcus,Tanner,Barcus,MIN,Minnesota Wind Chill,Central,14,12,1,2,0,0,0,0,8,8,0,0,0,9,63,97,0,0,4,4,7,5,0,0,780,0,3,3,100.0,13.0,515,577,583,488,654,613,615
dzoldan,David,Zoldan,DET,Detroit Mechanix,Central,26,12,3,1,2,1,0,0,11,13,2,0,0,14,68,209,0,0,11,7,33,9,0,0,3088,2,3,4,84.62,51.5,515,545,452,559,531,604,492
chill,Collin,Hill,DET,Detroit Mechanix,Central,51,12,6,9,10,6,0,0,218,239,16,0,2,194,1414,885,4,8,176,97,0,0,0,0,11343,18,3,15,91.21,189.1,515,261,290,202,139,107,188
bdameron,Ben,Dameron,NY,New York Empire,East,55,12,1,3,2,0,0,0,30,33,2,0,0,33,227,246,0,0,24,15,0,0,0,0,1624,2,2,4,90.91,27.1,557,545,583,426,654,433,465
ntolfa,Nick,Tolfa,OAK,Oakland Spiders,West,15,12,5,0,0,4,0,0,17,24,7,0,0,26,-30,280,0,1,4,3,98,30,0,0,6796,7,2,5,70.83,113.3,557,507,337,650,234,874,441
dschnaudi,Drew,Schnaudigel,NY,New York Empire,East,25,12,1,0,1,2,0,0,9,10,1,0,0,8,34,86,0,0,2,1,43,17,0,0,2502,1,2,1,90.0,41.7,557,677,583,650,411,671,636
hgarcia,Henry,Garcia,OAK,Oakland Spiders,West,11,12,2,3,5,1,0,0,57,61,4,0,0,59,336,28,2,3,8,3,91,34,0,0,6724,4,2,5,93.44,112.1,557,507,507,426,531,377,736
ryeagle,Robert,Yeagle,OAK,Oakland Spiders,West,13,12,3,0,0,0,0,0,6,7,1,0,0,10,15,79,0,0,0,0,26,16,0,0,2039,1,2,3,85.71,34.0,557,577,452,650,654,722,647
ctolbert,Corey,Tolbert,HTX,Houston Havoc,South,5,12,2,0,0,0,0,0,0,0,0,0,0,2,0,29,0,0,1,1,7,2,0,0,507,0,2,2,,8.4,557,616,507,650,654,762,734
cughetta,Connor,Ughetta,HTX,Houston Havoc,South,12,12,6,8,4,1,0,0,127,139,11,0,2,120,878,759,0,1,72,37,132,23,80,7,12644,13,2,14,91.37,210.7,557,281,290,219,531,169,228
jshorey,James,Shorey,LV,Vegas Bighorns,West,27,12,5,3,4,3,0,0,46,55,9,0,0,54,192,532,0,1,118,41,42,5,0,0,11484,9,2,8,83.64,191.4,557,408,337,426,322,467,304
rmartin1,Ryan,Martin,LV,Vegas Bighorns,West,16,12,2,0,0,2,0,0,26,28,1,0,1,20,94,172,1,1,22,7,47,8,3,0,4877,2,2,2,92.86,81.3,557,616,507,650,411,569,537
sbesse,Sam,Besse,LV,Vegas Bighorns,West,50,12,9,3,4,3,0,0,177,190,12,0,1,154,1197,620,1,4,128,55,49,7,2,0,13057,13,2,12,93.16,217.6,557,325,210,426,322,131,273
acisneros,Adrian,Cisneros,LV,Vegas Bighorns,West,88,12,5,0,2,2,0,0,21,24,3,0,2,28,48,400,0,0,38,14,65,10,1,0,6858,5,2,5,87.5,114.3,557,507,337,650,411,635,353
pgagnon,Philippe,Gagnon,MTL,Montreal Royal,East,14,12,0,0,1,4,0,0,11,12,1,0,1,12,50,72,0,0,3,1,59,12,0,0,4844,2,2,0,91.67,80.7,557,748,694,650,234,632,663
ycohonner,Ywan,Cohonner,MTL,Montreal Royal,East,22,12,1,4,5,2,0,0,43,46,3,0,2,38,388,191,1,1,14,12,81,18,0,0,6148,5,2,5,93.48,102.5,557,507,583,368,411,344,514
rlinehan,Rocco,Linehan,BOS,Boston Glory,East,14,12,0,1,0,2,0,0,15,16,1,0,0,12,115,47,0,0,0,0,47,11,13,0,3450,1,2,1,93.75,57.5,557,677,694,559,411,542,700
gabrahams,Gavin,Abrahamsson,BOS,Boston Glory,East,37,12,2,0,0,0,0,0,2,2,0,0,0,4,-6,20,0,0,3,3,8,1,0,0,913,0,2,2,100.0,15.2,557,616,507,650,654,859,751
nbacker,Noah,Backer,BOS,Boston Glory,East,31,12,4,2,3,3,0,0,60,65,5,0,2,55,231,58,0,1,4,2,54,22,1,1,4767,7,2,6,92.31,79.5,557,470,400,488,322,430,683
fpronove,Felix,Pronove,COL,Colorado Apex,West,4,12,0,2,1,0,0,0,7,7,0,0,0,4,73,25,1,1,0,0,14,9,0,0,1014,0,2,2,100.0,16.9,557,616,694,488,654,599,746
sharringt,Sam,Harrington,ORE,Oregon Steel,West,37,12,2,0,1,0,0,0,1,1,0,0,0,3,17,124,0,0,1,0,14,4,0,0,870,0,2,2,100.0,14.5,557,616,507,650,654,715,580
jsickles,John,Sickles,COL,Colorado Apex,West,7,12,0,2,0,1,0,0,7,8,1,0,0,7,126,45,2,2,0,0,9,3,0,0,885,1,2,2,87.5,14.8,557,616,694,488,531,530,704
zburpee,Zachary,Burpee,DC,DC Breeze,East,6,12,2,3,0,0,0,0,25,29,3,0,0,27,216,267,0,1,42,23,16,1,2,0,4531,3,2,5,86.21,75.5,557,507,507,426,654,445,448
smcdonald,Sean,McDonald,SLC,Salt Lake Shred,West,41,12,2,0,1,0,0,0,7,7,0,0,0,8,59,32,0,0,1,0,14,6,0,0,1276,0,2,2,100.0,21.3,557,616,507,650,654,619,726
cstenseth,Cole,Stenseth,SLC,Salt Lake Shred,West,9,12,1,0,1,2,0,0,3,4,1,0,0,5,25,51,0,0,0,0,29,8,0,0,2013,1,2,1,75.0,33.5,557,677,583,650,411,693,691
emiller,Evan,Miller,SLC,Salt Lake Shred,West,35,12,1,1,0,0,0,0,6,6,0,0,0,6,34,79,0,0,10,9,10,3,0,0,1443,0,2,2,100.0,24.1,557,616,583,559,654,671,647
kgreene,Ki,Greene,ATL,Atlanta Hustle,South,77,12,0,1,0,1,0,0,1,1,0,0,0,1,18,16,0,0,0,0,5,1,0,0,427,0,2,1,100.0,7.1,557,677,694,559,531,713,755
hhavlin,Hank,Havlin,IND,Indianapolis AlleyCats,Central,0,12,2,0,0,1,0,0,3,4,1,0,0,6,-3,112,0,0,9,6,8,2,0,0,1059,1,2,2,75.0,17.6,557,616,507,650,531,851,597
ahill1,Ashton,Hill,IND,Indianapolis AlleyCats,Central,5,12,2,0,1,4,0,0,6,6,0,0,4,8,12,192,0,0,6,1,29,9,0,0,2555,4,2,2,100.0,42.6,557,616,507,650,234,731,513
cgraber,Chris,Graber,PIT,Pittsburgh Thunderbirds,Central,23,12,2,0,0,0,0,0,5,5,0,0,0,7,-22,51,0,0,0,0,37,11,0,0,2903,0,2,2,100.0,48.4,557,616,507,650,654,872,691
jgabella,Joshua,Gabella,IND,Indianapolis AlleyCats,Central,19,12,3,3,2,1,0,0,65,70,5,0,0,58,360,344,1,1,55,26,37,4,0,0,5453,5,2,6,92.86,90.9,557,470,452,426,531,355,390
tdynes,Trey,Dynes,IND,Indianapolis AlleyCats,Central,45,12,1,3,2,1,0,0,39,42,3,0,0,41,177,282,0,1,43,22,14,4,0,0,3351,3,2,4,92.86,55.9,557,545,583,426,531,478,438
nloughran,Nick,Loughran,IND,Indianapolis AlleyCats,Central,70,12,4,4,2,2,0,0,34,42,7,0,1,37,303,371,2,6,21,9,44,11,22,0,4143,8,2,8,80.95,69.0,557,408,400,368,411,389,371
npetersen,Noah,Petersen,MAD,Madison Radicals,Central,38,12,2,0,1,0,0,0,11,11,0,0,0,10,-31,50,0,0,5,5,25,7,0,0,1604,0,2,2,100.0,26.7,557,616,507,650,654,875,694
kadams,Ken,Adams,MAD,Madison Radicals,Central,10,12,3,2,1,2,0,0,38,43,4,0,1,37,296,145,1,1,37,22,0,0,0,0,3263,5,2,5,88.37,54.4,557,507,452,488,411,394,563
mlee1,Michael,Lee,CAR,Carolina Flyers,South,24,12,0,2,0,0,0,0,10,10,0,0,0,9,-4,91,0,0,0,0,47,13,0,0,3556,0,2,2,100.0,59.3,557,616,694,488,654,856,627
cbellando,Cam,Bellando,CAR,Carolina Flyers,South,21,12,0,0,0,2,0,0,1,1,0,0,0,1,-14,17,0,0,0,0,7,2,1,0,571,0,2,0,100.0,9.5,557,748,694,650,411,867,754
jqueckboe,Jordan,Queckboerner,SD,San Diego Growlers,South,33,12,1,1,0,2,0,0,10,12,2,0,0,12,72,53,1,1,2,0,51,18,1,0,3383,2,2,2,83.33,56.4,557,616,583,559,411,601,689
lgosart,Louis,Gosart,LA,LA Aviators,South,13,12,6,6,10,1,0,0,297,310,11,0,0,279,1549,179,2,2,169,100,1,0,0,0,11864,11,2,12,95.81,197.7,557,325,290,283,531,89,533
apadula,Andrew,Padula,LA,LA Aviators,South,9,12,5,3,4,6,0,1,155,166,10,0,2,151,581,163,0,0,32,15,138,34,0,0,11821,12,2,8,93.37,197.0,557,408,337,426,139,256,545
ihsu,Isaac,Hsu,LA,LA Aviators,South,5,12,0,1,0,3,0,0,20,22,2,0,0,11,74,27,1,1,1,1,34,6,19,0,2502,2,2,1,90.91,41.7,557,677,694,559,322,595,742
rallenson,Ryan,Allenson,SEA,Seattle Cascades,West,76,12,1,0,0,1,0,0,1,1,0,0,0,2,3,32,0,0,1,1,7,0,1,0,444,0,2,1,100.0,7.4,557,677,583,650,531,755,726
sland,Spencer,Land,SEA,Seattle Cascades,West,67,12,0,1,2,2,0,0,11,13,1,0,0,8,87,41,0,0,0,0,26,12,1,0,1695,1,2,1,84.62,28.2,557,677,694,559,411,575,710
abonnell,Aage,Bonnell,SEA,Seattle Cascades,West,6,12,2,1,0,1,0,0,25,26,1,0,1,22,190,125,1,1,5,1,52,19,0,0,3992,2,2,3,96.15,66.5,557,577,507,559,531,469,579
cmchale,Connor,McHale,TOR,Toronto Rush,East,88,12,1,14,10,3,0,0,171,191,15,0,1,158,1244,874,8,12,58,30,79,16,33,1,10024,16,2,15,89.53,167.1,557,261,583,118,322,123,191
ecrosbyle,Eric,Crosby Lehmann,MIN,Minnesota Wind Chill,Central,7,12,1,0,0,1,0,0,6,6,0,0,0,4,35,40,0,0,2,1,14,11,0,0,731,0,2,1,100.0,12.2,557,677,583,650,531,668,712
sbrauer,Sebastian,Brauer,MIN,Minnesota Wind Chill,Central,9,12,1,2,1,0,0,0,13,14,1,0,0,11,37,81,0,0,8,5,11,7,7,1,923,1,2,3,92.86,15.4,557,577,583,488,654,662,643
kjohnson1,Kristian,Johnson,MIN,Minnesota Wind Chill,Central,6,12,4,0,5,0,0,0,27,29,2,0,0,25,217,114,1,2,7,6,30,14,6,0,2937,2,2,4,93.1,49.0,557,545,400,650,654,444,591
eolsen,Erik,Olsen,DET,Detroit Mechanix,Central,99,12,0,0,0,3,0,0,8,9,1,0,0,7,23,40,0,0,14,3,54,7,0,0,4090,1,2,0,88.89,68.2,557,748,694,650,322,697,712
dnice,Dylan,Nice,CHI,Chicago Union,Central,3,12,1,0,0,1,0,0,3,3,0,0,0,4,12,37,0,0,5,3,5,2,0,0,737,0,2,1,100.0,12.3,557,677,583,650,531,731,719
twarren,Toby,Warren,OAK,Oakland Spiders,West,31,12,1,5,3,1,0,0,45,51,6,0,0,44,400,194,3,5,0,0,53,18,14,2,3846,6,1,6,88.24,64.1,604,470,583,317,531,340,511
tmurthy,Tej,Murthy,NY,New York Empire,East,3,12,1,0,0,0,0,0,2,2,0,0,0,3,58,38,1,1,0,0,17,5,17,0,969,0,1,1,100.0,16.1,604,677,583,650,654,620,716
tmosher,Timothy,Mosher,ATX,Austin Sol,South,16,12,1,0,0,0,0,0,0,0,0,0,0,1,0,12,0,0,0,0,17,3,0,0,843,0,1,1,,14.1,604,677,583,650,654,762,761
eniedzwie,Ethan,Niedzwiedz,HTX,Houston Havoc,South,56,12,1,2,0,0,0,0,11,12,1,0,1,13,1,253,0,0,15,8,13,1,0,0,1844,2,1,3,91.67,30.7,604,577,583,488,654,757,459
jdowling,Jack,Dowling,ATX,Austin Sol,South,12,12,0,1,0,0,0,0,6,6,0,0,0,6,40,26,0,0,0,0,19,3,1,0,1321,0,1,1,100.0,22.0,604,677,694,559,654,655,745
thedges,Tannon,Hedges,ATX,Austin Sol,South,87,12,1,0,1,1,0,0,8,9,1,0,0,6,35,-12,0,1,1,0,24,8,1,0,1785,1,1,1,88.89,29.8,604,677,583,650,531,668,866
shearne,Scott,Hearne,ATX,Austin Sol,South,19,12,0,2,0,0,0,0,8,9,1,0,0,8,70,28,0,0,0,0,25,8,18,2,1663,1,1,2,88.89,27.7,604,616,694,488,654,603,736
nmachak,Nate,Machak,HTX,Houston Havoc,South,28,12,1,0,0,0,0,0,14,14,0,0,0,14,122,88,0,0,7,3,12,2,1,0,1345,0,1,1,100.0,22.4,604,677,583,650,654,536,632
rbacon,Reid,Bacon,ATX,Austin Sol,South,14,12,0,0,2,1,0,0,5,5,0,0,0,5,51,48,0,0,0,0,41,14,0,0,2659,0,1,0,100.0,44.3,604,748,694,650,531,630,698
dbossert,Dane,Bossert,HTX,Houston Havoc,South,84,12,4,2,7,3,0,0,36,44,8,0,0,47,254,523,1,1,53,32,62,11,0,0,7129,8,1,6,81.82,118.8,604,470,400,488,322,417,311
bjensen,Brock,Jensen,LV,Vegas Bighorns,West,2,12,1,1,2,0,0,0,24,27,1,0,0,26,229,50,1,1,20,6,37,4,1,0,3132,1,1,2,88.89,52.2,604,616,583,559,654,431,694
bwilliams1,Brycen,Williams,LV,Vegas Bighorns,West,14,12,4,4,5,3,0,0,65,73,8,0,2,68,362,726,1,1,63,24,103,18,1,0,10997,10,1,8,89.04,183.3,604,408,400,368,322,353,240
janderson,Jake,Anderson,LV,Vegas Bighorns,West,42,12,1,0,0,1,0,0,3,4,1,0,0,5,-11,87,0,1,9,4,53,6,0,0,3819,1,1,1,75.0,63.6,604,677,583,650,531,864,635
cgarrison,Connor,Garrison,LV,Vegas Bighorns,West,76,12,0,0,0,2,0,0,6,7,1,0,0,4,17,29,0,0,0,0,30,3,0,0,2302,1,1,0,85.71,38.4,604,748,694,650,411,715,734
amiles,AJ,Miles,LV,Vegas Bighorns,West,15,12,2,0,1,2,0,0,8,9,1,1,1,11,23,222,1,2,34,13,24,2,0,0,3698,3,1,2,88.89,61.6,604,616,507,650,411,697,481
jchampagn,Jean-Levy,Champagne,MTL,Montreal Royal,East,5,12,0,1,0,0,0,0,4,4,0,0,0,3,42,8,0,0,0,0,9,4,0,0,644,0,1,1,100.0,10.7,604,677,694,559,654,649,768
ogamache,Olivier,Gamache,MTL,Montreal Royal,East,1,12,1,0,0,0,0,0,4,4,0,0,0,5,3,62,0,0,1,0,18,5,0,0,1320,0,1,1,100.0,22.0,604,677,583,650,654,755,676
zsinger,Zach,Singer,BOS,Boston Glory,East,23,12,1,0,0,1,0,0,8,9,1,0,0,8,-7,51,0,0,0,0,15,6,0,0,1365,1,1,1,88.89,22.8,604,677,583,650,531,860,691
mlun,Michael,Lun,COL,Colorado Apex,West,12,12,2,0,1,0,0,0,3,5,1,0,0,6,14,37,0,0,0,0,16,10,0,0,1002,1,1,2,60.0,16.7,604,616,507,650,654,723,719
rwolfe,Ryan,Wolfe,ORE,Oregon Steel,West,81,12,5,5,3,4,0,0,53,63,9,0,4,65,340,551,4,7,29,12,148,35,1,0,12124,13,1,10,84.13,202.1,604,374,337,317,234,374,295
mthomas,Matt,Thomas,DC,DC Breeze,East,33,12,1,0,0,0,0,0,1,1,0,0,0,2,7,22,0,0,1,1,10,1,0,0,514,0,1,1,100.0,8.6,604,677,583,650,654,745,748
jdean,Jace,Dean,DC,DC Breeze,East,92,12,2,2,4,3,0,0,56,65,6,0,0,65,194,423,0,0,3,1,161,38,0,0,11449,6,1,4,86.15,190.8,604,545,507,488,322,464,348
tpreston,Thomas,Preston,PHI,Philadelphia Phoenix,East,2,12,1,0,0,0,0,0,3,3,0,0,0,4,36,46,0,0,5,4,15,4,0,0,1161,0,1,1,100.0,19.4,604,677,583,650,654,666,703
tshapinsk,Theo,Shapinsky,DC,DC Breeze,East,23,12,0,2,0,0,0,0,38,38,0,0,1,34,93,67,0,0,1,0,59,14,0,0,4056,1,1,2,100.0,67.6,604,616,694,488,654,570,670
czaleski,Christopher,Zaleski,PHI,Philadelphia Phoenix,East,0,12,0,2,1,0,0,0,13,13,0,0,1,13,25,74,0,0,3,1,23,5,0,0,1664,1,1,2,100.0,27.7,604,616,694,488,654,693,659
lrehfuss,Luke,Rehfuss,DC,DC Breeze,East,11,12,1,0,0,1,0,0,20,21,1,0,0,21,67,145,0,0,1,0,36,7,8,1,3102,1,1,1,95.24,51.7,604,677,583,650,531,606,563
ejaime,Elijah,Jaime,ATL,Atlanta Hustle,South,55,12,1,3,2,0,0,0,25,27,2,0,1,28,78,289,1,2,0,0,98,33,0,0,7313,3,1,4,92.59,121.9,604,545,583,426,654,592,430
ewimmer,Ethan,Wimmer,SLC,Salt Lake Shred,West,13,12,2,0,0,2,0,0,4,7,3,0,0,10,44,82,0,1,0,0,21,8,0,0,1745,3,1,2,57.14,29.1,604,616,507,650,411,643,642
bseuntjen,Bradley,Seuntjens,ATL,Atlanta Hustle,South,4,12,3,0,5,0,0,0,48,50,2,0,0,55,197,61,0,0,0,0,134,37,0,0,8349,2,1,3,96.0,139.2,604,577,452,650,654,459,677
erivera1,Elliot,Rivera,PIT,Pittsburgh Thunderbirds,Central,1,12,1,0,0,0,0,0,4,4,0,0,0,5,5,21,0,0,2,0,13,1,1,0,1054,0,1,1,100.0,17.6,604,677,583,650,654,749,749
maverill,Morey,Averill,PIT,Pittsburgh Thunderbirds,Central,25,12,1,0,0,1,0,0,1,3,1,0,0,4,10,37,0,0,2,0,27,4,0,0,1673,1,1,1,33.33,27.9,604,677,583,650,531,739,719
jblue,Jacob,Blue,IND,Indianapolis AlleyCats,Central,9,12,1,2,2,0,0,0,13,15,2,0,0,14,165,120,1,1,7,3,23,5,4,0,1980,2,1,3,86.67,33.0,604,577,583,488,654,487,584
mmarshall,Malachi,Marshall,PIT,Pittsburgh Thunderbirds,Central,22,12,3,2,7,2,0,0,99,105,6,0,0,73,786,281,2,3,64,31,76,21,0,0,9878,6,1,5,94.29,164.6,604,507,452,488,411,195,439
mdillard,Michael,Dillard,PIT,Pittsburgh Thunderbirds,Central,65,12,1,4,2,3,0,0,65,71,6,0,1,52,515,34,3,6,20,6,66,18,2,0,5955,7,1,5,91.55,99.2,604,507,583,368,322,290,724
cvukovic,Charlie,Vukovic,PIT,Pittsburgh Thunderbirds,Central,13,12,7,11,5,6,0,0,98,121,20,1,2,108,655,806,3,12,45,16,139,38,98,8,11634,23,1,18,80.99,193.9,604,215,255,157,139,233,212
wjohnson1,Walt,Johnson,PIT,Pittsburgh Thunderbirds,Central,83,12,0,1,1,1,0,0,9,10,1,0,0,10,113,74,1,1,0,0,27,8,0,0,1583,1,1,1,90.0,26.4,604,677,694,559,531,543,659
bkennis,Bradley,Kennis,IND,Indianapolis AlleyCats,Central,16,12,1,2,0,0,0,0,8,9,1,0,1,9,23,139,0,0,9,5,14,3,0,0,1586,2,1,3,88.89,26.4,604,577,583,488,654,697,569
rulmer,Riley,Ulmer,IND,Indianapolis AlleyCats,Central,25,12,2,0,0,0,0,0,5,6,1,0,0,7,4,97,0,0,8,2,15,3,0,0,1665,1,1,2,83.33,27.8,604,616,507,650,654,751,615
sotis,Shane,Otis,MAD,Madison Radicals,Central,27,12,0,1,2,0,0,0,14,14,0,0,0,13,40,16,1,1,0,0,37,10,0,0,2498,0,1,1,100.0,41.6,604,677,694,559,654,655,755
npollack,Noah,Pollack,MAD,Madison Radicals,Central,7,12,0,1,0,1,0,0,13,15,1,0,0,13,117,-13,1,1,3,3,25,9,4,0,1902,1,1,1,86.67,31.7,604,677,694,559,531,539,867
jlaney1,John,Laney,CAR,Carolina Flyers,South,27,12,0,0,0,1,0,0,0,0,0,0,0,0,0,0,0,0,0,0,9,2,0,0,551,0,1,0,,9.2,604,748,694,650,531,762,777
vzhivich,Victor,Zhivich,LA,LA Aviators,South,63,12,1,0,0,1,0,0,5,6,1,0,0,6,-1,57,0,0,1,0,17,3,0,0,1417,1,1,1,83.33,23.6,604,677,583,650,531,849,685
frusso,Francesco,Russo,LA,LA Aviators,South,21,12,2,0,0,0,0,0,10,10,0,0,1,13,41,221,0,0,2,1,62,13,0,0,5800,1,1,2,100.0,96.7,604,616,507,650,654,651,482
scook,Sam,Cook,LA,LA Aviators,South,29,12,3,0,3,1,0,0,24,27,3,0,0,30,164,252,1,3,36,18,0,0,0,0,2487,3,1,3,88.89,41.5,604,577,452,650,531,488,460
ihernande,Isaiah,Hernandez,LA,LA Aviators,South,80,12,1,0,0,0,0,0,1,1,0,0,0,2,1,28,0,0,1,1,9,1,0,0,729,0,1,1,100.0,12.2,604,677,583,650,654,757,736
deppstein,Daniel,Eppstein,LA,LA Aviators,South,2,12,1,7,6,1,0,0,76,84,7,0,1,82,516,627,1,3,65,33,32,6,0,0,7589,8,1,8,90.48,126.5,604,408,583,244,531,289,271
dpryke,Daniel,Pryke,SD,San Diego Growlers,South,23,12,2,0,2,0,0,0,7,7,0,0,1,10,41,97,0,0,0,0,21,9,1,0,1454,1,1,2,100.0,24.2,604,616,507,650,654,651,615
tkonogeri,Thomas,Konogeris,SD,San Diego Growlers,South,16,12,0,0,1,1,0,0,3,3,0,0,0,3,9,58,0,0,6,4,11,2,0,0,1131,0,1,0,100.0,18.9,604,748,694,650,531,742,683
croach,Chris,Roach,SEA,Seattle Cascades,West,16,12,1,2,0,0,0,0,8,9,1,0,1,9,134,143,1,1,4,2,57,15,35,0,4108,2,1,3,88.89,68.5,604,577,583,488,654,518,567
smogielsk,Steve,Mogielski,SEA,Seattle Cascades,West,72,12,0,1,0,0,0,0,2,2,0,0,0,2,36,11,0,0,0,0,10,2,0,0,372,0,1,1,100.0,6.2,604,677,694,559,654,666,764
ahartzog,Axel,Hartzog,SEA,Seattle Cascades,West,74,12,0,1,1,0,0,0,4,4,0,0,0,4,83,34,1,1,5,1,10,3,0,0,939,0,1,1,100.0,15.7,604,677,694,559,654,581,724
akabat,Alex,Kabat,SEA,Seattle Cascades,West,13,12,1,0,1,0,0,0,2,2,0,0,0,3,31,69,0,0,2,2,35,9,0,0,1835,0,1,1,100.0,30.6,604,677,583,650,654,676,668
bwu,Bailey,Wu,SEA,Seattle Cascades,West,7,12,1,1,0,0,0,0,6,7,1,0,0,10,22,63,0,0,3,1,53,17,0,0,3526,1,1,2,85.71,58.8,604,616,583,559,654,704,674
jlam,Jason,Lam,TOR,Toronto Rush,East,50,12,0,1,0,1,0,0,10,11,1,0,0,9,89,66,0,0,5,4,8,2,0,0,604,1,1,1,90.91,10.1,604,677,694,559,531,573,671
jcheung,Justin,Cheung,TOR,Toronto Rush,East,51,12,1,0,0,0,0,0,6,6,0,0,0,6,16,30,0,0,2,1,10,4,0,0,1063,0,1,1,100.0,17.7,604,677,583,650,654,719,731
jcanfield,Jared,Canfield,TOR,Toronto Rush,East,74,12,1,0,2,1,0,0,9,10,1,0,0,10,43,128,0,0,7,3,41,10,1,0,3392,1,1,1,90.0,56.5,604,677,583,650,531,646,576
khuang,Kelvin,Huang,TOR,Toronto Rush,East,26,12,5,0,3,1,0,0,25,30,5,0,0,35,81,204,0,1,12,9,89,21,0,0,6942,5,1,5,83.33,115.7,604,507,337,650,531,588,497
kjay,Kevin,Jay,TOR,Toronto Rush,East,4,12,1,1,1,1,0,0,22,23,1,1,0,16,128,70,0,1,12,3,50,11,2,0,4078,2,1,2,95.65,68.0,604,616,583,559,531,526,667
sberglund,Sam,Berglund,MIN,Minnesota Wind Chill,Central,19,12,2,10,9,3,0,0,107,121,13,0,1,86,925,350,3,12,30,14,75,30,15,1,7261,14,1,12,88.43,121.0,604,325,507,178,322,164,387
rdusaire,Ryan,duSaire,MIN,Minnesota Wind Chill,Central,11,12,0,0,0,1,0,0,7,7,0,0,0,7,39,43,0,0,0,0,6,2,0,0,798,0,1,0,100.0,13.3,604,748,694,650,531,658,706
jwollin,Justin,Wollin,DET,Detroit Mechanix,Central,11,12,5,2,7,1,0,0,88,94,4,0,3,77,706,334,1,2,81,38,0,0,0,0,4390,7,1,7,93.62,73.2,604,440,337,488,531,223,396
msavage,Mitchell,Savage,DET,Detroit Mechanix,Central,21,12,1,0,3,1,0,0,21,22,0,0,1,23,88,170,0,0,14,4,91,11,0,0,6387,1,1,1,95.45,106.5,604,677,583,650,531,574,540
mdrost,Mike,Drost,NY,New York Empire,East,16,12,0,0,0,0,0,0,0,0,0,0,0,0,0,0,0,0,0,0,0,0,0,0,0,0,0,0,,0.0,666,748,694,650,654,762,777
rdrost,Ryan,Drost,NY,New York Empire,East,80,12,0,0,1,0,0,0,2,2,0,0,0,2,-22,12,0,0,0,0,11,5,0,0,661,0,0,0,100.0,11.0,666,748,694,650,654,872,761
sjones,Selim,Jones,OAK,Oakland Spiders,West,36,12,0,0,0,0,0,0,0,0,0,0,0,0,0,0,0,0,0,0,0,0,0,0,0,0,0,0,,0.0,666,748,694,650,654,762,777
awulkan,Adam,Wulkan,OAK,Oakland Spiders,West,3,12,0,0,0,0,0,0,0,0,0,0,0,0,0,0,0,0,0,0,0,0,0,0,0,0,0,0,,0.0,666,748,694,650,654,762,777
rtakayama,Ryan,Takayama,OAK,Oakland Spiders,West,23,12,0,0,0,1,0,0,2,3,1,0,0,2,11,3,0,0,1,0,13,3,0,0,1128,1,0,0,66.67,18.8,666,748,694,650,531,736,774
smccrory,Samuel,McCrory,NY,New York Empire,East,8,12,0,0,0,1,0,0,0,1,1,0,0,1,0,-10,0,0,1,0,16,3,0,0,913,1,0,0,0.0,15.2,666,748,694,650,531,762,864
gmay,Gavin,May,NY,New York Empire,East,00,12,0,0,0,0,0,0,1,1,0,0,0,1,13,8,0,0,2,0,16,4,0,0,1081,0,0,0,100.0,18.0,666,748,694,650,654,727,768
tmackey,Tyler,Mackey,NY,New York Empire,East,33,12,0,0,0,0,0,0,0,0,0,0,0,0,0,0,0,0,0,0,0,0,0,0,0,0,0,0,,0.0,666,748,694,650,654,762,777
cnichimlu,Caoba,Nichim-Luta,NY,New York Empire,East,38,12,0,0,0,0,0,0,0,0,0,0,0,0,0,0,0,0,0,0,0,0,0,0,0,0,0,0,,0.0,666,748,694,650,654,762,777
nto,Noriaki,To,NY,New York Empire,East,27,12,0,0,0,0,0,0,0,0,0,0,0,0,0,0,0,0,0,0,8,0,0,0,457,0,0,0,,7.6,666,748,694,650,654,762,777
rmccabe,Robby,McCabe,OAK,Oakland Spiders,West,89,12,0,0,0,0,0,0,0,0,0,0,0,0,0,0,0,0,0,0,0,0,0,0,0,0,0,0,,0.0,666,748,694,650,654,762,777
lhaberfie,Liam,Haberfield,NY,New York Empire,East,37,12,0,0,0,0,0,0,0,0,0,0,0,0,0,0,0,0,0,0,0,0,0,0,0,0,0,0,,0.0,666,748,694,650,654,762,777
dclyburn,Dexter,Clyburn,OAK,Oakland Spiders,West,12,12,0,0,0,0,0,0,0,0,0,0,0,0,0,0,0,0,0,0,0,0,0,0,0,0,0,0,,0.0,666,748,694,650,654,762,777
mburke1,Matthew,Burke,OAK,Oakland Spiders,West,26,12,0,0,0,0,0,0,0,0,0,0,0,0,0,0,0,0,0,0,0,0,0,0,0,0,0,0,,0.0,666,748,694,650,654,762,777
cbauman,Conor,Bauman,OAK,Oakland Spiders,West,44,12,0,2,1,4,0,0,37,44,6,0,0,31,237,41,1,3,0,0,83,24,19,3,6211,6,0,2,84.09,103.5,666,616,694,488,234,427,710
gwilson1,Garrett,Wilson,ATX,Austin Sol,South,30,12,0,0,0,0,0,0,0,0,0,0,0,0,0,0,0,0,0,0,9,2,0,0,410,0,0,0,,6.8,666,748,694,650,654,762,777
bthibodea,Brock,Thibodeaux,HTX,Houston Havoc,South,6,12,2,0,0,0,0,0,7,9,2,0,0,11,64,88,0,0,7,3,36,3,0,0,2857,2,0,2,77.78,47.6,666,616,507,650,654,611,632
jworthing,Jake,Worthington,ATX,Austin Sol,South,81,12,0,0,0,0,0,0,0,0,0,0,0,0,0,0,0,0,0,0,0,0,0,0,0,0,0,0,,0.0,666,748,694,650,654,762,777
marmour,Matthew,Armour,ATX,Austin Sol,South,50,12,0,0,0,0,0,0,0,0,0,0,0,0,0,0,0,0,0,0,0,0,0,0,0,0,0,0,,0.0,666,748,694,650,654,762,777
ebilolo,Emmanuel,Bilolo,ATX,Austin Sol,South,5,12,0,0,0,0,0,0,1,1,0,0,0,1,1,4,0,0,0,0,10,1,0,0,911,0,0,0,100.0,15.2,666,748,694,650,654,757,773
levans,Landon,Evans,ATX,Austin Sol,South,52,12,0,0,0,0,0,0,0,0,0,0,0,0,0,0,0,0,0,0,0,0,0,0,0,0,0,0,,0.0,666,748,694,650,654,762,777
gbabbitt,Gavin,Babbitt,ATX,Austin Sol,South,73,12,0,0,0,0,0,0,0,0,0,0,0,0,0,0,0,0,0,0,0,0,0,0,0,0,0,0,,0.0,666,748,694,650,654,762,777
ttrompete,Tommy,Trompeter,HTX,Houston Havoc,South,31,12,0,0,0,0,0,0,1,1,0,0,0,1,-10,20,0,0,0,0,14,0,2,0,923,0,0,0,100.0,15.4,666,748,694,650,654,862,751
mlutz,Mitch,Lutz,HTX,Houston Havoc,South,34,12,0,0,0,0,0,0,1,1,0,0,0,0,6,0,0,0,3,1,0,0,0,0,244,0,0,0,100.0,4.1,666,748,694,650,654,747,777
jtaylor,Jordan,Taylor,HTX,Houston Havoc,South,5,24,0,0,0,0,0,0,0,0,0,0,0,0,0,0,0,0,0,0,0,0,0,0,0,0,0,0,,0.0,666,748,694,650,654,762,777
ccassella,Chris,Cassella,ATX,Austin Sol,South,69,12,0,2,2,0,0,0,20,21,1,0,1,21,102,191,0,1,19,15,0,0,0,0,1341,2,0,2,95.24,22.4,666,616,694,488,654,558,514
esakach,Elliot,Sakach,HTX,Houston Havoc,South,27,12,0,0,0,0,0,0,0,0,0,0,0,0,0,0,0,0,0,0,0,0,0,0,0,0,0,0,,0.0,666,748,694,650,654,762,777
rhausmann,Robert,Hausmann,ATX,Austin Sol,South,10,12,0,1,0,2,0,0,7,10,3,0,0,8,23,63,0,0,0,0,55,16,0,0,3606,3,0,1,70.0,60.1,666,677,694,559,411,697,674
jreinhard,Jake,Reinhardt,ATX,Austin Sol,South,7,12,7,13,16,5,0,0,134,158,23,1,1,129,1508,487,8,16,36,26,197,63,157,17,14665,25,0,20,84.81,244.4,666,190,255,127,183,96,326
mlyle,Matt,Lyle,HTX,Houston Havoc,South,82,12,0,0,0,0,0,0,3,3,0,0,0,3,-3,0,0,0,1,1,3,0,0,0,236,0,0,0,100.0,3.9,666,748,694,650,654,851,777
jradack,Jake,Radack,ATX,Austin Sol,South,33,12,0,0,0,0,0,0,0,0,0,0,0,0,0,0,0,0,0,0,0,0,0,0,0,0,0,0,,0.0,666,748,694,650,654,762,777
nstuart1,Nayland,Stuart,LV,Vegas Bighorns,West,25,12,2,4,0,2,0,0,27,33,6,0,2,32,227,242,1,4,42,15,45,7,8,2,5654,8,0,6,81.82,94.2,666,470,507,368,411,433,469
dfrongill,David,Frongillo,LV,Vegas Bighorns,West,5,12,0,1,0,0,0,0,1,2,1,0,0,2,4,21,0,0,0,0,10,2,0,0,719,1,0,1,50.0,12.0,666,677,694,559,654,751,749
bjordan1,Blake,Jordan,LV,Vegas Bighorns,West,23,12,0,1,1,2,0,0,28,31,3,0,0,23,250,50,1,1,18,3,19,4,13,0,2261,3,0,1,90.32,37.7,666,677,694,559,411,420,694
jerb,Jonah,Erb,LV,Vegas Bighorns,West,99,12,0,1,1,0,0,0,3,3,0,0,1,3,-3,126,0,0,13,5,0,0,0,0,1119,1,0,1,100.0,18.6,666,677,694,559,654,851,578
dkervick,Declan,Kervick,BOS,Boston Glory,East,50,12,0,1,1,0,0,0,8,8,0,0,1,6,28,36,0,0,3,3,8,1,0,0,872,1,0,1,100.0,14.5,666,677,694,559,654,686,722
lharwood,Luca,Harwood,BOS,Boston Glory,East,11,12,0,0,0,0,0,0,0,0,0,0,0,0,0,0,0,0,0,0,0,0,0,0,0,0,0,0,,0.0,666,748,694,650,654,762,777
pkotz,Peter,Kotz,BOS,Boston Glory,East,15,12,0,0,1,0,0,0,4,4,0,0,0,5,13,54,0,0,0,0,55,13,0,0,4141,0,0,0,100.0,69.0,666,748,694,650,654,727,688
gcolton,Gabe,Colton,BOS,Boston Glory,East,21,12,0,0,0,0,0,0,0,0,0,0,0,0,0,0,0,0,0,0,0,0,0,0,0,0,0,0,,0.0,666,748,694,650,654,762,777
bkatz1,Ben,Katz,BOS,Boston Glory,East,28,12,0,0,0,0,0,0,0,0,0,0,0,0,0,0,0,0,0,0,0,0,0,0,0,0,0,0,,0.0,666,748,694,650,654,762,777
rdunkerle,Roan,Dunkerley,BOS,Boston Glory,East,66,12,0,0,0,0,0,0,0,0,0,0,0,0,0,0,0,0,0,0,0,0,0,0,0,0,0,0,,0.0,666,748,694,650,654,762,777
rtetreaul,Ray,Tetreault,BOS,Boston Glory,East,9,12,0,0,0,0,0,0,1,1,0,0,0,1,0,61,0,0,0,0,13,7,0,0,884,0,0,0,100.0,14.7,666,748,694,650,654,762,677
ocordes,Owen,Cordes,BOS,Boston Glory,East,29,12,0,0,0,0,0,0,0,0,0,0,0,0,0,0,0,0,0,0,8,4,0,0,931,0,0,0,,15.5,666,748,694,650,654,762,777
ngagnon,Nicolas,Gagnon,MTL,Montreal Royal,East,19,12,1,0,2,1,0,0,8,9,1,0,1,10,26,136,0,0,6,1,53,9,0,0,4500,2,0,1,88.89,75.0,666,677,583,650,531,690,572
bpowlay,Ben,Powlay,MTL,Montreal Royal,East,7,12,2,5,4,1,0,0,44,53,8,0,0,48,475,219,3,5,36,17,55,15,25,1,6163,8,0,7,83.02,102.7,666,440,507,317,531,304,484
mraymond,Malachi,Raymond,BOS,Boston Glory,East,24,12,0,0,0,0,0,0,0,0,0,0,0,0,0,0,0,0,0,0,0,0,0,0,0,0,0,0,,0.0,666,748,694,650,654,762,777
dbarram,David,Barram,ORE,Oregon Steel,West,3,12,4,22,21,1,0,0,365,397,24,0,3,333,3380,500,23,36,219,113,1,0,0,0,15400,27,0,26,91.94,256.7,666,136,400,59,531,17,321
lconiaris,Lucas,Coniaris,ORE,Oregon Steel,West,8,12,0,0,0,0,0,0,0,0,0,0,0,0,0,0,0,0,0,0,0,0,0,0,0,0,0,0,,0.0,666,748,694,650,654,762,777
jhenry,Jackson,Henry,ORE,Oregon Steel,West,82,12,0,0,0,0,0,0,0,0,0,0,0,0,0,0,0,0,0,0,0,0,0,0,0,0,0,0,,0.0,666,748,694,650,654,762,777
ccannon,Charles,Cannon,COL,Colorado Apex,West,16,12,0,0,1,3,0,0,6,9,3,0,0,6,28,-21,0,0,0,0,14,9,0,0,1014,3,0,0,66.67,16.9,666,748,694,650,322,686,871
tnguyen,Tyler,Nguyen,COL,Colorado Apex,West,27,12,0,0,0,0,0,0,0,0,0,0,0,0,0,0,0,0,0,0,0,0,0,0,0,0,0,0,,0.0,666,748,694,650,654,762,777
oheh,Owen,Heh,ORE,Oregon Steel,West,19,12,0,0,0,0,0,0,9,9,0,0,0,5,84,-23,0,0,4,1,12,2,0,0,908,0,0,0,100.0,15.1,666,748,694,650,654,579,872
dyu,David,Yu,COL,Colorado Apex,West,28,12,1,3,4,2,0,0,40,46,5,0,1,39,173,247,0,0,2,2,86,33,0,0,6909,6,0,4,86.96,115.2,666,545,583,426,411,481,463
swells,Seth,Wells,COL,Colorado Apex,West,47,12,0,0,0,0,0,0,0,0,0,0,0,0,0,0,0,0,0,0,0,0,0,0,0,0,0,0,,0.0,666,748,694,650,654,762,777
amagee,Aidan,Magee,PHI,Philadelphia Phoenix,East,41,12,0,0,0,0,0,0,0,0,0,0,0,0,0,0,0,0,0,0,0,0,0,0,0,0,0,0,,0.0,666,748,694,650,654,762,777
cmccutche,Charlie,McCutcheon,DC,DC Breeze,East,4,12,0,0,4,2,0,0,60,62,2,0,0,63,146,102,0,0,3,1,111,29,0,0,8901,2,0,0,96.77,148.3,666,748,694,650,411,506,606
cjohnson1,Christian,Johnson,DC,DC Breeze,East,29,12,0,0,0,0,0,0,0,0,0,0,0,0,0,0,0,0,0,0,0,0,0,0,0,0,0,0,,0.0,666,748,694,650,654,762,777
whelenski,Will,Helenski,PHI,Philadelphia Phoenix,East,15,12,0,0,0,0,0,0,0,0,0,0,0,0,0,0,0,0,0,0,0,0,0,0,0,0,0,0,,0.0,666,748,694,650,654,762,777
djeng,Dyllon,Jeng,PHI,Philadelphia Phoenix,East,24,12,1,0,0,0,0,0,3,3,0,0,1,4,32,42,0,0,0,0,6,3,0,0,452,1,0,1,100.0,7.5,666,677,583,650,654,674,707
dbloodgoo,David,Bloodgood,DC,DC Breeze,East,30,12,1,4,5,5,0,0,68,78,9,0,1,65,420,-1,0,1,2,1,105,24,16,2,6992,10,0,5,87.18,116.5,666,507,583,368,183,328,858
blamberty,Brandon,Lamberty,DC,DC Breeze,East,19,12,0,0,0,2,0,0,11,13,2,0,0,9,92,8,0,2,2,0,34,8,25,0,2736,2,0,0,84.62,45.6,666,748,694,650,411,571,768
mcampanel,Mike,Campanella,PHI,Philadelphia Phoenix,East,5,12,1,1,2,1,0,0,15,18,3,0,0,18,73,154,0,0,1,1,53,15,0,0,4553,3,0,2,83.33,75.9,666,616,583,559,531,599,550
jbanks,Jarrod,Banks,DC,DC Breeze,East,15,12,0,0,0,0,0,0,0,0,0,0,0,0,0,0,0,0,0,0,0,0,0,0,0,0,0,0,,0.0,666,748,694,650,654,762,777
jwells,Jensen,Wells,SLC,Salt Lake Shred,West,23,12,0,0,0,0,0,0,0,0,0,0,0,0,0,0,0,0,0,0,0,0,0,0,0,0,0,0,,0.0,666,748,694,650,654,762,777
ehuber,Elijah,Huber,SLC,Salt Lake Shred,West,14,12,0,0,0,0,0,0,0,0,0,0,0,0,0,0,0,0,0,0,0,0,0,0,0,0,0,0,,0.0,666,748,694,650,654,762,777
ayanelli,Alex,Yanelli,SLC,Salt Lake Shred,West,38,12,0,0,0,0,0,0,0,0,0,0,0,0,0,0,0,0,0,0,0,0,0,0,0,0,0,0,,0.0,666,748,694,650,654,762,777
bfleming,Bradley,Fleming,ATL,Atlanta Hustle,South,34,12,0,0,0,0,0,0,0,0,0,0,0,0,0,0,0,0,0,0,0,0,0,0,0,0,0,0,,0.0,666,748,694,650,654,762,777
cyoungblo,Chris,Youngblood,ATL,Atlanta Hustle,South,55,12,0,0,0,0,0,0,0,0,0,0,0,0,0,0,0,0,0,0,0,0,0,0,0,0,0,0,,0.0,666,748,694,650,654,762,777
jburns,JP,Burns,ATL,Atlanta Hustle,South,81,12,0,0,0,0,0,0,0,0,0,0,0,0,0,0,0,0,0,0,0,0,0,0,0,0,0,0,,0.0,666,748,694,650,654,762,777
jhoffman,Jonny,Hoffman,SLC,Salt Lake Shred,West,24,12,0,0,0,0,0,0,0,0,0,0,0,0,0,0,0,0,0,0,0,0,0,0,0,0,0,0,,0.0,666,748,694,650,654,762,777
athai,Andrew,Thai,ATL,Atlanta Hustle,South,72,12,0,0,0,0,0,0,2,2,0,0,0,2,7,0,0,0,0,0,5,1,0,0,413,0,0,0,100.0,6.9,666,748,694,650,654,745,777
ralin,Rainor,Alin,SLC,Salt Lake Shred,West,5,12,0,0,0,0,0,0,0,0,0,0,0,0,0,0,0,0,0,0,0,0,0,0,0,0,0,0,,0.0,666,748,694,650,654,762,777
poyler,Porter,Oyler,SLC,Salt Lake Shred,West,17,12,0,0,0,0,0,0,0,0,0,0,0,0,0,0,0,0,0,0,0,0,0,0,0,0,0,0,,0.0,666,748,694,650,654,762,777
dmiller4,Dane,Miller,SLC,Salt Lake Shred,West,96,12,0,0,0,0,0,0,7,7,0,0,0,7,8,31,0,0,0,0,21,8,0,0,1196,0,0,0,100.0,19.9,666,748,694,650,654,743,728
bhoffman,Ben,Hoffman,SLC,Salt Lake Shred,West,21,12,0,0,0,0,0,0,0,0,0,0,0,0,0,0,0,0,0,0,0,0,0,0,0,0,0,0,,0.0,666,748,694,650,654,762,777
tspinks,Trenton,Spinks,ATL,Atlanta Hustle,South,87,12,0,1,0,0,0,0,2,3,1,0,0,4,31,36,0,0,0,0,21,5,0,0,1611,1,0,1,66.67,26.9,666,677,694,559,654,676,722
jregruth,Jared,Regruth,IND,Indianapolis AlleyCats,Central,35,12,0,0,0,0,0,0,0,0,0,0,0,0,0,0,0,0,0,0,0,0,0,0,0,0,0,0,,0.0,666,748,694,650,654,762,777
kyoung,Kydan,Young,IND,Indianapolis AlleyCats,Central,85,12,4,3,1,6,0,0,34,46,10,0,3,42,268,358,2,9,31,13,57,16,24,1,6383,13,0,7,73.91,106.4,666,440,400,426,139,411,383
nceluch,Noah,Celuch,PIT,Pittsburgh Thunderbirds,Central,5,12,0,0,0,0,0,0,0,0,0,0,0,0,0,0,0,0,0,0,0,0,0,0,0,0,0,0,,0.0,666,748,694,650,654,762,777
npappas,Nick,Pappas,IND,Indianapolis AlleyCats,Central,10,12,6,7,9,3,0,0,63,73,9,0,7,75,637,656,3,4,59,34,51,17,0,0,7739,16,0,13,86.3,129.0,666,306,290,244,322,238,262
jwahl,Jake,Wahl,IND,Indianapolis AlleyCats,Central,8,12,4,6,15,9,0,0,260,275,12,0,7,222,1214,866,2,6,139,63,70,23,2,0,14263,19,0,10,94.55,237.7,666,374,400,283,63,129,194
knicholl,Kevin,Nicholl,PIT,Pittsburgh Thunderbirds,Central,45,12,2,1,4,2,0,0,60,65,3,0,2,56,196,223,0,0,29,14,78,20,0,0,7471,5,0,3,92.31,124.5,666,577,507,559,411,462,480
lcall,Logan,Call,PIT,Pittsburgh Thunderbirds,Central,17,12,0,1,0,1,0,1,6,8,2,0,0,7,30,86,0,0,3,0,53,8,19,1,3201,2,0,1,75.0,53.4,666,677,694,559,531,682,636
jschmiesi,Jude,Schmiesing,PIT,Pittsburgh Thunderbirds,Central,9,12,0,0,0,0,0,0,0,0,0,0,0,0,0,0,0,0,0,0,0,0,0,0,0,0,0,0,,0.0,666,748,694,650,654,762,777
cblalack,Conner,Blalack,IND,Indianapolis AlleyCats,Central,0,12,0,0,0,0,0,0,0,0,0,0,0,0,0,0,0,0,0,0,0,0,0,0,0,0,0,0,,0.0,666,748,694,650,654,762,777
jwherry,Jason,Wherry,PIT,Pittsburgh Thunderbirds,Central,15,12,0,1,2,3,0,0,37,41,3,0,1,31,164,151,0,0,3,2,71,14,0,0,4218,4,0,1,90.24,70.3,666,677,694,559,322,488,556
oedwards,Owen,Edwards,IND,Indianapolis AlleyCats,Central,32,12,0,0,0,0,0,0,0,0,0,0,0,0,0,0,0,0,0,0,0,0,0,0,0,0,0,0,,0.0,666,748,694,650,654,762,777
awarringt,Alex,Warrington,PIT,Pittsburgh Thunderbirds,Central,99,12,0,2,1,2,0,1,13,15,2,0,2,14,66,153,0,0,5,0,60,11,0,0,3631,4,0,2,86.67,60.5,666,616,694,488,411,609,553
battal,Benjamin,Attal,PIT,Pittsburgh Thunderbirds,Central,19,12,0,1,1,0,0,0,40,42,1,0,0,34,211,114,1,1,21,9,17,1,0,0,2683,1,0,1,95.24,44.7,666,677,694,559,654,449,591
cbenforad,Charlie,Benforado,MAD,Madison Radicals,Central,8,12,0,0,0,0,0,0,0,0,0,0,0,0,0,0,0,0,0,0,0,0,0,0,0,0,0,0,,0.0,666,748,694,650,654,762,777
twilliams1,Tyler,Williams,MAD,Madison Radicals,Central,16,12,0,0,0,0,0,0,0,0,0,0,0,0,0,0,0,0,0,0,0,0,0,0,0,0,0,0,,0.0,666,748,694,650,654,762,777
cwhite,Cade,White,MAD,Madison Radicals,Central,31,12,1,0,2,1,0,0,14,15,1,0,1,14,124,127,0,0,1,1,51,21,0,0,3711,2,0,1,93.33,61.9,666,677,583,650,531,533,577
sknoche,Sterling,Knoche,MAD,Madison Radicals,Central,18,12,0,0,0,0,0,0,0,0,0,0,0,0,0,0,0,0,0,0,0,0,0,0,0,0,0,0,,0.0,666,748,694,650,654,762,777
msnead,Michael,Snead,CAR,Carolina Flyers,South,88,12,0,0,0,0,0,0,1,1,0,0,0,1,5,3,0,0,0,0,27,8,0,0,1724,0,0,0,100.0,28.7,666,748,694,650,654,749,774
awilcox,Xander,Wilcox,CAR,Carolina Flyers,South,35,12,0,0,0,0,0,0,0,0,0,0,0,0,0,0,0,0,0,0,0,0,0,0,0,0,0,0,,0.0,666,748,694,650,654,762,777
dbruer,Dillon,Bruer,CAR,Carolina Flyers,South,44,12,0,0,0,0,0,0,4,4,0,0,0,4,4,48,0,0,0,0,47,5,6,2,2699,0,0,0,100.0,45.0,666,748,694,650,654,751,698
cmcsherry,Clint,McSherry,CAR,Carolina Flyers,South,71,12,0,0,0,0,0,0,0,0,0,0,0,0,0,0,0,0,0,0,0,0,0,0,0,0,0,0,,0.0,666,748,694,650,654,762,777
amckelvey,Andrew,McKelvey,CAR,Carolina Flyers,South,30,12,0,0,0,0,0,0,1,1,0,0,0,1,-7,13,0,0,0,0,14,3,0,0,1061,0,0,0,100.0,17.7,666,748,694,650,654,860,759
sweaver,Seth,Weaver,CAR,Carolina Flyers,South,4,12,0,0,0,0,0,0,0,0,0,0,0,0,0,0,0,0,0,0,0,0,0,0,0,0,0,0,,0.0,666,748,694,650,654,762,777
jivey,James,Ivey,LA,LA Aviators,South,98,12,0,0,0,0,0,0,0,0,0,0,0,0,0,0,0,0,0,0,0,0,0,0,0,0,0,0,,0.0,666,748,694,650,654,762,777
dcox,Devin,Cox,LA,LA Aviators,South,42,12,0,0,0,0,0,0,5,5,0,0,0,5,-11,-18,0,0,0,0,8,1,0,0,652,0,0,0,100.0,10.9,666,748,694,650,654,864,869
ssih,Spencer,Sih,LA,LA Aviators,South,88,12,0,0,0,0,0,0,8,8,0,0,0,6,27,-5,0,0,0,0,29,6,0,0,2538,0,0,0,100.0,42.3,666,748,694,650,654,688,862
tlin,Tommy,Lin,SEA,Seattle Cascades,West,25,12,6,5,6,2,0,0,64,76,9,0,4,64,420,323,3,6,8,3,183,49,1,0,11861,13,0,11,84.21,197.7,666,347,290,317,411,328,404
igranstro,Isaac,Granstrom,SEA,Seattle Cascades,West,51,12,0,0,0,0,0,0,0,0,0,0,0,0,0,0,0,0,0,0,0,0,0,0,0,0,0,0,,0.0,666,748,694,650,654,762,777
wmcdonald,Will,McDonald,SEA,Seattle Cascades,West,73,12,2,0,0,0,0,0,1,2,1,0,1,4,-4,90,0,0,5,1,9,3,1,0,1005,2,0,2,50.0,16.8,666,616,507,650,654,856,629
nsullivan,Noah,Sullivan,SEA,Seattle Cascades,West,75,12,0,0,0,0,0,0,0,0,0,0,0,0,0,0,0,0,0,0,0,0,0,0,0,0,0,0,,0.0,666,748,694,650,654,762,777
slofink,Spencer,Lofink,SEA,Seattle Cascades,West,9,12,0,1,4,0,0,0,28,29,1,0,0,26,198,3,1,1,9,8,1,0,0,0,921,1,0,1,96.55,15.3,666,677,694,559,654,458,774
lbertonci,Louie,Bertoncin,SEA,Seattle Cascades,West,63,12,3,5,1,3,0,0,60,69,9,0,2,46,337,295,1,1,37,24,64,14,0,0,7449,11,0,8,86.96,124.2,666,408,452,317,322,375,424
chines,Cedar,Hines,SEA,Seattle Cascades,West,32,12,0,0,0,0,0,0,0,0,0,0,0,0,0,0,0,0,0,0,0,0,0,0,0,0,0,0,,0.0,666,748,694,650,654,762,777
gnobis,Gabe,Nobis,SEA,Seattle Cascades,West,36,12,0,1,1,0,0,0,16,18,1,0,0,12,180,23,2,2,1,1,28,9,0,0,1782,1,0,1,88.89,29.7,666,677,694,559,654,474,747
boort,Benjamin,Oort,TOR,Toronto Rush,East,51,12,0,0,0,0,0,0,0,0,0,0,0,0,0,0,0,0,0,0,0,0,0,0,0,0,0,0,,0.0,666,748,694,650,654,762,777
jmillage,Jamie,Millage,TOR,Toronto Rush,East,,12,0,0,0,0,0,0,0,0,0,0,0,0,0,0,0,0,0,0,0,0,0,0,0,0,0,0,,0.0,666,748,694,650,654,762,777
jhuynh,Jason,Huynh,TOR,Toronto Rush,East,83,12,2,0,0,0,0,0,17,18,1,0,1,19,37,150,0,1,9,4,5,3,0,0,1301,2,0,2,94.44,21.7,666,616,507,650,654,662,557
rcarvalho,Rui,Carvalho,TOR,Toronto Rush,East,17,12,0,0,1,0,0,0,2,2,0,0,0,2,-5,9,0,0,2,1,28,4,4,0,2117,0,0,0,100.0,35.3,666,748,694,650,654,858,766
gmckee,Griffin,McKee,TOR,Toronto Rush,East,97,12,0,0,0,0,0,0,0,0,0,0,0,0,0,0,0,0,0,0,0,0,0,0,0,0,0,0,,0.0,666,748,694,650,654,762,777
sgasperin,Simone,Gasperini,TOR,Toronto Rush,East,6,12,0,0,0,0,0,0,0,0,0,0,0,0,0,0,0,0,0,0,0,0,0,0,0,0,0,0,,0.0,666,748,694,650,654,762,777
cschuweil,Charlie,Schuweiler,MIN,Minnesota Wind Chill,Central,55,12,0,2,2,0,0,0,9,11,2,0,0,10,66,40,0,0,9,8,5,2,0,0,841,2,0,2,81.82,14.0,666,616,694,488,654,609,712
bmatis,Brandon,Matis,MIN,Minnesota Wind Chill,Central,61,12,0,0,0,0,0,0,0,0,0,0,0,0,0,0,0,0,0,0,0,0,0,0,0,0,0,0,,0.0,666,748,694,650,654,762,777
ihahn,Ian,Hahn,MIN,Minnesota Wind Chill,Central,10,12,0,0,0,0,0,0,0,0,0,0,0,0,0,0,0,0,0,0,0,0,0,0,0,0,0,0,,0.0,666,748,694,650,654,762,777
awhitton,Adam,Whitton,DET,Detroit Mechanix,Central,89,12,1,3,0,1,0,1,18,24,5,0,0,18,82,73,0,1,5,2,54,11,0,0,3598,5,0,4,75.0,60.0,666,545,583,426,531,586,662
mgaleanor,Mauricio,Galeano Rios,DET,Detroit Mechanix,Central,32,12,0,0,0,0,0,0,0,0,0,0,0,0,0,0,0,0,0,0,0,0,0,0,0,0,0,0,,0.0,666,748,694,650,654,762,777
nakers,Nicholas,Akers,DET,Detroit Mechanix,Central,86,12,0,0,0,0,0,0,0,0,0,0,0,0,0,0,0,0,0,0,7,1,7,1,340,0,0,0,,5.7,666,748,694,650,654,762,777
nboddy,Nate,Boddy,DET,Detroit Mechanix,Central,8,12,0,0,0,0,0,0,0,0,0,0,0,0,0,0,0,0,0,0,0,0,0,0,0,0,0,0,,0.0,666,748,694,650,654,762,777
jpeterson,John,Peterson,DET,Detroit Mechanix,Central,0,12,0,0,0,0,0,0,0,0,0,0,0,0,0,0,0,0,0,0,6,0,0,0,492,0,0,0,,8.2,666,748,694,650,654,762,777
mmoranrub,Mario,Moran Rubiano,DET,Detroit Mechanix,Central,77,12,0,0,0,0,0,0,0,0,0,0,0,0,0,0,0,0,0,0,0,0,0,0,0,0,0,0,,0.0,666,748,694,650,654,762,777
cwalls,Chris,Walls,DET,Detroit Mechanix,Central,36,12,1,0,0,0,0,0,0,0,0,0,1,1,0,14,0,0,1,0,26,4,0,0,1667,1,0,1,,27.8,666,677,583,650,654,762,758
apestritt,Angelo,Pestritto,DET,Detroit Mechanix,Central,41,12,0,0,0,0,0,0,0,0,0,0,0,0,0,0,0,0,0,0,4,0,0,0,245,0,0,0,,4.1,666,748,694,650,654,762,777
jkloss,James,Kloss,DET,Detroit Mechanix,Central,25,12,0,0,0,0,0,0,0,0,0,0,0,0,0,0,0,0,0,0,0,0,0,0,0,0,0,0,,0.0,666,748,694,650,654,762,777
jbranson1,Joseph,Branson,DET,Detroit Mechanix,Central,42,12,0,0,0,0,0,0,0,0,0,0,0,0,0,0,0,0,0,0,0,0,0,0,0,0,0,0,,0.0,666,748,694,650,654,762,777
mdewey,Marco,Dewey,DET,Detroit Mechanix,Central,22,12,0,0,0,0,0,0,0,0,0,0,0,0,0,0,0,0,0,0,0,0,0,0,0,0,0,0,,0.0,666,748,694,650,654,762,777
awilliams,Aidan,Williams,DET,Detroit Mechanix,Central,29,12,0,0,0,0,0,0,0,0,0,0,0,0,0,0,0,0,1,0,15,1,0,0,996,0,0,0,,16.6,666,748,694,650,654,762,777
gdobrozsi,Gabe,Dobrozsi,DET,Detroit Mechanix,Central,37,12,0,1,2,5,0,0,33,39,6,0,0,37,117,216,1,2,26,5,85,15,9,1,6665,6,0,1,84.62,111.1,666,677,694,559,183,539,487
djensen,David,Jensen,DET,Detroit Mechanix,Central,74,12,0,0,0,0,0,0,0,0,0,0,0,0,0,0,0,0,0,0,0,0,0,0,0,0,0,0,,0.0,666,748,694,650,654,762,777
djoens,Dillon,Joens,DET,Detroit Mechanix,Central,,12,0,0,0,0,0,0,0,0,0,0,0,0,0,0,0,0,0,0,0,0,0,0,0,0,0,0,,0.0,666,748,694,650,654,762,777
agrigolet,Anthony,Grigoletti,DET,Detroit Mechanix,Central,92,12,0,0,0,0,0,0,2,2,0,0,0,2,26,31,0,0,0,0,26,3,0,0,1821,0,0,0,100.0,30.4,666,748,694,650,654,690,728
sdistrup,Simon,Distrup,CHI,Chicago Union,Central,61,12,0,0,0,0,0,0,0,0,0,0,0,0,0,0,0,0,0,0,0,0,0,0,0,0,0,0,,0.0,666,748,694,650,654,762,777
mhlavaty,Michael,Hlavaty,CHI,Chicago Union,Central,40,12,0,1,1,1,0,0,14,15,1,0,1,12,41,28,0,0,0,0,18,9,0,0,1437,2,0,1,93.33,23.9,666,677,694,559,531,651,736
blevy,Ben,Levy,NY,New York Empire,East,64,12,1,0,0,1,0,0,25,28,3,0,0,30,92,28,0,0,1,0,50,17,0,0,2854,3,-1,1,89.29,47.6,803,677,583,650,531,571,736
radkins,Raekwon,Adkins,OAK,Oakland Spiders,West,30,12,1,2,2,1,0,0,36,41,5,0,0,41,157,331,0,2,29,17,5,1,0,0,2277,5,-1,3,87.8,38.0,803,577,583,488,531,495,398
kland,Kevin,Land,HTX,Houston Havoc,South,18,12,0,0,2,0,0,0,13,13,0,0,1,12,101,100,0,0,7,5,27,5,0,0,2340,1,-1,0,100.0,39.0,803,748,694,650,654,560,612
jtaylor3,Jordan,Taylor,HTX,Houston Havoc,South,70,12,1,0,0,0,0,0,11,13,2,0,0,14,38,76,0,0,5,1,68,7,0,0,4080,2,-1,1,84.62,68.0,803,677,583,650,654,659,655
sseidenbe,Shaun,Seidenberger,HTX,Houston Havoc,South,24,12,2,2,1,0,0,1,51,57,5,0,0,45,283,180,1,2,24,12,31,2,0,0,4093,5,-1,4,89.47,68.2,803,545,507,488,654,402,530
sdavidson,Shane,Davidson,LV,Vegas Bighorns,West,11,12,0,3,1,3,0,0,35,43,7,0,0,31,286,97,1,3,6,2,31,4,11,1,2454,7,-1,3,81.4,40.9,803,577,694,426,322,400,615
alomen,Aiden,Lomen,LV,Vegas Bighorns,West,26,12,0,0,1,0,0,0,5,6,1,0,0,6,45,57,0,1,10,1,16,2,0,0,1419,1,-1,0,83.33,23.6,803,748,694,650,654,640,685
jperez,Jaime,Perez,LV,Vegas Bighorns,West,8,12,2,4,5,4,0,0,106,119,11,0,0,103,579,388,3,9,28,14,57,13,43,3,6449,11,-1,6,89.08,107.5,803,470,507,368,234,258,359
jallen1,Jackson,Allen,LV,Vegas Bighorns,West,12,12,0,0,1,1,0,0,3,5,2,0,0,5,23,38,0,0,6,1,33,5,0,0,2810,2,-1,0,60.0,46.8,803,748,694,650,531,697,716
cbarnes,Cade,Barnes,LV,Vegas Bighorns,West,0,12,1,0,1,0,0,0,5,7,2,0,0,7,97,66,1,3,6,2,21,3,0,0,1488,2,-1,1,71.43,24.8,803,677,583,650,654,565,671
ghaflin,Gustav,Haflin,BOS,Boston Glory,East,34,12,0,0,1,1,0,0,3,5,2,0,0,5,11,79,0,0,1,1,30,3,0,0,2551,2,-1,0,60.0,42.5,803,748,694,650,531,736,647
jcarreiro,Jac,Carreiro,BOS,Boston Glory,East,19,12,0,0,1,1,0,0,11,13,2,0,0,13,19,121,0,0,0,0,46,14,1,1,3872,2,-1,0,84.62,64.5,803,748,694,650,531,709,582
btravers,Ben,Travers,ORE,Oregon Steel,West,43,12,0,0,1,0,0,0,3,4,1,0,0,4,0,13,0,0,0,0,6,2,0,0,578,1,-1,0,75.0,9.6,803,748,694,650,654,762,759
dlandesma,Danny,Landesman,COL,Colorado Apex,West,8,12,0,0,1,0,0,0,34,35,1,0,0,24,79,86,0,0,31,19,1,0,0,0,2250,1,-1,0,97.14,37.5,803,748,694,650,654,590,636
nwilliams,Nathan,Williams,ORE,Oregon Steel,West,79,12,0,0,0,0,0,0,2,2,0,0,1,2,-10,27,0,0,1,0,17,4,0,0,1329,1,-1,0,100.0,22.1,803,748,694,650,654,862,742
jreeves,Julian,Reeves,ORE,Oregon Steel,West,20,12,2,3,2,1,0,0,64,71,6,0,1,64,343,176,0,1,11,5,98,23,0,0,8099,7,-1,5,90.14,135.0,803,507,507,426,531,370,536
xschafer,Xavier,Schafer,DC,DC Breeze,East,0,12,0,0,1,1,0,0,19,20,1,0,1,17,43,88,0,0,2,1,26,3,0,0,2368,2,-1,0,95.0,39.5,803,748,694,650,531,646,632
gmartin,Greg,Martin,PHI,Philadelphia Phoenix,East,4,12,6,3,2,1,0,0,40,50,10,0,1,56,143,601,1,3,52,35,3,1,1,1,3643,11,-1,9,80.0,60.7,803,393,290,426,531,511,282
mlee2,Marcus,Lee,DC,DC Breeze,East,28,12,2,1,3,0,0,0,19,23,4,0,0,20,78,-39,0,0,1,0,68,12,0,0,4307,4,-1,3,82.61,71.8,803,577,507,559,654,592,874
idietrich,Ian,Dietrich,PHI,Philadelphia Phoenix,East,35,12,0,0,1,0,0,0,12,14,1,0,0,14,126,76,0,0,4,1,20,5,0,0,1807,1,-1,0,85.71,30.1,803,748,694,650,654,530,655
cthornton,Casey,Thornton,PHI,Philadelphia Phoenix,East,18,12,0,5,0,0,0,0,104,112,6,0,0,87,605,268,4,6,56,33,8,1,0,0,4692,6,-1,5,92.86,78.2,803,507,694,317,654,248,447
nwahl,Noah,Wahl,IND,Indianapolis AlleyCats,Central,33,12,4,8,5,3,0,0,252,268,14,1,1,225,1721,202,6,11,137,68,24,4,0,0,10383,16,-1,12,94.03,173.1,803,325,400,219,322,79,501
dsurrell,Doc,Surrell,IND,Indianapolis AlleyCats,Central,98,12,0,1,0,0,0,0,1,3,1,0,1,2,11,6,0,0,5,2,10,1,0,0,1154,2,-1,1,33.33,19.2,803,677,694,559,654,736,771
cknarr,CJ,Knarr,IND,Indianapolis AlleyCats,Central,18,12,0,0,2,0,0,0,19,20,1,0,0,21,116,89,1,1,3,2,22,8,0,0,1633,1,-1,0,95.0,27.2,803,748,694,650,654,541,630
jtan1,John,Tan,MAD,Madison Radicals,Central,49,12,1,0,1,1,0,0,7,10,3,0,0,10,-18,102,0,0,0,0,67,14,13,0,3742,3,-1,1,70.0,62.4,803,677,583,650,531,871,606
jmcdonnel,John,McDonnell,CAR,Carolina Flyers,South,80,12,4,15,41,2,0,0,613,640,21,1,0,533,4177,-223,5,8,229,169,1,0,0,0,15556,22,-1,19,95.78,259.3,803,204,400,113,411,6,878
elong,Elijah,Long,CAR,Carolina Flyers,South,45,12,0,0,0,0,0,0,6,7,1,0,0,7,37,30,0,0,3,1,7,1,0,0,798,1,-1,0,85.71,13.3,803,748,694,650,654,662,731
esalmon,Elijah,Salmon,SD,San Diego Growlers,South,70,12,0,0,1,0,0,0,10,11,1,0,0,10,19,18,0,0,0,0,22,7,1,0,1611,1,-1,0,90.91,26.9,803,748,694,650,654,709,753
nstoppel,Nolan,Stoppel,SEA,Seattle Cascades,West,42,12,0,0,0,0,0,0,0,1,1,0,0,1,0,12,0,1,1,0,15,3,0,0,1050,1,-1,0,0.0,17.5,803,748,694,650,654,762,761
dchickeri,Daniel,Chickering,SEA,Seattle Cascades,West,35,12,0,0,0,0,0,0,3,4,1,0,0,2,20,-4,0,0,0,0,7,0,0,0,311,1,-1,0,75.0,5.2,803,748,694,650,654,707,861
jmcclean,James,McClean,TOR,Toronto Rush,East,87,12,0,0,0,0,0,0,7,8,1,0,0,7,23,30,0,0,2,1,39,9,0,0,2761,1,-1,0,87.5,46.0,803,748,694,650,654,697,731
jcwengros,Jesse,Cwengros,DET,Detroit Mechanix,Central,28,12,1,0,1,1,0,0,41,45,2,0,1,37,118,152,0,0,31,7,21,2,0,0,3514,3,-1,1,91.11,58.6,803,677,583,650,531,538,555
cobrien1,Christopher,O'Brien,DET,Detroit Mechanix,Central,47,12,0,0,0,0,0,0,7,8,1,0,0,8,38,40,0,0,9,5,24,2,0,0,2544,1,-1,0,87.5,42.4,803,748,694,650,654,659,712
sperez,Simon,Perez,CHI,Chicago Union,Central,60,12,0,1,0,1,0,0,6,10,3,0,0,7,55,85,0,0,0,0,26,15,0,0,2181,3,-1,1,60.0,36.4,803,677,694,559,531,624,639
jpadgett,Josiah,Padgett,HTX,Houston Havoc,South,15,12,1,0,2,0,0,0,5,6,1,0,2,7,14,113,0,1,10,3,41,5,0,0,2693,3,-2,1,83.33,44.9,837,677,583,650,654,723,595
mverdugo,Mario,Verdugo,LV,Vegas Bighorns,West,3,12,1,1,1,0,0,0,23,26,3,0,1,18,109,93,0,0,21,5,26,3,0,0,2652,4,-2,2,88.46,44.2,837,616,583,559,654,549,622
eyoung,Emmett,Young,BOS,Boston Glory,East,70,12,0,0,4,2,0,0,32,36,3,0,1,34,162,111,0,0,0,0,66,16,0,0,4777,4,-2,0,88.89,79.6,837,748,694,650,411,490,598
ccoulbury,Calvin,Coulbury,MTL,Montreal Royal,East,37,12,1,3,5,0,0,1,77,81,4,0,2,58,451,-29,1,1,48,22,44,12,7,0,7368,6,-2,4,95.06,122.8,837,545,583,426,654,314,873
oimpas,Orlando,Impas,ORE,Oregon Steel,West,1,12,1,1,1,1,0,0,10,14,3,0,2,13,105,180,1,3,2,0,36,7,0,0,3080,5,-2,2,71.43,51.3,837,616,583,559,531,555,530
ceustis,Cole,Eustis,ORE,Oregon Steel,West,7,12,1,0,1,0,0,0,6,10,3,0,0,10,34,113,0,2,4,0,32,6,9,2,2719,3,-2,1,60.0,45.3,837,677,583,650,654,671,595
swilliams,Sebastian,Williamson,ORE,Oregon Steel,West,11,12,2,0,1,2,0,0,25,26,1,0,5,23,45,230,0,0,12,5,84,12,0,0,7290,6,-2,2,96.15,121.5,837,616,507,650,411,640,475
dperry,David,Perry,PHI,Philadelphia Phoenix,East,32,12,0,0,0,0,0,0,4,5,1,0,1,5,31,47,0,0,0,0,10,3,0,0,788,2,-2,0,80.0,13.1,837,748,694,650,654,676,700
blandry,Ben,Landry,IND,Indianapolis AlleyCats,Central,72,12,2,4,6,2,0,0,99,108,9,1,0,95,719,302,2,5,39,22,31,11,0,0,4419,10,-2,6,91.67,73.7,837,470,507,368,411,217,415
rmaillard,Robin,Maillard,PIT,Pittsburgh Thunderbirds,Central,11,12,0,1,0,0,0,0,4,6,2,0,1,5,30,31,0,0,2,0,14,2,0,0,1088,3,-2,1,66.67,18.1,837,677,694,559,654,682,728
agravatt,Alex,Gravatt,MAD,Madison Radicals,Central,17,12,0,0,0,1,0,0,2,2,0,0,3,2,30,-1,0,0,1,0,38,10,0,0,2588,3,-2,0,100.0,43.1,837,748,694,650,531,682,858
gsanti,Garrett,Santi,LA,LA Aviators,South,66,12,4,7,8,2,0,1,107,123,14,0,1,122,576,369,8,17,35,13,139,34,116,2,11628,15,-2,11,86.99,193.8,837,347,400,244,411,260,374
temig,Tyler,Emig,LA,LA Aviators,South,93,12,4,4,4,0,0,0,115,123,7,0,3,100,884,102,4,7,57,36,2,1,0,0,4518,10,-2,8,93.5,75.3,837,408,400,368,654,168,606
lbestian,Liam,Bestian,LA,LA Aviators,South,7,12,1,1,2,1,0,0,13,17,4,0,1,17,108,77,0,1,11,3,28,5,11,2,3407,5,-2,2,76.47,56.8,837,616,583,559,531,551,654
isweeney,Ian,Sweeney,SEA,Seattle Cascades,West,33,12,2,6,4,3,0,0,83,98,12,0,1,67,802,196,4,7,15,10,128,35,60,4,9789,13,-2,8,84.69,163.2,837,408,507,283,322,189,508
qgarner,Quinn,Garner,DET,Detroit Mechanix,Central,19,12,3,7,6,3,0,0,140,159,15,0,0,121,1061,377,3,5,72,27,104,18,1,1,11512,15,-2,10,88.05,191.9,837,374,452,244,322,144,366
cbeaurega,Colin,Beauregard,DET,Detroit Mechanix,Central,81,12,6,2,2,7,0,0,46,62,16,0,1,64,144,677,0,2,34,7,105,16,0,0,8561,17,-2,8,74.19,142.7,837,408,290,488,103,510,253
dwilliams2,Daniel,Williams,CHI,Chicago Union,Central,30,12,1,2,3,0,0,0,23,29,5,0,0,26,190,161,1,3,0,0,47,23,27,3,3911,5,-2,3,79.31,65.2,837,577,583,488,654,469,546
amacisaac,AJ,MacIsaac,LV,Vegas Bighorns,West,4,12,7,6,13,4,0,0,239,262,19,0,1,217,1639,1216,8,12,184,80,11,2,0,0,13307,20,-3,13,91.22,221.8,855,306,255,283,234,84,130
jartz,Jacob,Artz,ORE,Oregon Steel,West,21,12,2,0,7,3,0,0,117,120,2,1,5,98,504,376,0,0,50,25,88,16,0,0,9831,8,-3,2,97.5,163.8,855,616,507,650,322,294,367
nhutton,Nick,Hutton,IND,Indianapolis AlleyCats,Central,96,12,0,1,3,1,0,0,15,20,4,0,1,11,269,5,3,5,7,4,9,2,7,0,1149,5,-3,1,75.0,19.1,855,677,694,559,531,410,772
tfong,Tomas,Fong,SD,San Diego Growlers,South,25,12,0,0,0,0,0,0,2,2,0,0,3,2,4,10,0,0,0,0,38,10,0,0,2637,3,-3,0,100.0,44.0,855,748,694,650,654,751,765
imcnamara,Ian,McNamara,DET,Detroit Mechanix,Central,13,12,1,1,1,0,0,0,12,15,3,0,2,15,68,107,0,1,16,9,0,0,0,0,1139,5,-3,2,80.0,19.0,855,616,583,559,654,604,602
arudy,Aiden,Rudy,DET,Detroit Mechanix,Central,45,12,1,5,5,4,0,0,108,121,13,0,0,78,833,42,5,9,28,8,118,25,89,7,9970,13,-3,6,89.26,166.2,855,470,583,317,234,183,707
mbennett1,Matt,Bennett,HTX,Houston Havoc,South,3,12,0,8,10,5,0,0,196,215,16,0,1,160,1438,-130,5,11,64,32,118,19,2,0,11647,17,-4,8,91.16,194.1,861,408,694,219,183,105,877
treinhard,Tyler,Reinhardt,HTX,Houston Havoc,South,2,12,9,9,20,2,0,1,265,288,22,0,2,241,1886,804,4,9,122,69,143,24,27,1,16901,24,-4,18,92.01,281.7,861,215,210,202,411,68,213
afelt,Aleksei,Felt,LV,Vegas Bighorns,West,1,12,1,5,2,0,0,0,80,90,9,0,1,70,597,148,1,2,59,18,66,7,5,0,7823,10,-4,6,88.89,130.4,861,470,583,317,654,252,559
gcole,Grant,Cole,ORE,Oregon Steel,West,22,12,1,0,1,0,0,0,20,25,5,0,0,20,62,9,0,0,2,0,35,11,0,0,2756,5,-4,1,80.0,45.9,861,677,583,650,654,615,766
alandis,Aiden,Landis,PIT,Pittsburgh Thunderbirds,Central,7,12,4,21,9,4,0,0,169,204,32,0,1,167,1835,777,13,25,106,55,75,19,37,2,11679,33,-4,25,82.84,194.7,861,143,400,63,234,72,222
rmenon,Rudra,Menon,LA,LA Aviators,South,51,12,0,0,1,0,0,0,2,6,4,0,0,5,24,27,0,1,0,0,12,4,0,0,1094,4,-4,0,33.33,18.2,861,748,694,650,654,695,742
cnguyen,Conrad,Nguyen,DET,Detroit Mechanix,Central,76,12,1,0,0,0,0,0,8,13,5,0,0,13,52,-18,0,0,13,2,18,3,0,0,2013,5,-4,1,61.54,33.5,861,677,583,650,654,628,869
mzetsch,Mason,Zetsch,LV,Vegas Bighorns,West,29,12,10,12,7,5,0,0,120,146,23,1,8,139,791,1436,5,18,164,70,20,4,5,1,13153,32,-5,22,82.19,219.2,868,167,190,138,183,193,107
rsalvas,Raphael,Salvas,MTL,Montreal Royal,East,15,12,1,1,2,4,0,0,31,40,9,0,2,32,107,201,0,1,14,6,81,16,0,0,6953,11,-5,2,77.5,115.9,868,616,583,559,234,553,502
nransom,Nate,Ransom,LA,LA Aviators,South,25,12,6,2,3,0,0,0,129,142,13,0,0,114,597,363,1,3,86,51,1,1,0,0,5850,13,-5,8,90.85,97.5,868,408,290,488,654,252,380
sswafford,Skyler,Swafford,DET,Detroit Mechanix,Central,40,12,3,1,5,2,0,0,116,127,9,0,2,95,622,114,0,1,111,43,34,8,0,0,9200,11,-5,4,91.34,153.3,868,545,452,559,411,245,591
rpalazzo,Ray,Palazzo,DET,Detroit Mechanix,Central,23,12,1,1,0,0,0,0,25,33,7,0,1,32,143,171,1,1,13,5,58,8,1,0,4588,8,-6,2,75.76,76.5,872,616,583,559,654,511,538
ctaleghan,Cameron,Taleghani,DET,Detroit Mechanix,Central,15,12,3,1,2,4,0,1,84,100,16,0,0,76,365,351,0,1,42,9,121,16,51,7,10646,16,-8,4,84.0,177.4,873,545,452,559,234,351,385
jcubitt,Joseph,Cubitt,DET,Detroit Mechanix,Central,1,12,13,20,20,6,0,1,434,484,43,0,4,378,3030,1230,9,20,249,123,0,0,0,0,15815,47,-8,33,89.67,263.6,873,93,137,73,139,21,129
mmendelev,Mark,Mendelevitz,LV,Vegas Bighorns,West,86,12,1,10,6,2,0,0,162,187,23,0,2,152,1247,47,5,14,76,30,52,12,8,1,8885,25,-12,11,86.63,148.1,875,347,583,178,411,121,700
akelly,Austin,Kelly,ORE,Oregon Steel,West,26,12,1,15,6,2,0,0,299,332,27,1,2,256,2640,188,11,20,158,76,1,0,0,0,11415,30,-12,16,90.06,190.2,875,249,583,113,411,34,523
abenton,Alec,Benton,LV,Vegas Bighorns,West,7,12,1,13,15,2,0,0,205,241,32,0,1,162,2123,475,12,30,132,51,21,3,15,1,9125,33,-17,14,85.06,152.1,877,281,583,127,411,59,331
spoulos,Stephen,Poulos,LV,Vegas Bighorns,West,80,12,1,7,3,1,0,1,147,187,35,0,0,102,1784,-48,10,25,116,44,12,2,2,0,9227,35,-26,8,78.61,153.8,878,408,583,244,531,75,876
