player_id,first_name,last_name,team_abbrev,week,games_played,goals,assists,hockey_assists,blocks,callahans,callahans_thrown,completions,throw_attempts,throwaways,stalls,drops,catches,yards_thrown,yards_received,hucks_completed,hucks_attempted,o_points_played,o_points_scored,d_points_played,d_points_scored,pulls,ob_pulls,seconds_played,turnovers,plus_minus,total_scores,cum_plus_minus,cum_total_scores,cum_blocks,cum_yards_received
tabeltins,Toms,Abeltins,TOR,2,2,1,0,0,0,0,0,11,12,0,0,0,10,91,75,0,0,7,7,25,3,0,0,2397,0,1,1,1,1,0,75
tabeltins,Toms,Abeltins,TOR,3,1,0,1,1,1,0,0,6,7,1,0,0,3,73,12,1,2,2,2,15,2,0,0,886,1,1,1,2,2,1,87
tabeltins,Toms,Abeltins,TOR,6,2,0,2,0,1,0,0,15,16,1,0,0,11,122,-5,1,2,5,4,24,4,0,0,1935,1,2,2,4,4,2,82
tabeltins,Toms,Abeltins,TOR,7,1,0,4,2,2,0,0,13,14,1,0,0,8,206,0,3,4,1,1,17,11,0,0,1124,1,5,4,9,8,4,82
tabeltins,Toms,Abeltins,TOR,8,1,0,1,0,1,0,0,9,10,1,0,0,6,34,7,0,0,1,0,22,3,0,0,1429,1,1,1,10,9,5,89
tabeltins,Toms,Abeltins,TOR,9,2,0,2,3,2,0,0,24,25,1,0,0,22,290,62,2,2,11,7,29,4,0,0,2744,1,3,2,13,11,7,151
tabeltins,Toms,Abeltins,TOR,10,1,1,1,3,0,0,0,33,34,1,0,0,31,298,42,2,2,12,8,9,2,0,0,1274,1,1,2,14,13,7,193
tabeltins,Toms,Abeltins,TOR,11,1,0,0,0,0,0,0,0,0,0,0,0,0,0,0,0,0,0,0,0,0,0,0,0,0,0,0,14,13,7,193
tabeltins,Toms,Abeltins,TOR,13,1,2,0,0,0,0,0,10,11,1,0,0,13,99,19,1,1,8,6,10,1,0,0,1238,1,1,2,15,15,7,212
gabrahams,Gavin,Abrahamsson,BOS,1,1,0,0,0,0,0,0,0,0,0,0,0,0,0,0,0,0,0,0,0,0,0,0,0,0,0,0,0,0,0,0
gabrahams,Gavin,Abrahamsson,BOS,3,1,0,0,0,0,0,0,0,0,0,0,0,0,0,0,0,0,0,0,0,0,0,0,0,0,0,0,0,0,0,0
gabrahams,Gavin,Abrahamsson,BOS,4,2,0,0,0,0,0,0,0,0,0,0,0,0,0,0,0,0,0,0,0,0,0,0,0,0,0,0,0,0,0,0
gabrahams,Gavin,Abrahamsson,BOS,7,1,0,0,0,0,0,0,0,0,0,0,0,0,0,0,0,0,0,0,0,0,0,0,0,0,0,0,0,0,0,0
gabrahams,Gavin,Abrahamsson,BOS,8,2,0,0,0,0,0,0,0,0,0,0,0,0,0,0,0,0,0,0,0,0,0,0,0,0,0,0,0,0,0,0
gabrahams,Gavin,Abrahamsson,BOS,9,1,0,0,0,0,0,0,0,0,0,0,0,0,0,0,0,0,0,0,0,0,0,0,0,0,0,0,0,0,0,0
gabrahams,Gavin,Abrahamsson,BOS,11,1,0,0,0,0,0,0,0,0,0,0,0,0,0,0,0,0,0,0,0,0,0,0,0,0,0,0,0,0,0,0
gabrahams,Gavin,Abrahamsson,BOS,12,2,2,0,0,0,0,0,2,2,0,0,0,4,-6,20,0,0,3,3,8,1,0,0,913,0,2,2,2,2,0,20
gabrahams,Gavin,Abrahamsson,BOS,13,1,0,0,0,0,0,0,0,0,0,0,0,0,0,0,0,0,0,0,0,0,0,0,0,0,0,0,2,2,0,20
badams1,Brendan,Adams,HTX,1,1,0,1,1,0,0,0,4,5,1,0,0,4,78,0,1,1,9,3,15,2,0,0,1150,1,0,1,0,1,0,0
badams1,Brendan,Adams,HTX,2,1,3,0,1,0,0,0,5,5,0,0,0,7,30,80,0,0,4,2,4,1,0,0,607,0,3,3,3,4,0,80
badams1,Brendan,Adams,HTX,3,1,0,0,0,0,0,0,0,0,0,0,0,0,0,0,0,0,0,0,0,0,0,0,0,0,0,0,3,4,0,80
badams1,Brendan,Adams,HTX,4,1,0,0,1,0,0,0,8,8,0,0,0,8,1,38,0,0,5,3,0,0,0,0,420,0,0,0,3,4,0,118
badams1,Brendan,Adams,HTX,6,2,4,2,2,1,0,0,50,51,1,0,0,46,289,264,1,2,36,21,3,1,0,0,2750,1,6,6,9,10,1,382
badams1,Brendan,Adams,HTX,8,1,1,1,2,0,0,0,21,21,0,0,0,21,188,174,1,1,15,12,2,0,1,0,1141,0,2,2,11,12,1,556
badams1,Brendan,Adams,HTX,9,2,4,6,0,0,0,1,48,54,5,0,0,48,489,317,3,5,46,24,1,0,0,0,2987,5,5,10,16,22,1,873
badams1,Brendan,Adams,HTX,11,1,1,0,5,1,0,0,36,37,1,0,0,29,229,163,0,1,25,17,1,0,0,0,1584,1,1,1,17,23,2,1036
badams1,Brendan,Adams,HTX,12,1,0,0,0,0,0,0,8,9,1,0,0,9,19,10,0,0,8,6,3,0,0,0,955,1,-1,0,16,23,2,1046
badams1,Brendan,Adams,HTX,13,1,1,0,2,0,0,0,16,19,3,0,0,15,209,97,1,1,18,13,0,0,0,0,952,3,-2,1,14,24,2,1143
kadams,Ken,Adams,MAD,2,2,2,1,0,1,0,0,19,21,2,0,0,17,211,57,1,1,15,9,0,0,0,0,1391,2,2,3,2,3,1,57
kadams,Ken,Adams,MAD,4,1,0,1,1,1,0,0,12,12,0,0,0,11,69,55,0,0,11,6,0,0,0,0,1128,0,2,1,4,4,2,112
kadams,Ken,Adams,MAD,6,1,1,0,0,0,0,0,7,10,2,0,1,9,16,33,0,0,11,7,0,0,0,0,744,3,-2,1,2,5,2,145
kadams,Ken,Adams,MAD,7,1,0,0,0,0,0,0,0,0,0,0,0,0,0,0,0,0,0,0,0,0,0,0,0,0,0,0,2,5,2,145
kadams,Ken,Adams,MAD,8,2,0,0,0,0,0,0,0,0,0,0,0,0,0,0,0,0,0,0,0,0,0,0,0,0,0,0,2,5,2,145
kadams,Ken,Adams,MAD,10,2,0,0,0,0,0,0,0,0,0,0,0,0,0,0,0,0,0,0,0,0,0,0,0,0,0,0,2,5,2,145
kadams,Ken,Adams,MAD,11,1,0,0,0,0,0,0,0,0,0,0,0,0,0,0,0,0,0,0,0,0,0,0,0,0,0,0,2,5,2,145
kadams,Ken,Adams,MAD,12,1,0,0,0,0,0,0,0,0,0,0,0,0,0,0,0,0,0,0,0,0,0,0,0,0,0,0,2,5,2,145
kadams,Ken,Adams,MAD,13,1,0,0,0,0,0,0,0,0,0,0,0,0,0,0,0,0,0,0,0,0,0,0,0,0,0,0,2,5,2,145
badibe,Brandon,Adibe,TOR,2,2,0,0,0,0,0,0,2,2,0,0,0,3,15,96,0,0,0,0,19,4,0,0,1404,0,0,0,0,0,0,96
badibe,Brandon,Adibe,TOR,3,1,2,0,0,1,0,0,1,1,0,0,0,3,22,64,0,0,2,1,15,2,0,0,1060,0,3,2,3,2,1,160
badibe,Brandon,Adibe,TOR,6,2,0,1,0,2,0,0,2,3,1,0,0,2,14,37,0,0,1,1,29,5,0,0,1978,1,2,1,5,3,3,197
badibe,Brandon,Adibe,TOR,7,1,0,0,0,0,0,0,0,0,0,0,0,0,0,0,0,0,0,0,0,0,0,0,0,0,0,0,5,3,3,197
badibe,Brandon,Adibe,TOR,8,1,1,0,0,0,0,0,0,0,0,0,0,1,0,17,0,0,0,0,19,3,0,0,1026,0,1,1,6,4,3,214
badibe,Brandon,Adibe,TOR,9,2,2,0,0,0,0,0,1,3,2,0,0,5,-3,117,0,0,2,1,30,4,0,0,2173,2,0,2,6,6,3,331
badibe,Brandon,Adibe,TOR,10,1,0,0,0,0,0,0,0,0,0,0,0,0,0,0,0,0,0,0,0,0,0,0,0,0,0,0,6,6,3,331
badibe,Brandon,Adibe,TOR,11,1,0,0,0,0,0,0,0,0,0,0,1,1,0,1,0,0,0,0,11,4,0,0,863,1,-1,0,5,6,3,332
badibe,Brandon,Adibe,TOR,13,1,0,0,0,0,0,0,0,0,0,0,0,0,0,0,0,0,0,0,0,0,0,0,0,0,0,0,5,6,3,332
radkins,Raekwon,Adkins,OAK,1,1,1,1,1,0,0,0,10,11,1,0,0,12,61,172,0,0,15,10,4,1,0,0,1139,1,1,2,1,2,0,172
radkins,Raekwon,Adkins,OAK,2,2,0,0,0,0,0,0,0,0,0,0,0,0,0,0,0,0,0,0,0,0,0,0,0,0,0,0,1,2,0,172
radkins,Raekwon,Adkins,OAK,3,1,0,0,0,0,0,0,0,0,0,0,0,0,0,0,0,0,0,0,0,0,0,0,0,0,0,0,1,2,0,172
radkins,Raekwon,Adkins,OAK,5,1,0,0,0,0,0,0,0,0,0,0,0,0,0,0,0,0,0,0,0,0,0,0,0,0,0,0,1,2,0,172
radkins,Raekwon,Adkins,OAK,6,1,0,0,0,0,0,0,0,0,0,0,0,0,0,0,0,0,0,0,0,0,0,0,0,0,0,0,1,2,0,172
radkins,Raekwon,Adkins,OAK,7,1,0,0,0,0,0,0,0,0,0,0,0,0,0,0,0,0,0,0,0,0,0,0,0,0,0,0,1,2,0,172
radkins,Raekwon,Adkins,OAK,8,1,0,0,0,0,0,0,0,0,0,0,0,0,0,0,0,0,0,0,0,0,0,0,0,0,0,0,1,2,0,172
radkins,Raekwon,Adkins,OAK,9,1,0,0,0,0,0,0,0,0,0,0,0,0,0,0,0,0,0,0,0,0,0,0,0,0,0,0,1,2,0,172
radkins,Raekwon,Adkins,OAK,10,2,0,0,0,0,0,0,0,0,0,0,0,0,0,0,0,0,0,0,0,0,0,0,0,0,0,0,1,2,0,172
radkins,Raekwon,Adkins,OAK,13,1,0,1,1,1,0,0,26,30,4,0,0,29,96,159,0,2,14,7,1,0,0,0,1138,4,-2,1,-1,3,1,331
aagami,Axel,Agami,NY,1,2,5,2,1,2,0,0,16,16,0,0,0,18,64,130,0,0,2,2,33,12,0,0,2223,0,9,7,9,7,2,130
aagami,Axel,Agami,NY,3,1,1,0,2,0,0,0,3,3,0,0,0,3,-4,80,0,0,0,0,15,3,0,0,959,0,1,1,10,8,2,210
aagami,Axel,Agami,NY,4,2,2,0,0,0,0,0,7,7,0,0,0,9,19,117,0,0,2,1,14,3,0,0,1337,0,2,2,12,10,2,327
aagami,Axel,Agami,NY,5,1,1,1,1,0,0,0,7,8,1,0,0,7,58,40,0,0,1,1,13,5,0,0,989,1,1,2,13,12,2,367
aagami,Axel,Agami,NY,6,1,1,1,1,0,0,0,7,8,1,0,0,6,31,44,0,0,0,0,20,4,0,0,1137,1,1,2,14,14,2,411
aagami,Axel,Agami,NY,7,1,1,0,1,0,0,0,4,5,1,0,0,4,24,34,0,0,4,2,15,2,0,0,1120,1,0,1,14,15,2,445
aagami,Axel,Agami,NY,8,1,2,0,0,1,0,0,2,2,0,0,0,4,12,21,0,0,0,0,17,4,0,0,1428,0,3,2,17,17,3,466
aagami,Axel,Agami,NY,9,1,1,0,0,1,0,0,0,0,0,0,0,1,0,0,0,0,0,0,15,2,0,0,863,0,2,1,19,18,4,466
aagami,Axel,Agami,NY,12,1,2,2,1,0,0,0,3,3,0,0,0,5,47,119,0,0,2,1,16,6,0,0,1056,0,4,4,23,22,4,585
aagami,Axel,Agami,NY,13,1,0,1,0,0,0,0,7,7,0,0,0,8,-27,64,0,0,0,0,14,3,0,0,1005,0,1,1,24,23,4,649
nakers,Nicholas,Akers,DET,3,1,0,0,0,0,0,0,0,0,0,0,0,0,0,0,0,0,0,0,0,0,0,0,0,0,0,0,0,0,0,0
nakers,Nicholas,Akers,DET,5,1,0,0,0,0,0,0,0,0,0,0,0,0,0,0,0,0,0,0,0,0,0,0,0,0,0,0,0,0,0,0
nakers,Nicholas,Akers,DET,7,1,0,0,0,0,0,0,0,0,0,0,0,0,0,0,0,0,0,0,0,0,0,0,0,0,0,0,0,0,0,0
nakers,Nicholas,Akers,DET,8,1,0,0,0,0,0,0,0,0,0,0,0,0,0,0,0,0,0,0,0,0,0,0,0,0,0,0,0,0,0,0
nakers,Nicholas,Akers,DET,9,2,0,0,0,0,0,0,0,0,0,0,0,0,0,0,0,0,0,0,0,0,0,0,0,0,0,0,0,0,0,0
nakers,Nicholas,Akers,DET,10,2,0,0,0,0,0,0,0,0,0,0,0,0,0,0,0,0,0,0,0,0,0,0,0,0,0,0,0,0,0,0
nakers,Nicholas,Akers,DET,11,1,0,0,0,0,0,0,0,0,0,0,0,0,0,0,0,0,0,0,0,0,0,0,0,0,0,0,0,0,0,0
nakers,Nicholas,Akers,DET,12,1,0,0,0,0,0,0,0,0,0,0,0,0,0,0,0,0,0,0,7,1,7,1,340,0,0,0,0,0,0,0
nakers,Nicholas,Akers,DET,13,2,0,0,0,0,0,0,0,0,0,0,0,0,0,0,0,0,0,0,0,0,0,0,0,0,0,0,0,0,0,0
calbin,Cam,Albin,HTX,1,1,0,0,0,0,0,0,0,0,0,0,0,0,0,0,0,0,0,0,0,0,0,0,0,0,0,0,0,0,0,0
calbin,Cam,Albin,HTX,2,1,0,1,1,0,0,0,8,8,0,0,0,8,39,59,0,0,4,3,4,1,0,0,655,0,1,1,1,1,0,59
calbin,Cam,Albin,HTX,3,1,0,0,0,0,0,0,0,0,0,0,0,0,0,0,0,0,0,0,0,0,0,0,0,0,0,0,1,1,0,59
calbin,Cam,Albin,HTX,4,1,1,1,0,0,0,0,6,6,0,0,1,7,-21,90,0,0,2,0,9,5,0,0,689,1,1,2,2,3,0,149
calbin,Cam,Albin,HTX,6,2,0,0,0,0,0,0,0,0,0,0,0,0,0,0,0,0,0,0,0,0,0,0,0,0,0,0,2,3,0,149
calbin,Cam,Albin,HTX,8,1,0,0,0,0,0,0,0,0,0,0,0,0,0,0,0,0,0,0,0,0,0,0,0,0,0,0,2,3,0,149
calbin,Cam,Albin,HTX,9,2,3,1,3,0,0,0,27,29,2,0,0,32,144,219,1,2,26,17,9,0,0,0,2453,2,2,4,4,7,0,368
calbin,Cam,Albin,HTX,11,1,0,0,0,0,0,0,0,0,0,0,0,0,0,0,0,0,0,0,0,0,0,0,0,0,0,0,4,7,0,368
calbin,Cam,Albin,HTX,12,1,0,2,2,1,0,0,15,15,0,0,0,15,66,184,0,0,11,7,8,2,0,0,1213,0,3,2,7,9,1,552
calbin,Cam,Albin,HTX,13,1,0,0,0,0,0,0,0,0,0,0,0,0,0,0,0,0,0,0,0,0,0,0,0,0,0,0,7,9,1,552
kalexande,Kelsen,Alexander,MAD,2,2,1,2,6,1,0,0,44,45,1,0,0,31,440,74,0,0,25,18,0,0,0,0,2359,1,3,3,3,3,1,74
kalexande,Kelsen,Alexander,MAD,4,1,2,0,1,0,0,0,19,20,1,0,0,16,173,72,0,0,12,8,0,0,0,0,1109,1,1,2,4,5,1,146
kalexande,Kelsen,Alexander,MAD,6,1,0,1,1,1,0,0,16,17,1,0,0,10,177,57,1,1,11,7,0,0,0,0,744,1,1,1,5,6,2,203
kalexande,Kelsen,Alexander,MAD,7,1,2,1,2,0,0,0,25,26,1,0,0,21,186,109,1,1,17,11,0,0,0,0,1126,1,2,3,7,9,2,312
kalexande,Kelsen,Alexander,MAD,8,2,0,1,2,1,0,0,58,61,2,0,1,44,380,78,1,1,37,24,0,0,0,0,2765,3,-1,1,6,10,3,390
kalexande,Kelsen,Alexander,MAD,10,2,1,2,4,1,0,0,29,32,2,0,0,24,132,207,0,0,28,24,1,0,0,0,2282,2,2,3,8,13,4,597
kalexande,Kelsen,Alexander,MAD,11,1,2,1,3,0,0,0,17,18,1,0,0,16,126,62,0,0,4,3,11,6,0,0,784,1,2,3,10,16,4,659
kalexande,Kelsen,Alexander,MAD,12,1,0,0,1,0,0,0,19,21,2,0,1,17,90,66,0,1,13,8,0,0,0,0,1368,3,-3,0,7,16,4,725
kalexande,Kelsen,Alexander,MAD,13,1,0,0,0,0,0,0,10,11,1,0,0,9,87,25,0,0,9,3,7,2,0,0,1091,1,-1,0,6,16,4,750
ralin,Rainor,Alin,SLC,1,1,0,0,0,0,0,0,0,0,0,0,0,0,0,0,0,0,0,0,0,0,0,0,0,0,0,0,0,0,0,0
ralin,Rainor,Alin,SLC,2,1,0,0,0,0,0,0,0,0,0,0,0,0,0,0,0,0,0,0,0,0,0,0,0,0,0,0,0,0,0,0
ralin,Rainor,Alin,SLC,5,1,0,0,0,0,0,0,0,0,0,0,0,0,0,0,0,0,0,0,0,0,0,0,0,0,0,0,0,0,0,0
ralin,Rainor,Alin,SLC,6,2,0,0,0,0,0,0,0,0,0,0,0,0,0,0,0,0,0,0,0,0,0,0,0,0,0,0,0,0,0,0
ralin,Rainor,Alin,SLC,7,1,0,0,0,0,0,0,0,0,0,0,0,0,0,0,0,0,0,0,0,0,0,0,0,0,0,0,0,0,0,0
ralin,Rainor,Alin,SLC,8,1,0,0,0,0,0,0,0,0,0,0,0,0,0,0,0,0,0,0,0,0,0,0,0,0,0,0,0,0,0,0
ralin,Rainor,Alin,SLC,10,1,0,0,0,0,0,0,0,0,0,0,0,0,0,0,0,0,0,0,0,0,0,0,0,0,0,0,0,0,0,0
ralin,Rainor,Alin,SLC,11,2,0,0,0,0,0,0,0,0,0,0,0,0,0,0,0,0,0,0,0,0,0,0,0,0,0,0,0,0,0,0
ralin,Rainor,Alin,SLC,12,1,0,0,0,0,0,0,0,0,0,0,0,0,0,0,0,0,0,0,0,0,0,0,0,0,0,0,0,0,0,0
ralin,Rainor,Alin,SLC,13,1,0,0,0,0,0,0,0,0,0,0,0,0,0,0,0,0,0,0,0,0,0,0,0,0,0,0,0,0,0,0
salladi,Shashank,Alladi,NY,1,2,1,1,2,2,0,0,17,21,4,0,1,16,32,95,0,0,2,2,32,10,0,0,2194,5,-1,2,-1,2,2,95
salladi,Shashank,Alladi,NY,3,1,0,1,1,0,0,0,12,13,0,0,0,9,65,23,2,2,0,0,11,5,0,0,1072,0,1,1,0,3,2,118
salladi,Shashank,Alladi,NY,4,2,0,0,0,1,0,0,13,14,1,0,0,12,28,29,0,0,0,0,28,4,0,0,1850,1,0,0,0,3,3,147
salladi,Shashank,Alladi,NY,5,1,0,0,1,1,0,0,6,6,0,0,0,6,37,21,0,0,0,0,16,4,0,0,1127,0,1,0,1,3,4,168
salladi,Shashank,Alladi,NY,6,1,1,0,0,1,0,0,7,7,0,0,0,6,18,1,0,0,0,0,12,2,0,0,505,0,2,1,3,4,5,169
salladi,Shashank,Alladi,NY,7,1,0,0,0,0,0,0,2,2,0,0,0,2,-3,-10,0,0,0,0,15,2,0,0,1031,0,0,0,3,4,5,159
salladi,Shashank,Alladi,NY,8,1,0,2,0,0,0,0,4,4,0,1,0,4,34,15,0,0,0,0,15,4,0,0,1389,1,1,2,4,6,5,174
salladi,Shashank,Alladi,NY,9,1,0,0,0,0,0,0,0,0,0,0,0,0,0,0,0,0,0,0,13,2,0,0,724,0,0,0,4,6,5,174
salladi,Shashank,Alladi,NY,12,1,2,0,1,0,0,0,5,5,0,0,0,7,4,17,0,0,2,1,15,6,0,0,1048,0,2,2,6,8,5,191
salladi,Shashank,Alladi,NY,13,1,0,0,0,0,0,0,0,0,0,0,0,0,0,0,0,0,0,0,0,0,0,0,0,0,0,0,6,8,5,191
jallen1,Jackson,Allen,LV,1,1,0,0,0,0,0,0,0,0,0,0,0,0,0,0,0,0,0,0,0,0,0,0,0,0,0,0,0,0,0,0
jallen1,Jackson,Allen,LV,2,1,0,0,0,0,0,0,0,0,0,0,0,0,0,0,0,0,0,0,0,0,0,0,0,0,0,0,0,0,0,0
jallen1,Jackson,Allen,LV,3,1,0,0,0,0,0,0,0,0,0,0,0,0,0,0,0,0,0,0,0,0,0,0,0,0,0,0,0,0,0,0
jallen1,Jackson,Allen,LV,5,1,0,0,0,0,0,0,1,1,0,0,0,1,10,6,0,0,0,0,9,2,0,0,962,0,0,0,0,0,0,6
jallen1,Jackson,Allen,LV,7,2,0,0,1,1,0,0,1,1,0,0,0,1,7,5,0,0,0,0,11,2,0,0,760,0,1,0,1,0,1,11
jallen1,Jackson,Allen,LV,8,1,0,0,0,0,0,0,0,0,0,0,0,0,0,0,0,0,0,0,0,0,0,0,0,0,0,0,1,0,1,11
jallen1,Jackson,Allen,LV,9,2,0,0,0,0,0,0,0,0,0,0,0,0,0,0,0,0,0,0,0,0,0,0,0,0,0,0,1,0,1,11
jallen1,Jackson,Allen,LV,11,1,0,0,0,0,0,0,0,1,1,0,0,1,0,0,0,0,1,0,10,1,0,0,498,1,-1,0,0,0,1,11
jallen1,Jackson,Allen,LV,12,1,0,0,0,0,0,0,1,2,1,0,0,2,6,27,0,0,5,1,3,0,0,0,590,1,-1,0,-1,0,1,38
jallen1,Jackson,Allen,LV,13,1,0,0,0,0,0,0,0,0,0,0,0,0,0,0,0,0,0,0,0,0,0,0,0,0,0,0,-1,0,1,38
tallen1,Turner,Allen,BOS,1,1,0,2,2,0,0,0,10,10,0,0,1,9,13,52,0,0,0,0,16,5,0,0,1246,1,1,2,1,2,0,52
tallen1,Turner,Allen,BOS,3,1,0,1,1,1,0,0,9,10,0,0,0,10,6,66,0,0,0,0,13,5,0,0,1174,0,2,1,3,3,1,118
tallen1,Turner,Allen,BOS,4,2,2,2,1,3,0,0,25,26,1,0,0,27,12,281,0,0,6,4,25,9,0,0,2452,1,6,4,9,7,4,399
tallen1,Turner,Allen,BOS,7,1,2,0,0,2,0,0,11,11,0,0,0,12,26,78,0,0,1,1,15,4,0,0,942,0,4,2,13,9,6,477
tallen1,Turner,Allen,BOS,8,2,0,0,0,0,0,0,0,0,0,0,0,0,0,0,0,0,0,0,0,0,0,0,0,0,0,0,13,9,6,477
tallen1,Turner,Allen,BOS,9,1,0,0,0,0,0,0,0,0,0,0,0,0,0,0,0,0,0,0,0,0,0,0,0,0,0,0,13,9,6,477
tallen1,Turner,Allen,BOS,11,1,0,0,0,0,0,0,0,0,0,0,0,0,0,0,0,0,0,0,0,0,0,0,0,0,0,0,13,9,6,477
tallen1,Turner,Allen,BOS,12,2,0,0,0,0,0,0,8,8,0,0,0,9,7,42,0,0,0,0,10,2,0,0,1062,0,0,0,13,9,6,519
tallen1,Turner,Allen,BOS,13,1,0,0,0,0,0,0,0,0,0,0,0,0,0,0,0,0,0,0,0,0,0,0,0,0,0,0,13,9,6,519
rallenson,Ryan,Allenson,SEA,2,1,0,0,0,0,0,0,0,0,0,0,0,0,0,0,0,0,0,0,0,0,0,0,0,0,0,0,0,0,0,0
rallenson,Ryan,Allenson,SEA,3,2,0,0,0,0,0,0,0,0,0,0,0,0,0,0,0,0,0,0,0,0,0,0,0,0,0,0,0,0,0,0
rallenson,Ryan,Allenson,SEA,4,1,0,0,0,0,0,0,0,0,0,0,0,0,0,0,0,0,0,0,0,0,0,0,0,0,0,0,0,0,0,0
rallenson,Ryan,Allenson,SEA,5,2,0,0,0,0,0,0,0,0,0,0,0,0,0,0,0,0,0,0,0,0,0,0,0,0,0,0,0,0,0,0
rallenson,Ryan,Allenson,SEA,6,1,0,0,0,0,0,0,0,0,0,0,0,0,0,0,0,0,0,0,0,0,0,0,0,0,0,0,0,0,0,0
rallenson,Ryan,Allenson,SEA,7,1,0,0,0,0,0,0,0,0,0,0,0,0,0,0,0,0,0,0,0,0,0,0,0,0,0,0,0,0,0,0
rallenson,Ryan,Allenson,SEA,9,1,0,0,0,0,0,0,0,0,0,0,0,0,0,0,0,0,0,0,0,0,0,0,0,0,0,0,0,0,0,0
rallenson,Ryan,Allenson,SEA,10,1,0,0,0,0,0,0,0,0,0,0,0,0,0,0,0,0,0,0,0,0,0,0,0,0,0,0,0,0,0,0
rallenson,Ryan,Allenson,SEA,13,2,1,0,0,1,0,0,1,1,0,0,0,2,3,32,0,0,1,1,7,0,1,0,444,0,2,1,2,1,1,32
salston,Sam,Alston,NY,1,2,3,2,3,1,0,0,16,17,1,0,0,17,-1,142,0,0,1,0,24,13,18,2,1142,1,5,5,5,5,1,142
salston,Sam,Alston,NY,3,1,0,1,0,1,0,0,2,2,0,0,0,2,1,60,0,0,0,0,11,5,8,0,1072,0,2,1,7,6,2,202
salston,Sam,Alston,NY,4,2,0,0,0,1,0,0,8,8,0,0,0,7,17,27,0,0,0,0,21,4,15,2,1411,0,1,0,8,6,3,229
salston,Sam,Alston,NY,5,1,0,0,0,1,0,0,0,0,0,0,0,0,0,0,0,0,0,0,13,1,7,0,985,0,1,0,9,6,4,229
salston,Sam,Alston,NY,6,1,0,0,0,0,0,0,2,2,0,0,0,2,3,-1,0,0,0,0,10,2,6,0,461,0,0,0,9,6,4,228
salston,Sam,Alston,NY,7,1,0,0,0,1,0,0,0,1,1,0,0,1,0,6,0,0,0,0,9,1,1,0,675,1,0,0,9,6,5,234
salston,Sam,Alston,NY,8,1,0,0,0,2,0,0,1,1,0,0,0,0,8,0,0,0,0,0,9,3,0,0,654,0,2,0,11,6,7,234
salston,Sam,Alston,NY,9,1,0,0,0,0,0,0,1,2,1,0,0,1,-11,5,0,0,0,0,11,5,0,0,802,1,-1,0,10,6,7,239
salston,Sam,Alston,NY,12,1,0,0,0,0,0,0,0,0,0,0,0,0,0,0,0,0,0,0,0,0,0,0,0,0,0,0,10,6,7,239
salston,Sam,Alston,NY,13,1,0,0,0,0,0,0,0,0,0,0,0,0,0,0,0,0,0,0,0,0,0,0,0,0,0,0,10,6,7,239
lambrose,Lukas,Ambrose,SEA,2,1,0,0,1,1,0,0,10,12,2,0,1,12,13,105,0,0,4,1,23,5,9,1,1622,3,-2,0,-2,0,1,105
lambrose,Lukas,Ambrose,SEA,3,2,5,1,1,5,0,0,17,20,2,0,0,22,138,206,0,0,7,5,44,12,30,3,2866,2,9,6,7,6,6,311
lambrose,Lukas,Ambrose,SEA,4,1,3,0,3,2,0,0,10,10,0,0,0,13,89,113,1,1,6,4,15,4,3,0,1775,0,5,3,12,9,8,424
lambrose,Lukas,Ambrose,SEA,5,2,3,1,2,2,0,0,15,17,2,0,0,18,9,280,0,0,15,9,32,6,9,3,3208,2,4,4,16,13,10,704
lambrose,Lukas,Ambrose,SEA,6,1,0,0,0,0,0,0,0,0,0,0,0,0,0,0,0,0,0,0,0,0,0,0,0,0,0,0,16,13,10,704
lambrose,Lukas,Ambrose,SEA,7,1,0,0,0,0,0,0,0,0,0,0,0,0,0,0,0,0,0,0,0,0,0,0,0,0,0,0,16,13,10,704
lambrose,Lukas,Ambrose,SEA,9,1,0,0,2,1,0,0,13,13,0,0,0,13,65,31,0,0,1,1,19,5,9,0,1030,0,1,0,17,13,11,735
lambrose,Lukas,Ambrose,SEA,10,1,3,0,1,1,0,0,12,12,0,0,0,15,43,210,0,0,7,4,22,7,4,0,1762,0,4,3,21,16,12,945
lambrose,Lukas,Ambrose,SEA,13,2,1,2,1,1,0,0,9,10,1,0,0,10,76,129,0,1,3,3,20,7,7,0,1457,1,3,3,24,19,13,1074
mames,Michael,Ames,IND,2,1,1,2,0,0,0,0,13,14,1,0,0,14,99,56,0,1,10,8,6,1,0,0,751,1,2,3,2,3,0,56
mames,Michael,Ames,IND,3,1,0,0,1,0,0,0,33,33,0,0,0,32,114,59,0,0,13,7,6,0,0,0,1086,0,0,0,2,3,0,115
mames,Michael,Ames,IND,5,1,0,3,2,0,0,0,33,35,2,0,0,21,319,68,2,2,21,15,0,0,0,0,1817,2,1,3,3,6,0,183
mames,Michael,Ames,IND,6,1,0,0,0,0,0,0,0,0,0,0,0,0,0,0,0,0,0,0,0,0,0,0,0,0,0,0,3,6,0,183
mames,Michael,Ames,IND,7,1,1,3,1,0,0,0,23,24,1,0,0,20,145,53,0,0,3,3,11,6,7,0,946,1,3,4,6,10,0,236
mames,Michael,Ames,IND,8,1,0,1,0,0,0,0,10,11,0,0,0,9,85,3,0,0,5,0,8,1,1,0,700,0,1,1,7,11,0,239
mames,Michael,Ames,IND,9,1,0,0,0,0,0,0,0,0,0,0,0,0,0,0,0,0,0,0,0,0,0,0,0,0,0,0,7,11,0,239
mames,Michael,Ames,IND,10,2,1,0,3,0,0,0,29,30,1,0,0,24,185,92,1,1,10,7,7,2,0,0,823,1,0,1,7,12,0,331
mames,Michael,Ames,IND,11,1,0,2,0,0,0,1,45,47,2,0,0,42,281,83,0,1,21,5,0,0,0,0,1483,2,0,2,7,14,0,414
mames,Michael,Ames,IND,12,1,0,1,7,0,0,0,62,64,2,0,0,53,588,-213,0,0,21,18,0,0,0,0,1452,2,-1,1,6,15,0,201
mames,Michael,Ames,IND,13,1,0,0,0,0,0,0,0,0,0,0,0,0,0,0,0,0,0,0,0,0,0,0,0,0,0,0,6,15,0,201
janderson,Jake,Anderson,LV,1,1,0,0,0,0,0,0,0,0,0,0,0,0,0,0,0,0,0,0,0,0,0,0,0,0,0,0,0,0,0,0
janderson,Jake,Anderson,LV,2,1,0,0,0,0,0,0,0,0,0,0,0,0,0,0,0,0,0,0,0,0,0,0,0,0,0,0,0,0,0,0
janderson,Jake,Anderson,LV,3,1,0,0,0,0,0,0,0,0,0,0,0,0,0,0,0,0,0,0,0,0,0,0,0,0,0,0,0,0,0,0
janderson,Jake,Anderson,LV,5,1,0,0,0,0,0,0,0,0,0,0,0,0,0,0,0,0,0,0,0,0,0,0,0,0,0,0,0,0,0,0
janderson,Jake,Anderson,LV,7,2,0,0,0,0,0,0,0,0,0,0,0,0,0,0,0,0,0,0,0,0,0,0,0,0,0,0,0,0,0,0
janderson,Jake,Anderson,LV,8,1,0,0,0,0,0,0,1,1,0,0,0,1,-5,20,0,0,0,0,13,1,0,0,724,0,0,0,0,0,0,20
janderson,Jake,Anderson,LV,9,2,0,0,0,0,0,0,2,3,1,0,0,3,-6,55,0,1,9,4,15,1,0,0,1673,1,-1,0,-1,0,0,75
janderson,Jake,Anderson,LV,11,1,1,0,0,1,0,0,0,0,0,0,0,1,0,12,0,0,0,0,8,1,0,0,337,0,2,1,1,1,1,87
janderson,Jake,Anderson,LV,12,1,0,0,0,0,0,0,0,0,0,0,0,0,0,0,0,0,0,0,9,2,0,0,693,0,0,0,1,1,1,87
janderson,Jake,Anderson,LV,13,1,0,0,0,0,0,0,0,0,0,0,0,0,0,0,0,0,0,0,8,1,0,0,392,0,0,0,1,1,1,87
marmour,Matthew,Armour,ATX,1,1,0,0,0,0,0,0,0,0,0,0,0,0,0,0,0,0,0,0,0,0,0,0,0,0,0,0,0,0,0,0
marmour,Matthew,Armour,ATX,2,1,0,0,0,0,0,0,0,0,0,0,0,0,0,0,0,0,0,0,0,0,0,0,0,0,0,0,0,0,0,0
marmour,Matthew,Armour,ATX,3,1,0,0,0,0,0,0,0,0,0,0,0,0,0,0,0,0,0,0,0,0,0,0,0,0,0,0,0,0,0,0
marmour,Matthew,Armour,ATX,4,1,0,0,0,0,0,0,0,0,0,0,0,0,0,0,0,0,0,0,0,0,0,0,0,0,0,0,0,0,0,0
marmour,Matthew,Armour,ATX,7,2,0,0,0,0,0,0,0,0,0,0,0,0,0,0,0,0,0,0,0,0,0,0,0,0,0,0,0,0,0,0
marmour,Matthew,Armour,ATX,8,1,0,0,0,0,0,0,0,0,0,0,0,0,0,0,0,0,0,0,0,0,0,0,0,0,0,0,0,0,0,0
marmour,Matthew,Armour,ATX,10,2,0,0,0,0,0,0,0,0,0,0,0,0,0,0,0,0,0,0,0,0,0,0,0,0,0,0,0,0,0,0
marmour,Matthew,Armour,ATX,11,1,0,0,0,0,0,0,0,0,0,0,0,0,0,0,0,0,0,0,0,0,0,0,0,0,0,0,0,0,0,0
marmour,Matthew,Armour,ATX,12,1,0,0,0,0,0,0,0,0,0,0,0,0,0,0,0,0,0,0,0,0,0,0,0,0,0,0,0,0,0,0
marmour,Matthew,Armour,ATX,13,1,0,0,0,0,0,0,0,0,0,0,0,0,0,0,0,0,0,0,0,0,0,0,0,0,0,0,0,0,0,0
carmstron1,Carson,Armstrong,ATX,1,1,2,1,0,0,0,0,37,41,4,0,0,32,295,149,0,0,23,17,1,0,0,0,1154,4,-1,3,-1,3,0,149
carmstron1,Carson,Armstrong,ATX,2,1,1,0,1,0,0,0,39,40,1,0,0,35,198,167,0,0,19,15,0,0,0,0,1341,1,0,1,-1,4,0,316
carmstron1,Carson,Armstrong,ATX,3,1,0,0,0,0,0,0,0,0,0,0,0,0,0,0,0,0,0,0,0,0,0,0,0,0,0,0,-1,4,0,316
carmstron1,Carson,Armstrong,ATX,4,1,1,0,2,0,0,0,15,17,2,0,1,15,97,96,0,2,19,13,0,0,0,0,1351,3,-2,1,-3,5,0,412
carmstron1,Carson,Armstrong,ATX,7,2,2,1,1,0,0,0,50,51,1,0,0,45,261,305,0,1,27,19,9,2,0,0,2274,1,2,3,-1,8,0,717
carmstron1,Carson,Armstrong,ATX,8,1,0,4,2,0,0,0,25,26,1,0,0,22,280,138,1,1,20,15,0,0,0,0,1215,1,3,4,2,12,0,855
carmstron1,Carson,Armstrong,ATX,10,2,2,4,3,0,0,0,35,39,3,0,0,38,288,252,2,2,37,24,0,0,0,0,2489,3,3,6,5,18,0,1107
carmstron1,Carson,Armstrong,ATX,11,1,1,3,4,0,0,0,32,32,0,0,0,29,307,172,1,1,24,21,0,0,0,0,1334,0,4,4,9,22,0,1279
carmstron1,Carson,Armstrong,ATX,12,1,0,4,2,0,0,0,27,28,1,0,0,24,170,128,2,2,17,12,0,0,0,0,1225,1,3,4,12,26,0,1407
carmstron1,Carson,Armstrong,ATX,13,1,0,1,2,0,0,0,25,26,1,0,0,19,262,87,0,0,22,12,0,0,0,0,1439,1,0,1,12,27,0,1494
marmstron,Myles,Armstrong,ATX,1,1,3,4,3,0,0,0,27,27,0,0,0,30,231,183,3,3,23,17,2,0,0,0,1175,0,7,7,7,7,0,183
marmstron,Myles,Armstrong,ATX,2,1,0,2,3,0,0,0,25,26,1,0,0,26,59,168,0,0,20,15,0,0,0,0,1344,1,1,2,8,9,0,351
marmstron,Myles,Armstrong,ATX,3,1,4,4,1,0,0,0,20,20,0,0,0,24,231,253,2,2,21,18,0,0,0,0,1242,0,8,8,16,17,0,604
marmstron,Myles,Armstrong,ATX,4,1,1,1,1,0,0,0,12,12,0,0,0,14,76,126,0,0,19,13,0,0,0,0,1351,0,2,2,18,19,0,730
marmstron,Myles,Armstrong,ATX,7,2,2,0,3,0,0,0,32,36,4,0,1,37,145,204,1,1,37,21,0,0,0,0,2874,5,-3,2,15,21,0,934
marmstron,Myles,Armstrong,ATX,8,1,4,3,3,0,0,0,15,16,1,0,1,20,230,303,2,3,20,15,0,0,0,0,1215,2,5,7,20,28,0,1237
marmstron,Myles,Armstrong,ATX,10,2,0,0,0,0,0,0,0,0,0,0,0,0,0,0,0,0,0,0,0,0,0,0,0,0,0,0,20,28,0,1237
marmstron,Myles,Armstrong,ATX,11,1,0,0,0,0,0,0,0,0,0,0,0,0,0,0,0,0,0,0,0,0,0,0,0,0,0,0,20,28,0,1237
marmstron,Myles,Armstrong,ATX,12,1,2,0,2,0,0,0,19,20,1,0,0,22,87,152,0,0,17,12,0,0,0,0,1225,1,1,2,21,30,0,1389
marmstron,Myles,Armstrong,ATX,13,1,1,4,1,0,0,0,20,20,0,0,0,21,187,222,1,1,22,13,2,0,0,0,1467,0,5,5,26,35,0,1611
oarmstron,Oakley,Armstrong,ATX,1,1,1,0,1,1,1,0,1,1,0,0,0,1,18,10,0,0,0,0,15,6,0,0,779,0,2,1,2,1,1,10
oarmstron,Oakley,Armstrong,ATX,2,1,0,0,0,0,0,0,4,4,0,0,0,3,14,13,0,0,0,0,9,3,0,0,524,0,0,0,2,1,1,23
oarmstron,Oakley,Armstrong,ATX,3,1,0,1,2,1,0,0,4,6,2,0,0,4,78,12,0,0,0,0,15,4,0,0,860,2,0,1,2,2,2,35
oarmstron,Oakley,Armstrong,ATX,4,1,0,0,0,2,0,0,6,7,1,0,0,4,55,27,0,0,0,0,12,4,0,0,1038,1,1,0,3,2,4,62
oarmstron,Oakley,Armstrong,ATX,7,2,3,0,1,0,0,0,6,6,0,0,0,8,43,100,0,0,0,0,19,10,2,0,1549,0,3,3,6,5,4,162
oarmstron,Oakley,Armstrong,ATX,8,1,1,0,1,1,0,0,3,3,0,0,1,4,12,28,0,0,0,0,14,4,1,0,1140,1,1,1,7,6,5,190
oarmstron,Oakley,Armstrong,ATX,10,2,0,0,0,0,0,0,0,0,0,0,0,0,0,0,0,0,0,0,24,5,0,0,1533,0,0,0,7,6,5,190
oarmstron,Oakley,Armstrong,ATX,11,1,0,0,0,0,0,0,0,0,0,0,0,0,0,0,0,0,0,0,0,0,0,0,0,0,0,0,7,6,5,190
oarmstron,Oakley,Armstrong,ATX,12,1,0,0,0,0,0,0,0,0,0,0,0,0,0,0,0,0,0,0,0,0,0,0,0,0,0,0,7,6,5,190
oarmstron,Oakley,Armstrong,ATX,13,1,0,0,0,0,0,0,0,0,0,0,0,0,0,0,0,0,0,0,0,0,0,0,0,0,0,0,7,6,5,190
zarmstron,Zachary,Armstrong,TOR,2,2,0,1,0,1,0,0,2,2,0,0,0,2,-4,74,0,0,2,0,29,2,10,1,2039,0,2,1,2,1,1,74
zarmstron,Zachary,Armstrong,TOR,3,1,0,0,0,0,0,0,3,4,1,0,0,4,20,38,0,0,2,1,20,4,12,0,1302,1,-1,0,1,1,1,112
zarmstron,Zachary,Armstrong,TOR,6,2,0,0,0,2,0,0,1,1,0,0,0,1,2,16,0,0,1,1,27,5,17,0,1838,0,2,0,3,1,3,128
zarmstron,Zachary,Armstrong,TOR,7,1,2,2,0,0,0,0,3,3,0,0,0,5,11,42,0,0,2,1,18,9,11,1,1107,0,4,4,7,5,3,170
zarmstron,Zachary,Armstrong,TOR,8,1,0,0,0,0,0,0,1,1,0,0,0,1,13,24,0,0,3,0,20,3,3,0,1133,0,0,0,7,5,3,194
zarmstron,Zachary,Armstrong,TOR,9,2,0,0,1,1,0,0,4,4,0,0,0,4,54,14,0,0,5,3,28,4,9,0,2111,0,1,0,8,5,4,208
zarmstron,Zachary,Armstrong,TOR,10,1,1,1,0,0,0,0,5,6,1,0,0,7,15,75,0,1,9,4,11,5,7,0,1617,1,1,2,9,7,4,283
zarmstron,Zachary,Armstrong,TOR,11,1,0,0,0,0,0,0,0,0,0,0,0,0,0,0,0,0,0,0,0,0,0,0,0,0,0,0,9,7,4,283
zarmstron,Zachary,Armstrong,TOR,13,1,0,0,0,0,0,0,3,3,0,0,0,3,13,19,0,0,1,0,8,1,6,1,403,0,0,0,9,7,4,302
parters,Paul,Arters,CHI,4,1,0,0,0,0,0,0,0,0,0,0,0,0,0,0,0,0,0,0,0,0,0,0,0,0,0,0,0,0,0,0
parters,Paul,Arters,CHI,6,1,1,1,2,0,0,0,33,36,3,0,0,32,241,129,0,2,20,13,0,0,0,0,1427,3,-1,2,-1,2,0,129
parters,Paul,Arters,CHI,7,1,0,4,1,0,0,0,45,48,1,0,0,45,387,139,3,4,19,14,0,0,0,0,1616,1,3,4,2,6,0,268
parters,Paul,Arters,CHI,8,1,1,3,3,0,0,0,15,15,0,0,0,11,185,40,1,1,13,11,0,0,0,0,509,0,4,4,6,10,0,308
parters,Paul,Arters,CHI,9,2,0,0,0,0,0,0,0,0,0,0,0,0,0,0,0,0,0,0,0,0,0,0,0,0,0,0,6,10,0,308
parters,Paul,Arters,CHI,10,2,0,2,3,3,0,0,16,19,3,0,0,13,257,90,2,5,13,10,4,2,0,0,1357,3,2,2,8,12,3,398
parters,Paul,Arters,CHI,11,2,0,8,3,1,0,0,72,76,4,0,0,66,773,162,3,4,39,32,0,0,0,0,2557,4,5,8,13,20,4,560
parters,Paul,Arters,CHI,13,2,0,1,3,1,0,0,28,31,3,0,0,28,281,102,1,1,16,10,0,0,0,0,1032,3,-1,1,12,21,5,662
oartus,Oliver,Artus,SD,2,2,4,1,4,1,0,0,17,19,2,0,0,23,115,331,0,1,24,19,0,0,0,0,1387,2,4,5,4,5,1,331
oartus,Oliver,Artus,SD,3,1,1,1,1,0,0,0,10,10,0,0,0,11,24,183,0,0,14,10,0,0,0,0,1087,0,2,2,6,7,1,514
oartus,Oliver,Artus,SD,4,1,0,0,0,0,0,0,0,0,0,0,0,0,0,0,0,0,0,0,0,0,0,0,0,0,0,0,6,7,1,514
oartus,Oliver,Artus,SD,5,2,9,4,1,1,0,0,21,22,1,0,2,31,140,463,2,2,49,36,0,0,0,0,2905,3,11,13,17,20,2,977
oartus,Oliver,Artus,SD,6,1,3,1,0,0,0,0,5,5,0,0,0,7,11,155,0,0,13,9,3,0,0,0,745,0,4,4,21,24,2,1132
oartus,Oliver,Artus,SD,7,1,3,0,0,1,0,0,4,5,1,0,0,8,17,114,0,1,18,10,0,0,0,0,1028,1,3,3,24,27,3,1246
oartus,Oliver,Artus,SD,8,1,1,1,2,0,0,0,9,9,0,0,0,10,81,110,1,1,17,13,1,0,0,0,1035,0,2,2,26,29,3,1356
oartus,Oliver,Artus,SD,10,1,1,1,0,0,0,0,13,14,1,0,0,15,-3,107,0,0,16,9,2,0,0,0,1006,1,1,2,27,31,3,1463
oartus,Oliver,Artus,SD,11,1,3,1,1,0,0,0,12,12,0,0,1,15,62,126,0,0,16,9,1,0,0,0,1074,1,3,4,30,35,3,1589
oartus,Oliver,Artus,SD,13,1,1,1,0,1,0,0,7,9,2,0,0,11,21,71,0,0,14,7,0,0,0,0,1640,2,1,2,31,37,4,1660
jartz,Jacob,Artz,ORE,1,1,0,0,1,0,0,0,23,24,1,0,1,20,141,86,0,0,12,6,7,0,0,0,1397,2,-2,0,-2,0,0,86
jartz,Jacob,Artz,ORE,2,1,2,0,1,0,0,0,24,24,0,0,0,22,29,77,0,0,9,4,9,1,0,0,1111,0,2,2,0,2,0,163
jartz,Jacob,Artz,ORE,4,1,0,0,0,0,0,0,0,0,0,0,0,0,0,0,0,0,0,0,0,0,0,0,0,0,0,0,0,2,0,163
jartz,Jacob,Artz,ORE,5,2,0,0,0,1,0,0,21,21,0,0,4,19,70,37,0,0,8,6,20,1,0,0,2346,4,-3,0,-3,2,1,200
jartz,Jacob,Artz,ORE,6,1,0,0,1,0,0,0,10,11,0,0,0,8,20,72,0,0,3,2,12,6,0,0,1125,0,0,0,-3,2,1,272
jartz,Jacob,Artz,ORE,7,1,0,0,0,0,0,0,0,0,0,0,0,0,0,0,0,0,0,0,0,0,0,0,0,0,0,0,-3,2,1,272
jartz,Jacob,Artz,ORE,8,2,0,0,0,0,0,0,7,7,0,0,0,4,42,10,0,0,9,1,12,1,0,0,1232,0,0,0,-3,2,1,282
jartz,Jacob,Artz,ORE,9,1,0,0,0,0,0,0,0,0,0,0,0,0,0,0,0,0,0,0,0,0,0,0,0,0,0,0,-3,2,1,282
jartz,Jacob,Artz,ORE,10,1,0,0,3,1,0,0,17,17,0,0,0,13,114,39,0,0,4,3,11,5,0,0,1133,0,1,0,-2,2,2,321
jartz,Jacob,Artz,ORE,13,1,0,0,1,1,0,0,15,16,1,1,0,12,88,55,0,0,5,3,17,2,0,0,1487,2,-1,0,-3,2,3,376
bashton,Ben,Ashton,SLC,1,1,0,1,0,0,0,0,4,5,1,0,0,5,43,16,0,0,1,0,19,2,0,0,1324,1,0,1,0,1,0,16
bashton,Ben,Ashton,SLC,2,1,0,0,0,0,0,0,0,0,0,0,0,0,0,0,0,0,0,0,0,0,0,0,0,0,0,0,0,1,0,16
bashton,Ben,Ashton,SLC,5,1,0,0,0,0,0,0,0,0,0,0,0,0,0,0,0,0,0,0,0,0,0,0,0,0,0,0,0,1,0,16
bashton,Ben,Ashton,SLC,6,2,0,0,0,0,0,0,0,0,0,0,0,0,0,0,0,0,0,0,0,0,0,0,0,0,0,0,0,1,0,16
bashton,Ben,Ashton,SLC,7,1,0,0,0,0,0,0,0,0,0,0,0,0,0,0,0,0,0,0,0,0,0,0,0,0,0,0,0,1,0,16
bashton,Ben,Ashton,SLC,8,1,0,0,0,0,0,0,0,0,0,0,0,0,0,0,0,0,0,0,0,0,0,0,0,0,0,0,0,1,0,16
bashton,Ben,Ashton,SLC,10,1,0,0,2,2,0,0,6,6,0,0,0,5,27,35,0,0,1,1,17,3,0,0,937,0,2,0,2,1,2,51
bashton,Ben,Ashton,SLC,11,2,1,2,1,4,0,0,17,18,1,0,0,13,160,81,2,2,1,1,34,17,2,1,2793,1,6,3,8,4,6,132
bashton,Ben,Ashton,SLC,12,1,0,1,2,0,0,0,7,7,0,0,0,6,65,30,0,0,0,0,16,4,1,0,1095,0,1,1,9,5,6,162
bashton,Ben,Ashton,SLC,13,1,0,1,2,0,0,0,5,5,0,0,0,4,19,17,0,0,0,0,16,6,0,0,1055,0,1,1,10,6,6,179
nastrom,Nate,Astrom,CHI,4,1,0,0,0,0,0,0,0,0,0,0,0,0,0,0,0,0,0,0,0,0,0,0,0,0,0,0,0,0,0,0
nastrom,Nate,Astrom,CHI,6,1,1,0,0,0,0,0,1,2,1,0,0,3,5,89,0,0,3,2,1,0,0,0,328,1,0,1,0,1,0,89
nastrom,Nate,Astrom,CHI,7,1,1,1,1,2,0,0,5,5,0,0,1,6,3,128,0,0,5,3,10,5,1,0,1137,1,3,2,3,3,2,217
nastrom,Nate,Astrom,CHI,8,1,0,0,0,0,0,0,0,0,0,0,0,0,0,0,0,0,0,0,0,0,0,0,0,0,0,0,3,3,2,217
nastrom,Nate,Astrom,CHI,9,2,0,1,1,2,0,0,6,7,1,0,1,6,72,47,0,1,15,13,3,3,0,0,1237,2,1,1,4,4,4,264
nastrom,Nate,Astrom,CHI,10,2,3,3,1,1,0,0,12,14,1,0,0,16,127,214,1,2,15,12,4,1,0,0,1323,1,6,6,10,10,5,478
nastrom,Nate,Astrom,CHI,11,2,2,0,0,0,0,0,5,5,0,0,0,7,14,80,0,0,2,2,5,4,0,0,561,0,2,2,12,12,5,558
nastrom,Nate,Astrom,CHI,13,2,0,0,0,0,0,0,0,0,0,0,0,0,0,0,0,0,0,0,0,0,0,0,0,0,0,0,12,12,5,558
aatkins,Alex,Atkins,COL,1,1,0,3,2,4,0,0,38,40,2,0,0,26,178,-33,1,3,2,1,26,13,23,0,2007,2,5,3,5,3,4,-33
aatkins,Alex,Atkins,COL,4,2,4,6,2,1,0,0,76,86,8,0,1,65,557,166,4,8,16,9,39,12,33,2,3930,9,2,10,7,13,5,133
aatkins,Alex,Atkins,COL,5,1,2,3,0,3,0,0,22,25,3,0,1,21,40,196,1,1,2,2,24,10,21,1,1819,4,4,5,11,18,8,329
aatkins,Alex,Atkins,COL,6,1,0,0,0,0,0,0,0,0,0,0,0,0,0,0,0,0,0,0,0,0,0,0,0,0,0,0,11,18,8,329
aatkins,Alex,Atkins,COL,9,1,0,0,0,0,0,0,0,0,0,0,0,0,0,0,0,0,0,0,0,0,0,0,0,0,0,0,11,18,8,329
aatkins,Alex,Atkins,COL,10,2,0,0,0,0,0,0,0,0,0,0,0,0,0,0,0,0,0,0,0,0,0,0,0,0,0,0,11,18,8,329
aatkins,Alex,Atkins,COL,11,1,0,0,0,0,0,0,0,0,0,0,0,0,0,0,0,0,0,0,0,0,0,0,0,0,0,0,11,18,8,329
aatkins,Alex,Atkins,COL,12,2,0,0,0,0,0,0,0,0,0,0,0,0,0,0,0,0,0,0,0,0,0,0,0,0,0,0,11,18,8,329
aatkins,Alex,Atkins,COL,13,1,0,0,0,0,0,0,0,0,0,0,0,0,0,0,0,0,0,0,0,0,0,0,0,0,0,0,11,18,8,329
battal,Benjamin,Attal,PIT,2,1,0,0,0,0,0,0,0,0,0,0,0,0,0,0,0,0,0,0,0,0,0,0,0,0,0,0,0,0,0,0
battal,Benjamin,Attal,PIT,3,1,0,0,0,0,0,0,0,0,0,0,0,0,0,0,0,0,0,0,0,0,0,0,0,0,0,0,0,0,0,0
battal,Benjamin,Attal,PIT,4,1,0,0,0,0,0,0,0,0,0,0,0,0,0,0,0,0,0,0,0,0,0,0,0,0,0,0,0,0,0,0
battal,Benjamin,Attal,PIT,5,1,0,1,0,0,0,0,24,25,1,0,0,20,113,120,1,1,16,7,2,0,0,0,1036,1,0,1,0,1,0,120
battal,Benjamin,Attal,PIT,6,1,0,0,0,0,0,0,0,0,0,0,0,0,0,0,0,0,0,0,0,0,0,0,0,0,0,0,0,1,0,120
battal,Benjamin,Attal,PIT,7,1,0,0,0,0,0,0,0,0,0,0,0,0,0,0,0,0,0,0,0,0,0,0,0,0,0,0,0,1,0,120
battal,Benjamin,Attal,PIT,8,1,0,0,0,0,0,0,0,0,0,0,0,0,0,0,0,0,0,0,0,0,0,0,0,0,0,0,0,1,0,120
battal,Benjamin,Attal,PIT,9,2,0,0,0,0,0,0,10,11,0,0,0,8,58,-12,0,0,2,0,7,1,0,0,744,0,0,0,0,1,0,108
battal,Benjamin,Attal,PIT,10,1,0,0,0,0,0,0,0,0,0,0,0,0,0,0,0,0,0,0,0,0,0,0,0,0,0,0,0,1,0,108
battal,Benjamin,Attal,PIT,11,1,0,0,1,0,0,0,6,6,0,0,0,6,40,6,0,0,3,2,8,0,0,0,903,0,0,0,0,1,0,114
battal,Benjamin,Attal,PIT,13,1,0,0,0,0,0,0,0,0,0,0,0,0,0,0,0,0,0,0,0,0,0,0,0,0,0,0,0,1,0,114
aaucoin,Arthur,Aucoin,NY,1,2,0,0,0,0,0,0,0,0,0,0,0,0,0,0,0,0,0,0,0,0,0,0,0,0,0,0,0,0,0,0
aaucoin,Arthur,Aucoin,NY,3,1,0,0,0,0,0,0,0,0,0,0,0,0,0,0,0,0,0,0,0,0,0,0,0,0,0,0,0,0,0,0
aaucoin,Arthur,Aucoin,NY,4,2,0,0,0,0,0,0,0,0,0,0,0,0,0,0,0,0,0,0,0,0,0,0,0,0,0,0,0,0,0,0
aaucoin,Arthur,Aucoin,NY,5,1,0,0,0,0,0,0,0,0,0,0,0,0,0,0,0,0,0,0,0,0,0,0,0,0,0,0,0,0,0,0
aaucoin,Arthur,Aucoin,NY,6,1,0,0,0,0,0,0,0,0,0,0,0,0,0,0,0,0,0,0,0,0,0,0,0,0,0,0,0,0,0,0
aaucoin,Arthur,Aucoin,NY,7,1,0,0,0,0,0,0,0,0,0,0,0,0,0,0,0,0,0,0,0,0,0,0,0,0,0,0,0,0,0,0
aaucoin,Arthur,Aucoin,NY,8,1,0,0,0,0,0,0,1,1,0,0,0,1,13,14,0,0,0,0,12,2,0,0,1242,0,0,0,0,0,0,14
aaucoin,Arthur,Aucoin,NY,9,1,0,0,0,0,0,0,1,2,0,0,0,1,-2,4,0,0,0,0,10,5,0,0,786,0,0,0,0,0,0,18
aaucoin,Arthur,Aucoin,NY,12,1,3,1,1,1,1,0,4,4,0,0,0,4,26,24,0,0,3,2,12,4,0,0,952,0,5,4,5,4,1,42
aaucoin,Arthur,Aucoin,NY,13,1,0,0,0,0,0,0,0,0,0,0,0,0,0,0,0,0,0,0,0,0,0,0,0,0,0,0,5,4,1,42
naustin,Nathaniel,Austin,ATL,1,1,0,0,0,0,0,0,0,0,0,0,0,0,0,0,0,0,0,0,0,0,0,0,0,0,0,0,0,0,0,0
naustin,Nathaniel,Austin,ATL,3,2,2,0,0,0,0,0,2,2,0,0,0,3,-10,32,0,0,0,0,11,4,0,0,750,0,2,2,2,2,0,32
naustin,Nathaniel,Austin,ATL,4,2,1,0,0,0,0,0,0,0,0,0,0,1,0,6,0,0,0,0,11,3,0,0,525,0,1,1,3,3,0,38
naustin,Nathaniel,Austin,ATL,5,1,0,0,0,0,0,0,0,0,0,0,0,0,0,0,0,0,0,0,0,0,0,0,0,0,0,0,3,3,0,38
naustin,Nathaniel,Austin,ATL,6,2,0,0,0,0,0,0,0,0,0,0,0,0,0,0,0,0,0,0,0,0,0,0,0,0,0,0,3,3,0,38
naustin,Nathaniel,Austin,ATL,7,1,0,0,0,0,0,0,0,0,0,0,0,0,0,0,0,0,0,0,5,0,0,0,351,0,0,0,3,3,0,38
naustin,Nathaniel,Austin,ATL,9,1,0,0,0,0,0,0,0,0,0,0,0,0,0,0,0,0,0,0,0,0,0,0,0,0,0,0,3,3,0,38
naustin,Nathaniel,Austin,ATL,10,1,0,1,0,0,0,0,1,1,0,0,0,1,11,33,0,0,0,0,3,2,0,0,206,0,1,1,4,4,0,71
naustin,Nathaniel,Austin,ATL,12,1,0,0,0,0,0,0,0,0,0,0,1,0,0,0,0,0,0,0,8,1,0,0,326,1,-1,0,3,4,0,71
haustinkn,Hayden,Austin-Knab,ATL,1,1,1,3,5,0,0,0,32,33,1,0,0,29,306,73,3,3,21,19,2,0,1,0,1435,1,3,4,3,4,0,73
haustinkn,Hayden,Austin-Knab,ATL,3,2,3,8,8,1,1,0,68,73,5,0,0,74,483,298,3,5,43,34,3,0,1,0,2921,5,7,11,10,15,1,371
haustinkn,Hayden,Austin-Knab,ATL,4,2,3,5,5,0,0,0,43,46,2,0,1,47,514,498,6,6,39,29,0,0,0,0,2508,3,5,8,15,23,1,869
haustinkn,Hayden,Austin-Knab,ATL,5,1,3,2,1,0,0,0,34,36,2,0,0,39,415,245,2,2,22,18,0,0,0,0,1562,2,3,5,18,28,1,1114
haustinkn,Hayden,Austin-Knab,ATL,6,2,3,3,4,0,0,0,97,102,4,0,0,95,483,284,1,3,44,26,1,0,0,0,3819,4,2,6,20,34,1,1398
haustinkn,Hayden,Austin-Knab,ATL,7,1,1,6,2,1,0,0,33,33,0,0,0,32,345,273,2,2,22,14,3,1,0,0,1490,0,8,7,28,41,2,1671
haustinkn,Hayden,Austin-Knab,ATL,9,1,1,3,1,0,0,0,16,16,0,0,0,17,239,170,2,2,19,18,0,0,0,0,933,0,4,4,32,45,2,1841
haustinkn,Hayden,Austin-Knab,ATL,10,1,3,1,1,0,0,0,14,15,0,0,0,17,85,53,0,1,12,10,0,0,0,0,733,0,4,4,36,49,2,1894
haustinkn,Hayden,Austin-Knab,ATL,12,1,2,4,3,1,0,0,38,39,1,0,0,40,315,139,2,2,19,16,0,0,0,0,1361,1,6,6,42,55,3,2033
maverill,Morey,Averill,PIT,2,1,0,0,0,0,0,0,0,0,0,0,0,0,0,0,0,0,0,0,0,0,0,0,0,0,0,0,0,0,0,0
maverill,Morey,Averill,PIT,3,1,0,0,0,0,0,0,0,0,0,0,0,0,0,0,0,0,0,0,0,0,0,0,0,0,0,0,0,0,0,0
maverill,Morey,Averill,PIT,4,1,0,0,0,0,0,0,0,1,1,0,0,1,0,6,0,0,1,0,4,0,0,0,416,1,-1,0,-1,0,0,6
maverill,Morey,Averill,PIT,5,1,0,0,0,0,0,0,0,0,0,0,0,0,0,0,0,0,0,0,0,0,0,0,0,0,0,0,-1,0,0,6
maverill,Morey,Averill,PIT,6,1,0,0,0,0,0,0,0,0,0,0,0,0,0,0,0,0,0,0,0,0,0,0,0,0,0,0,-1,0,0,6
maverill,Morey,Averill,PIT,7,1,0,0,0,0,0,0,0,0,0,0,0,0,0,0,0,0,0,0,0,0,0,0,0,0,0,0,-1,0,0,6
maverill,Morey,Averill,PIT,8,1,0,0,0,0,0,0,0,0,0,0,0,0,0,0,0,0,0,0,0,0,0,0,0,0,0,0,-1,0,0,6
maverill,Morey,Averill,PIT,9,2,0,0,0,0,0,0,1,2,0,0,0,2,10,12,0,0,0,0,8,0,0,0,492,0,0,0,-1,0,0,18
maverill,Morey,Averill,PIT,10,1,1,0,0,1,0,0,0,0,0,0,0,1,0,19,0,0,1,0,15,4,0,0,765,0,2,1,1,1,1,37
maverill,Morey,Averill,PIT,11,1,0,0,0,0,0,0,0,0,0,0,0,0,0,0,0,0,0,0,0,0,0,0,0,0,0,0,1,1,1,37
maverill,Morey,Averill,PIT,13,1,0,0,0,0,0,0,0,0,0,0,0,0,0,0,0,0,0,0,0,0,0,0,0,0,0,0,1,1,1,37
gbabbitt,Gavin,Babbitt,ATX,1,1,0,0,0,0,0,0,0,0,0,0,0,0,0,0,0,0,0,0,0,0,0,0,0,0,0,0,0,0,0,0
gbabbitt,Gavin,Babbitt,ATX,2,1,0,0,0,0,0,0,0,0,0,0,0,0,0,0,0,0,0,0,0,0,0,0,0,0,0,0,0,0,0,0
gbabbitt,Gavin,Babbitt,ATX,3,1,0,0,0,0,0,0,0,0,0,0,0,0,0,0,0,0,0,0,0,0,0,0,0,0,0,0,0,0,0,0
gbabbitt,Gavin,Babbitt,ATX,4,1,0,0,0,0,0,0,0,0,0,0,0,0,0,0,0,0,0,0,0,0,0,0,0,0,0,0,0,0,0,0
gbabbitt,Gavin,Babbitt,ATX,7,2,0,0,0,0,0,0,0,0,0,0,0,0,0,0,0,0,0,0,0,0,0,0,0,0,0,0,0,0,0,0
gbabbitt,Gavin,Babbitt,ATX,8,1,0,0,0,0,0,0,0,0,0,0,0,0,0,0,0,0,0,0,0,0,0,0,0,0,0,0,0,0,0,0
gbabbitt,Gavin,Babbitt,ATX,10,2,0,0,0,0,0,0,0,0,0,0,0,0,0,0,0,0,0,0,0,0,0,0,0,0,0,0,0,0,0,0
gbabbitt,Gavin,Babbitt,ATX,11,1,0,0,0,0,0,0,0,0,0,0,0,0,0,0,0,0,0,0,0,0,0,0,0,0,0,0,0,0,0,0
gbabbitt,Gavin,Babbitt,ATX,12,1,0,0,0,0,0,0,0,0,0,0,0,0,0,0,0,0,0,0,0,0,0,0,0,0,0,0,0,0,0,0
gbabbitt,Gavin,Babbitt,ATX,13,1,0,0,0,0,0,0,0,0,0,0,0,0,0,0,0,0,0,0,0,0,0,0,0,0,0,0,0,0,0,0
jbabbitt,Jeff,Babbitt,BOS,1,1,3,0,1,3,0,0,17,17,0,0,0,18,92,173,0,0,15,14,5,1,0,0,1144,0,6,3,6,3,3,173
jbabbitt,Jeff,Babbitt,BOS,3,1,5,0,0,2,0,0,10,11,0,0,0,16,-22,123,0,0,11,9,5,1,0,0,1348,0,7,5,13,8,5,296
jbabbitt,Jeff,Babbitt,BOS,4,2,9,0,3,0,0,0,42,44,1,0,0,54,-2,409,0,0,36,23,6,1,0,0,3622,1,8,9,21,17,5,705
jbabbitt,Jeff,Babbitt,BOS,7,1,2,0,0,2,0,0,7,7,0,0,0,7,27,31,0,0,1,1,8,3,0,0,745,0,4,2,25,19,7,736
jbabbitt,Jeff,Babbitt,BOS,8,2,2,0,0,8,0,0,4,4,0,0,0,3,-11,50,0,0,1,0,35,8,0,0,2022,0,10,2,35,21,15,786
jbabbitt,Jeff,Babbitt,BOS,9,1,0,0,0,0,0,0,0,0,0,0,0,0,0,0,0,0,0,0,0,0,0,0,0,0,0,0,35,21,15,786
jbabbitt,Jeff,Babbitt,BOS,11,1,0,0,0,2,0,0,6,6,0,0,0,5,-6,36,0,0,3,1,20,7,0,0,1746,0,2,0,37,21,17,822
jbabbitt,Jeff,Babbitt,BOS,12,2,0,0,0,4,0,0,10,10,0,0,0,10,69,16,0,0,3,2,14,1,0,0,1275,0,4,0,41,21,21,838
jbabbitt,Jeff,Babbitt,BOS,13,1,0,0,0,0,0,0,0,0,0,0,0,0,0,0,0,0,0,0,0,0,0,0,0,0,0,0,41,21,21,838
hbabcock,Henry,Babcock,BOS,1,1,0,1,1,1,0,0,14,17,2,0,0,15,66,44,0,0,0,0,17,5,0,0,1140,2,0,1,0,1,1,44
hbabcock,Henry,Babcock,BOS,3,1,0,1,1,0,0,0,15,15,0,0,0,13,145,23,1,1,0,0,13,4,0,0,928,0,1,1,1,2,1,67
hbabcock,Henry,Babcock,BOS,4,2,0,1,1,0,0,0,13,13,0,0,0,12,68,29,0,0,3,2,19,5,0,0,1411,0,1,1,2,3,1,96
hbabcock,Henry,Babcock,BOS,7,1,1,2,1,0,0,0,25,25,0,0,0,22,169,56,0,0,1,1,10,7,0,0,1148,0,3,3,5,6,1,152
hbabcock,Henry,Babcock,BOS,8,2,0,1,2,0,0,0,27,30,3,0,0,22,79,39,0,0,1,1,24,5,5,0,1604,3,-2,1,3,7,1,191
hbabcock,Henry,Babcock,BOS,9,1,2,1,0,0,0,0,15,16,1,0,0,15,151,28,1,1,0,0,15,7,0,0,1181,1,2,3,5,10,1,219
hbabcock,Henry,Babcock,BOS,11,1,0,1,0,1,0,0,17,17,0,0,1,14,49,-10,0,0,2,1,5,1,0,0,844,1,1,1,6,11,2,209
hbabcock,Henry,Babcock,BOS,12,2,0,0,0,0,0,0,0,0,0,0,0,0,0,0,0,0,0,0,0,0,0,0,0,0,0,0,6,11,2,209
hbabcock,Henry,Babcock,BOS,13,1,1,0,1,0,0,0,11,11,0,0,0,10,52,35,0,0,3,2,11,5,0,0,864,0,1,1,7,12,2,244
nbacker,Noah,Backer,BOS,1,1,2,0,0,1,0,0,10,10,0,0,1,9,-11,29,0,0,0,0,15,6,1,1,1144,1,2,2,2,2,1,29
nbacker,Noah,Backer,BOS,3,1,1,0,1,1,0,0,10,12,2,0,0,11,29,32,0,1,1,0,14,5,0,0,1186,2,0,1,2,3,2,61
nbacker,Noah,Backer,BOS,4,2,1,2,2,1,0,0,40,43,3,0,1,35,213,-3,0,0,3,2,25,11,0,0,2437,4,0,3,2,6,3,58
nbacker,Noah,Backer,BOS,7,1,0,0,0,0,0,0,0,0,0,0,0,0,0,0,0,0,0,0,0,0,0,0,0,0,0,0,2,6,3,58
nbacker,Noah,Backer,BOS,8,2,0,0,0,0,0,0,0,0,0,0,0,0,0,0,0,0,0,0,0,0,0,0,0,0,0,0,2,6,3,58
nbacker,Noah,Backer,BOS,9,1,0,0,0,0,0,0,0,0,0,0,0,0,0,0,0,0,0,0,0,0,0,0,0,0,0,0,2,6,3,58
nbacker,Noah,Backer,BOS,11,1,0,0,0,0,0,0,0,0,0,0,0,0,0,0,0,0,0,0,0,0,0,0,0,0,0,0,2,6,3,58
nbacker,Noah,Backer,BOS,12,2,0,0,0,0,0,0,0,0,0,0,0,0,0,0,0,0,0,0,0,0,0,0,0,0,0,0,2,6,3,58
nbacker,Noah,Backer,BOS,13,1,0,0,0,0,0,0,0,0,0,0,0,0,0,0,0,0,0,0,0,0,0,0,0,0,0,0,2,6,3,58
rbacon,Reid,Bacon,ATX,1,1,0,0,0,0,0,0,0,0,0,0,0,0,0,0,0,0,0,0,0,0,0,0,0,0,0,0,0,0,0,0
rbacon,Reid,Bacon,ATX,2,1,0,0,0,0,0,0,0,0,0,0,0,0,0,0,0,0,0,0,0,0,0,0,0,0,0,0,0,0,0,0
rbacon,Reid,Bacon,ATX,3,1,0,0,0,1,0,0,0,0,0,0,0,0,0,0,0,0,0,0,14,4,0,0,802,0,1,0,1,0,1,0
rbacon,Reid,Bacon,ATX,4,1,0,0,1,0,0,0,2,2,0,0,0,2,36,14,0,0,0,0,12,4,0,0,996,0,0,0,1,0,1,14
rbacon,Reid,Bacon,ATX,7,2,0,0,0,0,0,0,0,0,0,0,0,0,0,0,0,0,0,0,0,0,0,0,0,0,0,0,1,0,1,14
rbacon,Reid,Bacon,ATX,8,1,0,0,0,0,0,0,0,0,0,0,0,0,0,0,0,0,0,0,0,0,0,0,0,0,0,0,1,0,1,14
rbacon,Reid,Bacon,ATX,10,2,0,0,0,0,0,0,0,0,0,0,0,0,0,0,0,0,0,0,0,0,0,0,0,0,0,0,1,0,1,14
rbacon,Reid,Bacon,ATX,11,1,0,0,1,0,0,0,3,3,0,0,0,3,15,34,0,0,0,0,15,6,0,0,861,0,0,0,1,0,1,48
rbacon,Reid,Bacon,ATX,12,1,0,0,0,0,0,0,0,0,0,0,0,0,0,0,0,0,0,0,0,0,0,0,0,0,0,0,1,0,1,48
rbacon,Reid,Bacon,ATX,13,1,0,0,0,0,0,0,0,0,0,0,0,0,0,0,0,0,0,0,0,0,0,0,0,0,0,0,1,0,1,48
mbaldauf,Mark,Baldauf,HTX,1,1,0,0,0,0,0,0,0,0,0,0,0,0,0,0,0,0,0,0,0,0,0,0,0,0,0,0,0,0,0,0
mbaldauf,Mark,Baldauf,HTX,2,1,0,1,0,0,0,0,11,13,1,0,0,11,47,42,0,0,6,3,2,1,0,0,588,1,0,1,0,1,0,42
mbaldauf,Mark,Baldauf,HTX,3,1,0,1,0,0,0,0,6,7,1,0,0,7,34,107,0,0,7,2,1,1,0,0,595,1,0,1,0,2,0,149
mbaldauf,Mark,Baldauf,HTX,4,1,0,2,0,0,0,0,11,13,1,0,0,13,86,20,0,1,5,3,1,0,0,0,448,1,1,2,1,4,0,169
mbaldauf,Mark,Baldauf,HTX,6,2,1,3,0,1,0,0,20,22,2,0,0,21,142,147,2,2,15,7,13,2,0,0,1582,2,3,4,4,8,1,316
mbaldauf,Mark,Baldauf,HTX,8,1,2,4,1,2,0,0,26,28,2,0,0,28,151,150,0,0,14,11,3,0,1,0,1439,2,6,6,10,14,3,466
mbaldauf,Mark,Baldauf,HTX,9,2,0,4,5,0,0,0,60,61,1,0,0,42,446,113,2,2,32,16,7,0,0,0,2487,1,3,4,13,18,3,579
mbaldauf,Mark,Baldauf,HTX,11,1,3,2,0,0,0,0,22,22,0,0,0,24,136,189,1,1,16,8,1,0,0,0,1065,0,5,5,18,23,3,768
mbaldauf,Mark,Baldauf,HTX,12,1,0,0,0,0,0,0,13,15,2,0,0,14,27,62,0,0,14,9,3,0,0,0,748,2,-2,0,16,23,3,830
mbaldauf,Mark,Baldauf,HTX,13,1,1,3,2,1,0,0,37,39,2,0,0,30,301,187,1,2,21,13,2,0,0,0,1104,2,3,4,19,27,4,1017
jbanks,Jarrod,Banks,DC,1,1,0,0,0,0,0,0,0,0,0,0,0,0,0,0,0,0,0,0,0,0,0,0,0,0,0,0,0,0,0,0
jbanks,Jarrod,Banks,DC,2,1,0,0,0,0,0,0,0,0,0,0,0,0,0,0,0,0,0,0,0,0,0,0,0,0,0,0,0,0,0,0
jbanks,Jarrod,Banks,DC,3,1,0,0,0,0,0,0,0,0,0,0,0,0,0,0,0,0,0,0,0,0,0,0,0,0,0,0,0,0,0,0
jbanks,Jarrod,Banks,DC,4,1,0,0,0,0,0,0,0,0,0,0,0,0,0,0,0,0,0,0,0,0,0,0,0,0,0,0,0,0,0,0
jbanks,Jarrod,Banks,DC,6,2,0,0,0,0,0,0,0,0,0,0,0,0,0,0,0,0,0,0,0,0,0,0,0,0,0,0,0,0,0,0
jbanks,Jarrod,Banks,DC,7,1,0,0,0,0,0,0,0,0,0,0,0,0,0,0,0,0,0,0,0,0,0,0,0,0,0,0,0,0,0,0
jbanks,Jarrod,Banks,DC,8,1,0,0,0,0,0,0,0,0,0,0,0,0,0,0,0,0,0,0,0,0,0,0,0,0,0,0,0,0,0,0
jbanks,Jarrod,Banks,DC,10,1,0,0,0,0,0,0,0,0,0,0,0,0,0,0,0,0,0,0,0,0,0,0,0,0,0,0,0,0,0,0
jbanks,Jarrod,Banks,DC,11,1,0,0,0,0,0,0,0,0,0,0,0,0,0,0,0,0,0,0,0,0,0,0,0,0,0,0,0,0,0,0
jbanks,Jarrod,Banks,DC,12,1,0,0,0,0,0,0,0,0,0,0,0,0,0,0,0,0,0,0,0,0,0,0,0,0,0,0,0,0,0,0
jbanks,Jarrod,Banks,DC,13,1,0,0,0,0,0,0,0,0,0,0,0,0,0,0,0,0,0,0,0,0,0,0,0,0,0,0,0,0,0,0
tbarbieri,Ty,Barbieri,TOR,2,2,8,1,1,0,0,0,17,21,4,0,0,28,26,413,0,3,37,24,0,0,0,0,2803,4,5,9,5,9,0,413
tbarbieri,Ty,Barbieri,TOR,3,1,6,0,0,0,0,0,8,8,0,0,1,14,-64,199,0,0,26,16,1,0,0,0,1795,1,5,6,10,15,0,612
tbarbieri,Ty,Barbieri,TOR,6,2,9,2,3,1,0,0,16,17,1,1,1,27,30,390,0,0,44,33,2,0,0,0,2423,3,9,11,19,26,1,1002
tbarbieri,Ty,Barbieri,TOR,7,1,2,2,0,0,0,0,10,11,1,0,0,13,81,183,1,1,18,14,0,0,0,0,1164,1,3,4,22,30,1,1185
tbarbieri,Ty,Barbieri,TOR,8,1,7,2,1,0,0,0,3,4,1,0,1,11,80,195,1,1,28,21,0,0,0,0,1363,2,7,9,29,39,1,1380
tbarbieri,Ty,Barbieri,TOR,9,2,2,0,0,0,0,0,13,14,1,0,1,15,34,243,0,0,26,12,9,1,0,0,2423,2,0,2,29,41,1,1623
tbarbieri,Ty,Barbieri,TOR,10,1,2,1,0,0,0,0,6,7,1,0,1,9,27,168,0,0,15,9,6,1,0,0,1295,2,1,3,30,44,1,1791
tbarbieri,Ty,Barbieri,TOR,11,1,0,0,0,0,0,0,0,0,0,0,0,0,0,0,0,0,0,0,0,0,0,0,0,0,0,0,30,44,1,1791
tbarbieri,Ty,Barbieri,TOR,13,1,0,0,0,0,0,0,0,0,0,0,0,0,0,0,0,0,0,0,0,0,0,0,0,0,0,0,30,44,1,1791
tbarcus,Tanner,Barcus,MIN,3,1,0,0,0,0,0,0,0,0,0,0,0,0,0,0,0,0,0,0,0,0,0,0,0,0,0,0,0,0,0,0
tbarcus,Tanner,Barcus,MIN,4,1,0,0,0,0,0,0,0,0,0,0,0,0,0,0,0,0,0,0,0,0,0,0,0,0,0,0,0,0,0,0
tbarcus,Tanner,Barcus,MIN,5,1,0,0,0,0,0,0,0,0,0,0,0,0,0,0,0,0,0,0,0,0,0,0,0,0,0,0,0,0,0,0
tbarcus,Tanner,Barcus,MIN,6,1,0,0,0,0,0,0,0,0,0,0,0,0,0,0,0,0,0,0,0,0,0,0,0,0,0,0,0,0,0,0
tbarcus,Tanner,Barcus,MIN,7,1,1,2,0,0,0,0,8,8,0,0,0,9,63,97,0,0,4,4,7,5,0,0,780,0,3,3,3,3,0,97
tbarcus,Tanner,Barcus,MIN,8,1,0,0,0,0,0,0,0,0,0,0,0,0,0,0,0,0,0,0,0,0,0,0,0,0,0,0,3,3,0,97
tbarcus,Tanner,Barcus,MIN,9,1,0,0,0,0,0,0,0,0,0,0,0,0,0,0,0,0,0,0,0,0,0,0,0,0,0,0,3,3,0,97
tbarcus,Tanner,Barcus,MIN,11,2,0,0,0,0,0,0,0,0,0,0,0,0,0,0,0,0,0,0,0,0,0,0,0,0,0,0,3,3,0,97
tbarcus,Tanner,Barcus,MIN,12,1,0,0,0,0,0,0,0,0,0,0,0,0,0,0,0,0,0,0,0,0,0,0,0,0,0,0,3,3,0,97
tbarcus,Tanner,Barcus,MIN,13,2,0,0,0,0,0,0,0,0,0,0,0,0,0,0,0,0,0,0,0,0,0,0,0,0,0,0,3,3,0,97
cbarnes,Cade,Barnes,LV,1,1,0,0,0,0,0,0,0,0,0,0,0,0,0,0,0,0,0,0,0,0,0,0,0,0,0,0,0,0,0,0
cbarnes,Cade,Barnes,LV,2,1,0,0,0,0,0,0,0,0,0,0,0,0,0,0,0,0,0,0,0,0,0,0,0,0,0,0,0,0,0,0
cbarnes,Cade,Barnes,LV,3,1,0,0,0,0,0,0,0,0,0,0,0,0,0,0,0,0,1,0,11,1,0,0,475,0,0,0,0,0,0,0
cbarnes,Cade,Barnes,LV,5,1,0,0,0,0,0,0,0,0,0,0,0,0,0,0,0,0,0,0,0,0,0,0,0,0,0,0,0,0,0,0
cbarnes,Cade,Barnes,LV,7,2,0,0,0,0,0,0,0,0,0,0,0,0,0,0,0,0,0,0,0,0,0,0,0,0,0,0,0,0,0,0
cbarnes,Cade,Barnes,LV,8,1,0,0,0,0,0,0,0,0,0,0,0,0,0,0,0,0,0,0,0,0,0,0,0,0,0,0,0,0,0,0
cbarnes,Cade,Barnes,LV,9,2,0,0,0,0,0,0,0,0,0,0,0,0,0,0,0,0,0,0,0,0,0,0,0,0,0,0,0,0,0,0
cbarnes,Cade,Barnes,LV,11,1,0,0,0,0,0,0,0,0,0,0,0,0,0,0,0,0,0,0,0,0,0,0,0,0,0,0,0,0,0,0
cbarnes,Cade,Barnes,LV,12,1,1,0,1,0,0,0,5,7,2,0,0,7,97,66,1,3,5,2,10,2,0,0,1013,2,-1,1,-1,1,0,66
cbarnes,Cade,Barnes,LV,13,1,0,0,0,0,0,0,0,0,0,0,0,0,0,0,0,0,0,0,0,0,0,0,0,0,0,0,-1,1,0,66
dbarram,David,Barram,ORE,1,1,0,0,0,0,0,0,0,0,0,0,0,0,0,0,0,0,0,0,0,0,0,0,0,0,0,0,0,0,0,0
dbarram,David,Barram,ORE,2,1,0,0,0,0,0,0,0,0,0,0,0,0,0,0,0,0,0,0,0,0,0,0,0,0,0,0,0,0,0,0
dbarram,David,Barram,ORE,4,1,0,4,1,0,0,0,46,46,0,0,1,38,425,28,3,3,23,15,0,0,0,0,1601,1,3,4,3,4,0,28
dbarram,David,Barram,ORE,5,2,2,3,6,0,0,0,63,71,7,0,1,59,582,97,5,11,38,23,1,0,0,0,2983,8,-3,5,0,9,0,125
dbarram,David,Barram,ORE,6,1,0,1,1,0,0,0,33,39,4,0,0,35,297,10,1,3,20,8,0,0,0,0,1465,4,-3,1,-3,10,0,135
dbarram,David,Barram,ORE,7,1,1,1,1,0,0,0,22,25,1,0,0,23,295,136,2,3,18,11,0,0,0,0,1236,1,1,2,-2,12,0,271
dbarram,David,Barram,ORE,8,2,1,4,6,0,0,0,74,82,6,0,0,63,701,-7,4,5,53,23,0,0,0,0,3368,6,-1,5,-3,17,0,264
dbarram,David,Barram,ORE,9,1,0,4,1,0,0,0,41,43,1,0,1,37,447,29,3,4,22,11,0,0,0,0,1644,2,2,4,-1,21,0,293
dbarram,David,Barram,ORE,10,1,0,1,2,1,0,0,35,38,3,0,0,32,224,73,1,2,21,9,0,0,0,0,1607,3,-1,1,-2,22,1,366
dbarram,David,Barram,ORE,13,1,0,4,3,0,0,0,51,53,2,0,0,46,409,134,4,5,24,13,0,0,0,0,1496,2,2,4,0,26,1,500
cbauman,Conor,Bauman,OAK,1,1,0,0,0,0,0,0,4,4,0,0,0,3,-2,-22,0,0,0,0,10,3,0,0,642,0,0,0,0,0,0,-22
cbauman,Conor,Bauman,OAK,2,2,0,1,0,0,0,0,2,2,0,0,0,0,29,0,0,0,0,0,11,2,1,0,661,0,1,1,1,1,0,-22
cbauman,Conor,Bauman,OAK,3,1,0,0,0,0,0,0,0,0,0,0,0,0,0,0,0,0,0,0,0,0,0,0,0,0,0,0,1,1,0,-22
cbauman,Conor,Bauman,OAK,5,1,0,0,0,0,0,0,0,0,0,0,0,0,0,0,0,0,0,0,0,0,0,0,0,0,0,0,1,1,0,-22
cbauman,Conor,Bauman,OAK,6,1,0,0,0,0,0,0,0,1,1,0,0,0,0,0,0,0,0,0,11,2,0,0,911,1,-1,0,0,1,0,-22
cbauman,Conor,Bauman,OAK,7,1,0,0,0,0,0,0,3,3,0,0,0,1,2,-9,0,0,0,0,10,2,8,3,651,0,0,0,0,1,0,-31
cbauman,Conor,Bauman,OAK,8,1,0,1,0,2,0,0,14,19,4,0,0,13,90,27,0,2,0,0,14,9,5,0,1266,4,-1,1,-1,2,2,-4
cbauman,Conor,Bauman,OAK,9,1,0,0,0,0,0,0,0,0,0,0,0,0,0,0,0,0,0,0,0,0,0,0,0,0,0,0,-1,2,2,-4
cbauman,Conor,Bauman,OAK,10,2,0,0,0,1,0,0,3,3,0,0,0,3,-1,43,0,0,0,0,17,2,2,0,1059,0,1,0,0,2,3,39
cbauman,Conor,Bauman,OAK,13,1,0,0,1,1,0,0,11,12,1,0,0,11,119,2,1,1,0,0,10,4,3,0,1021,1,0,0,0,2,4,41
dbaumgart,Dan,Baumgartner,ORE,1,1,0,0,0,1,0,0,2,2,0,0,0,2,2,17,0,0,3,1,6,2,0,0,543,0,1,0,1,0,1,17
dbaumgart,Dan,Baumgartner,ORE,2,1,0,0,0,0,0,0,0,0,0,0,0,0,0,0,0,0,1,0,6,0,0,0,365,0,0,0,1,0,1,17
dbaumgart,Dan,Baumgartner,ORE,4,1,0,0,0,0,0,0,0,0,0,0,0,0,0,0,0,0,0,0,0,0,0,0,0,0,0,0,1,0,1,17
dbaumgart,Dan,Baumgartner,ORE,5,2,0,0,0,1,0,0,1,1,0,0,0,1,10,8,0,0,0,0,15,3,0,0,1023,0,1,0,2,0,2,25
dbaumgart,Dan,Baumgartner,ORE,6,1,0,0,0,0,0,0,0,0,0,0,0,0,0,0,0,0,0,0,0,0,0,0,0,0,0,0,2,0,2,25
dbaumgart,Dan,Baumgartner,ORE,7,1,0,1,0,0,0,0,3,3,0,0,0,3,12,81,0,0,0,0,10,3,0,0,655,0,1,1,3,1,2,106
dbaumgart,Dan,Baumgartner,ORE,8,2,0,0,0,0,0,0,0,0,0,0,0,0,0,0,0,0,1,0,11,0,0,0,585,0,0,0,3,1,2,106
dbaumgart,Dan,Baumgartner,ORE,9,1,0,0,0,0,0,0,0,0,0,0,0,0,0,0,0,0,0,0,0,0,0,0,0,0,0,0,3,1,2,106
dbaumgart,Dan,Baumgartner,ORE,10,1,0,0,0,0,0,0,0,0,0,0,0,0,0,0,0,0,0,0,0,0,0,0,0,0,0,0,3,1,2,106
dbaumgart,Dan,Baumgartner,ORE,13,1,0,0,1,0,0,0,5,5,0,0,0,5,43,13,0,0,0,0,6,1,0,0,558,0,0,0,3,1,2,119
cbeaurega,Colin,Beauregard,DET,3,1,0,0,0,0,0,0,0,0,0,0,0,0,0,0,0,0,0,0,0,0,0,0,0,0,0,0,0,0,0,0
cbeaurega,Colin,Beauregard,DET,5,1,0,0,0,2,0,0,3,3,0,0,1,3,8,-7,0,0,1,0,18,5,0,0,1432,1,1,0,1,0,2,-7
cbeaurega,Colin,Beauregard,DET,7,1,0,0,1,1,0,0,4,7,3,0,0,4,63,76,0,0,4,1,12,1,0,0,1007,3,-2,0,-1,0,3,69
cbeaurega,Colin,Beauregard,DET,8,1,0,0,0,0,0,0,0,0,0,0,0,0,0,0,0,0,0,0,0,0,0,0,0,0,0,0,-1,0,3,69
cbeaurega,Colin,Beauregard,DET,9,2,2,0,1,1,0,0,17,21,4,0,0,22,7,157,0,1,3,0,32,4,0,0,2167,4,-1,2,-2,2,4,226
cbeaurega,Colin,Beauregard,DET,10,2,1,1,0,1,0,0,7,8,1,0,0,9,56,68,0,0,4,1,15,2,0,0,930,1,2,2,0,4,5,294
cbeaurega,Colin,Beauregard,DET,11,1,2,0,0,1,0,0,6,11,5,0,0,14,-1,159,0,1,5,1,14,3,0,0,1364,5,-2,2,-2,6,6,453
cbeaurega,Colin,Beauregard,DET,12,1,0,0,0,0,0,0,0,0,0,0,0,0,0,0,0,0,0,0,0,0,0,0,0,0,0,0,-2,6,6,453
cbeaurega,Colin,Beauregard,DET,13,2,1,1,0,1,0,0,9,12,3,0,0,12,11,224,0,0,17,4,14,1,0,0,1661,3,0,2,-2,8,7,677
dbechis,Dennis,Bechis,COL,1,1,0,0,0,0,0,0,0,0,0,0,0,0,0,0,0,0,0,0,0,0,0,0,0,0,0,0,0,0,0,0
dbechis,Dennis,Bechis,COL,4,2,0,0,0,0,0,0,0,0,0,0,0,0,0,0,0,0,0,0,0,0,0,0,0,0,0,0,0,0,0,0
dbechis,Dennis,Bechis,COL,5,1,0,0,0,0,0,0,0,0,0,0,0,0,0,0,0,0,0,0,0,0,0,0,0,0,0,0,0,0,0,0
dbechis,Dennis,Bechis,COL,6,1,0,0,0,0,0,0,0,0,0,0,0,0,0,0,0,0,0,0,0,0,0,0,0,0,0,0,0,0,0,0
dbechis,Dennis,Bechis,COL,9,1,2,0,1,0,0,0,12,12,0,0,0,13,102,110,1,1,12,11,0,0,0,0,834,0,2,2,2,2,0,110
dbechis,Dennis,Bechis,COL,10,2,0,0,0,0,0,0,0,0,0,0,0,0,0,0,0,0,0,0,0,0,0,0,0,0,0,0,2,2,0,110
dbechis,Dennis,Bechis,COL,11,1,0,0,0,0,0,0,1,1,0,0,0,1,9,-6,0,0,1,0,10,1,0,0,484,0,0,0,2,2,0,104
dbechis,Dennis,Bechis,COL,12,2,2,1,1,1,0,0,12,12,0,0,0,12,69,165,0,0,0,0,30,13,0,0,2015,0,4,3,6,5,1,269
dbechis,Dennis,Bechis,COL,13,1,2,0,0,0,0,0,0,0,0,0,0,2,0,9,0,0,0,0,11,3,0,0,722,0,2,2,8,7,1,278
cbelfield,Conor,Belfield,SEA,2,1,2,3,4,1,0,0,23,24,1,0,2,26,23,338,0,0,22,19,1,0,0,0,1290,3,3,5,3,5,1,338
cbelfield,Conor,Belfield,SEA,3,2,0,0,0,0,0,0,0,0,0,0,0,0,0,0,0,0,0,0,0,0,0,0,0,0,0,0,3,5,1,338
cbelfield,Conor,Belfield,SEA,4,1,0,3,1,0,0,0,12,15,2,0,0,15,191,261,2,5,16,10,3,0,0,0,1286,2,1,3,4,8,1,599
cbelfield,Conor,Belfield,SEA,5,2,5,7,2,2,0,0,41,46,3,0,1,50,262,808,3,5,40,24,0,0,0,0,2872,4,10,12,14,20,3,1407
cbelfield,Conor,Belfield,SEA,6,1,5,5,1,0,0,0,19,20,0,0,0,26,161,361,0,0,26,16,1,0,0,0,1524,0,10,10,24,30,3,1768
cbelfield,Conor,Belfield,SEA,7,1,1,1,1,1,0,0,17,19,2,0,0,19,125,168,0,2,12,9,3,2,0,0,1119,2,1,2,25,32,4,1936
cbelfield,Conor,Belfield,SEA,9,1,5,2,2,1,0,0,30,31,1,0,0,35,172,377,1,1,16,12,2,1,0,0,1541,1,7,7,32,39,5,2313
cbelfield,Conor,Belfield,SEA,10,1,2,2,2,2,0,0,21,24,3,0,0,24,104,258,1,1,23,12,3,1,0,0,1935,3,3,4,35,43,7,2571
cbelfield,Conor,Belfield,SEA,13,2,0,0,0,0,0,0,0,0,0,0,0,0,0,0,0,0,0,0,0,0,0,0,0,0,0,0,35,43,7,2571
cbellando,Cam,Bellando,CAR,3,1,0,0,0,0,0,0,0,0,0,0,0,0,0,0,0,0,0,0,0,0,0,0,0,0,0,0,0,0,0,0
cbellando,Cam,Bellando,CAR,4,2,0,0,0,0,0,0,0,0,0,0,0,0,0,0,0,0,0,0,0,0,0,0,0,0,0,0,0,0,0,0
cbellando,Cam,Bellando,CAR,5,1,0,0,0,0,0,0,0,0,0,0,0,0,0,0,0,0,0,0,0,0,0,0,0,0,0,0,0,0,0,0
cbellando,Cam,Bellando,CAR,6,2,0,0,0,2,0,0,1,1,0,0,0,1,-14,17,0,0,0,0,7,2,1,0,571,0,2,0,2,0,2,17
cbellando,Cam,Bellando,CAR,7,1,0,0,0,0,0,0,0,0,0,0,0,0,0,0,0,0,0,0,0,0,0,0,0,0,0,0,2,0,2,17
cbellando,Cam,Bellando,CAR,9,1,0,0,0,0,0,0,0,0,0,0,0,0,0,0,0,0,0,0,0,0,0,0,0,0,0,0,2,0,2,17
cbellando,Cam,Bellando,CAR,10,1,0,0,0,0,0,0,0,0,0,0,0,0,0,0,0,0,0,0,0,0,0,0,0,0,0,0,2,0,2,17
cbellando,Cam,Bellando,CAR,12,1,0,0,0,0,0,0,0,0,0,0,0,0,0,0,0,0,0,0,0,0,0,0,0,0,0,0,2,0,2,17
cbellando,Cam,Bellando,CAR,13,2,0,0,0,0,0,0,0,0,0,0,0,0,0,0,0,0,0,0,0,0,0,0,0,0,0,0,2,0,2,17
cbelus,Christian,Belus,CAR,3,1,0,0,0,0,0,0,0,0,0,0,0,0,0,0,0,0,0,0,0,0,0,0,0,0,0,0,0,0,0,0
cbelus,Christian,Belus,CAR,4,2,0,0,0,0,0,0,0,0,0,0,0,0,0,0,0,0,0,0,0,0,0,0,0,0,0,0,0,0,0,0
cbelus,Christian,Belus,CAR,5,1,0,0,0,0,0,0,0,0,0,0,0,0,0,0,0,0,0,0,0,0,0,0,0,0,0,0,0,0,0,0
cbelus,Christian,Belus,CAR,6,2,0,0,0,0,0,0,0,0,0,0,0,0,0,0,0,0,0,0,0,0,0,0,0,0,0,0,0,0,0,0
cbelus,Christian,Belus,CAR,7,1,0,0,0,0,0,0,0,0,0,0,0,0,0,0,0,0,0,0,0,0,0,0,0,0,0,0,0,0,0,0
cbelus,Christian,Belus,CAR,9,1,0,0,0,0,0,0,0,0,0,0,0,0,0,0,0,0,0,0,0,0,0,0,0,0,0,0,0,0,0,0
cbelus,Christian,Belus,CAR,10,1,0,0,0,0,0,0,0,0,0,0,0,0,0,0,0,0,0,0,0,0,0,0,0,0,0,0,0,0,0,0
cbelus,Christian,Belus,CAR,12,1,0,0,0,0,0,0,3,4,1,0,0,3,-3,9,0,0,3,1,12,2,0,0,1059,1,-1,0,-1,0,0,9
cbelus,Christian,Belus,CAR,13,2,5,1,0,3,0,0,9,10,1,0,0,16,20,181,0,0,3,3,30,11,0,0,2032,1,8,6,7,6,3,190
ebembenis,Evan,Bembenista,PIT,2,1,0,0,0,0,0,0,0,0,0,0,0,0,0,0,0,0,0,0,0,0,0,0,0,0,0,0,0,0,0,0
ebembenis,Evan,Bembenista,PIT,3,1,0,0,0,0,0,0,0,0,0,0,0,0,0,0,0,0,0,0,0,0,0,0,0,0,0,0,0,0,0,0
ebembenis,Evan,Bembenista,PIT,4,1,0,0,0,0,0,0,0,0,0,0,0,0,0,0,0,0,0,0,0,0,0,0,0,0,0,0,0,0,0,0
ebembenis,Evan,Bembenista,PIT,5,1,2,0,2,1,0,0,5,6,1,0,1,8,-11,97,0,0,15,6,9,1,0,0,1288,2,1,2,1,2,1,97
ebembenis,Evan,Bembenista,PIT,6,1,0,1,0,1,0,0,6,8,2,0,0,8,47,62,1,3,7,2,12,3,0,0,1263,2,0,1,1,3,2,159
ebembenis,Evan,Bembenista,PIT,7,1,3,0,0,0,0,0,4,4,0,0,1,7,40,180,0,0,22,13,1,0,0,0,1858,1,2,3,3,6,2,339
ebembenis,Evan,Bembenista,PIT,8,1,0,0,2,0,0,0,13,15,2,0,0,15,60,158,0,0,23,10,0,0,0,0,1393,2,-2,0,1,6,2,497
ebembenis,Evan,Bembenista,PIT,9,2,3,2,3,0,0,0,24,26,1,0,1,28,207,242,1,2,38,19,7,1,0,0,2587,2,3,5,4,11,2,739
ebembenis,Evan,Bembenista,PIT,10,1,0,0,0,0,0,0,0,0,0,0,0,0,0,0,0,0,0,0,0,0,0,0,0,0,0,0,4,11,2,739
ebembenis,Evan,Bembenista,PIT,11,1,4,1,1,1,0,0,18,19,1,0,1,22,143,324,1,2,23,16,2,0,0,0,1834,2,4,5,8,16,3,1063
ebembenis,Evan,Bembenista,PIT,13,1,0,0,0,0,0,0,0,0,0,0,0,0,0,0,0,0,0,0,0,0,0,0,0,0,0,0,8,16,3,1063
cbenforad,Charlie,Benforado,MAD,2,2,0,0,0,0,0,0,0,0,0,0,0,0,0,0,0,0,0,0,0,0,0,0,0,0,0,0,0,0,0,0
cbenforad,Charlie,Benforado,MAD,4,1,0,0,0,0,0,0,0,0,0,0,0,0,0,0,0,0,0,0,0,0,0,0,0,0,0,0,0,0,0,0
cbenforad,Charlie,Benforado,MAD,6,1,0,0,0,0,0,0,0,0,0,0,0,0,0,0,0,0,0,0,0,0,0,0,0,0,0,0,0,0,0,0
cbenforad,Charlie,Benforado,MAD,7,1,0,0,0,0,0,0,0,0,0,0,0,0,0,0,0,0,0,0,0,0,0,0,0,0,0,0,0,0,0,0
cbenforad,Charlie,Benforado,MAD,8,2,0,0,0,0,0,0,0,0,0,0,0,0,0,0,0,0,0,0,0,0,0,0,0,0,0,0,0,0,0,0
cbenforad,Charlie,Benforado,MAD,10,2,0,0,0,0,0,0,0,0,0,0,0,0,0,0,0,0,0,0,0,0,0,0,0,0,0,0,0,0,0,0
cbenforad,Charlie,Benforado,MAD,11,1,0,0,0,0,0,0,0,0,0,0,0,0,0,0,0,0,0,0,0,0,0,0,0,0,0,0,0,0,0,0
cbenforad,Charlie,Benforado,MAD,12,1,0,0,0,0,0,0,0,0,0,0,0,0,0,0,0,0,0,0,0,0,0,0,0,0,0,0,0,0,0,0
cbenforad,Charlie,Benforado,MAD,13,1,0,0,0,0,0,0,0,0,0,0,0,0,0,0,0,0,0,0,0,0,0,0,0,0,0,0,0,0,0,0
mbennett1,Matt,Bennett,HTX,1,1,0,0,2,1,0,0,14,16,0,0,0,10,210,-19,2,3,7,1,18,3,0,0,1041,0,1,0,1,0,1,-19
mbennett1,Matt,Bennett,HTX,2,1,0,0,0,0,0,0,0,0,0,0,0,0,0,0,0,0,0,0,0,0,0,0,0,0,0,0,1,0,1,-19
mbennett1,Matt,Bennett,HTX,3,1,0,0,1,2,0,0,20,22,2,0,0,17,133,-27,0,0,10,5,12,1,0,0,1576,2,0,0,1,0,3,-46
mbennett1,Matt,Bennett,HTX,4,1,0,0,2,1,0,0,18,21,3,0,0,14,148,-68,0,0,5,3,17,6,0,0,1651,3,-2,0,-1,0,4,-114
mbennett1,Matt,Bennett,HTX,6,2,0,4,2,1,0,0,57,64,7,0,1,50,377,33,1,5,19,10,30,3,1,0,3257,8,-3,4,-4,4,5,-81
mbennett1,Matt,Bennett,HTX,8,1,0,0,1,0,0,0,20,21,1,0,0,15,117,-36,0,0,6,3,15,1,0,0,1354,1,-1,0,-5,4,5,-117
mbennett1,Matt,Bennett,HTX,9,2,0,0,0,0,0,0,0,0,0,0,0,0,0,0,0,0,0,0,0,0,0,0,0,0,0,0,-5,4,5,-117
mbennett1,Matt,Bennett,HTX,11,1,0,2,1,0,0,0,18,21,2,0,0,15,173,0,1,2,8,4,16,2,1,0,1373,2,0,2,-5,6,5,-117
mbennett1,Matt,Bennett,HTX,12,1,0,2,1,0,0,0,49,50,1,0,0,39,280,-13,1,1,9,6,10,3,0,0,1395,1,1,2,-4,8,5,-130
mbennett1,Matt,Bennett,HTX,13,1,0,0,0,0,0,0,0,0,0,0,0,0,0,0,0,0,0,0,0,0,0,0,0,0,0,0,-4,8,5,-130
abenton,Alec,Benton,LV,1,1,0,1,0,0,0,0,13,15,2,0,0,7,99,-4,1,3,11,3,10,0,9,0,973,2,-1,1,-1,1,0,-4
abenton,Alec,Benton,LV,2,1,0,3,0,1,0,0,14,18,3,0,0,13,237,17,2,4,9,2,5,2,5,1,700,3,1,3,0,4,1,13
abenton,Alec,Benton,LV,3,1,0,1,4,0,0,0,36,45,7,0,0,29,322,122,3,8,22,9,1,0,0,0,1628,7,-6,1,-6,5,1,135
abenton,Alec,Benton,LV,5,1,0,0,0,0,0,0,0,0,0,0,0,0,0,0,0,0,0,0,0,0,0,0,0,0,0,0,-6,5,1,135
abenton,Alec,Benton,LV,7,2,0,0,0,0,0,0,0,0,0,0,0,0,0,0,0,0,0,0,0,0,0,0,0,0,0,0,-6,5,1,135
abenton,Alec,Benton,LV,8,1,0,1,1,0,0,0,23,27,4,0,1,18,257,41,1,3,14,8,3,1,0,0,968,5,-4,1,-10,6,1,176
abenton,Alec,Benton,LV,9,2,0,3,3,1,0,0,47,55,7,0,0,39,601,33,4,7,35,11,2,0,1,0,2256,7,-3,3,-13,9,2,209
abenton,Alec,Benton,LV,11,1,0,0,0,0,0,0,0,0,0,0,0,0,0,0,0,0,0,0,0,0,0,0,0,0,0,0,-13,9,2,209
abenton,Alec,Benton,LV,12,1,1,2,5,0,0,0,37,42,5,0,0,26,337,129,1,2,24,8,0,0,0,0,1431,5,-2,3,-15,12,2,338
abenton,Alec,Benton,LV,13,1,0,2,2,0,0,0,35,39,4,0,0,30,270,137,0,3,17,10,0,0,0,0,1169,4,-2,2,-17,14,2,475
rbergeron,Rhys,Bergeron,DC,1,1,0,0,0,0,0,0,0,0,0,0,0,0,0,0,0,0,0,0,0,0,0,0,0,0,0,0,0,0,0,0
rbergeron,Rhys,Bergeron,DC,2,1,0,0,0,0,0,0,0,0,0,0,0,0,0,0,0,0,0,0,0,0,0,0,0,0,0,0,0,0,0,0
rbergeron,Rhys,Bergeron,DC,3,1,1,0,0,0,0,0,0,0,0,0,0,1,0,1,0,0,0,0,12,1,0,0,881,0,1,1,1,1,0,1
rbergeron,Rhys,Bergeron,DC,4,1,0,0,0,0,0,0,0,0,0,0,0,0,0,0,0,0,0,0,11,4,0,0,840,0,0,0,1,1,0,1
rbergeron,Rhys,Bergeron,DC,6,2,0,0,0,0,0,0,0,0,0,0,0,0,0,0,0,0,0,0,0,0,0,0,0,0,0,0,1,1,0,1
rbergeron,Rhys,Bergeron,DC,7,1,0,1,0,0,0,0,6,6,0,0,0,6,70,23,1,1,0,0,14,3,0,0,946,0,1,1,2,2,0,24
rbergeron,Rhys,Bergeron,DC,8,1,0,0,0,0,0,0,2,2,0,0,0,2,8,12,0,0,0,0,11,1,0,0,793,0,0,0,2,2,0,36
rbergeron,Rhys,Bergeron,DC,10,1,0,1,0,1,0,0,4,4,0,0,0,4,38,27,0,0,0,0,15,9,0,0,1038,0,2,1,4,3,1,63
rbergeron,Rhys,Bergeron,DC,11,1,1,1,0,0,0,0,5,5,0,0,0,6,7,101,0,0,0,0,8,5,0,0,779,0,2,2,6,5,1,164
rbergeron,Rhys,Bergeron,DC,12,1,1,0,0,0,0,0,1,1,0,0,0,2,15,17,0,0,0,0,10,2,0,0,641,0,1,1,7,6,1,181
rbergeron,Rhys,Bergeron,DC,13,1,0,0,0,2,0,0,1,1,0,0,0,1,-4,9,0,0,0,0,4,1,1,0,507,0,2,0,9,6,3,190
sberglund,Sam,Berglund,MIN,3,1,0,0,0,0,0,0,0,0,0,0,0,0,0,0,0,0,0,0,0,0,0,0,0,0,0,0,0,0,0,0
sberglund,Sam,Berglund,MIN,4,1,0,0,0,0,0,0,0,0,0,0,0,0,0,0,0,0,0,0,0,0,0,0,0,0,0,0,0,0,0,0
sberglund,Sam,Berglund,MIN,5,1,0,0,0,0,0,0,0,0,0,0,0,0,0,0,0,0,0,0,0,0,0,0,0,0,0,0,0,0,0,0
sberglund,Sam,Berglund,MIN,6,1,0,0,0,0,0,0,0,0,0,0,0,0,0,0,0,0,0,0,0,0,0,0,0,0,0,0,0,0,0,0
sberglund,Sam,Berglund,MIN,7,1,0,0,0,0,0,0,0,0,0,0,0,0,0,0,0,0,0,0,0,0,0,0,0,0,0,0,0,0,0,0
sberglund,Sam,Berglund,MIN,8,1,0,2,2,0,0,0,7,10,3,0,0,5,142,30,1,4,4,2,11,3,0,0,694,3,-1,2,-1,2,0,30
sberglund,Sam,Berglund,MIN,9,1,1,2,2,1,0,0,20,21,1,0,0,15,237,37,1,1,3,2,15,9,1,0,1293,1,3,3,2,5,1,67
sberglund,Sam,Berglund,MIN,11,2,0,3,1,0,0,0,30,36,5,0,0,24,339,107,1,4,12,5,18,5,1,0,2211,5,-2,3,0,8,1,174
sberglund,Sam,Berglund,MIN,12,1,0,0,2,0,0,0,22,23,1,0,0,21,103,45,0,0,3,3,10,3,2,0,1068,1,-1,0,-1,8,1,219
sberglund,Sam,Berglund,MIN,13,2,1,3,2,2,0,0,28,31,3,0,1,21,104,131,0,3,8,2,21,10,11,1,1995,4,2,4,1,12,3,350
bbergmeie,Bret,Bergmeier,MIN,3,1,0,4,3,0,0,0,13,14,1,0,0,13,32,128,0,1,2,1,22,12,2,0,1459,1,3,4,3,4,0,128
bbergmeie,Bret,Bergmeier,MIN,4,1,1,0,2,0,0,0,11,13,1,0,1,11,111,114,0,0,5,2,10,4,0,0,952,2,-1,1,2,5,0,242
bbergmeie,Bret,Bergmeier,MIN,5,1,0,0,0,0,0,0,0,0,0,0,0,0,0,0,0,0,0,0,0,0,0,0,0,0,0,0,2,5,0,242
bbergmeie,Bret,Bergmeier,MIN,6,1,0,0,0,0,0,0,4,5,1,0,0,6,70,54,1,1,0,0,13,3,0,0,1045,1,-1,0,1,5,0,296
bbergmeie,Bret,Bergmeier,MIN,7,1,2,2,1,0,0,0,12,13,1,0,1,12,146,104,2,3,3,3,14,7,0,0,1496,2,2,4,3,9,0,400
bbergmeie,Bret,Bergmeier,MIN,8,1,1,1,1,0,0,0,10,12,2,0,0,11,29,113,0,2,2,2,15,5,0,0,1158,2,0,2,3,11,0,513
bbergmeie,Bret,Bergmeier,MIN,9,1,0,3,1,1,0,0,14,15,1,0,0,14,52,62,0,0,1,1,17,9,0,0,1085,1,3,3,6,14,1,575
bbergmeie,Bret,Bergmeier,MIN,11,2,0,0,1,0,0,0,11,11,0,1,0,11,45,108,0,0,8,4,7,0,0,0,1197,1,-1,0,5,14,1,683
bbergmeie,Bret,Bergmeier,MIN,12,1,0,0,0,0,0,0,0,0,0,0,0,0,0,0,0,0,0,0,0,0,0,0,0,0,0,0,5,14,1,683
bbergmeie,Bret,Bergmeier,MIN,13,2,0,1,1,0,0,0,17,17,0,0,0,16,119,98,1,1,4,3,13,10,0,0,1014,0,1,1,6,15,1,781
jbernat,Julien,Bernat,MTL,1,1,2,0,1,0,0,0,17,19,2,0,0,19,75,162,0,2,17,11,7,0,2,0,1436,2,0,2,0,2,0,162
jbernat,Julien,Bernat,MTL,3,2,0,4,0,4,0,0,29,31,1,0,1,29,144,179,2,3,6,6,23,4,1,0,2227,2,6,4,6,6,4,341
jbernat,Julien,Bernat,MTL,4,1,0,1,0,0,0,0,7,7,0,0,0,6,4,89,0,0,3,1,21,6,0,0,1366,0,1,1,7,7,4,430
jbernat,Julien,Bernat,MTL,6,1,0,1,1,1,0,0,7,8,1,0,0,8,48,72,0,1,1,1,16,5,0,0,1258,1,1,1,8,8,5,502
jbernat,Julien,Bernat,MTL,7,2,1,1,4,0,0,0,18,20,2,0,0,20,175,138,2,2,10,4,24,10,14,0,2433,2,0,2,8,10,5,640
jbernat,Julien,Bernat,MTL,8,1,1,1,1,0,0,0,12,13,1,0,0,14,116,92,1,2,2,2,15,4,0,0,1485,1,1,2,9,12,5,732
jbernat,Julien,Bernat,MTL,10,2,0,0,0,0,0,0,0,0,0,0,0,0,0,0,0,0,0,0,0,0,0,0,0,0,0,0,9,12,5,732
jbernat,Julien,Bernat,MTL,11,1,1,2,0,1,0,0,13,14,1,0,1,14,92,84,0,1,11,5,9,2,2,0,1323,2,2,3,11,15,6,816
jbernat,Julien,Bernat,MTL,13,1,1,1,1,0,0,0,7,8,1,0,0,8,74,98,0,1,2,2,15,4,0,0,880,1,1,2,12,17,6,914
wberreman,Wyatt,Berreman,OAK,1,1,1,0,0,0,0,0,4,4,0,0,0,5,45,36,0,0,0,0,11,3,0,0,662,0,1,1,1,1,0,36
wberreman,Wyatt,Berreman,OAK,2,2,1,1,0,2,0,0,4,4,0,0,0,6,42,-23,0,0,0,0,26,11,1,0,2115,0,4,2,5,3,2,13
wberreman,Wyatt,Berreman,OAK,3,1,0,0,0,0,0,0,0,0,0,0,0,0,0,0,0,0,0,0,12,1,0,0,573,0,0,0,5,3,2,13
wberreman,Wyatt,Berreman,OAK,5,1,0,0,1,0,0,0,6,6,0,0,0,6,-23,32,0,0,0,0,11,6,0,0,1097,0,0,0,5,3,2,45
wberreman,Wyatt,Berreman,OAK,6,1,0,0,0,1,0,0,1,1,0,0,0,0,0,0,0,0,0,0,10,2,0,0,716,0,1,0,6,3,3,45
wberreman,Wyatt,Berreman,OAK,7,1,0,0,0,0,0,0,0,0,0,0,0,0,0,0,0,0,0,0,10,2,0,0,651,0,0,0,6,3,3,45
wberreman,Wyatt,Berreman,OAK,8,1,1,0,1,0,0,0,9,9,0,0,0,10,7,132,0,0,0,0,14,9,0,0,1266,0,1,1,7,4,3,177
wberreman,Wyatt,Berreman,OAK,9,1,0,0,1,2,0,0,9,9,0,0,0,7,29,13,0,0,0,0,17,11,0,0,1085,0,2,0,9,4,5,190
wberreman,Wyatt,Berreman,OAK,10,2,0,0,0,0,0,0,1,1,0,0,0,1,-21,17,0,0,0,0,9,2,0,0,557,0,0,0,9,4,5,207
wberreman,Wyatt,Berreman,OAK,13,1,0,0,0,0,0,0,6,6,0,0,0,6,33,40,0,0,0,0,10,4,0,0,1021,0,0,0,9,4,5,247
cberry,Colin,Berry,MIN,3,1,0,0,0,0,0,0,0,0,0,0,0,0,0,0,0,0,0,0,0,0,0,0,0,0,0,0,0,0,0,0
cberry,Colin,Berry,MIN,4,1,0,0,0,0,0,0,4,5,1,0,0,4,20,37,0,1,8,3,0,0,0,0,757,1,-1,0,-1,0,0,37
cberry,Colin,Berry,MIN,5,1,2,0,0,0,0,0,3,3,0,0,0,5,23,89,0,0,10,8,6,3,0,0,816,0,2,2,1,2,0,126
cberry,Colin,Berry,MIN,6,1,0,0,1,1,0,0,4,5,1,0,1,4,104,53,1,1,2,2,8,1,0,0,934,2,-1,0,0,2,1,179
cberry,Colin,Berry,MIN,7,1,2,0,0,1,0,0,7,8,1,0,0,9,18,117,0,0,11,7,3,1,0,0,1180,1,2,2,2,4,2,296
cberry,Colin,Berry,MIN,8,1,2,0,1,0,0,0,2,3,1,0,0,5,1,100,0,0,7,4,0,0,0,0,614,1,1,2,3,6,2,396
cberry,Colin,Berry,MIN,9,1,1,3,0,0,0,0,7,8,1,0,0,8,14,131,0,1,4,2,11,10,0,0,1103,1,3,4,6,10,2,527
cberry,Colin,Berry,MIN,11,2,2,2,4,1,0,0,18,21,3,0,0,21,88,123,0,0,11,5,16,7,0,0,2093,3,2,4,8,14,3,650
cberry,Colin,Berry,MIN,12,1,0,0,0,0,0,0,0,0,0,0,0,0,0,0,0,0,0,0,0,0,0,0,0,0,0,0,8,14,3,650
cberry,Colin,Berry,MIN,13,2,2,2,1,1,0,0,13,14,1,0,0,16,74,123,1,2,2,1,25,11,0,0,1794,1,4,4,12,18,4,773
lbertonci,Louie,Bertoncin,SEA,2,1,0,0,0,0,0,0,0,0,0,0,0,0,0,0,0,0,0,0,0,0,0,0,0,0,0,0,0,0,0,0
lbertonci,Louie,Bertoncin,SEA,3,2,0,3,1,0,0,0,19,21,2,0,0,17,162,95,0,0,1,1,22,6,0,0,1720,2,1,3,1,3,0,95
lbertonci,Louie,Bertoncin,SEA,4,1,0,2,0,1,0,0,5,7,2,0,1,4,83,73,1,1,2,1,14,4,0,0,1307,3,0,2,1,5,1,168
lbertonci,Louie,Bertoncin,SEA,5,2,0,0,0,0,0,0,1,2,1,0,0,2,-2,4,0,0,0,0,10,0,0,0,540,1,-1,0,0,5,1,172
lbertonci,Louie,Bertoncin,SEA,6,1,0,0,0,0,0,0,0,0,0,0,0,0,0,0,0,0,0,0,0,0,0,0,0,0,0,0,0,5,1,172
lbertonci,Louie,Bertoncin,SEA,7,1,0,0,0,0,0,0,0,0,0,0,0,0,0,0,0,0,0,0,0,0,0,0,0,0,0,0,0,5,1,172
lbertonci,Louie,Bertoncin,SEA,9,1,1,0,0,1,0,0,9,11,2,0,0,10,52,33,0,0,0,0,9,4,0,0,752,2,0,1,0,6,2,205
lbertonci,Louie,Bertoncin,SEA,10,1,0,0,0,0,0,0,0,0,0,0,0,0,0,0,0,0,1,0,8,0,0,0,549,0,0,0,0,6,2,205
lbertonci,Louie,Bertoncin,SEA,13,2,2,0,0,1,0,0,26,28,2,0,1,13,42,90,0,0,33,22,1,0,0,0,2581,3,0,2,0,8,3,295
sbesse,Sam,Besse,LV,1,1,0,0,0,0,0,0,0,0,0,0,0,0,0,0,0,0,0,0,0,0,0,0,0,0,0,0,0,0,0,0
sbesse,Sam,Besse,LV,2,1,2,0,1,0,0,0,14,14,0,0,0,14,100,73,0,0,9,6,5,0,0,0,1147,0,2,2,2,2,0,73
sbesse,Sam,Besse,LV,3,1,2,0,0,1,0,0,15,15,0,0,0,14,50,71,0,0,18,7,1,0,0,0,1762,0,3,2,5,4,1,144
sbesse,Sam,Besse,LV,5,1,1,1,1,0,0,0,16,16,0,0,0,14,128,96,0,0,16,10,1,0,0,0,1653,0,2,2,7,6,1,240
sbesse,Sam,Besse,LV,7,2,1,1,0,0,0,0,12,13,1,0,0,13,32,118,0,0,6,3,26,3,1,0,2027,1,1,2,8,8,1,358
sbesse,Sam,Besse,LV,8,1,0,0,0,0,0,0,26,28,2,0,0,23,200,34,0,1,12,5,5,1,0,0,1075,2,-2,0,6,8,1,392
sbesse,Sam,Besse,LV,9,2,2,0,0,1,0,0,32,35,3,0,0,31,259,139,1,1,38,13,4,0,0,0,2836,3,0,2,6,10,2,531
sbesse,Sam,Besse,LV,11,1,0,0,2,0,0,0,42,48,5,0,0,28,265,97,0,2,24,9,0,0,0,0,1648,5,-5,0,1,10,2,628
sbesse,Sam,Besse,LV,12,1,0,0,0,0,0,0,0,0,0,0,0,0,0,0,0,0,0,0,0,0,0,0,0,0,0,0,1,10,2,628
sbesse,Sam,Besse,LV,13,1,1,1,0,1,0,0,20,21,1,0,1,17,163,-8,0,0,5,2,7,3,1,0,909,2,1,2,2,12,3,620
lbestian,Liam,Bestian,LA,2,2,1,0,1,0,0,0,4,5,1,0,0,6,-9,32,0,0,7,2,0,0,0,0,555,1,0,1,0,1,0,32
lbestian,Liam,Bestian,LA,3,1,0,0,0,0,0,0,0,0,0,0,0,0,0,0,0,0,0,0,0,0,0,0,0,0,0,0,0,1,0,32
lbestian,Liam,Bestian,LA,4,1,0,0,0,0,0,0,0,0,0,0,0,0,0,0,0,0,0,0,0,0,0,0,0,0,0,0,0,1,0,32
lbestian,Liam,Bestian,LA,6,1,0,0,0,0,0,0,0,0,0,0,0,0,0,0,0,0,0,0,0,0,0,0,0,0,0,0,0,1,0,32
lbestian,Liam,Bestian,LA,7,1,0,0,0,0,0,0,0,0,0,0,0,0,0,0,0,0,0,0,0,0,0,0,0,0,0,0,0,1,0,32
lbestian,Liam,Bestian,LA,9,2,0,0,0,0,0,0,0,0,0,0,0,0,0,0,0,0,0,0,0,0,0,0,0,0,0,0,0,1,0,32
lbestian,Liam,Bestian,LA,11,1,0,0,0,0,0,0,0,0,0,0,0,0,0,0,0,0,0,0,0,0,0,0,0,0,0,0,0,1,0,32
lbestian,Liam,Bestian,LA,12,2,0,1,1,0,0,0,5,6,1,0,0,5,90,6,0,0,1,0,19,3,11,2,1651,1,0,1,0,2,0,38
lbestian,Liam,Bestian,LA,13,1,0,0,0,1,0,0,4,6,2,0,1,6,27,39,0,1,3,1,9,2,0,0,1201,3,-2,0,-2,2,1,77
nbetsch,Nicholas,Betsch,IND,2,1,2,4,2,0,0,0,25,25,0,0,0,25,303,141,2,2,14,12,13,3,3,0,1293,0,6,6,6,6,0,141
nbetsch,Nicholas,Betsch,IND,3,1,1,4,2,1,0,0,53,62,9,0,0,54,449,115,1,2,25,11,5,0,1,0,1548,9,-3,5,3,11,1,256
nbetsch,Nicholas,Betsch,IND,5,1,0,0,1,0,0,0,9,14,4,0,0,14,42,51,0,0,2,1,18,7,6,1,1403,4,-4,0,-1,11,1,307
nbetsch,Nicholas,Betsch,IND,6,1,2,2,1,1,0,0,26,28,1,0,0,25,216,128,0,1,7,3,10,3,0,0,1296,1,4,4,3,15,2,435
nbetsch,Nicholas,Betsch,IND,7,1,0,0,0,0,0,0,0,0,0,0,0,0,0,0,0,0,0,0,0,0,0,0,0,0,0,0,3,15,2,435
nbetsch,Nicholas,Betsch,IND,8,1,0,0,0,0,0,0,6,7,1,0,0,7,32,36,0,1,6,1,13,0,2,0,761,1,-1,0,2,15,2,471
nbetsch,Nicholas,Betsch,IND,9,1,0,0,2,1,0,0,23,26,3,0,0,22,137,99,0,0,10,1,12,2,1,0,1432,3,-2,0,0,15,3,570
nbetsch,Nicholas,Betsch,IND,10,2,0,2,0,1,0,0,11,13,2,0,0,11,166,26,1,3,5,3,13,3,6,1,957,2,1,2,1,17,4,596
nbetsch,Nicholas,Betsch,IND,11,1,2,0,0,0,0,0,13,16,3,0,2,16,130,93,0,0,7,2,10,2,1,0,1384,5,-3,2,-2,19,4,689
nbetsch,Nicholas,Betsch,IND,12,1,0,3,0,2,0,0,16,18,1,0,1,14,188,10,1,1,0,0,16,6,4,1,1047,2,3,3,1,22,6,699
nbetsch,Nicholas,Betsch,IND,13,1,1,3,0,1,0,0,6,9,3,0,0,9,187,35,3,3,0,0,17,7,8,1,1045,3,2,4,3,26,7,734
gbevan,Geoff,Bevan,MTL,1,1,1,3,0,0,0,0,25,28,3,0,0,20,128,50,1,3,21,12,0,0,0,0,1159,3,1,4,1,4,0,50
gbevan,Geoff,Bevan,MTL,3,2,0,0,0,0,0,0,0,0,0,0,0,0,0,0,0,0,0,0,0,0,0,0,0,0,0,0,1,4,0,50
gbevan,Geoff,Bevan,MTL,4,1,0,0,0,0,0,0,0,0,0,0,0,0,0,0,0,0,0,0,0,0,0,0,0,0,0,0,1,4,0,50
gbevan,Geoff,Bevan,MTL,6,1,0,1,1,1,0,0,6,7,1,0,0,2,33,13,1,1,0,0,11,5,0,0,853,1,1,1,2,5,1,63
gbevan,Geoff,Bevan,MTL,7,2,0,2,1,1,0,0,20,20,0,0,1,14,340,61,4,4,4,2,27,8,24,1,2125,1,2,2,4,7,2,124
gbevan,Geoff,Bevan,MTL,8,1,0,0,0,1,0,0,2,3,1,0,0,1,5,-12,0,1,0,0,10,2,8,1,736,1,0,0,4,7,3,112
gbevan,Geoff,Bevan,MTL,10,2,0,0,0,0,0,0,0,0,0,0,0,0,0,0,0,0,0,0,0,0,0,0,0,0,0,0,4,7,3,112
gbevan,Geoff,Bevan,MTL,11,1,0,0,0,0,0,0,0,0,0,0,0,0,0,0,0,0,0,0,0,0,0,0,0,0,0,0,4,7,3,112
gbevan,Geoff,Bevan,MTL,13,1,2,2,1,0,0,0,28,28,0,0,0,24,247,115,2,2,19,16,0,0,0,0,1184,0,4,4,8,11,3,227
ebilolo,Emmanuel,Bilolo,ATX,1,1,0,0,0,0,0,0,0,0,0,0,0,0,0,0,0,0,0,0,0,0,0,0,0,0,0,0,0,0,0,0
ebilolo,Emmanuel,Bilolo,ATX,2,1,0,0,0,0,0,0,0,0,0,0,0,0,0,0,0,0,0,0,0,0,0,0,0,0,0,0,0,0,0,0
ebilolo,Emmanuel,Bilolo,ATX,3,1,0,0,0,0,0,0,0,0,0,0,0,0,0,0,0,0,0,0,0,0,0,0,0,0,0,0,0,0,0,0
ebilolo,Emmanuel,Bilolo,ATX,4,1,0,0,0,0,0,0,0,0,0,0,0,0,0,0,0,0,0,0,0,0,0,0,0,0,0,0,0,0,0,0
ebilolo,Emmanuel,Bilolo,ATX,7,2,0,0,0,0,0,0,0,0,0,0,0,0,0,0,0,0,0,0,0,0,0,0,0,0,0,0,0,0,0,0
ebilolo,Emmanuel,Bilolo,ATX,8,1,0,0,0,0,0,0,1,1,0,0,0,1,1,4,0,0,0,0,10,1,0,0,911,0,0,0,0,0,0,4
ebilolo,Emmanuel,Bilolo,ATX,10,2,0,0,0,0,0,0,0,0,0,0,0,0,0,0,0,0,0,0,0,0,0,0,0,0,0,0,0,0,0,4
ebilolo,Emmanuel,Bilolo,ATX,11,1,0,0,0,0,0,0,0,0,0,0,0,0,0,0,0,0,0,0,0,0,0,0,0,0,0,0,0,0,0,4
ebilolo,Emmanuel,Bilolo,ATX,12,1,0,0,0,0,0,0,0,0,0,0,0,0,0,0,0,0,0,0,0,0,0,0,0,0,0,0,0,0,0,4
ebilolo,Emmanuel,Bilolo,ATX,13,1,0,0,0,0,0,0,0,0,0,0,0,0,0,0,0,0,0,0,0,0,0,0,0,0,0,0,0,0,0,4
cblalack,Conner,Blalack,IND,2,1,0,0,0,0,0,0,0,0,0,0,0,0,0,0,0,0,0,0,0,0,0,0,0,0,0,0,0,0,0,0
cblalack,Conner,Blalack,IND,3,1,0,0,0,0,0,0,0,0,0,0,0,0,0,0,0,0,0,0,0,0,0,0,0,0,0,0,0,0,0,0
cblalack,Conner,Blalack,IND,5,1,0,0,0,0,0,0,0,0,0,0,0,0,0,0,0,0,0,0,0,0,0,0,0,0,0,0,0,0,0,0
cblalack,Conner,Blalack,IND,6,1,0,0,0,0,0,0,0,0,0,0,0,0,0,0,0,0,0,0,0,0,0,0,0,0,0,0,0,0,0,0
cblalack,Conner,Blalack,IND,7,1,0,0,0,0,0,0,0,0,0,0,0,0,0,0,0,0,0,0,0,0,0,0,0,0,0,0,0,0,0,0
cblalack,Conner,Blalack,IND,8,1,0,0,0,0,0,0,0,0,0,0,0,0,0,0,0,0,0,0,0,0,0,0,0,0,0,0,0,0,0,0
cblalack,Conner,Blalack,IND,9,1,0,0,0,0,0,0,0,0,0,0,0,0,0,0,0,0,0,0,0,0,0,0,0,0,0,0,0,0,0,0
cblalack,Conner,Blalack,IND,10,2,0,0,0,0,0,0,0,0,0,0,0,0,0,0,0,0,0,0,0,0,0,0,0,0,0,0,0,0,0,0
cblalack,Conner,Blalack,IND,11,1,0,0,0,0,0,0,0,0,0,0,0,0,0,0,0,0,0,0,0,0,0,0,0,0,0,0,0,0,0,0
cblalack,Conner,Blalack,IND,12,1,0,0,0,0,0,0,0,0,0,0,0,0,0,0,0,0,0,0,0,0,0,0,0,0,0,0,0,0,0,0
cblalack,Conner,Blalack,IND,13,1,0,0,0,0,0,0,0,0,0,0,0,0,0,0,0,0,0,0,0,0,0,0,0,0,0,0,0,0,0,0
tblasman,Tom,Blasman,TOR,2,2,0,7,1,1,0,0,35,38,3,0,0,30,406,142,3,6,12,10,22,2,3,0,2362,3,5,7,5,7,1,142
tblasman,Tom,Blasman,TOR,3,1,1,5,2,0,0,0,36,39,3,0,0,33,420,145,3,6,27,16,0,0,0,0,1763,3,3,6,8,13,1,287
tblasman,Tom,Blasman,TOR,6,2,2,7,8,1,0,0,100,106,4,0,1,82,884,287,6,8,47,34,2,0,0,0,2751,5,5,9,13,22,2,574
tblasman,Tom,Blasman,TOR,7,1,1,4,2,0,0,0,38,41,3,0,1,31,545,94,3,3,21,15,0,0,0,0,1236,4,1,5,14,27,2,668
tblasman,Tom,Blasman,TOR,8,1,0,8,5,0,0,0,50,53,2,0,0,43,630,230,3,4,30,21,2,1,0,0,1482,2,6,8,20,35,2,898
tblasman,Tom,Blasman,TOR,9,2,3,7,3,0,0,0,68,73,4,0,0,61,558,349,3,6,41,22,6,1,0,0,3068,4,6,10,26,45,2,1247
tblasman,Tom,Blasman,TOR,10,1,2,3,3,1,0,0,38,43,4,1,0,38,314,234,1,2,15,9,9,2,0,0,1464,5,1,5,27,50,3,1481
tblasman,Tom,Blasman,TOR,11,1,2,4,1,1,0,0,53,53,0,0,1,41,311,26,1,1,19,15,3,1,1,0,1511,1,6,6,33,56,4,1507
tblasman,Tom,Blasman,TOR,13,1,0,3,2,0,0,0,34,37,2,0,0,31,278,257,1,3,20,9,3,0,2,0,1201,2,1,3,34,59,4,1764
dbloodgoo,David,Bloodgood,DC,1,1,0,0,0,1,0,0,9,11,1,0,1,9,102,-39,0,0,0,0,9,1,0,0,839,2,-1,0,-1,0,1,-39
dbloodgoo,David,Bloodgood,DC,2,1,0,0,0,0,0,0,0,0,0,0,0,0,0,0,0,0,0,0,0,0,0,0,0,0,0,0,-1,0,1,-39
dbloodgoo,David,Bloodgood,DC,3,1,0,0,1,0,0,0,12,13,1,0,0,13,43,4,0,0,0,0,15,4,7,1,1183,1,-1,0,-2,0,1,-35
dbloodgoo,David,Bloodgood,DC,4,1,0,0,0,0,0,0,0,0,0,0,0,0,0,0,0,0,0,0,0,0,0,0,0,0,0,0,-2,0,1,-35
dbloodgoo,David,Bloodgood,DC,6,2,1,1,3,2,0,0,12,17,5,0,0,13,67,61,0,1,1,0,31,7,7,1,1934,5,-1,2,-3,2,3,26
dbloodgoo,David,Bloodgood,DC,7,1,0,0,0,0,0,0,0,0,0,0,0,0,0,0,0,0,0,0,0,0,0,0,0,0,0,0,-3,2,3,26
dbloodgoo,David,Bloodgood,DC,8,1,0,0,1,0,0,0,7,7,0,0,0,7,62,22,0,0,0,0,14,1,1,0,919,0,0,0,-3,2,3,48
dbloodgoo,David,Bloodgood,DC,10,1,0,3,0,1,0,0,16,17,1,0,0,16,114,-37,0,0,0,0,17,9,0,0,1080,1,3,3,0,5,4,11
dbloodgoo,David,Bloodgood,DC,11,1,0,0,0,0,0,0,7,8,1,0,0,5,2,-14,0,0,0,0,7,1,0,0,458,1,-1,0,-1,5,4,-3
dbloodgoo,David,Bloodgood,DC,12,1,0,0,0,0,0,0,0,0,0,0,0,0,0,0,0,0,0,0,0,0,0,0,0,0,0,0,-1,5,4,-3
dbloodgoo,David,Bloodgood,DC,13,1,0,0,0,1,0,0,5,5,0,0,0,2,30,2,0,0,1,1,12,1,1,0,579,0,1,0,0,5,5,-1
ebloodwor,Ethan,Bloodworth,CAR,3,1,0,1,0,1,0,0,7,7,0,0,0,8,12,38,0,0,2,2,19,4,0,0,1527,0,2,1,2,1,1,38
ebloodwor,Ethan,Bloodworth,CAR,4,2,1,3,7,0,0,0,35,38,3,0,1,38,174,315,1,1,32,18,6,1,0,0,2343,4,0,4,2,5,1,353
ebloodwor,Ethan,Bloodworth,CAR,5,1,2,4,2,1,0,0,24,25,1,0,0,27,67,213,0,0,16,13,9,3,0,0,1675,1,6,6,8,11,2,566
ebloodwor,Ethan,Bloodworth,CAR,6,2,0,0,0,0,0,0,0,0,0,0,0,0,0,0,0,0,0,0,0,0,0,0,0,0,0,0,8,11,2,566
ebloodwor,Ethan,Bloodworth,CAR,7,1,0,2,1,0,0,0,22,22,0,0,0,22,75,39,0,0,2,0,19,6,0,0,1487,0,2,2,10,13,2,605
ebloodwor,Ethan,Bloodworth,CAR,9,1,0,2,4,3,0,0,19,19,0,0,0,18,126,42,2,2,0,0,19,11,0,0,1566,0,5,2,15,15,5,647
ebloodwor,Ethan,Bloodworth,CAR,10,1,1,2,3,1,0,0,20,21,0,0,0,19,165,-14,0,0,2,1,22,7,0,0,1538,0,4,3,19,18,6,633
ebloodwor,Ethan,Bloodworth,CAR,12,1,0,1,0,0,0,0,8,9,1,0,0,8,50,25,0,1,3,1,16,2,0,0,1408,1,0,1,19,19,6,658
ebloodwor,Ethan,Bloodworth,CAR,13,2,1,6,1,2,0,0,46,48,2,0,0,44,136,128,0,0,7,4,37,13,3,1,2810,2,7,7,26,26,8,786
jblue,Jacob,Blue,IND,2,1,0,0,0,0,0,0,0,0,0,0,0,0,0,0,0,0,0,0,0,0,0,0,0,0,0,0,0,0,0,0
jblue,Jacob,Blue,IND,3,1,1,1,0,0,0,0,4,4,0,0,0,5,17,45,0,0,1,0,13,3,4,0,823,0,2,2,2,2,0,45
jblue,Jacob,Blue,IND,5,1,0,0,0,0,0,0,0,0,0,0,0,0,0,0,0,0,0,0,0,0,0,0,0,0,0,0,2,2,0,45
jblue,Jacob,Blue,IND,6,1,0,0,0,0,0,0,0,0,0,0,0,0,0,0,0,0,0,0,0,0,0,0,0,0,0,0,2,2,0,45
jblue,Jacob,Blue,IND,7,1,0,0,0,0,0,0,0,0,0,0,0,0,0,0,0,0,0,0,0,0,0,0,0,0,0,0,2,2,0,45
jblue,Jacob,Blue,IND,8,1,0,0,0,0,0,0,0,0,0,0,0,0,0,0,0,0,0,0,0,0,0,0,0,0,0,0,2,2,0,45
jblue,Jacob,Blue,IND,9,1,0,0,0,0,0,0,0,0,0,0,0,0,0,0,0,0,0,0,0,0,0,0,0,0,0,0,2,2,0,45
jblue,Jacob,Blue,IND,10,2,0,1,2,0,0,0,9,11,2,0,0,9,148,75,1,1,6,3,10,2,0,0,1157,2,-1,1,1,3,0,120
jblue,Jacob,Blue,IND,11,1,0,0,0,0,0,0,0,0,0,0,0,0,0,0,0,0,0,0,0,0,0,0,0,0,0,0,1,3,0,120
jblue,Jacob,Blue,IND,12,1,0,0,0,0,0,0,0,0,0,0,0,0,0,0,0,0,0,0,0,0,0,0,0,0,0,0,1,3,0,120
jblue,Jacob,Blue,IND,13,1,0,0,0,0,0,0,0,0,0,0,0,0,0,0,0,0,0,0,0,0,0,0,0,0,0,0,1,3,0,120
nboddy,Nate,Boddy,DET,3,1,0,0,0,0,0,0,0,0,0,0,0,0,0,0,0,0,0,0,0,0,0,0,0,0,0,0,0,0,0,0
nboddy,Nate,Boddy,DET,5,1,0,0,0,0,0,0,0,0,0,0,0,0,0,0,0,0,0,0,0,0,0,0,0,0,0,0,0,0,0,0
nboddy,Nate,Boddy,DET,7,1,0,0,0,0,0,0,0,0,0,0,0,0,0,0,0,0,0,0,0,0,0,0,0,0,0,0,0,0,0,0
nboddy,Nate,Boddy,DET,8,1,0,0,0,0,0,0,0,0,0,0,0,0,0,0,0,0,0,0,0,0,0,0,0,0,0,0,0,0,0,0
nboddy,Nate,Boddy,DET,9,2,0,0,0,0,0,0,0,0,0,0,0,0,0,0,0,0,0,0,0,0,0,0,0,0,0,0,0,0,0,0
nboddy,Nate,Boddy,DET,10,2,0,0,0,0,0,0,0,0,0,0,0,0,0,0,0,0,0,0,0,0,0,0,0,0,0,0,0,0,0,0
nboddy,Nate,Boddy,DET,11,1,0,0,0,0,0,0,0,0,0,0,0,0,0,0,0,0,0,0,0,0,0,0,0,0,0,0,0,0,0,0
nboddy,Nate,Boddy,DET,12,1,0,0,0,0,0,0,0,0,0,0,0,0,0,0,0,0,0,0,0,0,0,0,0,0,0,0,0,0,0,0
nboddy,Nate,Boddy,DET,13,2,0,0,0,0,0,0,0,0,0,0,0,0,0,0,0,0,0,0,0,0,0,0,0,0,0,0,0,0,0,0
pboerth,Peter,Boerth,BOS,1,1,0,0,0,0,0,0,0,0,0,0,0,0,0,0,0,0,0,0,0,0,0,0,0,0,0,0,0,0,0,0
pboerth,Peter,Boerth,BOS,3,1,0,0,0,0,0,0,0,0,0,0,0,0,0,0,0,0,0,0,0,0,0,0,0,0,0,0,0,0,0,0
pboerth,Peter,Boerth,BOS,4,2,0,0,0,0,0,0,0,0,0,0,0,0,0,0,0,0,0,0,0,0,0,0,0,0,0,0,0,0,0,0
pboerth,Peter,Boerth,BOS,7,1,0,0,0,0,0,0,0,0,0,0,0,0,0,0,0,0,0,0,0,0,0,0,0,0,0,0,0,0,0,0
pboerth,Peter,Boerth,BOS,8,2,0,0,0,0,0,0,0,0,0,0,0,0,0,0,0,0,0,0,0,0,0,0,0,0,0,0,0,0,0,0
pboerth,Peter,Boerth,BOS,9,1,0,0,0,0,0,0,0,0,0,0,0,0,0,0,0,0,0,0,0,0,0,0,0,0,0,0,0,0,0,0
pboerth,Peter,Boerth,BOS,11,1,0,0,0,0,0,0,0,0,0,0,0,0,0,0,0,0,0,0,0,0,0,0,0,0,0,0,0,0,0,0
pboerth,Peter,Boerth,BOS,12,2,0,0,0,0,0,0,0,0,0,0,0,0,0,0,0,0,0,0,0,0,0,0,0,0,0,0,0,0,0,0
pboerth,Peter,Boerth,BOS,13,1,3,0,1,1,0,0,9,10,1,0,0,11,44,134,0,0,3,2,18,4,0,0,1244,1,3,3,3,3,1,134
qbonnaud,Quentin,Bonnaud,MTL,1,1,3,0,2,0,0,0,16,17,1,0,0,20,37,200,0,0,24,14,1,0,0,0,1420,1,2,3,2,3,0,200
qbonnaud,Quentin,Bonnaud,MTL,3,2,9,0,2,1,0,0,36,39,2,0,1,47,190,682,1,2,37,20,4,1,0,0,2816,3,7,9,9,12,1,882
qbonnaud,Quentin,Bonnaud,MTL,4,1,4,6,1,0,0,0,16,17,1,0,0,20,179,301,1,1,26,20,0,0,0,0,1357,1,9,10,18,22,1,1183
qbonnaud,Quentin,Bonnaud,MTL,6,1,6,0,3,3,0,0,18,20,1,0,1,25,70,314,0,0,19,13,0,0,0,0,1208,2,7,6,25,28,4,1497
qbonnaud,Quentin,Bonnaud,MTL,7,2,7,3,2,0,0,0,27,31,4,0,0,39,161,643,2,4,40,25,1,1,0,0,2430,4,6,10,31,38,4,2140
qbonnaud,Quentin,Bonnaud,MTL,8,1,2,2,0,0,0,0,15,17,2,0,0,16,44,145,1,2,17,10,1,0,0,0,1248,2,2,4,33,42,4,2285
qbonnaud,Quentin,Bonnaud,MTL,10,2,10,3,2,2,0,0,31,33,1,0,0,42,43,619,0,1,39,21,1,0,0,0,2868,1,14,13,47,55,6,2904
qbonnaud,Quentin,Bonnaud,MTL,11,1,7,2,1,1,0,0,13,13,0,0,0,20,89,415,1,1,20,14,0,0,0,0,1230,0,10,9,57,64,7,3319
qbonnaud,Quentin,Bonnaud,MTL,13,1,5,3,1,0,0,0,15,16,1,0,0,21,120,326,1,1,19,16,1,0,0,0,1349,1,7,8,64,72,7,3645
abonnell,Aage,Bonnell,SEA,2,1,0,0,0,0,0,0,0,0,0,0,0,0,0,0,0,0,0,0,0,0,0,0,0,0,0,0,0,0,0,0
abonnell,Aage,Bonnell,SEA,3,2,0,0,0,0,0,0,0,0,0,0,0,0,0,0,0,0,0,0,0,0,0,0,0,0,0,0,0,0,0,0
abonnell,Aage,Bonnell,SEA,4,1,0,0,0,0,0,0,0,0,0,0,0,0,0,0,0,0,0,0,0,0,0,0,0,0,0,0,0,0,0,0
abonnell,Aage,Bonnell,SEA,5,2,0,0,0,0,0,0,0,0,0,0,0,0,0,0,0,0,0,0,0,0,0,0,0,0,0,0,0,0,0,0
abonnell,Aage,Bonnell,SEA,6,1,0,0,0,0,0,0,0,0,0,0,0,0,0,0,0,0,0,0,7,1,0,0,346,0,0,0,0,0,0,0
abonnell,Aage,Bonnell,SEA,7,1,1,0,0,0,0,0,8,8,0,0,0,8,46,49,0,0,0,0,9,2,0,0,900,0,1,1,1,1,0,49
abonnell,Aage,Bonnell,SEA,9,1,0,0,0,0,0,0,4,4,0,0,0,2,51,25,0,0,0,0,10,4,0,0,831,0,0,0,1,1,0,74
abonnell,Aage,Bonnell,SEA,10,1,0,0,0,0,0,0,0,0,0,0,0,0,0,0,0,0,0,0,0,0,0,0,0,0,0,0,1,1,0,74
abonnell,Aage,Bonnell,SEA,13,2,1,1,0,1,0,0,13,14,1,0,1,12,93,51,1,1,5,1,26,12,0,0,1915,2,1,2,2,3,1,125
sbontemps,Sofiène,Bontemps,CHI,4,1,0,0,0,0,0,0,0,0,0,0,0,0,0,0,0,0,0,0,0,0,0,0,0,0,0,0,0,0,0,0
sbontemps,Sofiène,Bontemps,CHI,6,1,0,0,0,0,0,0,0,0,0,0,0,0,0,0,0,0,0,0,0,0,0,0,0,0,0,0,0,0,0,0
sbontemps,Sofiène,Bontemps,CHI,7,1,0,0,0,0,0,0,0,0,0,0,0,0,0,0,0,0,0,0,0,0,0,0,0,0,0,0,0,0,0,0
sbontemps,Sofiène,Bontemps,CHI,8,1,0,0,0,0,0,0,0,0,0,0,0,0,0,0,0,0,0,0,0,0,0,0,0,0,0,0,0,0,0,0
sbontemps,Sofiène,Bontemps,CHI,9,2,0,0,0,0,0,0,0,0,0,0,0,0,0,0,0,0,0,0,0,0,0,0,0,0,0,0,0,0,0,0
sbontemps,Sofiène,Bontemps,CHI,10,2,0,0,0,0,0,0,0,0,0,0,0,0,0,0,0,0,0,0,0,0,0,0,0,0,0,0,0,0,0,0
sbontemps,Sofiène,Bontemps,CHI,11,2,1,0,0,0,0,0,2,2,0,0,0,3,27,22,0,0,1,0,12,2,11,0,989,0,1,1,1,1,0,22
sbontemps,Sofiène,Bontemps,CHI,13,2,6,3,3,2,0,0,19,20,1,0,0,25,211,280,2,2,13,8,24,17,10,0,2138,1,10,9,11,10,2,302
dbossert,Dane,Bossert,HTX,1,1,0,0,0,0,0,0,0,0,0,0,0,0,0,0,0,0,0,0,0,0,0,0,0,0,0,0,0,0,0,0
dbossert,Dane,Bossert,HTX,2,1,0,0,0,0,0,0,0,0,0,0,0,0,0,0,0,0,0,0,0,0,0,0,0,0,0,0,0,0,0,0
dbossert,Dane,Bossert,HTX,3,1,0,0,0,0,0,0,0,0,0,0,0,0,0,0,0,0,0,0,0,0,0,0,0,0,0,0,0,0,0,0
dbossert,Dane,Bossert,HTX,4,1,0,0,0,0,0,0,0,0,0,0,0,0,0,0,0,0,0,0,0,0,0,0,0,0,0,0,0,0,0,0
dbossert,Dane,Bossert,HTX,6,2,0,0,0,0,0,0,0,0,0,0,0,0,0,0,0,0,0,0,0,0,0,0,0,0,0,0,0,0,0,0
dbossert,Dane,Bossert,HTX,8,1,0,0,1,3,0,0,2,3,1,0,0,3,13,42,0,0,5,4,13,2,0,0,1282,1,2,0,2,0,3,42
dbossert,Dane,Bossert,HTX,9,2,2,1,3,0,0,0,18,23,5,0,0,25,140,308,1,1,36,19,9,0,0,0,2804,5,-2,3,0,3,3,350
dbossert,Dane,Bossert,HTX,11,1,0,0,1,0,0,0,1,1,0,0,0,1,3,26,0,0,3,2,14,1,0,0,942,0,0,0,0,3,3,376
dbossert,Dane,Bossert,HTX,12,1,0,0,1,0,0,0,4,4,0,0,0,4,20,50,0,0,1,1,17,4,0,0,1218,0,0,0,0,3,3,426
dbossert,Dane,Bossert,HTX,13,1,2,1,1,0,0,0,11,13,2,0,0,14,78,97,0,0,8,6,9,4,0,0,883,2,1,3,1,6,3,523
cbosworth,Callahan,Bosworth,ORE,1,1,0,0,0,0,0,0,0,0,0,0,0,0,0,0,0,0,0,0,0,0,0,0,0,0,0,0,0,0,0,0
cbosworth,Callahan,Bosworth,ORE,2,1,0,0,0,0,0,0,0,0,0,0,0,0,0,0,0,0,0,0,0,0,0,0,0,0,0,0,0,0,0,0
cbosworth,Callahan,Bosworth,ORE,4,1,0,0,1,0,0,0,5,5,0,0,0,6,-9,119,0,0,2,0,9,2,1,0,643,0,0,0,0,0,0,119
cbosworth,Callahan,Bosworth,ORE,5,2,0,0,0,0,0,0,0,0,0,0,0,0,0,0,0,0,0,0,0,0,0,0,0,0,0,0,0,0,0,119
cbosworth,Callahan,Bosworth,ORE,6,1,0,1,1,0,0,0,9,9,0,0,1,8,33,102,0,0,6,3,9,3,0,0,659,1,0,1,0,1,0,221
cbosworth,Callahan,Bosworth,ORE,7,1,4,0,1,0,0,0,21,21,0,0,1,23,156,119,0,0,13,7,3,2,0,0,1026,1,3,4,3,5,0,340
cbosworth,Callahan,Bosworth,ORE,8,2,0,1,1,1,0,0,11,14,3,2,1,11,104,77,1,1,17,6,19,1,0,0,1849,6,-4,1,-1,6,1,417
cbosworth,Callahan,Bosworth,ORE,9,1,1,1,2,0,0,0,8,8,0,0,0,9,30,159,0,0,7,4,13,5,2,0,1046,0,2,2,1,8,1,576
cbosworth,Callahan,Bosworth,ORE,10,1,0,0,0,0,0,0,0,0,0,0,0,0,0,0,0,0,0,0,0,0,0,0,0,0,0,0,1,8,1,576
cbosworth,Callahan,Bosworth,ORE,13,1,4,1,1,1,0,0,24,25,1,0,1,27,168,394,1,1,19,11,2,0,0,0,1204,2,4,5,5,13,2,970
rbowman,Reese,Bowman,ATX,1,1,1,2,1,0,0,0,14,14,0,0,0,14,77,175,1,1,23,17,2,0,1,0,1168,0,3,3,3,3,0,175
rbowman,Reese,Bowman,ATX,2,1,0,0,0,0,0,0,0,0,0,0,0,0,0,0,0,0,0,0,0,0,0,0,0,0,0,0,3,3,0,175
rbowman,Reese,Bowman,ATX,3,1,0,0,0,0,0,0,0,0,0,0,0,0,0,0,0,0,0,0,0,0,0,0,0,0,0,0,3,3,0,175
rbowman,Reese,Bowman,ATX,4,1,1,3,0,0,0,0,7,9,2,0,1,10,95,68,1,2,18,12,0,0,0,0,1295,3,1,4,4,7,0,243
rbowman,Reese,Bowman,ATX,7,2,3,4,1,1,0,0,23,25,2,0,1,27,238,186,1,2,37,21,5,1,0,0,2895,3,5,7,9,14,1,429
rbowman,Reese,Bowman,ATX,8,1,2,1,3,0,0,0,9,10,1,0,0,11,98,113,1,2,20,15,0,0,0,0,1215,1,2,3,11,17,1,542
rbowman,Reese,Bowman,ATX,10,2,0,0,0,0,0,0,0,0,0,0,0,0,0,0,0,0,0,0,0,0,0,0,0,0,0,0,11,17,1,542
rbowman,Reese,Bowman,ATX,11,1,3,1,3,0,0,0,16,16,0,0,0,19,122,186,0,0,25,21,2,0,0,0,1514,0,4,4,15,21,1,728
rbowman,Reese,Bowman,ATX,12,1,0,0,0,0,0,0,0,0,0,0,0,0,0,0,0,0,0,0,0,0,0,0,0,0,0,0,15,21,1,728
rbowman,Reese,Bowman,ATX,13,1,4,1,1,0,0,0,10,11,0,0,0,16,68,167,0,0,20,10,0,0,0,0,1280,0,5,5,20,26,1,895
cboxley,Christian,Boxley,DC,1,1,0,0,0,0,0,0,0,0,0,0,0,0,0,0,0,0,0,0,0,0,0,0,0,0,0,0,0,0,0,0
cboxley,Christian,Boxley,DC,2,1,2,4,0,0,0,0,23,24,1,0,0,26,72,267,0,0,20,14,0,0,0,0,1412,1,5,6,5,6,0,267
cboxley,Christian,Boxley,DC,3,1,3,3,3,0,0,0,23,23,0,0,0,26,125,307,0,0,20,16,1,0,0,0,1329,0,6,6,11,12,0,574
cboxley,Christian,Boxley,DC,4,1,2,0,0,0,0,0,25,26,1,0,0,28,6,128,0,0,15,8,0,0,0,0,1416,1,1,2,12,14,0,702
cboxley,Christian,Boxley,DC,6,2,0,0,0,0,0,0,0,0,0,0,0,0,0,0,0,0,0,0,0,0,0,0,0,0,0,0,12,14,0,702
cboxley,Christian,Boxley,DC,7,1,0,0,0,0,0,0,0,0,0,0,0,0,0,0,0,0,0,0,0,0,0,0,0,0,0,0,12,14,0,702
cboxley,Christian,Boxley,DC,8,1,0,0,0,0,0,0,0,0,0,0,0,0,0,0,0,0,0,0,0,0,0,0,0,0,0,0,12,14,0,702
cboxley,Christian,Boxley,DC,10,1,5,1,3,0,0,0,25,27,2,0,0,32,67,212,0,0,17,13,1,1,0,0,1253,2,4,6,16,20,0,914
cboxley,Christian,Boxley,DC,11,1,0,0,0,0,0,0,0,0,0,0,0,0,0,0,0,0,0,0,0,0,0,0,0,0,0,0,16,20,0,914
cboxley,Christian,Boxley,DC,12,1,3,1,1,0,0,0,22,22,0,0,1,24,-27,181,0,0,14,11,0,0,0,0,1184,1,3,4,19,24,0,1095
cboxley,Christian,Boxley,DC,13,1,0,0,0,0,0,0,0,0,0,0,0,0,0,0,0,0,0,0,0,0,0,0,0,0,0,0,19,24,0,1095
wbrandt,William,Brandt,MIN,3,1,3,3,4,0,0,0,35,35,0,0,0,31,306,381,1,1,19,17,0,0,0,0,949,0,6,6,6,6,0,381
wbrandt,William,Brandt,MIN,4,1,0,0,0,0,0,0,30,30,0,0,1,24,183,147,0,0,14,5,0,0,0,0,1368,1,-1,0,5,6,0,528
wbrandt,William,Brandt,MIN,5,1,1,4,2,0,0,0,25,27,1,0,0,21,358,157,2,2,16,12,2,2,0,0,861,1,4,5,9,11,0,685
wbrandt,William,Brandt,MIN,6,1,1,5,2,1,0,0,30,34,4,0,1,30,229,191,0,1,18,13,0,0,0,0,1253,5,2,6,11,17,1,876
wbrandt,William,Brandt,MIN,7,1,0,5,0,1,0,0,24,27,3,0,0,20,236,111,0,0,15,8,0,0,0,0,1154,3,3,5,14,22,2,987
wbrandt,William,Brandt,MIN,8,1,1,2,2,0,0,0,31,35,3,0,1,28,250,157,0,0,19,12,0,0,0,0,1536,4,-1,3,13,25,2,1144
wbrandt,William,Brandt,MIN,9,1,0,0,0,0,0,0,0,0,0,0,0,0,0,0,0,0,0,0,0,0,0,0,0,0,0,0,13,25,2,1144
wbrandt,William,Brandt,MIN,11,2,0,5,7,0,0,0,68,71,1,0,0,50,569,189,1,1,34,19,2,1,0,0,2325,1,4,5,17,30,2,1333
wbrandt,William,Brandt,MIN,12,1,0,3,0,0,0,0,29,32,3,0,0,23,130,80,1,1,14,8,0,0,0,0,1444,3,0,3,17,33,2,1413
wbrandt,William,Brandt,MIN,13,2,1,0,2,0,0,0,34,36,2,0,1,28,170,122,0,0,18,11,0,0,0,0,968,3,-2,1,15,34,2,1535
jbranson,Jeremiah,Branson,SLC,1,1,0,1,0,0,0,0,1,1,0,0,0,1,11,-3,0,0,0,0,7,1,0,0,552,0,1,1,1,1,0,-3
jbranson,Jeremiah,Branson,SLC,2,1,0,1,1,0,0,0,7,7,0,0,0,5,50,21,1,1,0,0,12,5,0,0,1123,0,1,1,2,2,0,18
jbranson,Jeremiah,Branson,SLC,5,1,1,0,0,0,0,0,3,3,0,0,0,2,42,33,0,0,2,2,7,2,0,0,675,0,1,1,3,3,0,51
jbranson,Jeremiah,Branson,SLC,6,2,0,0,0,0,0,0,0,0,0,0,0,0,0,0,0,0,0,0,0,0,0,0,0,0,0,0,3,3,0,51
jbranson,Jeremiah,Branson,SLC,7,1,0,1,0,0,0,0,5,5,0,0,0,5,9,-7,0,0,3,3,7,1,0,0,570,0,1,1,4,4,0,44
jbranson,Jeremiah,Branson,SLC,8,1,0,0,0,0,0,0,0,0,0,0,0,0,0,0,0,0,0,0,0,0,0,0,0,0,0,0,4,4,0,44
jbranson,Jeremiah,Branson,SLC,10,1,0,0,0,0,0,0,0,0,0,0,0,0,0,0,0,0,0,0,0,0,0,0,0,0,0,0,4,4,0,44
jbranson,Jeremiah,Branson,SLC,11,2,0,2,1,2,0,0,12,13,1,0,0,8,87,68,0,0,0,0,26,12,0,0,2114,1,3,2,7,6,2,112
jbranson,Jeremiah,Branson,SLC,12,1,0,1,2,0,0,0,8,9,1,0,0,7,56,73,1,1,0,0,12,5,0,0,898,1,0,1,7,7,2,185
jbranson,Jeremiah,Branson,SLC,13,1,0,0,0,1,0,0,8,8,0,0,0,8,37,-1,0,0,2,2,9,3,0,0,806,0,1,0,8,7,3,184
jbranson1,Joseph,Branson,DET,3,1,0,0,0,0,0,0,0,0,0,0,0,0,0,0,0,0,0,0,0,0,0,0,0,0,0,0,0,0,0,0
jbranson1,Joseph,Branson,DET,5,1,0,0,0,0,0,0,0,0,0,0,0,0,0,0,0,0,0,0,0,0,0,0,0,0,0,0,0,0,0,0
jbranson1,Joseph,Branson,DET,7,1,0,0,0,0,0,0,0,0,0,0,0,0,0,0,0,0,0,0,0,0,0,0,0,0,0,0,0,0,0,0
jbranson1,Joseph,Branson,DET,8,1,0,0,0,0,0,0,0,0,0,0,0,0,0,0,0,0,0,0,0,0,0,0,0,0,0,0,0,0,0,0
jbranson1,Joseph,Branson,DET,9,2,0,0,0,0,0,0,0,0,0,0,0,0,0,0,0,0,0,0,0,0,0,0,0,0,0,0,0,0,0,0
jbranson1,Joseph,Branson,DET,10,2,0,0,0,0,0,0,0,0,0,0,0,0,0,0,0,0,0,0,0,0,0,0,0,0,0,0,0,0,0,0
jbranson1,Joseph,Branson,DET,11,1,0,0,0,0,0,0,0,0,0,0,0,0,0,0,0,0,0,0,0,0,0,0,0,0,0,0,0,0,0,0
jbranson1,Joseph,Branson,DET,12,1,0,0,0,0,0,0,0,0,0,0,0,0,0,0,0,0,0,0,0,0,0,0,0,0,0,0,0,0,0,0
jbranson1,Joseph,Branson,DET,13,2,0,0,0,0,0,0,0,0,0,0,0,0,0,0,0,0,0,0,0,0,0,0,0,0,0,0,0,0,0,0
sbrauer,Sebastian,Brauer,MIN,3,1,0,0,0,0,0,0,0,0,0,0,0,0,0,0,0,0,0,0,0,0,0,0,0,0,0,0,0,0,0,0
sbrauer,Sebastian,Brauer,MIN,4,1,0,0,0,0,0,0,0,0,0,0,0,0,0,0,0,0,0,0,0,0,0,0,0,0,0,0,0,0,0,0
sbrauer,Sebastian,Brauer,MIN,5,1,0,0,0,0,0,0,0,0,0,0,0,0,0,0,0,0,0,0,0,0,0,0,0,0,0,0,0,0,0,0
sbrauer,Sebastian,Brauer,MIN,6,1,0,0,0,0,0,0,0,0,0,0,0,0,0,0,0,0,0,0,0,0,0,0,0,0,0,0,0,0,0,0
sbrauer,Sebastian,Brauer,MIN,7,1,0,0,0,0,0,0,0,0,0,0,0,0,0,0,0,0,0,0,0,0,0,0,0,0,0,0,0,0,0,0
sbrauer,Sebastian,Brauer,MIN,8,1,0,0,0,0,0,0,0,0,0,0,0,0,0,0,0,0,0,0,0,0,0,0,0,0,0,0,0,0,0,0
sbrauer,Sebastian,Brauer,MIN,9,1,0,0,0,0,0,0,0,0,0,0,0,0,0,0,0,0,0,0,0,0,0,0,0,0,0,0,0,0,0,0
sbrauer,Sebastian,Brauer,MIN,11,2,0,0,0,0,0,0,0,0,0,0,0,0,0,0,0,0,0,0,0,0,0,0,0,0,0,0,0,0,0,0
sbrauer,Sebastian,Brauer,MIN,12,1,0,0,0,0,0,0,0,0,0,0,0,0,0,0,0,0,0,0,0,0,0,0,0,0,0,0,0,0,0,0
sbrauer,Sebastian,Brauer,MIN,13,2,1,2,1,0,0,0,13,14,1,0,0,11,37,81,0,0,8,5,11,7,7,1,923,1,2,3,2,3,0,81
jbrissett,Jakob,Brissette,MTL,1,1,0,1,2,1,0,0,36,39,3,0,0,28,308,59,0,1,24,14,0,0,0,0,1417,3,-1,1,-1,1,1,59
jbrissett,Jakob,Brissette,MTL,3,2,0,1,6,0,0,0,70,78,7,0,0,53,517,72,2,2,39,21,0,0,0,0,2918,7,-6,1,-7,2,1,131
jbrissett,Jakob,Brissette,MTL,4,1,2,1,6,0,0,0,53,54,1,0,0,30,423,51,0,0,26,20,0,0,0,0,1415,1,2,3,-5,5,1,182
jbrissett,Jakob,Brissette,MTL,6,1,0,5,2,0,0,0,46,48,2,0,0,27,465,5,2,2,19,13,0,0,0,0,1208,2,3,5,-2,10,1,187
jbrissett,Jakob,Brissette,MTL,7,2,3,4,6,2,0,0,80,84,4,0,0,48,691,238,1,2,43,27,3,2,0,0,2711,4,5,7,3,17,3,425
jbrissett,Jakob,Brissette,MTL,8,1,0,0,3,0,0,0,37,40,3,0,0,27,293,50,0,2,17,10,0,0,0,0,1240,3,-3,0,0,17,3,475
jbrissett,Jakob,Brissette,MTL,10,2,0,4,4,2,0,0,80,86,5,0,1,53,632,5,3,4,41,23,0,0,0,0,2844,6,0,4,0,21,5,480
jbrissett,Jakob,Brissette,MTL,11,1,0,2,1,0,0,0,47,50,1,0,0,29,516,68,3,4,20,14,0,0,0,0,1230,1,1,2,1,23,5,548
jbrissett,Jakob,Brissette,MTL,13,1,0,4,5,0,0,0,57,59,2,0,0,48,304,35,0,1,20,16,1,0,0,0,1375,2,2,4,3,27,5,583
cbrock,Cameron,Brock,ATL,1,1,4,0,0,0,0,0,15,16,1,0,1,20,95,153,0,0,17,15,0,0,0,0,1157,2,2,4,2,4,0,153
cbrock,Cameron,Brock,ATL,3,2,0,0,0,0,0,0,0,0,0,0,0,0,0,0,0,0,0,0,0,0,0,0,0,0,0,0,2,4,0,153
cbrock,Cameron,Brock,ATL,4,2,5,2,1,1,0,0,17,17,0,0,0,23,103,212,0,0,29,20,0,0,0,0,2083,0,8,7,10,11,1,365
cbrock,Cameron,Brock,ATL,5,1,2,0,4,0,0,0,21,21,0,0,0,23,84,242,0,0,16,14,0,0,0,0,1227,0,2,2,12,13,1,607
cbrock,Cameron,Brock,ATL,6,2,2,4,4,0,0,0,56,58,2,1,0,61,231,225,0,0,42,26,0,0,0,0,3696,3,3,6,15,19,1,832
cbrock,Cameron,Brock,ATL,7,1,0,0,0,0,0,0,0,0,0,0,0,0,0,0,0,0,0,0,0,0,0,0,0,0,0,0,15,19,1,832
cbrock,Cameron,Brock,ATL,9,1,1,0,0,0,0,0,13,13,0,0,0,14,54,118,0,0,16,15,0,0,0,0,699,0,1,1,16,20,1,950
cbrock,Cameron,Brock,ATL,10,1,1,1,1,0,0,0,10,10,0,0,0,11,51,53,0,0,6,5,0,0,0,0,475,0,2,2,18,22,1,1003
cbrock,Cameron,Brock,ATL,12,1,0,0,0,0,0,0,15,16,1,0,0,16,54,75,0,0,14,10,0,0,0,0,910,1,-1,0,17,22,1,1078
ebrodbeck,Eric,Brodbeck,ATX,1,1,3,1,2,0,0,0,40,40,0,0,0,29,333,205,0,0,25,19,1,0,0,0,1250,0,4,4,4,4,0,205
ebrodbeck,Eric,Brodbeck,ATX,2,1,4,1,2,0,0,0,37,39,1,0,0,30,205,218,0,1,20,15,0,0,0,0,1407,1,4,5,8,9,0,423
ebrodbeck,Eric,Brodbeck,ATX,3,1,3,1,4,0,0,0,40,41,1,0,0,30,345,223,0,0,21,18,1,1,0,0,1356,1,3,4,11,13,0,646
ebrodbeck,Eric,Brodbeck,ATX,4,1,1,2,0,0,0,0,26,27,0,0,0,18,156,152,0,0,20,13,1,1,0,0,1622,0,3,3,14,16,0,798
ebrodbeck,Eric,Brodbeck,ATX,7,2,3,3,2,0,0,0,46,50,2,0,0,41,259,400,0,0,39,22,0,0,0,0,3048,2,4,6,18,22,0,1198
ebrodbeck,Eric,Brodbeck,ATX,8,1,2,2,2,0,0,0,14,15,1,0,0,16,174,201,1,1,20,14,0,0,0,0,1248,1,3,4,21,26,0,1399
ebrodbeck,Eric,Brodbeck,ATX,10,2,5,4,1,1,0,0,23,24,1,0,0,29,206,118,0,0,35,22,0,0,0,0,2278,1,9,9,30,35,1,1517
ebrodbeck,Eric,Brodbeck,ATX,11,1,4,3,1,0,0,0,14,15,1,0,0,18,140,182,1,1,25,22,0,0,0,0,1364,1,6,7,36,42,1,1699
ebrodbeck,Eric,Brodbeck,ATX,12,1,1,1,4,1,0,0,35,36,1,0,0,28,273,92,0,0,19,14,0,0,0,0,1307,1,2,2,38,44,2,1791
ebrodbeck,Eric,Brodbeck,ATX,13,1,1,1,0,1,0,0,7,12,5,0,0,10,72,46,0,0,25,14,1,1,0,0,1683,5,-2,2,36,46,3,1837
tbrooks1,Tobias,Brooks,COL,1,1,0,0,0,0,0,0,0,0,0,0,0,0,0,0,0,0,0,0,0,0,0,0,0,0,0,0,0,0,0,0
tbrooks1,Tobias,Brooks,COL,4,2,0,0,0,0,0,0,0,0,0,0,0,0,0,0,0,0,0,0,0,0,0,0,0,0,0,0,0,0,0,0
tbrooks1,Tobias,Brooks,COL,5,1,0,0,0,0,0,0,0,0,0,0,0,0,0,0,0,0,0,0,0,0,0,0,0,0,0,0,0,0,0,0
tbrooks1,Tobias,Brooks,COL,6,1,2,6,6,1,0,0,74,77,2,0,1,65,796,150,4,5,26,20,0,0,0,0,1940,3,6,8,6,8,1,150
tbrooks1,Tobias,Brooks,COL,9,1,0,0,0,0,0,0,0,0,0,0,0,0,0,0,0,0,0,0,0,0,0,0,0,0,0,0,6,8,1,150
tbrooks1,Tobias,Brooks,COL,10,2,0,0,0,0,0,0,0,0,0,0,0,0,0,0,0,0,0,0,0,0,0,0,0,0,0,0,6,8,1,150
tbrooks1,Tobias,Brooks,COL,11,1,1,5,4,0,0,0,71,75,4,0,0,63,693,63,2,5,23,16,0,0,0,0,1704,4,2,6,8,14,1,213
tbrooks1,Tobias,Brooks,COL,12,2,0,5,9,0,0,0,81,86,4,0,0,68,1079,230,6,8,44,31,5,0,0,0,2970,4,1,5,9,19,1,443
tbrooks1,Tobias,Brooks,COL,13,1,1,4,4,1,0,0,34,37,3,0,0,29,394,82,1,1,20,14,2,0,0,0,1041,3,3,5,12,24,2,525
cbrown1,Calvin,Brown,NY,1,2,0,0,0,0,0,0,0,0,0,0,0,0,0,0,0,0,0,0,0,0,0,0,0,0,0,0,0,0,0,0
cbrown1,Calvin,Brown,NY,3,1,1,3,3,0,0,0,42,48,4,0,0,34,494,142,3,5,22,17,0,0,0,0,1531,4,0,4,0,4,0,142
cbrown1,Calvin,Brown,NY,4,2,4,10,5,0,0,0,96,105,9,0,0,83,1111,476,7,9,50,34,0,0,0,0,3452,9,5,14,5,18,0,618
cbrown1,Calvin,Brown,NY,5,1,3,4,3,0,0,0,56,61,4,0,0,57,620,175,5,6,19,14,0,0,0,0,1392,4,3,7,8,25,0,793
cbrown1,Calvin,Brown,NY,6,1,2,3,2,0,0,0,33,37,3,0,3,28,392,206,3,4,25,18,0,0,0,0,1618,6,-1,5,7,30,0,999
cbrown1,Calvin,Brown,NY,7,1,0,0,0,0,0,0,0,0,0,0,0,0,0,0,0,0,0,0,0,0,0,0,0,0,0,0,7,30,0,999
cbrown1,Calvin,Brown,NY,8,1,1,4,0,1,0,0,50,53,2,0,1,35,587,172,4,5,23,17,0,0,0,0,1394,3,3,5,10,35,1,1171
cbrown1,Calvin,Brown,NY,9,1,2,3,4,1,0,0,49,52,3,0,0,41,465,170,2,4,24,20,0,0,0,0,1644,3,3,5,13,40,2,1341
cbrown1,Calvin,Brown,NY,12,1,0,0,0,0,0,0,0,0,0,0,0,0,0,0,0,0,0,0,0,0,0,0,0,0,0,0,13,40,2,1341
cbrown1,Calvin,Brown,NY,13,1,0,0,0,0,0,0,0,0,0,0,0,0,0,0,0,0,0,0,0,0,0,0,0,0,0,0,13,40,2,1341
jbrown,Jack,Brown,SEA,2,1,1,0,0,3,0,0,4,4,0,0,0,5,-2,37,0,0,3,0,19,5,2,0,1357,0,4,1,4,1,3,37
jbrown,Jack,Brown,SEA,3,2,1,0,0,0,0,0,3,3,0,0,0,4,17,61,0,0,4,3,12,0,0,0,932,0,1,1,5,2,3,98
jbrown,Jack,Brown,SEA,4,1,0,0,1,2,0,0,4,4,0,0,0,4,75,53,1,1,3,2,13,4,0,0,1314,0,2,0,7,2,5,151
jbrown,Jack,Brown,SEA,5,2,1,2,0,1,0,0,10,12,2,0,1,11,70,168,0,1,8,5,26,6,0,0,1873,3,1,3,8,5,6,319
jbrown,Jack,Brown,SEA,6,1,1,0,0,0,0,0,5,6,0,0,0,7,42,70,1,1,5,3,14,3,0,0,1265,0,1,1,9,6,6,389
jbrown,Jack,Brown,SEA,7,1,0,2,0,1,0,0,5,8,2,0,0,6,-7,72,0,2,3,3,8,2,0,0,647,2,1,2,10,8,7,461
jbrown,Jack,Brown,SEA,9,1,1,0,0,0,0,0,7,8,1,0,0,9,69,114,0,0,17,13,5,1,0,0,1636,1,0,1,10,9,7,575
jbrown,Jack,Brown,SEA,10,1,0,3,0,0,0,0,9,10,1,0,0,10,26,324,0,0,15,8,8,2,2,0,1396,1,2,3,12,12,7,899
jbrown,Jack,Brown,SEA,13,2,1,5,5,3,0,0,30,32,2,0,2,30,249,211,3,3,29,15,21,8,0,0,3404,4,5,6,17,18,10,1110
obrown,Oscar,Brown,SLC,1,1,0,0,0,1,0,0,8,8,0,0,0,5,74,6,0,0,2,1,11,1,0,0,845,0,1,0,1,0,1,6
obrown,Oscar,Brown,SLC,2,1,0,0,0,0,0,0,0,0,0,0,0,0,0,0,0,0,0,0,0,0,0,0,0,0,0,0,1,0,1,6
obrown,Oscar,Brown,SLC,5,1,0,0,0,0,0,0,0,0,0,0,0,0,0,0,0,0,0,0,0,0,0,0,0,0,0,0,1,0,1,6
obrown,Oscar,Brown,SLC,6,2,1,2,0,1,0,0,21,23,2,0,0,17,137,35,1,1,2,1,27,11,16,0,2142,2,2,3,3,3,2,41
obrown,Oscar,Brown,SLC,7,1,0,1,1,0,0,0,14,15,1,0,0,11,41,7,0,0,3,3,13,3,0,0,1051,1,0,1,3,4,2,48
obrown,Oscar,Brown,SLC,8,1,1,1,2,1,0,0,9,11,2,0,0,9,40,43,0,0,0,0,19,7,0,0,1005,2,1,2,4,6,3,91
obrown,Oscar,Brown,SLC,10,1,0,1,0,0,0,0,9,11,2,0,0,10,37,33,0,1,2,2,21,6,0,0,1352,2,-1,1,3,7,3,124
obrown,Oscar,Brown,SLC,11,2,1,1,5,1,0,0,27,31,4,0,0,26,83,104,0,0,1,1,42,17,0,0,3241,4,-1,2,2,9,4,228
obrown,Oscar,Brown,SLC,12,1,1,0,0,0,0,0,10,10,0,0,0,10,4,27,0,0,0,0,17,2,0,0,975,0,1,1,3,10,4,255
obrown,Oscar,Brown,SLC,13,1,0,1,0,0,0,0,7,7,0,0,0,6,51,-4,1,1,0,0,15,6,0,0,1018,0,1,1,4,11,4,251
sbrown1,Sandy,Brown,COL,1,1,4,1,0,0,0,0,4,4,0,0,0,8,80,98,1,1,0,0,14,10,0,0,713,0,5,5,5,5,0,98
sbrown1,Sandy,Brown,COL,4,2,0,0,0,2,0,0,1,1,0,0,1,1,-3,6,0,0,1,1,10,2,0,0,1129,1,1,0,6,5,2,104
sbrown1,Sandy,Brown,COL,5,1,2,0,0,0,0,0,3,3,0,0,0,5,-3,87,0,0,1,1,14,5,0,0,958,0,2,2,8,7,2,191
sbrown1,Sandy,Brown,COL,6,1,0,0,0,0,0,0,0,0,0,0,0,0,0,0,0,0,0,0,0,0,0,0,0,0,0,0,8,7,2,191
sbrown1,Sandy,Brown,COL,9,1,1,1,1,0,0,0,3,4,1,0,0,5,25,78,1,1,1,0,14,6,0,0,1107,1,1,2,9,9,2,269
sbrown1,Sandy,Brown,COL,10,2,2,0,1,2,0,0,18,18,0,0,0,19,-44,162,0,0,4,2,24,9,0,0,2100,0,4,2,13,11,4,431
sbrown1,Sandy,Brown,COL,11,1,0,0,0,0,0,0,0,0,0,0,0,0,0,0,0,0,0,0,0,0,0,0,0,0,0,0,13,11,4,431
sbrown1,Sandy,Brown,COL,12,2,0,0,0,0,0,0,0,0,0,0,0,0,0,0,0,0,0,0,0,0,0,0,0,0,0,0,13,11,4,431
sbrown1,Sandy,Brown,COL,13,1,0,0,0,0,0,0,0,0,0,0,0,0,0,0,0,0,0,0,0,0,0,0,0,0,0,0,13,11,4,431
rbrowning,Reed,Browning,SLC,1,1,1,0,0,1,0,0,4,4,0,0,0,5,-1,75,0,0,0,0,17,3,0,0,1127,0,2,1,2,1,1,75
rbrowning,Reed,Browning,SLC,2,1,0,4,2,2,0,0,9,12,3,0,0,11,102,161,0,0,0,0,17,7,0,0,1348,3,3,4,5,5,3,236
rbrowning,Reed,Browning,SLC,5,1,0,0,0,0,0,0,0,0,0,0,0,0,0,0,0,0,0,0,0,0,0,0,0,0,0,0,5,5,3,236
rbrowning,Reed,Browning,SLC,6,2,2,4,2,0,0,0,12,12,0,0,0,14,56,126,1,1,2,1,31,13,0,0,2434,0,6,6,11,11,3,362
rbrowning,Reed,Browning,SLC,7,1,1,0,0,3,0,0,1,2,1,0,0,2,4,40,0,0,1,1,18,6,0,0,1156,1,3,1,14,12,6,402
rbrowning,Reed,Browning,SLC,8,1,0,0,0,0,0,0,0,0,0,0,0,0,0,0,0,0,0,0,0,0,0,0,0,0,0,0,14,12,6,402
rbrowning,Reed,Browning,SLC,10,1,0,0,1,0,0,0,2,2,0,0,0,2,32,1,1,1,0,0,16,2,0,0,816,0,0,0,14,12,6,403
rbrowning,Reed,Browning,SLC,11,2,4,2,2,0,0,0,12,13,1,0,0,17,155,234,1,1,1,1,32,14,0,0,2580,1,5,6,19,18,6,637
rbrowning,Reed,Browning,SLC,12,1,0,1,1,1,0,0,6,8,2,0,0,7,65,80,0,1,0,0,14,3,0,0,983,2,0,1,19,19,7,717
rbrowning,Reed,Browning,SLC,13,1,0,0,1,0,0,0,4,4,0,0,0,3,61,11,1,1,0,0,14,6,0,0,1052,0,0,0,19,19,7,728
mbrownlee,Marques,Brownlee,NY,1,2,1,8,2,3,0,0,32,36,3,0,0,25,355,-14,1,2,3,2,35,14,33,8,2325,3,9,9,9,9,3,-14
mbrownlee,Marques,Brownlee,NY,3,1,0,1,0,0,0,0,2,4,2,0,0,4,29,-21,0,1,0,0,15,2,13,0,802,2,-1,1,8,10,3,-35
mbrownlee,Marques,Brownlee,NY,4,2,0,1,1,1,0,0,20,20,0,0,0,15,200,12,0,0,3,2,34,6,24,1,2481,0,2,1,10,11,4,-23
mbrownlee,Marques,Brownlee,NY,5,1,0,2,1,0,0,0,13,13,0,0,0,10,134,54,1,1,0,0,13,5,10,1,767,0,2,2,12,13,4,31
mbrownlee,Marques,Brownlee,NY,6,1,0,0,0,0,0,0,0,0,0,0,0,0,0,0,0,0,0,0,0,0,0,0,0,0,0,0,12,13,4,31
mbrownlee,Marques,Brownlee,NY,7,1,0,0,0,1,0,0,4,4,0,0,0,3,24,12,0,0,1,0,16,2,13,2,1142,0,1,0,13,13,5,43
mbrownlee,Marques,Brownlee,NY,8,1,0,0,0,0,0,0,0,0,0,0,0,0,0,0,0,0,0,0,0,0,0,0,0,0,0,0,13,13,5,43
mbrownlee,Marques,Brownlee,NY,9,1,0,2,1,0,0,0,5,5,0,0,0,2,59,4,1,1,0,0,19,4,14,1,1112,0,2,2,15,15,5,47
mbrownlee,Marques,Brownlee,NY,12,1,1,2,1,0,0,0,17,18,1,0,0,14,195,101,1,1,2,1,19,6,12,0,1220,1,2,3,17,18,5,148
mbrownlee,Marques,Brownlee,NY,13,1,0,0,0,0,0,0,0,0,0,0,0,0,0,0,0,0,0,0,0,0,0,0,0,0,0,0,17,18,5,148
dbruer,Dillon,Bruer,CAR,3,1,0,0,0,0,0,0,0,0,0,0,0,0,0,0,0,0,0,0,9,1,3,1,651,0,0,0,0,0,0,0
dbruer,Dillon,Bruer,CAR,4,2,0,0,0,0,0,0,3,3,0,0,0,3,-2,34,0,0,0,0,18,3,0,0,1028,0,0,0,0,0,0,34
dbruer,Dillon,Bruer,CAR,5,1,0,0,0,0,0,0,0,0,0,0,0,0,0,0,0,0,0,0,11,1,2,1,516,0,0,0,0,0,0,34
dbruer,Dillon,Bruer,CAR,6,2,0,0,0,0,0,0,0,0,0,0,0,0,0,0,0,0,0,0,0,0,0,0,0,0,0,0,0,0,0,34
dbruer,Dillon,Bruer,CAR,7,1,0,0,0,0,0,0,1,1,0,0,0,1,6,14,0,0,0,0,9,0,1,0,504,0,0,0,0,0,0,48
dbruer,Dillon,Bruer,CAR,9,1,0,0,0,0,0,0,0,0,0,0,0,0,0,0,0,0,0,0,0,0,0,0,0,0,0,0,0,0,0,48
dbruer,Dillon,Bruer,CAR,10,1,0,0,0,0,0,0,0,0,0,0,0,0,0,0,0,0,0,0,0,0,0,0,0,0,0,0,0,0,0,48
dbruer,Dillon,Bruer,CAR,12,1,0,0,0,0,0,0,0,0,0,0,0,0,0,0,0,0,0,0,0,0,0,0,0,0,0,0,0,0,0,48
dbruer,Dillon,Bruer,CAR,13,2,0,0,0,0,0,0,0,0,0,0,0,0,0,0,0,0,0,0,0,0,0,0,0,0,0,0,0,0,0,48
jbruner,Jace,Bruner,CHI,4,1,0,0,0,2,0,0,2,2,0,0,0,2,-4,12,0,0,0,0,12,7,0,0,1402,0,2,0,2,0,2,12
jbruner,Jace,Bruner,CHI,6,1,1,0,1,1,0,0,2,2,0,0,0,3,-5,42,0,0,0,0,7,2,0,0,805,0,2,1,4,1,3,54
jbruner,Jace,Bruner,CHI,7,1,0,0,0,0,0,0,0,0,0,0,0,0,0,0,0,0,0,0,0,0,0,0,0,0,0,0,4,1,3,54
jbruner,Jace,Bruner,CHI,8,1,0,1,0,0,0,0,4,4,0,0,1,4,1,21,0,0,1,1,14,7,0,0,1288,1,0,1,4,2,3,75
jbruner,Jace,Bruner,CHI,9,2,3,2,1,0,0,0,10,11,0,0,0,12,72,115,0,0,0,0,26,17,0,0,1945,0,5,5,9,7,3,190
jbruner,Jace,Bruner,CHI,10,2,0,0,0,0,0,0,0,0,0,0,0,0,0,0,0,0,0,0,0,0,0,0,0,0,0,0,9,7,3,190
jbruner,Jace,Bruner,CHI,11,2,0,0,0,0,0,0,6,6,0,0,0,6,64,39,0,0,1,0,25,9,0,0,1939,0,0,0,9,7,3,229
jbruner,Jace,Bruner,CHI,13,2,0,0,0,0,0,0,0,0,0,0,0,0,0,0,0,0,0,0,0,0,0,0,0,0,0,0,9,7,3,229
dbrunker,Daniel,Brunker,SD,2,2,2,4,4,0,0,0,49,50,1,0,1,35,549,172,3,4,33,26,0,0,0,0,2355,2,4,6,4,6,0,172
dbrunker,Daniel,Brunker,SD,3,1,0,3,2,0,0,0,26,30,4,0,0,24,289,114,1,2,16,10,0,0,0,0,1190,4,-1,3,3,9,0,286
dbrunker,Daniel,Brunker,SD,4,1,0,0,0,0,0,0,0,0,0,0,0,0,0,0,0,0,0,0,0,0,0,0,0,0,0,0,3,9,0,286
dbrunker,Daniel,Brunker,SD,5,2,0,0,0,0,0,0,0,0,0,0,0,0,0,0,0,0,0,0,0,0,0,0,0,0,0,0,3,9,0,286
dbrunker,Daniel,Brunker,SD,6,1,0,0,0,0,0,0,0,0,0,0,0,0,0,0,0,0,0,0,0,0,0,0,0,0,0,0,3,9,0,286
dbrunker,Daniel,Brunker,SD,7,1,1,3,1,1,0,0,21,22,1,0,0,20,175,67,1,2,11,7,7,2,0,0,1041,1,4,4,7,13,1,353
dbrunker,Daniel,Brunker,SD,8,1,2,4,4,2,0,0,25,29,4,0,0,26,263,171,2,2,7,6,10,5,0,0,1057,4,4,6,11,19,3,524
dbrunker,Daniel,Brunker,SD,10,1,1,1,2,1,0,0,21,21,0,0,0,21,158,40,1,1,4,3,11,1,1,0,1028,0,3,2,14,21,4,564
dbrunker,Daniel,Brunker,SD,11,1,4,2,0,1,0,0,36,37,1,0,0,34,235,208,0,0,22,14,0,0,0,0,1354,1,6,6,20,27,5,772
dbrunker,Daniel,Brunker,SD,13,1,0,1,0,0,0,0,17,18,1,0,0,17,74,110,0,0,13,8,1,0,0,0,1339,1,0,1,20,28,5,882
qbuermeye,Quinn,Buermeyer,ORE,1,1,0,0,2,1,0,0,25,26,1,0,1,22,141,56,1,2,21,9,1,0,0,0,1735,2,-1,0,-1,0,1,56
qbuermeye,Quinn,Buermeyer,ORE,2,1,2,0,1,0,0,0,11,13,1,0,0,12,52,65,0,0,20,9,1,0,0,0,1362,1,1,2,0,2,1,121
qbuermeye,Quinn,Buermeyer,ORE,4,1,3,0,2,0,0,0,22,25,2,0,1,20,59,172,0,0,23,15,1,0,0,0,1745,3,0,3,0,5,1,293
qbuermeye,Quinn,Buermeyer,ORE,5,2,6,0,2,1,0,0,38,40,2,0,0,41,29,282,0,1,37,22,2,0,0,0,3346,2,5,6,5,11,2,575
qbuermeye,Quinn,Buermeyer,ORE,6,1,1,0,1,1,0,0,22,23,1,0,0,20,89,82,0,0,19,7,1,0,0,0,1387,1,1,1,6,12,3,657
qbuermeye,Quinn,Buermeyer,ORE,7,1,2,2,2,0,0,0,15,16,0,0,1,12,71,133,0,0,15,9,1,1,0,0,1246,1,3,4,9,16,3,790
qbuermeye,Quinn,Buermeyer,ORE,8,2,1,1,0,0,0,0,43,45,2,0,0,32,246,145,0,0,47,22,1,0,0,0,3151,2,0,2,9,18,3,935
qbuermeye,Quinn,Buermeyer,ORE,9,1,3,0,1,0,0,0,23,25,2,0,0,24,22,270,0,0,20,9,0,0,0,0,1651,2,1,3,10,21,3,1205
qbuermeye,Quinn,Buermeyer,ORE,10,1,1,0,1,0,0,0,12,13,1,0,0,12,40,181,0,0,17,7,1,0,0,0,1300,1,0,1,10,22,3,1386
qbuermeye,Quinn,Buermeyer,ORE,13,1,3,0,2,1,0,0,17,19,2,0,0,19,33,169,0,1,25,14,0,0,0,0,1575,2,2,3,12,25,4,1555
mburke1,Matthew,Burke,OAK,1,1,0,0,0,0,0,0,0,0,0,0,0,0,0,0,0,0,0,0,0,0,0,0,0,0,0,0,0,0,0,0
mburke1,Matthew,Burke,OAK,2,2,0,0,0,0,0,0,0,0,0,0,0,0,0,0,0,0,0,0,0,0,0,0,0,0,0,0,0,0,0,0
mburke1,Matthew,Burke,OAK,3,1,0,0,0,0,0,0,0,0,0,0,0,0,0,0,0,0,0,0,0,0,0,0,0,0,0,0,0,0,0,0
mburke1,Matthew,Burke,OAK,5,1,0,0,0,0,0,0,0,0,0,0,0,0,0,0,0,0,0,0,0,0,0,0,0,0,0,0,0,0,0,0
mburke1,Matthew,Burke,OAK,6,1,0,0,0,0,0,0,0,0,0,0,0,0,0,0,0,0,0,0,0,0,0,0,0,0,0,0,0,0,0,0
mburke1,Matthew,Burke,OAK,7,1,0,0,0,0,0,0,0,0,0,0,0,0,0,0,0,0,0,0,0,0,0,0,0,0,0,0,0,0,0,0
mburke1,Matthew,Burke,OAK,8,1,0,0,0,0,0,0,0,0,0,0,0,0,0,0,0,0,0,0,0,0,0,0,0,0,0,0,0,0,0,0
mburke1,Matthew,Burke,OAK,9,1,0,0,0,0,0,0,0,0,0,0,0,0,0,0,0,0,0,0,0,0,0,0,0,0,0,0,0,0,0,0
mburke1,Matthew,Burke,OAK,10,2,0,0,0,0,0,0,0,0,0,0,0,0,0,0,0,0,0,0,0,0,0,0,0,0,0,0,0,0,0,0
mburke1,Matthew,Burke,OAK,13,1,0,0,0,0,0,0,0,0,0,0,0,0,0,0,0,0,0,0,0,0,0,0,0,0,0,0,0,0,0,0
jburnett,Justin,Burnett,MIN,3,1,3,1,0,4,0,0,8,10,2,0,0,8,136,172,1,1,2,1,22,12,0,0,1502,2,6,4,6,4,4,172
jburnett,Justin,Burnett,MIN,4,1,2,1,1,1,0,0,4,4,0,0,0,6,24,128,0,0,4,2,13,4,0,0,1072,0,4,3,10,7,5,300
jburnett,Justin,Burnett,MIN,5,1,2,2,2,0,0,0,9,10,1,0,0,11,115,205,0,0,2,2,19,12,0,0,1286,1,3,4,13,11,5,505
jburnett,Justin,Burnett,MIN,6,1,0,1,0,3,0,0,7,8,1,1,1,6,31,146,0,0,0,0,19,5,1,0,1881,3,1,1,14,12,8,651
jburnett,Justin,Burnett,MIN,7,1,0,0,0,1,0,0,5,5,0,0,0,2,41,14,0,0,0,0,19,7,0,0,1242,0,1,0,15,12,9,665
jburnett,Justin,Burnett,MIN,8,1,0,0,0,2,0,0,9,10,1,0,1,5,87,15,0,1,2,2,17,7,0,0,1603,2,0,0,15,12,11,680
jburnett,Justin,Burnett,MIN,9,1,0,0,0,0,0,0,0,0,0,0,0,0,0,0,0,0,0,0,0,0,0,0,0,0,0,0,15,12,11,680
jburnett,Justin,Burnett,MIN,11,2,1,2,1,3,0,0,12,14,2,0,1,8,91,120,0,0,4,1,31,9,0,0,2592,3,3,3,18,15,14,800
jburnett,Justin,Burnett,MIN,12,1,1,0,0,0,0,0,5,5,0,0,0,4,-7,72,0,0,0,0,12,4,0,0,1139,0,1,1,19,16,14,872
jburnett,Justin,Burnett,MIN,13,2,1,1,0,0,0,0,3,3,0,0,0,4,-1,64,0,0,0,0,17,4,0,0,984,0,2,2,21,18,14,936
dburns,Dylan,Burns,OAK,1,1,0,1,0,0,0,0,5,6,0,0,0,6,11,96,0,0,2,1,12,3,0,0,971,0,1,1,1,1,0,96
dburns,Dylan,Burns,OAK,2,2,1,2,2,0,0,0,18,20,2,0,0,18,134,253,0,0,19,17,14,3,0,0,2694,2,1,3,2,4,0,349
dburns,Dylan,Burns,OAK,3,1,0,2,0,0,0,0,10,10,0,0,0,11,65,155,0,0,10,8,9,4,0,0,1146,0,2,2,4,6,0,504
dburns,Dylan,Burns,OAK,5,1,3,1,2,0,0,0,17,19,2,0,0,22,59,202,0,0,19,16,2,0,0,0,1432,2,2,4,6,10,0,706
dburns,Dylan,Burns,OAK,6,1,1,2,3,0,0,0,15,16,1,0,0,16,44,148,0,1,25,16,3,2,0,0,1421,1,2,3,8,13,0,854
dburns,Dylan,Burns,OAK,7,1,4,1,3,2,0,0,21,22,1,0,0,25,74,281,0,0,28,19,0,0,0,0,1440,1,6,5,14,18,2,1135
dburns,Dylan,Burns,OAK,8,1,2,4,1,0,0,0,19,19,0,0,0,19,124,214,0,0,11,9,5,3,0,0,871,0,6,6,20,24,2,1349
dburns,Dylan,Burns,OAK,9,1,1,2,4,1,0,0,17,20,2,0,0,19,50,228,0,1,12,12,5,3,0,0,842,2,2,3,22,27,3,1577
dburns,Dylan,Burns,OAK,10,2,4,0,6,2,0,0,31,34,3,0,0,37,186,349,0,0,33,25,8,1,0,0,2572,3,3,4,25,31,5,1926
dburns,Dylan,Burns,OAK,13,1,1,2,0,0,0,0,13,13,0,0,0,12,63,104,0,0,3,3,11,4,0,0,1199,0,3,3,28,34,5,2030
jburns,JP,Burns,ATL,1,1,0,0,0,0,0,0,0,0,0,0,0,0,0,0,0,0,0,0,0,0,0,0,0,0,0,0,0,0,0,0
jburns,JP,Burns,ATL,3,2,0,0,0,0,0,0,0,0,0,0,0,0,0,0,0,0,0,0,0,0,0,0,0,0,0,0,0,0,0,0
jburns,JP,Burns,ATL,4,2,0,0,0,0,0,0,0,0,0,0,0,0,0,0,0,0,0,0,0,0,0,0,0,0,0,0,0,0,0,0
jburns,JP,Burns,ATL,5,1,0,0,0,0,0,0,0,0,0,0,0,0,0,0,0,0,0,0,0,0,0,0,0,0,0,0,0,0,0,0
jburns,JP,Burns,ATL,6,2,0,0,0,0,0,0,0,0,0,0,0,0,0,0,0,0,0,0,0,0,0,0,0,0,0,0,0,0,0,0
jburns,JP,Burns,ATL,7,1,0,0,0,0,0,0,0,0,0,0,0,0,0,0,0,0,0,0,0,0,0,0,0,0,0,0,0,0,0,0
jburns,JP,Burns,ATL,9,1,0,0,0,0,0,0,0,0,0,0,0,0,0,0,0,0,0,0,0,0,0,0,0,0,0,0,0,0,0,0
jburns,JP,Burns,ATL,10,1,0,0,0,0,0,0,0,0,0,0,0,0,0,0,0,0,0,0,0,0,0,0,0,0,0,0,0,0,0,0
jburns,JP,Burns,ATL,12,1,0,0,0,0,0,0,0,0,0,0,0,0,0,0,0,0,0,0,0,0,0,0,0,0,0,0,0,0,0,0
zburpee,Zachary,Burpee,DC,1,1,0,0,0,0,0,0,0,0,0,0,0,0,0,0,0,0,0,0,3,0,0,0,403,0,0,0,0,0,0,0
zburpee,Zachary,Burpee,DC,2,1,0,1,0,0,0,0,2,2,0,0,0,2,12,15,0,0,0,0,13,1,2,0,872,0,1,1,1,1,0,15
zburpee,Zachary,Burpee,DC,3,1,0,0,0,0,0,0,0,0,0,0,0,0,0,0,0,0,0,0,0,0,0,0,0,0,0,0,1,1,0,15
zburpee,Zachary,Burpee,DC,4,1,0,0,0,0,0,0,0,0,0,0,0,0,0,0,0,0,0,0,0,0,0,0,0,0,0,0,1,1,0,15
zburpee,Zachary,Burpee,DC,6,2,2,1,0,0,0,0,11,14,2,0,0,16,94,170,0,1,26,16,0,0,0,0,2170,2,1,3,2,4,0,185
zburpee,Zachary,Burpee,DC,7,1,0,0,0,0,0,0,0,0,0,0,0,0,0,0,0,0,0,0,0,0,0,0,0,0,0,0,2,4,0,185
zburpee,Zachary,Burpee,DC,8,1,0,0,0,0,0,0,0,0,0,0,0,0,0,0,0,0,0,0,0,0,0,0,0,0,0,0,2,4,0,185
zburpee,Zachary,Burpee,DC,10,1,0,0,0,0,0,0,0,0,0,0,0,0,0,0,0,0,0,0,0,0,0,0,0,0,0,0,2,4,0,185
zburpee,Zachary,Burpee,DC,11,1,0,0,0,0,0,0,0,0,0,0,0,0,0,0,0,0,0,0,0,0,0,0,0,0,0,0,2,4,0,185
zburpee,Zachary,Burpee,DC,12,1,0,0,0,0,0,0,0,0,0,0,0,0,0,0,0,0,0,0,0,0,0,0,0,0,0,0,2,4,0,185
zburpee,Zachary,Burpee,DC,13,1,0,1,0,0,0,0,12,13,1,0,0,9,110,82,0,0,16,7,0,0,0,0,1086,1,0,1,2,5,0,267
cburt,Caiden,Burt,HTX,1,1,3,0,1,0,0,0,4,4,0,0,1,7,-3,125,0,0,7,1,14,3,0,0,771,1,2,3,2,3,0,125
cburt,Caiden,Burt,HTX,2,1,0,0,0,3,0,0,4,5,1,0,0,5,9,51,0,0,2,1,10,2,0,0,1252,1,2,0,4,3,3,176
cburt,Caiden,Burt,HTX,3,1,2,0,0,0,0,0,5,6,1,0,0,8,27,72,0,0,8,5,8,0,0,0,1061,1,1,2,5,5,3,248
cburt,Caiden,Burt,HTX,4,1,3,0,0,0,0,0,3,3,0,0,0,6,15,97,0,0,3,2,17,6,0,0,1522,0,3,3,8,8,3,345
cburt,Caiden,Burt,HTX,6,2,0,1,0,0,0,0,4,4,0,0,0,4,21,36,0,0,9,4,16,3,0,0,1582,0,1,1,9,9,3,381
cburt,Caiden,Burt,HTX,8,1,0,1,2,1,0,0,6,6,0,0,0,6,54,55,1,1,3,2,12,3,0,0,1281,0,2,1,11,10,4,436
cburt,Caiden,Burt,HTX,9,2,0,1,0,0,0,0,4,6,2,0,0,6,27,105,0,0,10,2,21,0,0,0,1926,2,-1,1,10,11,4,541
cburt,Caiden,Burt,HTX,11,1,0,0,0,1,0,0,1,1,0,0,0,1,3,7,0,0,1,0,14,2,0,0,953,0,1,0,11,11,5,548
cburt,Caiden,Burt,HTX,12,1,3,1,0,0,0,0,8,8,0,0,0,11,56,169,1,1,5,4,13,3,0,0,1249,0,4,4,15,15,5,717
cburt,Caiden,Burt,HTX,13,1,1,0,0,1,0,0,1,2,0,0,0,3,-8,63,0,1,4,1,16,3,0,0,1015,0,2,1,17,16,6,780
zbyrnes,Zac,Byrnes,CAR,3,1,0,0,0,0,0,0,0,0,0,0,0,0,0,0,0,0,0,0,0,0,0,0,0,0,0,0,0,0,0,0
zbyrnes,Zac,Byrnes,CAR,4,2,0,0,0,0,0,0,0,0,0,0,0,0,0,0,0,0,0,0,0,0,0,0,0,0,0,0,0,0,0,0
zbyrnes,Zac,Byrnes,CAR,5,1,0,0,0,0,0,0,0,0,0,0,0,0,0,0,0,0,0,0,0,0,0,0,0,0,0,0,0,0,0,0
zbyrnes,Zac,Byrnes,CAR,6,2,0,0,3,4,0,0,10,10,0,0,0,8,108,102,0,0,0,0,11,6,0,0,959,0,4,0,4,0,4,102
zbyrnes,Zac,Byrnes,CAR,7,1,0,0,0,0,0,0,0,0,0,0,0,0,0,0,0,0,0,0,0,0,0,0,0,0,0,0,4,0,4,102
zbyrnes,Zac,Byrnes,CAR,9,1,0,0,0,0,0,0,0,0,0,0,0,0,0,0,0,0,0,0,0,0,0,0,0,0,0,0,4,0,4,102
zbyrnes,Zac,Byrnes,CAR,10,1,0,0,0,0,0,0,0,0,0,0,0,0,0,0,0,0,0,0,0,0,0,0,0,0,0,0,4,0,4,102
zbyrnes,Zac,Byrnes,CAR,12,1,0,0,0,0,0,0,0,0,0,0,0,0,0,0,0,0,0,0,0,0,0,0,0,0,0,0,4,0,4,102
zbyrnes,Zac,Byrnes,CAR,13,2,0,0,0,0,0,0,0,0,0,0,0,0,0,0,0,0,0,0,0,0,0,0,0,0,0,0,4,0,4,102
ocable,Orion,Cable,BOS,1,1,2,3,0,0,0,0,7,7,0,0,0,9,102,174,2,2,18,16,3,0,0,0,1051,0,5,5,5,5,0,174
ocable,Orion,Cable,BOS,3,1,2,0,2,0,0,0,8,9,1,0,1,11,44,226,1,2,14,12,3,0,0,0,1300,2,0,2,5,7,0,400
ocable,Orion,Cable,BOS,4,2,3,4,3,0,0,0,35,38,3,0,0,41,172,456,5,7,35,21,2,0,0,0,3178,3,4,7,9,14,0,856
ocable,Orion,Cable,BOS,7,1,3,0,1,0,0,0,7,9,2,0,1,12,-5,231,0,2,14,13,1,0,0,0,1109,3,0,3,9,17,0,1087
ocable,Orion,Cable,BOS,8,2,10,2,1,1,0,0,26,28,2,1,0,38,235,651,3,4,42,33,6,2,0,0,3057,3,10,12,19,29,1,1738
ocable,Orion,Cable,BOS,9,1,4,1,0,0,0,0,10,11,1,0,1,15,-3,349,0,1,17,13,0,0,0,0,1163,2,3,5,22,34,1,2087
ocable,Orion,Cable,BOS,11,1,1,0,2,1,0,0,7,8,1,0,1,8,-19,103,0,1,16,7,2,0,0,0,1082,2,0,1,22,35,2,2190
ocable,Orion,Cable,BOS,12,2,6,5,0,1,0,0,28,33,5,0,0,39,18,612,2,5,34,22,3,0,0,0,2867,5,7,11,29,46,3,2802
ocable,Orion,Cable,BOS,13,1,1,1,1,1,0,0,8,9,1,0,0,10,175,89,3,4,18,11,1,0,0,0,1257,1,2,2,31,48,4,2891
lcall,Logan,Call,PIT,2,1,0,0,0,0,0,0,1,1,0,0,0,1,-3,8,0,0,0,0,11,0,9,0,598,0,0,0,0,0,0,8
lcall,Logan,Call,PIT,3,1,0,0,0,1,0,0,1,1,0,0,0,0,15,0,0,0,0,0,9,1,2,0,386,0,1,0,1,0,1,8
lcall,Logan,Call,PIT,4,1,0,0,0,0,0,0,0,1,1,0,0,1,0,26,0,0,0,0,11,4,2,0,585,1,-1,0,0,0,1,34
lcall,Logan,Call,PIT,5,1,0,0,0,0,0,0,1,1,0,0,0,1,4,7,0,0,1,0,5,0,0,0,359,0,0,0,0,0,1,41
lcall,Logan,Call,PIT,6,1,0,0,0,0,0,0,0,0,0,0,0,0,0,0,0,0,0,0,0,0,0,0,0,0,0,0,0,0,1,41
lcall,Logan,Call,PIT,7,1,0,0,0,0,0,0,0,0,0,0,0,0,0,0,0,0,0,0,8,2,1,0,486,0,0,0,0,0,1,41
lcall,Logan,Call,PIT,8,1,0,0,0,0,0,0,0,0,0,0,0,0,0,0,0,0,0,0,0,0,0,0,0,0,0,0,0,0,1,41
lcall,Logan,Call,PIT,9,2,0,1,0,0,0,1,3,4,1,0,0,4,14,45,0,0,2,0,9,1,5,1,787,1,0,1,0,1,1,86
lcall,Logan,Call,PIT,10,1,0,0,0,0,0,0,0,0,0,0,0,0,0,0,0,0,0,0,0,0,0,0,0,0,0,0,0,1,1,86
lcall,Logan,Call,PIT,11,1,0,0,0,0,0,0,0,0,0,0,0,0,0,0,0,0,0,0,0,0,0,0,0,0,0,0,0,1,1,86
lcall,Logan,Call,PIT,13,1,0,0,0,0,0,0,0,0,0,0,0,0,0,0,0,0,0,0,0,0,0,0,0,0,0,0,0,1,1,86
mcampanel,Mike,Campanella,PHI,1,1,0,1,0,1,0,0,5,5,0,0,0,5,34,40,0,0,1,1,17,5,0,0,1437,0,2,1,2,1,1,40
mcampanel,Mike,Campanella,PHI,2,1,1,0,1,0,0,0,5,7,2,0,0,8,16,100,0,0,0,0,15,7,0,0,1225,2,-1,1,1,2,1,140
mcampanel,Mike,Campanella,PHI,3,1,0,0,0,0,0,0,0,0,0,0,0,0,0,0,0,0,0,0,0,0,0,0,0,0,0,0,1,2,1,140
mcampanel,Mike,Campanella,PHI,5,1,0,0,1,0,0,0,2,2,0,0,0,2,1,5,0,0,0,0,13,3,0,0,900,0,0,0,1,2,1,145
mcampanel,Mike,Campanella,PHI,6,1,0,0,0,0,0,0,3,4,1,0,0,3,22,9,0,0,0,0,8,0,0,0,991,1,-1,0,0,2,1,154
mcampanel,Mike,Campanella,PHI,7,2,0,0,0,0,0,0,0,0,0,0,0,0,0,0,0,0,0,0,0,0,0,0,0,0,0,0,0,2,1,154
mcampanel,Mike,Campanella,PHI,8,1,0,0,0,0,0,0,0,0,0,0,0,0,0,0,0,0,0,0,0,0,0,0,0,0,0,0,0,2,1,154
mcampanel,Mike,Campanella,PHI,10,1,0,0,0,0,0,0,0,0,0,0,0,0,0,0,0,0,0,0,0,0,0,0,0,0,0,0,0,2,1,154
mcampanel,Mike,Campanella,PHI,12,2,0,0,0,0,0,0,0,0,0,0,0,0,0,0,0,0,0,0,0,0,0,0,0,0,0,0,0,2,1,154
mcampanel,Mike,Campanella,PHI,13,1,0,0,0,0,0,0,0,0,0,0,0,0,0,0,0,0,0,0,0,0,0,0,0,0,0,0,0,2,1,154
ccampbell1,Caleb,Campbell,ORE,1,1,0,0,1,3,0,0,15,16,0,0,0,11,22,37,0,0,4,1,9,0,8,1,1081,0,3,0,3,0,3,37
ccampbell1,Caleb,Campbell,ORE,2,1,0,1,1,0,0,0,25,32,3,0,0,28,84,41,0,1,7,2,13,1,9,0,1338,3,-2,1,1,1,3,78
ccampbell1,Caleb,Campbell,ORE,4,1,0,0,2,1,0,0,15,16,1,0,2,10,87,-27,0,0,0,0,19,7,7,0,1676,3,-2,0,-1,1,4,51
ccampbell1,Caleb,Campbell,ORE,5,2,0,2,0,2,0,0,30,34,2,0,1,25,116,0,0,0,1,0,34,5,31,1,2745,3,1,2,0,3,6,51
ccampbell1,Caleb,Campbell,ORE,6,1,0,1,3,1,0,0,28,29,1,0,0,22,150,-53,0,0,3,2,19,8,5,0,1595,1,1,1,1,4,7,-2
ccampbell1,Caleb,Campbell,ORE,7,1,1,2,2,0,0,0,10,11,1,0,0,8,50,65,0,0,1,1,13,6,7,0,1001,1,2,3,3,7,7,63
ccampbell1,Caleb,Campbell,ORE,8,2,0,1,1,0,0,0,12,13,1,0,1,5,207,25,2,2,4,2,30,2,17,2,1909,2,-1,1,2,8,7,88
ccampbell1,Caleb,Campbell,ORE,9,1,2,0,3,2,0,0,9,10,1,0,0,8,16,87,0,0,3,2,17,6,1,0,1092,1,3,2,5,10,9,175
ccampbell1,Caleb,Campbell,ORE,10,1,2,4,2,1,0,0,25,25,0,0,0,22,218,83,1,1,4,3,14,5,9,0,1014,0,7,6,12,16,10,258
ccampbell1,Caleb,Campbell,ORE,13,1,1,1,0,0,0,0,9,10,1,0,0,7,106,50,1,1,1,0,20,2,6,0,1272,1,1,2,13,18,10,308
jcanfield,Jared,Canfield,TOR,2,2,0,0,0,0,0,0,0,0,0,0,0,0,0,0,0,0,0,0,0,0,0,0,0,0,0,0,0,0,0,0
jcanfield,Jared,Canfield,TOR,3,1,0,0,0,0,0,0,0,0,0,0,0,0,0,0,0,0,0,0,0,0,0,0,0,0,0,0,0,0,0,0
jcanfield,Jared,Canfield,TOR,6,2,0,0,0,0,0,0,0,0,0,0,0,0,0,0,0,0,0,0,0,0,0,0,0,0,0,0,0,0,0,0
jcanfield,Jared,Canfield,TOR,7,1,0,0,0,0,0,0,0,0,0,0,0,0,0,0,0,0,0,0,0,0,0,0,0,0,0,0,0,0,0,0
jcanfield,Jared,Canfield,TOR,8,1,0,0,0,0,0,0,0,0,0,0,0,0,0,0,0,0,1,0,10,1,0,0,704,0,0,0,0,0,0,0
jcanfield,Jared,Canfield,TOR,9,2,0,0,0,0,0,0,0,0,0,0,0,0,0,0,0,0,0,0,0,0,0,0,0,0,0,0,0,0,0,0
jcanfield,Jared,Canfield,TOR,10,1,1,0,2,1,0,0,9,9,0,0,0,9,43,112,0,0,6,3,7,4,1,0,1143,0,2,1,2,1,1,112
jcanfield,Jared,Canfield,TOR,11,1,0,0,0,0,0,0,0,1,1,0,0,1,0,16,0,0,0,0,14,4,0,0,829,1,-1,0,1,1,1,128
jcanfield,Jared,Canfield,TOR,13,1,0,0,0,0,0,0,0,0,0,0,0,0,0,0,0,0,0,0,10,1,0,0,716,0,0,0,1,1,1,128
ccannon,Charles,Cannon,COL,1,1,0,0,0,0,0,0,0,0,0,0,0,0,0,0,0,0,0,0,0,0,0,0,0,0,0,0,0,0,0,0
ccannon,Charles,Cannon,COL,4,2,0,0,0,0,0,0,0,0,0,0,0,0,0,0,0,0,0,0,0,0,0,0,0,0,0,0,0,0,0,0
ccannon,Charles,Cannon,COL,5,1,0,0,0,0,0,0,0,0,0,0,0,0,0,0,0,0,0,0,0,0,0,0,0,0,0,0,0,0,0,0
ccannon,Charles,Cannon,COL,6,1,0,0,0,0,0,0,0,0,0,0,0,0,0,0,0,0,0,0,0,0,0,0,0,0,0,0,0,0,0,0
ccannon,Charles,Cannon,COL,9,1,0,0,1,3,0,0,6,9,3,0,0,6,28,-21,0,0,0,0,14,9,0,0,1014,3,0,0,0,0,3,-21
ccannon,Charles,Cannon,COL,10,2,0,0,0,0,0,0,0,0,0,0,0,0,0,0,0,0,0,0,0,0,0,0,0,0,0,0,0,0,3,-21
ccannon,Charles,Cannon,COL,11,1,0,0,0,0,0,0,0,0,0,0,0,0,0,0,0,0,0,0,0,0,0,0,0,0,0,0,0,0,3,-21
ccannon,Charles,Cannon,COL,12,2,0,0,0,0,0,0,0,0,0,0,0,0,0,0,0,0,0,0,0,0,0,0,0,0,0,0,0,0,3,-21
ccannon,Charles,Cannon,COL,13,1,0,0,0,0,0,0,0,0,0,0,0,0,0,0,0,0,0,0,0,0,0,0,0,0,0,0,0,0,3,-21
scarapell,Simon,Carapella,BOS,1,1,4,1,3,1,0,0,15,16,1,0,0,20,60,176,0,1,19,16,0,0,0,0,974,1,5,5,5,5,1,176
scarapell,Simon,Carapella,BOS,3,1,1,2,3,1,0,0,22,22,0,0,1,23,69,224,1,1,13,12,0,0,0,0,1040,1,3,3,8,8,2,400
scarapell,Simon,Carapella,BOS,4,2,2,3,1,1,0,0,44,46,1,0,0,47,146,252,0,0,30,18,0,0,0,0,2809,1,5,5,13,13,3,652
scarapell,Simon,Carapella,BOS,7,1,2,0,1,1,0,0,24,24,0,0,0,26,36,142,0,0,14,13,0,0,0,0,1102,0,3,2,16,15,4,794
scarapell,Simon,Carapella,BOS,8,2,2,7,7,2,0,0,75,77,1,0,0,80,323,400,3,3,44,34,0,0,0,0,3173,1,10,9,26,24,6,1194
scarapell,Simon,Carapella,BOS,9,1,2,1,2,0,0,0,29,29,0,0,0,31,114,76,0,0,17,13,0,0,0,0,1163,0,3,3,29,27,6,1270
scarapell,Simon,Carapella,BOS,11,1,0,0,0,0,0,0,0,0,0,0,0,0,0,0,0,0,0,0,0,0,0,0,0,0,0,0,29,27,6,1270
scarapell,Simon,Carapella,BOS,12,2,0,0,0,0,0,0,0,0,0,0,0,0,0,0,0,0,0,0,0,0,0,0,0,0,0,0,29,27,6,1270
scarapell,Simon,Carapella,BOS,13,1,0,0,0,0,0,0,0,0,0,0,0,0,0,0,0,0,0,0,0,0,0,0,0,0,0,0,29,27,6,1270
jcari,Joey,Cari,IND,2,1,0,0,0,0,0,0,0,0,0,0,0,0,0,0,0,0,0,0,0,0,0,0,0,0,0,0,0,0,0,0
jcari,Joey,Cari,IND,3,1,0,0,0,0,0,0,0,0,0,0,0,0,0,0,0,0,0,0,0,0,0,0,0,0,0,0,0,0,0,0
jcari,Joey,Cari,IND,5,1,2,2,1,0,0,0,28,29,0,0,0,24,330,88,1,1,17,13,0,0,0,0,1400,0,4,4,4,4,0,88
jcari,Joey,Cari,IND,6,1,0,0,0,1,0,0,30,32,2,0,1,24,75,20,0,1,17,4,0,0,0,0,1319,3,-2,0,2,4,1,108
jcari,Joey,Cari,IND,7,1,1,1,0,1,0,0,24,24,0,0,0,21,122,35,0,0,14,9,0,0,0,0,1150,0,3,2,5,6,2,143
jcari,Joey,Cari,IND,8,1,0,1,1,0,0,0,53,55,2,0,0,49,199,211,0,0,21,12,0,0,0,0,1772,2,-1,1,4,7,2,354
jcari,Joey,Cari,IND,9,1,0,0,0,0,0,0,0,0,0,0,0,0,0,0,0,0,0,0,0,0,0,0,0,0,0,0,4,7,2,354
jcari,Joey,Cari,IND,10,2,0,0,0,0,0,0,21,21,0,0,0,19,84,0,0,0,9,2,6,1,0,0,1158,0,0,0,4,7,2,354
jcari,Joey,Cari,IND,11,1,0,0,0,0,0,0,0,0,0,0,0,0,0,0,0,0,0,0,0,0,0,0,0,0,0,0,4,7,2,354
jcari,Joey,Cari,IND,12,1,0,1,0,1,0,0,7,7,0,0,1,5,28,11,0,0,0,0,14,4,0,0,730,1,1,1,5,8,3,365
jcari,Joey,Cari,IND,13,1,0,0,0,0,0,0,0,0,0,0,0,0,0,0,0,0,0,0,0,0,0,0,0,0,0,0,5,8,3,365
jcarreiro,Jac,Carreiro,BOS,1,1,0,0,0,0,0,0,3,3,0,0,0,3,11,14,0,0,0,0,13,4,1,1,841,0,0,0,0,0,0,14
jcarreiro,Jac,Carreiro,BOS,3,1,0,0,0,0,0,0,2,2,0,0,0,2,-4,41,0,0,0,0,10,4,0,0,1095,0,0,0,0,0,0,55
jcarreiro,Jac,Carreiro,BOS,4,2,0,0,0,0,0,0,1,1,0,0,0,1,-4,5,0,0,0,0,11,3,0,0,937,0,0,0,0,0,0,60
jcarreiro,Jac,Carreiro,BOS,7,1,0,0,0,0,0,0,0,0,0,0,0,0,0,0,0,0,0,0,0,0,0,0,0,0,0,0,0,0,0,60
jcarreiro,Jac,Carreiro,BOS,8,2,0,0,0,0,0,0,0,0,0,0,0,0,0,0,0,0,0,0,0,0,0,0,0,0,0,0,0,0,0,60
jcarreiro,Jac,Carreiro,BOS,9,1,0,0,1,1,0,0,5,7,2,0,0,7,16,61,0,0,0,0,12,3,0,0,999,2,-1,0,-1,0,1,121
jcarreiro,Jac,Carreiro,BOS,11,1,0,0,0,0,0,0,0,0,0,0,0,0,0,0,0,0,0,0,0,0,0,0,0,0,0,0,-1,0,1,121
jcarreiro,Jac,Carreiro,BOS,12,2,0,0,0,0,0,0,0,0,0,0,0,0,0,0,0,0,0,0,0,0,0,0,0,0,0,0,-1,0,1,121
jcarreiro,Jac,Carreiro,BOS,13,1,0,0,0,0,0,0,0,0,0,0,0,0,0,0,0,0,0,0,0,0,0,0,0,0,0,0,-1,0,1,121
jcarrico,Jake,Carrico,MAD,2,2,1,1,3,1,0,0,9,10,1,0,0,11,43,202,0,0,8,4,14,5,0,0,1378,1,2,2,2,2,1,202
jcarrico,Jake,Carrico,MAD,4,1,0,4,1,1,0,0,7,7,0,0,0,6,113,34,1,1,4,3,9,6,0,0,975,0,5,4,7,6,2,236
jcarrico,Jake,Carrico,MAD,6,1,1,1,2,0,0,0,7,9,2,0,0,9,84,104,0,0,4,4,10,7,0,0,1233,2,0,2,7,8,2,340
jcarrico,Jake,Carrico,MAD,7,1,1,0,0,0,0,0,5,7,2,0,0,8,17,74,0,0,4,1,9,1,0,0,746,2,-1,1,6,9,2,414
jcarrico,Jake,Carrico,MAD,8,2,1,6,2,0,0,0,21,22,1,0,0,22,253,136,2,2,11,8,25,11,0,0,2503,1,6,7,12,16,2,550
jcarrico,Jake,Carrico,MAD,10,2,2,3,2,2,1,0,16,17,0,0,0,13,151,50,0,0,4,4,29,11,1,0,2155,0,7,5,19,21,4,600
jcarrico,Jake,Carrico,MAD,11,1,0,4,2,1,0,0,21,22,0,0,0,18,244,52,1,1,3,2,14,11,0,0,850,0,5,4,24,25,5,652
jcarrico,Jake,Carrico,MAD,12,1,0,1,0,0,0,0,7,9,2,0,0,7,72,39,1,1,3,2,6,1,0,0,647,2,-1,1,23,26,5,691
jcarrico,Jake,Carrico,MAD,13,1,0,1,0,0,0,0,5,5,0,0,1,5,58,23,1,1,6,2,8,2,0,0,837,1,0,1,23,27,5,714
rcarvalho,Rui,Carvalho,TOR,2,2,0,0,0,0,0,0,0,0,0,0,0,0,0,0,0,0,0,0,0,0,0,0,0,0,0,0,0,0,0,0
rcarvalho,Rui,Carvalho,TOR,3,1,0,0,0,0,0,0,0,0,0,0,0,0,0,0,0,0,0,0,0,0,0,0,0,0,0,0,0,0,0,0
rcarvalho,Rui,Carvalho,TOR,6,2,0,0,0,0,0,0,0,0,0,0,0,0,0,0,0,0,0,0,0,0,0,0,0,0,0,0,0,0,0,0
rcarvalho,Rui,Carvalho,TOR,7,1,0,0,0,0,0,0,0,0,0,0,0,0,0,0,0,0,0,0,0,0,0,0,0,0,0,0,0,0,0,0
rcarvalho,Rui,Carvalho,TOR,8,1,0,0,0,0,0,0,0,0,0,0,0,0,0,0,0,0,0,0,9,1,4,0,626,0,0,0,0,0,0,0
rcarvalho,Rui,Carvalho,TOR,9,2,0,0,0,0,0,0,0,0,0,0,0,0,0,0,0,0,0,0,0,0,0,0,0,0,0,0,0,0,0,0
rcarvalho,Rui,Carvalho,TOR,10,1,0,0,0,0,0,0,1,1,0,0,0,1,-6,4,0,0,2,1,10,2,0,0,807,0,0,0,0,0,0,4
rcarvalho,Rui,Carvalho,TOR,11,1,0,0,0,0,0,0,0,0,0,0,0,0,0,0,0,0,0,0,0,0,0,0,0,0,0,0,0,0,0,4
rcarvalho,Rui,Carvalho,TOR,13,1,0,0,1,0,0,0,1,1,0,0,0,1,1,5,0,0,0,0,9,1,0,0,684,0,0,0,0,0,0,9
ccassella,Chris,Cassella,ATX,1,1,0,0,0,0,0,0,0,0,0,0,0,0,0,0,0,0,0,0,0,0,0,0,0,0,0,0,0,0,0,0
ccassella,Chris,Cassella,ATX,2,1,0,2,2,0,0,0,20,21,1,0,1,21,102,191,0,1,19,15,0,0,0,0,1341,2,0,2,0,2,0,191
ccassella,Chris,Cassella,ATX,3,1,0,0,0,0,0,0,0,0,0,0,0,0,0,0,0,0,0,0,0,0,0,0,0,0,0,0,0,2,0,191
ccassella,Chris,Cassella,ATX,4,1,0,0,0,0,0,0,0,0,0,0,0,0,0,0,0,0,0,0,0,0,0,0,0,0,0,0,0,2,0,191
ccassella,Chris,Cassella,ATX,7,2,0,0,0,0,0,0,0,0,0,0,0,0,0,0,0,0,0,0,0,0,0,0,0,0,0,0,0,2,0,191
ccassella,Chris,Cassella,ATX,8,1,0,0,0,0,0,0,0,0,0,0,0,0,0,0,0,0,0,0,0,0,0,0,0,0,0,0,0,2,0,191
ccassella,Chris,Cassella,ATX,10,2,0,0,0,0,0,0,0,0,0,0,0,0,0,0,0,0,0,0,0,0,0,0,0,0,0,0,0,2,0,191
ccassella,Chris,Cassella,ATX,11,1,0,0,0,0,0,0,0,0,0,0,0,0,0,0,0,0,0,0,0,0,0,0,0,0,0,0,0,2,0,191
ccassella,Chris,Cassella,ATX,12,1,0,0,0,0,0,0,0,0,0,0,0,0,0,0,0,0,0,0,0,0,0,0,0,0,0,0,0,2,0,191
ccassella,Chris,Cassella,ATX,13,1,0,0,0,0,0,0,0,0,0,0,0,0,0,0,0,0,0,0,0,0,0,0,0,0,0,0,0,2,0,191
nceluch,Noah,Celuch,PIT,2,1,0,0,0,0,0,0,0,0,0,0,0,0,0,0,0,0,0,0,0,0,0,0,0,0,0,0,0,0,0,0
nceluch,Noah,Celuch,PIT,3,1,0,0,0,0,0,0,0,0,0,0,0,0,0,0,0,0,0,0,0,0,0,0,0,0,0,0,0,0,0,0
nceluch,Noah,Celuch,PIT,4,1,0,0,0,0,0,0,0,0,0,0,0,0,0,0,0,0,0,0,0,0,0,0,0,0,0,0,0,0,0,0
nceluch,Noah,Celuch,PIT,5,1,0,0,0,0,0,0,0,0,0,0,0,0,0,0,0,0,0,0,0,0,0,0,0,0,0,0,0,0,0,0
nceluch,Noah,Celuch,PIT,6,1,0,0,0,0,0,0,0,0,0,0,0,0,0,0,0,0,0,0,0,0,0,0,0,0,0,0,0,0,0,0
nceluch,Noah,Celuch,PIT,7,1,0,0,0,0,0,0,0,0,0,0,0,0,0,0,0,0,0,0,0,0,0,0,0,0,0,0,0,0,0,0
nceluch,Noah,Celuch,PIT,8,1,0,0,0,0,0,0,0,0,0,0,0,0,0,0,0,0,0,0,0,0,0,0,0,0,0,0,0,0,0,0
nceluch,Noah,Celuch,PIT,9,2,0,0,0,0,0,0,0,0,0,0,0,0,0,0,0,0,0,0,0,0,0,0,0,0,0,0,0,0,0,0
nceluch,Noah,Celuch,PIT,10,1,0,0,0,0,0,0,0,0,0,0,0,0,0,0,0,0,0,0,0,0,0,0,0,0,0,0,0,0,0,0
nceluch,Noah,Celuch,PIT,11,1,0,0,0,0,0,0,0,0,0,0,0,0,0,0,0,0,0,0,0,0,0,0,0,0,0,0,0,0,0,0
nceluch,Noah,Celuch,PIT,13,1,0,0,0,0,0,0,0,0,0,0,0,0,0,0,0,0,0,0,0,0,0,0,0,0,0,0,0,0,0,0
jcercello,Joe,Cercello,CHI,4,1,0,0,0,0,0,0,0,0,0,0,0,0,0,0,0,0,0,0,0,0,0,0,0,0,0,0,0,0,0,0
jcercello,Joe,Cercello,CHI,6,1,0,0,0,0,0,0,0,0,0,0,0,0,0,0,0,0,0,0,0,0,0,0,0,0,0,0,0,0,0,0
jcercello,Joe,Cercello,CHI,7,1,0,0,0,0,0,0,0,0,0,0,0,0,0,0,0,0,0,0,0,0,0,0,0,0,0,0,0,0,0,0
jcercello,Joe,Cercello,CHI,8,1,0,0,0,0,0,0,0,0,0,0,0,0,0,0,0,0,0,0,0,0,0,0,0,0,0,0,0,0,0,0
jcercello,Joe,Cercello,CHI,9,2,0,0,0,0,0,0,0,0,0,0,0,0,0,0,0,0,0,0,0,0,0,0,0,0,0,0,0,0,0,0
jcercello,Joe,Cercello,CHI,10,2,2,2,4,1,0,0,18,20,2,0,0,21,221,266,1,2,26,21,3,1,0,0,2031,2,3,4,3,4,1,266
jcercello,Joe,Cercello,CHI,11,2,2,2,2,1,0,0,10,10,0,0,1,12,181,162,2,2,20,17,0,0,0,0,1120,1,4,4,7,8,2,428
jcercello,Joe,Cercello,CHI,13,2,2,3,1,0,0,0,9,10,1,0,0,12,103,123,1,1,15,13,4,3,0,0,802,1,4,5,11,13,2,551
cchamberl,Carson,Chamberlain,IND,2,1,2,1,2,1,0,0,15,15,0,0,0,15,77,195,0,0,15,7,3,0,0,0,1026,0,4,3,4,3,1,195
cchamberl,Carson,Chamberlain,IND,3,1,0,0,0,0,0,0,0,0,0,0,0,0,0,0,0,0,0,0,0,0,0,0,0,0,0,0,4,3,1,195
cchamberl,Carson,Chamberlain,IND,5,1,3,3,1,0,0,0,19,19,0,0,0,22,140,375,0,0,21,15,0,0,0,0,1817,0,6,6,10,9,1,570
cchamberl,Carson,Chamberlain,IND,6,1,1,1,0,0,0,0,15,18,1,0,0,19,101,164,0,0,19,4,0,0,0,0,1350,1,1,2,11,11,1,734
cchamberl,Carson,Chamberlain,IND,7,1,2,2,2,0,0,0,23,23,0,0,1,22,122,207,1,1,16,11,1,1,0,0,1210,1,3,4,14,15,1,941
cchamberl,Carson,Chamberlain,IND,8,1,0,1,2,1,0,0,20,21,1,0,0,21,84,94,0,0,22,13,0,0,0,0,1841,1,1,1,15,16,2,1035
cchamberl,Carson,Chamberlain,IND,9,1,2,1,2,1,0,0,13,17,3,0,0,14,104,246,0,1,21,8,1,1,0,0,1378,3,1,3,16,19,3,1281
cchamberl,Carson,Chamberlain,IND,10,2,1,2,0,1,0,0,19,20,1,0,0,20,126,112,0,1,16,8,4,1,0,0,1377,1,3,3,19,22,4,1393
cchamberl,Carson,Chamberlain,IND,11,1,0,0,0,0,0,0,0,0,0,0,0,0,0,0,0,0,0,0,0,0,0,0,0,0,0,0,19,22,4,1393
cchamberl,Carson,Chamberlain,IND,12,1,4,2,4,0,0,0,22,22,0,0,0,26,77,325,0,0,21,18,0,0,0,0,1452,0,6,6,25,28,4,1718
cchamberl,Carson,Chamberlain,IND,13,1,2,1,3,0,0,0,15,15,0,0,1,17,131,147,1,1,19,13,0,0,0,0,1171,1,2,3,27,31,4,1865
jchampagn,Jean-Levy,Champagne,MTL,1,1,0,0,0,0,0,0,0,0,0,0,0,0,0,0,0,0,0,0,0,0,0,0,0,0,0,0,0,0,0,0
jchampagn,Jean-Levy,Champagne,MTL,3,2,0,0,0,0,0,0,0,0,0,0,0,0,0,0,0,0,0,0,0,0,0,0,0,0,0,0,0,0,0,0
jchampagn,Jean-Levy,Champagne,MTL,4,1,0,0,0,0,0,0,0,0,0,0,0,0,0,0,0,0,0,0,0,0,0,0,0,0,0,0,0,0,0,0
jchampagn,Jean-Levy,Champagne,MTL,6,1,0,0,0,0,0,0,0,0,0,0,0,0,0,0,0,0,0,0,0,0,0,0,0,0,0,0,0,0,0,0
jchampagn,Jean-Levy,Champagne,MTL,7,2,0,0,0,0,0,0,0,0,0,0,0,0,0,0,0,0,0,0,0,0,0,0,0,0,0,0,0,0,0,0
jchampagn,Jean-Levy,Champagne,MTL,8,1,0,0,0,0,0,0,0,0,0,0,0,0,0,0,0,0,0,0,0,0,0,0,0,0,0,0,0,0,0,0
jchampagn,Jean-Levy,Champagne,MTL,10,2,0,1,0,0,0,0,4,4,0,0,0,3,42,8,0,0,0,0,9,4,0,0,644,0,1,1,1,1,0,8
jchampagn,Jean-Levy,Champagne,MTL,11,1,0,0,0,0,0,0,0,0,0,0,0,0,0,0,0,0,0,0,0,0,0,0,0,0,0,0,1,1,0,8
jchampagn,Jean-Levy,Champagne,MTL,13,1,0,0,0,0,0,0,0,0,0,0,0,0,0,0,0,0,0,0,0,0,0,0,0,0,0,0,1,1,0,8
tchan,Tyler,Chan,BOS,1,1,0,0,0,1,0,0,8,8,0,0,0,7,49,12,0,0,0,0,17,5,1,0,1097,0,1,0,1,0,1,12
tchan,Tyler,Chan,BOS,3,1,0,0,0,0,0,0,0,0,0,0,0,0,0,0,0,0,0,0,0,0,0,0,0,0,0,0,1,0,1,12
tchan,Tyler,Chan,BOS,4,2,0,2,1,4,0,0,14,16,1,0,0,16,93,67,1,2,3,2,25,10,0,0,2534,1,5,2,6,2,5,79
tchan,Tyler,Chan,BOS,7,1,2,2,1,1,0,0,11,12,1,0,0,14,65,70,0,0,1,1,12,6,0,0,1092,1,4,4,10,6,6,149
tchan,Tyler,Chan,BOS,8,2,1,2,1,1,0,0,20,22,2,0,0,25,63,126,0,1,1,1,32,7,0,0,2000,2,2,3,12,9,7,275
tchan,Tyler,Chan,BOS,9,1,1,0,4,0,0,0,21,21,0,0,0,22,205,158,2,2,16,13,0,0,0,0,1162,0,1,1,13,10,7,433
tchan,Tyler,Chan,BOS,11,1,0,0,0,0,0,0,0,0,0,0,0,0,0,0,0,0,0,0,0,0,0,0,0,0,0,0,13,10,7,433
tchan,Tyler,Chan,BOS,12,2,0,0,0,0,0,0,0,0,0,0,0,0,0,0,0,0,0,0,0,0,0,0,0,0,0,0,13,10,7,433
tchan,Tyler,Chan,BOS,13,1,1,1,0,0,0,0,11,14,2,0,0,12,100,106,0,3,10,7,9,3,1,0,1549,2,0,2,13,12,7,539
ochartock,Oliver,Chartock,NY,1,2,1,4,7,2,0,0,37,38,1,0,0,39,270,260,1,1,38,26,0,0,0,0,2240,1,6,5,6,5,2,260
ochartock,Oliver,Chartock,NY,3,1,2,1,0,1,0,0,12,14,2,0,0,16,19,196,0,0,19,13,0,0,0,0,1532,2,2,3,8,8,3,456
ochartock,Oliver,Chartock,NY,4,2,4,2,3,0,0,0,34,34,0,0,0,38,180,377,0,0,51,35,0,0,0,0,3505,0,6,6,14,14,3,833
ochartock,Oliver,Chartock,NY,5,1,0,0,0,0,0,0,0,0,0,0,0,0,0,0,0,0,0,0,0,0,0,0,0,0,0,0,14,14,3,833
ochartock,Oliver,Chartock,NY,6,1,1,3,3,0,0,0,24,24,0,0,0,25,145,246,0,0,24,18,1,0,0,0,1583,0,4,4,18,18,3,1079
ochartock,Oliver,Chartock,NY,7,1,0,0,0,0,0,0,0,0,0,0,0,1,0,8,0,0,1,0,0,0,0,0,83,0,0,0,18,18,3,1087
ochartock,Oliver,Chartock,NY,8,1,0,0,0,0,0,0,0,0,0,0,0,0,0,0,0,0,0,0,0,0,0,0,0,0,0,0,18,18,3,1087
ochartock,Oliver,Chartock,NY,9,1,1,0,0,0,0,0,0,1,1,0,0,2,0,57,0,0,1,0,14,2,0,0,919,1,0,1,18,19,3,1144
ochartock,Oliver,Chartock,NY,12,1,0,3,0,0,0,0,13,14,1,0,1,14,151,51,1,1,15,15,0,0,0,0,1138,2,1,3,19,22,3,1195
ochartock,Oliver,Chartock,NY,13,1,3,2,1,0,0,0,15,18,3,0,0,21,126,352,1,1,25,15,0,0,0,0,1655,3,2,5,21,27,3,1547
jcheung,Justin,Cheung,TOR,2,2,0,0,0,0,0,0,0,0,0,0,0,0,0,0,0,0,0,0,0,0,0,0,0,0,0,0,0,0,0,0
jcheung,Justin,Cheung,TOR,3,1,0,0,0,0,0,0,0,0,0,0,0,0,0,0,0,0,0,0,0,0,0,0,0,0,0,0,0,0,0,0
jcheung,Justin,Cheung,TOR,6,2,0,0,0,0,0,0,0,0,0,0,0,0,0,0,0,0,0,0,0,0,0,0,0,0,0,0,0,0,0,0
jcheung,Justin,Cheung,TOR,7,1,0,0,0,0,0,0,0,0,0,0,0,0,0,0,0,0,0,0,0,0,0,0,0,0,0,0,0,0,0,0
jcheung,Justin,Cheung,TOR,8,1,0,0,0,0,0,0,0,0,0,0,0,0,0,0,0,0,0,0,0,0,0,0,0,0,0,0,0,0,0,0
jcheung,Justin,Cheung,TOR,9,2,0,0,0,0,0,0,0,0,0,0,0,0,0,0,0,0,0,0,0,0,0,0,0,0,0,0,0,0,0,0
jcheung,Justin,Cheung,TOR,10,1,1,0,0,0,0,0,6,6,0,0,0,6,16,30,0,0,2,1,10,4,0,0,1063,0,1,1,1,1,0,30
jcheung,Justin,Cheung,TOR,11,1,0,0,0,0,0,0,0,0,0,0,0,0,0,0,0,0,0,0,0,0,0,0,0,0,0,0,1,1,0,30
jcheung,Justin,Cheung,TOR,13,1,0,0,0,0,0,0,0,0,0,0,0,0,0,0,0,0,0,0,0,0,0,0,0,0,0,0,1,1,0,30
dchickeri,Daniel,Chickering,SEA,2,1,0,0,0,0,0,0,0,0,0,0,0,0,0,0,0,0,0,0,0,0,0,0,0,0,0,0,0,0,0,0
dchickeri,Daniel,Chickering,SEA,3,2,0,0,0,0,0,0,0,0,0,0,0,0,0,0,0,0,0,0,0,0,0,0,0,0,0,0,0,0,0,0
dchickeri,Daniel,Chickering,SEA,4,1,0,0,0,0,0,0,0,0,0,0,0,0,0,0,0,0,0,0,0,0,0,0,0,0,0,0,0,0,0,0
dchickeri,Daniel,Chickering,SEA,5,2,0,0,0,0,0,0,0,0,0,0,0,0,0,0,0,0,0,0,0,0,0,0,0,0,0,0,0,0,0,0
dchickeri,Daniel,Chickering,SEA,6,1,0,0,0,0,0,0,0,0,0,0,0,0,0,0,0,0,0,0,0,0,0,0,0,0,0,0,0,0,0,0
dchickeri,Daniel,Chickering,SEA,7,1,0,0,0,0,0,0,0,0,0,0,0,0,0,0,0,0,0,0,0,0,0,0,0,0,0,0,0,0,0,0
dchickeri,Daniel,Chickering,SEA,9,1,0,0,0,0,0,0,0,0,0,0,0,0,0,0,0,0,0,0,0,0,0,0,0,0,0,0,0,0,0,0
dchickeri,Daniel,Chickering,SEA,10,1,0,0,0,0,0,0,0,0,0,0,0,0,0,0,0,0,0,0,0,0,0,0,0,0,0,0,0,0,0,0
dchickeri,Daniel,Chickering,SEA,13,2,0,0,0,0,0,0,3,4,1,0,0,2,20,-4,0,0,0,0,7,0,0,0,311,1,-1,0,-1,0,0,-4
mchope,Mace,Chope,IND,2,1,0,0,0,0,0,0,0,0,0,0,0,0,0,0,0,0,0,0,0,0,0,0,0,0,0,0,0,0,0,0
mchope,Mace,Chope,IND,3,1,0,0,0,0,0,0,1,1,0,0,0,1,-3,20,0,0,0,0,11,3,2,0,642,0,0,0,0,0,0,20
mchope,Mace,Chope,IND,5,1,0,0,0,0,0,0,0,0,0,0,0,0,0,0,0,0,0,0,0,0,0,0,0,0,0,0,0,0,0,20
mchope,Mace,Chope,IND,6,1,1,0,0,0,0,0,0,0,0,0,0,1,0,8,0,0,1,0,7,2,1,0,491,0,1,1,1,1,0,28
mchope,Mace,Chope,IND,7,1,3,0,0,2,0,0,1,2,0,0,0,4,3,104,0,0,1,1,18,9,2,0,1214,0,5,3,6,4,2,132
mchope,Mace,Chope,IND,8,1,0,0,0,1,0,0,0,0,0,0,0,0,0,0,0,0,1,0,10,1,0,0,483,0,1,0,7,4,3,132
mchope,Mace,Chope,IND,9,1,0,1,0,1,0,0,3,3,0,0,0,3,12,40,0,0,1,0,12,4,0,0,605,0,2,1,9,5,4,172
mchope,Mace,Chope,IND,10,2,1,0,0,0,0,0,7,7,0,0,0,8,-9,86,0,0,14,5,14,3,6,0,1908,0,1,1,10,6,4,258
mchope,Mace,Chope,IND,11,1,1,0,1,0,0,0,5,6,1,0,0,7,23,163,0,0,11,3,4,1,1,0,1070,1,0,1,10,7,4,421
mchope,Mace,Chope,IND,12,1,1,0,0,0,0,0,2,3,0,0,1,4,14,47,0,0,0,0,14,5,0,0,901,1,0,1,10,8,4,468
mchope,Mace,Chope,IND,13,1,0,1,0,0,0,0,2,2,0,0,0,2,9,41,0,0,1,0,16,7,2,1,761,0,1,1,11,9,4,509
tchukwume,Toya,Chukwumerije,HTX,1,1,0,0,0,0,0,0,0,0,0,0,0,0,0,0,0,0,2,0,7,1,0,0,386,0,0,0,0,0,0,0
tchukwume,Toya,Chukwumerije,HTX,2,1,0,0,0,0,0,0,2,2,0,0,0,2,3,13,0,0,0,0,6,1,0,0,632,0,0,0,0,0,0,13
tchukwume,Toya,Chukwumerije,HTX,3,1,0,0,0,0,0,0,0,0,0,0,0,0,0,0,0,0,3,1,13,0,0,0,788,0,0,0,0,0,0,13
tchukwume,Toya,Chukwumerije,HTX,4,1,1,0,0,2,0,0,1,1,0,0,0,2,-7,14,0,0,0,0,12,5,0,0,822,0,3,1,3,1,2,27
tchukwume,Toya,Chukwumerije,HTX,6,2,0,0,0,1,0,0,2,2,0,0,0,2,15,-2,0,0,0,0,21,1,0,0,1161,0,1,0,4,1,3,25
tchukwume,Toya,Chukwumerije,HTX,8,1,0,0,0,1,0,0,0,0,0,0,0,0,0,0,0,0,1,0,11,2,0,0,882,0,1,0,5,1,4,25
tchukwume,Toya,Chukwumerije,HTX,9,2,0,0,2,0,0,0,6,6,0,0,0,6,20,31,0,0,3,2,18,1,0,0,1172,0,0,0,5,1,4,56
tchukwume,Toya,Chukwumerije,HTX,11,1,0,0,0,0,0,0,0,0,0,0,0,0,0,0,0,0,0,0,0,0,0,0,0,0,0,0,5,1,4,56
tchukwume,Toya,Chukwumerije,HTX,12,1,0,0,0,0,0,0,0,0,0,0,0,0,0,0,0,0,0,0,0,0,0,0,0,0,0,0,5,1,4,56
tchukwume,Toya,Chukwumerije,HTX,13,1,1,0,0,1,0,0,0,0,0,0,0,1,0,38,0,0,1,0,11,3,0,0,746,0,2,1,7,2,5,94
kchunmoy,Kainoa,Chun-Moy,MAD,2,2,1,1,2,2,0,0,22,24,2,0,0,18,156,104,0,0,10,5,19,4,2,0,2107,2,2,2,2,2,2,104
kchunmoy,Kainoa,Chun-Moy,MAD,4,1,2,1,4,1,0,0,7,7,0,0,0,5,27,119,0,0,4,3,10,6,0,0,999,0,4,3,6,5,3,223
kchunmoy,Kainoa,Chun-Moy,MAD,6,1,1,2,0,2,0,0,14,15,1,0,0,17,116,178,0,1,4,4,11,7,0,0,1208,1,4,3,10,8,5,401
kchunmoy,Kainoa,Chun-Moy,MAD,7,1,1,0,2,0,0,0,19,20,1,0,0,21,67,23,0,0,4,1,13,3,0,0,1271,1,0,1,10,9,5,424
kchunmoy,Kainoa,Chun-Moy,MAD,8,2,4,9,2,2,0,0,40,40,0,0,2,40,341,331,2,2,29,21,10,4,0,0,2492,2,13,13,23,22,7,755
kchunmoy,Kainoa,Chun-Moy,MAD,10,2,3,11,3,1,0,0,41,46,4,1,0,43,253,329,2,5,38,27,3,1,0,0,2822,5,10,14,33,36,8,1084
kchunmoy,Kainoa,Chun-Moy,MAD,11,1,1,4,1,2,0,0,27,30,2,0,0,30,74,158,0,0,13,10,0,0,0,0,1185,2,5,5,38,41,10,1242
kchunmoy,Kainoa,Chun-Moy,MAD,12,1,2,2,2,0,0,0,26,28,1,0,0,27,41,251,0,1,14,9,0,0,0,0,1427,1,3,4,41,45,10,1493
kchunmoy,Kainoa,Chun-Moy,MAD,13,1,1,4,1,0,0,0,26,30,3,0,0,27,270,253,3,3,22,14,1,1,0,0,1706,3,2,5,43,50,10,1746
acisneros,Adrian,Cisneros,LV,1,1,1,0,0,0,0,0,1,2,1,0,1,2,5,54,0,0,7,3,6,0,1,0,741,2,-1,1,-1,1,0,54
acisneros,Adrian,Cisneros,LV,2,1,0,0,0,0,0,0,2,2,0,0,1,3,23,76,0,0,8,2,4,1,0,0,636,1,-1,0,-2,1,0,130
acisneros,Adrian,Cisneros,LV,3,1,0,0,1,0,0,0,1,1,0,0,0,1,1,12,0,0,3,2,13,2,0,0,1214,0,0,0,-2,1,0,142
acisneros,Adrian,Cisneros,LV,5,1,1,0,1,0,0,0,2,2,0,0,0,3,-3,43,0,0,2,2,8,3,0,0,812,0,1,1,-1,2,0,185
acisneros,Adrian,Cisneros,LV,7,2,2,0,0,1,0,0,4,5,1,0,0,7,10,49,0,0,2,1,21,3,0,0,1501,1,2,2,1,4,1,234
acisneros,Adrian,Cisneros,LV,8,1,0,0,0,0,0,0,0,0,0,0,0,0,0,0,0,0,0,0,0,0,0,0,0,0,0,0,1,4,1,234
acisneros,Adrian,Cisneros,LV,9,2,1,0,0,0,0,0,4,5,1,0,0,6,13,105,0,0,7,3,6,0,0,0,984,1,0,1,1,5,1,339
acisneros,Adrian,Cisneros,LV,11,1,0,0,0,1,0,0,7,7,0,0,0,6,-1,61,0,0,9,1,7,1,0,0,970,0,1,0,2,5,2,400
acisneros,Adrian,Cisneros,LV,12,1,0,0,0,0,0,0,0,0,0,0,0,0,0,0,0,0,0,0,0,0,0,0,0,0,0,0,2,5,2,400
acisneros,Adrian,Cisneros,LV,13,1,0,0,0,0,0,0,0,0,0,0,0,0,0,0,0,0,0,0,0,0,0,0,0,0,0,0,2,5,2,400
bclose,Ben,Close,IND,2,1,1,2,0,1,0,0,7,8,1,0,0,7,49,48,0,0,8,8,9,1,3,0,874,1,3,3,3,3,1,48
bclose,Ben,Close,IND,3,1,0,0,1,0,0,0,35,36,1,0,0,33,198,143,1,1,17,7,6,0,0,0,1186,1,-1,0,2,3,1,191
bclose,Ben,Close,IND,5,1,1,0,2,0,0,0,17,21,4,0,0,21,48,228,0,0,20,14,1,0,0,0,1818,4,-3,1,-1,4,1,419
bclose,Ben,Close,IND,6,1,2,0,1,0,0,0,14,15,1,0,0,16,98,79,1,1,4,1,10,3,4,2,1032,1,1,2,0,6,1,498
bclose,Ben,Close,IND,7,1,0,0,0,0,0,0,0,0,0,0,0,0,0,0,0,0,0,0,0,0,0,0,0,0,0,0,0,6,1,498
bclose,Ben,Close,IND,8,1,0,1,1,0,0,0,5,5,0,0,0,5,25,15,0,0,1,1,12,1,3,0,593,0,1,1,1,7,1,513
bclose,Ben,Close,IND,9,1,0,0,0,0,0,0,4,4,0,0,0,4,5,15,0,0,0,0,10,3,5,0,656,0,0,0,1,7,1,528
bclose,Ben,Close,IND,10,2,0,0,0,0,0,0,0,0,0,0,0,0,0,0,0,0,0,0,0,0,0,0,0,0,0,0,1,7,1,528
bclose,Ben,Close,IND,11,1,2,0,0,1,0,0,7,8,0,0,0,9,20,70,0,0,9,3,5,2,0,0,913,0,3,2,4,9,2,598
bclose,Ben,Close,IND,12,1,0,1,0,2,0,0,7,7,0,0,0,7,42,34,0,0,0,0,16,5,8,2,1113,0,3,1,7,10,4,632
bclose,Ben,Close,IND,13,1,0,1,1,2,0,0,7,9,2,0,0,8,44,25,0,0,5,3,12,4,3,0,1056,2,1,1,8,11,6,657
jclose,Joel,Close,IND,2,1,0,0,0,2,0,0,1,2,0,0,0,0,-6,0,0,0,0,0,13,2,4,0,718,0,2,0,2,0,2,0
jclose,Joel,Close,IND,3,1,0,0,0,0,0,0,6,6,0,0,0,4,42,38,0,0,5,1,11,1,0,0,803,0,0,0,2,0,2,38
jclose,Joel,Close,IND,5,1,1,0,0,1,0,0,6,6,0,0,0,6,24,51,0,0,2,1,15,5,5,1,973,0,2,1,4,1,3,89
jclose,Joel,Close,IND,6,1,0,1,0,1,0,0,10,12,2,0,0,10,77,98,0,0,6,3,9,2,1,0,1156,2,0,1,4,2,4,187
jclose,Joel,Close,IND,7,1,0,0,0,0,0,0,0,0,0,0,0,0,0,0,0,0,0,0,0,0,0,0,0,0,0,0,4,2,4,187
jclose,Joel,Close,IND,8,1,0,0,0,0,0,0,1,1,0,0,0,1,3,15,0,0,1,1,15,1,3,0,653,0,0,0,4,2,4,202
jclose,Joel,Close,IND,9,1,1,0,1,0,0,0,8,8,0,0,0,6,37,36,0,0,12,6,5,0,0,0,913,0,1,1,5,3,4,238
jclose,Joel,Close,IND,10,2,0,0,0,0,0,0,0,0,0,0,0,0,0,0,0,0,0,0,0,0,0,0,0,0,0,0,5,3,4,238
jclose,Joel,Close,IND,11,1,0,2,1,2,0,0,9,9,0,0,0,8,105,80,1,1,6,4,10,2,0,0,1005,0,4,2,9,5,6,318
jclose,Joel,Close,IND,12,1,2,3,0,1,0,0,15,17,2,0,0,18,114,225,0,0,21,18,0,0,0,0,1452,2,4,5,13,10,7,543
jclose,Joel,Close,IND,13,1,1,0,2,1,0,0,16,16,0,0,0,16,45,157,0,0,16,12,3,1,0,0,1138,0,2,1,15,11,8,700
jclutton,Joel,Clutton,LV,1,1,3,2,1,2,0,0,10,11,0,0,0,13,44,192,1,1,18,9,3,0,0,0,1120,0,7,5,7,5,2,192
jclutton,Joel,Clutton,LV,2,1,3,0,0,0,0,0,14,14,0,0,0,16,33,144,0,0,12,5,4,2,0,0,1254,0,3,3,10,8,2,336
jclutton,Joel,Clutton,LV,3,1,2,0,0,1,0,0,13,16,3,0,0,17,32,150,0,0,19,7,5,0,1,0,1819,3,0,2,10,10,3,486
jclutton,Joel,Clutton,LV,5,1,5,2,4,1,0,0,13,14,1,0,0,20,88,265,1,1,16,9,0,0,0,0,1476,1,7,7,17,17,4,751
jclutton,Joel,Clutton,LV,7,2,1,0,0,0,0,0,1,2,1,0,0,4,7,70,0,0,4,3,0,0,0,0,366,1,0,1,17,18,4,821
jclutton,Joel,Clutton,LV,8,1,0,0,0,0,0,0,0,0,0,0,0,0,0,0,0,0,0,0,0,0,0,0,0,0,0,0,17,18,4,821
jclutton,Joel,Clutton,LV,9,2,0,0,0,0,0,0,0,0,0,0,0,0,0,0,0,0,0,0,0,0,0,0,0,0,0,0,17,18,4,821
jclutton,Joel,Clutton,LV,11,1,0,0,0,0,0,0,0,0,0,0,0,0,0,0,0,0,0,0,0,0,0,0,0,0,0,0,17,18,4,821
jclutton,Joel,Clutton,LV,12,1,3,0,0,0,0,0,8,9,1,0,0,12,45,99,0,0,24,8,0,0,0,0,1431,1,2,3,19,21,4,920
jclutton,Joel,Clutton,LV,13,1,1,0,0,0,0,0,8,10,2,0,0,11,111,158,0,0,17,10,3,0,0,0,1316,2,-1,1,18,22,4,1078
dclyburn,Dexter,Clyburn,OAK,1,1,0,0,0,0,0,0,0,0,0,0,0,0,0,0,0,0,0,0,0,0,0,0,0,0,0,0,0,0,0,0
dclyburn,Dexter,Clyburn,OAK,2,2,0,0,0,0,0,0,0,0,0,0,0,0,0,0,0,0,0,0,0,0,0,0,0,0,0,0,0,0,0,0
dclyburn,Dexter,Clyburn,OAK,3,1,0,0,0,0,0,0,0,0,0,0,0,0,0,0,0,0,0,0,0,0,0,0,0,0,0,0,0,0,0,0
dclyburn,Dexter,Clyburn,OAK,5,1,0,0,0,0,0,0,0,0,0,0,0,0,0,0,0,0,0,0,0,0,0,0,0,0,0,0,0,0,0,0
dclyburn,Dexter,Clyburn,OAK,6,1,0,0,0,0,0,0,0,0,0,0,0,0,0,0,0,0,0,0,0,0,0,0,0,0,0,0,0,0,0,0
dclyburn,Dexter,Clyburn,OAK,7,1,0,0,0,0,0,0,0,0,0,0,0,0,0,0,0,0,0,0,0,0,0,0,0,0,0,0,0,0,0,0
dclyburn,Dexter,Clyburn,OAK,8,1,0,0,0,0,0,0,0,0,0,0,0,0,0,0,0,0,0,0,0,0,0,0,0,0,0,0,0,0,0,0
dclyburn,Dexter,Clyburn,OAK,9,1,0,0,0,0,0,0,0,0,0,0,0,0,0,0,0,0,0,0,0,0,0,0,0,0,0,0,0,0,0,0
dclyburn,Dexter,Clyburn,OAK,10,2,0,0,0,0,0,0,0,0,0,0,0,0,0,0,0,0,0,0,0,0,0,0,0,0,0,0,0,0,0,0
dclyburn,Dexter,Clyburn,OAK,13,1,0,0,0,0,0,0,0,0,0,0,0,0,0,0,0,0,0,0,0,0,0,0,0,0,0,0,0,0,0,0
wcoffin,William,Coffin,CAR,3,1,1,0,0,0,0,0,8,9,1,0,0,9,51,101,0,1,9,4,0,0,0,0,681,1,0,1,0,1,0,101
wcoffin,William,Coffin,CAR,4,2,1,4,1,1,0,0,29,31,1,0,0,30,362,271,4,4,28,14,13,3,8,1,2796,1,5,5,5,6,1,372
wcoffin,William,Coffin,CAR,5,1,0,0,0,0,0,0,3,5,2,0,0,5,13,-28,0,1,2,1,19,3,17,1,1260,2,-2,0,3,6,1,344
wcoffin,William,Coffin,CAR,6,2,0,0,0,0,0,0,0,0,0,0,0,0,0,0,0,0,0,0,0,0,0,0,0,0,0,0,3,6,1,344
wcoffin,William,Coffin,CAR,7,1,1,0,0,1,0,0,8,9,1,0,0,9,-35,50,0,0,1,0,19,6,14,1,1406,1,1,1,4,7,2,394
wcoffin,William,Coffin,CAR,9,1,1,2,0,4,0,0,13,14,1,0,0,15,78,54,0,1,0,0,21,10,20,1,1547,1,6,3,10,10,6,448
wcoffin,William,Coffin,CAR,10,1,1,0,0,2,0,0,6,9,3,0,0,9,52,75,0,1,3,1,20,6,15,0,1423,3,0,1,10,11,8,523
wcoffin,William,Coffin,CAR,12,1,0,0,0,0,0,0,5,6,1,0,1,6,18,23,0,1,3,1,14,1,13,0,1226,2,-2,0,8,11,8,546
wcoffin,William,Coffin,CAR,13,2,2,6,3,5,0,0,30,35,4,0,0,33,428,180,4,6,6,4,32,13,27,1,2128,4,9,8,17,19,13,726
jcohen,Jesse,Cohen,SD,2,2,2,1,1,2,0,0,8,10,2,0,0,8,34,90,0,0,2,1,18,9,0,0,1316,2,3,3,3,3,2,90
jcohen,Jesse,Cohen,SD,3,1,0,0,0,0,0,0,0,0,0,0,0,0,0,0,0,0,0,0,0,0,0,0,0,0,0,0,3,3,2,90
jcohen,Jesse,Cohen,SD,4,1,0,4,0,2,0,0,6,7,0,0,0,6,61,61,0,0,1,1,11,4,0,0,880,0,6,4,9,7,4,151
jcohen,Jesse,Cohen,SD,5,2,6,7,4,0,0,0,37,38,0,0,0,44,356,432,1,1,45,36,2,0,0,0,2789,0,13,13,22,20,4,583
jcohen,Jesse,Cohen,SD,6,1,2,3,1,0,0,0,11,11,0,0,0,13,124,212,1,1,17,15,0,0,0,0,835,0,5,5,27,25,4,795
jcohen,Jesse,Cohen,SD,7,1,1,2,1,0,0,0,13,14,1,0,0,15,98,129,0,0,16,9,0,0,0,0,997,1,2,3,29,28,4,924
jcohen,Jesse,Cohen,SD,8,1,2,1,0,2,0,0,4,6,2,0,0,7,13,128,0,0,14,9,1,0,0,0,796,2,3,3,32,31,6,1052
jcohen,Jesse,Cohen,SD,10,1,3,1,2,0,0,0,13,14,1,0,0,17,101,206,1,1,19,11,0,0,0,0,1388,1,3,4,35,35,6,1258
jcohen,Jesse,Cohen,SD,11,1,1,1,1,1,0,0,6,6,0,0,0,6,57,50,0,0,4,4,11,4,0,0,953,0,3,2,38,37,7,1308
jcohen,Jesse,Cohen,SD,13,1,0,0,0,0,0,0,0,0,0,0,0,0,0,0,0,0,0,0,0,0,0,0,0,0,0,0,38,37,7,1308
ycohonner,Ywan,Cohonner,MTL,1,1,0,1,1,0,0,0,7,7,0,0,0,4,59,11,0,0,2,2,13,2,0,0,826,0,1,1,1,1,0,11
ycohonner,Ywan,Cohonner,MTL,3,2,0,1,1,0,0,0,12,13,1,0,2,12,85,36,0,0,6,6,22,4,0,0,2170,3,-2,1,-1,2,0,47
ycohonner,Ywan,Cohonner,MTL,4,1,0,0,0,0,0,0,0,0,0,0,0,0,0,0,0,0,0,0,0,0,0,0,0,0,0,0,-1,2,0,47
ycohonner,Ywan,Cohonner,MTL,6,1,0,1,0,2,0,0,4,4,0,0,0,4,33,20,0,0,1,1,12,3,0,0,896,0,3,1,2,3,2,67
ycohonner,Ywan,Cohonner,MTL,7,2,1,0,1,0,0,0,9,10,1,0,0,10,72,96,0,0,2,1,23,8,0,0,1454,1,0,1,2,4,2,163
ycohonner,Ywan,Cohonner,MTL,8,1,0,0,0,0,0,0,0,0,0,0,0,0,0,0,0,0,0,0,0,0,0,0,0,0,0,0,2,4,2,163
ycohonner,Ywan,Cohonner,MTL,10,2,0,0,0,0,0,0,0,0,0,0,0,0,0,0,0,0,0,0,0,0,0,0,0,0,0,0,2,4,2,163
ycohonner,Ywan,Cohonner,MTL,11,1,0,1,2,0,0,0,11,12,1,0,0,8,139,28,1,1,3,2,11,1,0,0,802,1,0,1,2,5,2,191
ycohonner,Ywan,Cohonner,MTL,13,1,0,0,0,0,0,0,0,0,0,0,0,0,0,0,0,0,0,0,0,0,0,0,0,0,0,0,2,5,2,191
gcole,Grant,Cole,ORE,1,1,0,0,0,0,0,0,0,0,0,0,0,0,0,0,0,0,0,0,0,0,0,0,0,0,0,0,0,0,0,0
gcole,Grant,Cole,ORE,2,1,0,0,0,0,0,0,0,0,0,0,0,0,0,0,0,0,0,0,0,0,0,0,0,0,0,0,0,0,0,0
gcole,Grant,Cole,ORE,4,1,0,0,0,0,0,0,6,7,1,0,0,7,20,8,0,0,0,0,9,4,0,0,821,1,-1,0,-1,0,0,8
gcole,Grant,Cole,ORE,5,2,1,0,1,0,0,0,9,13,4,0,0,9,19,15,0,0,1,0,18,4,0,0,1292,4,-3,1,-4,1,0,23
gcole,Grant,Cole,ORE,6,1,0,0,0,0,0,0,0,0,0,0,0,0,0,0,0,0,0,0,0,0,0,0,0,0,0,0,-4,1,0,23
gcole,Grant,Cole,ORE,7,1,0,0,0,0,0,0,0,0,0,0,0,0,0,0,0,0,0,0,0,0,0,0,0,0,0,0,-4,1,0,23
gcole,Grant,Cole,ORE,8,2,0,0,0,0,0,0,0,0,0,0,0,0,0,0,0,0,0,0,0,0,0,0,0,0,0,0,-4,1,0,23
gcole,Grant,Cole,ORE,9,1,0,0,0,0,0,0,0,0,0,0,0,0,0,0,0,0,0,0,0,0,0,0,0,0,0,0,-4,1,0,23
gcole,Grant,Cole,ORE,10,1,0,0,0,0,0,0,5,5,0,0,0,4,23,-14,0,0,1,0,8,3,0,0,643,0,0,0,-4,1,0,9
gcole,Grant,Cole,ORE,13,1,0,0,0,0,0,0,0,0,0,0,0,0,0,0,0,0,0,0,0,0,0,0,0,0,0,0,-4,1,0,9
gcolton,Gabe,Colton,BOS,1,1,0,0,0,0,0,0,0,0,0,0,0,0,0,0,0,0,0,0,0,0,0,0,0,0,0,0,0,0,0,0
gcolton,Gabe,Colton,BOS,3,1,0,0,0,0,0,0,0,0,0,0,0,0,0,0,0,0,0,0,0,0,0,0,0,0,0,0,0,0,0,0
gcolton,Gabe,Colton,BOS,4,2,0,0,0,0,0,0,0,0,0,0,0,0,0,0,0,0,0,0,0,0,0,0,0,0,0,0,0,0,0,0
gcolton,Gabe,Colton,BOS,7,1,0,0,0,0,0,0,0,0,0,0,0,0,0,0,0,0,0,0,0,0,0,0,0,0,0,0,0,0,0,0
gcolton,Gabe,Colton,BOS,8,2,0,0,0,0,0,0,0,0,0,0,0,0,0,0,0,0,0,0,0,0,0,0,0,0,0,0,0,0,0,0
gcolton,Gabe,Colton,BOS,9,1,0,0,0,0,0,0,0,0,0,0,0,0,0,0,0,0,0,0,0,0,0,0,0,0,0,0,0,0,0,0
gcolton,Gabe,Colton,BOS,11,1,0,0,0,0,0,0,0,0,0,0,0,0,0,0,0,0,0,0,0,0,0,0,0,0,0,0,0,0,0,0
gcolton,Gabe,Colton,BOS,12,2,0,0,0,0,0,0,0,0,0,0,0,0,0,0,0,0,0,0,0,0,0,0,0,0,0,0,0,0,0,0
gcolton,Gabe,Colton,BOS,13,1,0,0,0,0,0,0,0,0,0,0,0,0,0,0,0,0,0,0,0,0,0,0,0,0,0,0,0,0,0,0
mcombs,Max,Combs,LA,2,2,0,2,0,5,0,0,32,34,1,0,0,27,68,90,0,0,7,2,29,5,0,0,2718,1,6,2,6,2,5,90
mcombs,Max,Combs,LA,3,1,5,0,3,0,0,0,23,24,1,0,0,29,100,268,1,1,22,16,2,1,0,0,1358,1,4,5,10,7,5,358
mcombs,Max,Combs,LA,4,1,2,1,3,0,0,0,20,21,0,0,1,23,53,271,0,0,20,13,0,0,0,0,1576,1,2,3,12,10,5,629
mcombs,Max,Combs,LA,6,1,2,0,1,1,0,0,7,9,2,0,0,10,36,89,0,0,3,1,17,6,0,0,1701,2,1,2,13,12,6,718
mcombs,Max,Combs,LA,7,1,2,1,3,1,0,0,37,38,1,0,0,36,194,115,0,0,4,2,11,6,0,0,1218,1,3,3,16,15,7,833
mcombs,Max,Combs,LA,9,2,0,3,0,5,0,0,38,41,3,0,0,34,127,122,0,1,6,3,33,9,6,0,2966,3,5,3,21,18,12,955
mcombs,Max,Combs,LA,11,1,4,0,0,2,0,0,19,20,1,0,0,20,77,219,0,1,5,3,14,4,0,0,1287,1,5,4,26,22,14,1174
mcombs,Max,Combs,LA,12,2,2,2,2,1,0,0,28,29,1,0,1,23,201,169,0,0,9,5,29,6,0,0,2675,2,3,4,29,26,15,1343
mcombs,Max,Combs,LA,13,1,1,3,1,1,0,0,25,26,0,0,0,19,59,71,0,0,3,1,13,6,0,0,1069,0,5,4,34,30,16,1414
lcomire,Luc,Comire,TOR,2,2,2,5,5,0,0,0,84,85,1,0,0,81,765,345,5,5,35,24,0,0,0,0,2790,1,6,7,6,7,0,345
lcomire,Luc,Comire,TOR,3,1,0,2,3,0,0,0,31,36,5,0,0,30,381,175,1,4,24,16,0,0,0,0,1690,5,-3,2,3,9,0,520
lcomire,Luc,Comire,TOR,6,2,0,0,0,0,0,0,0,0,0,0,0,0,0,0,0,0,0,0,0,0,0,0,0,0,0,0,3,9,0,520
lcomire,Luc,Comire,TOR,7,1,1,2,1,0,0,0,23,23,0,0,0,19,165,125,0,0,18,13,0,0,0,0,1176,0,3,3,6,12,0,645
lcomire,Luc,Comire,TOR,8,1,0,0,4,0,0,0,32,34,2,0,0,27,312,139,0,0,27,21,0,0,0,0,1348,2,-2,0,4,12,0,784
lcomire,Luc,Comire,TOR,9,2,0,7,3,1,0,0,72,77,5,1,0,54,590,94,1,3,35,21,5,0,0,0,2537,6,2,7,6,19,1,878
lcomire,Luc,Comire,TOR,10,1,0,0,0,0,0,0,0,0,0,0,0,0,0,0,0,0,0,0,0,0,0,0,0,0,0,0,6,19,1,878
lcomire,Luc,Comire,TOR,11,1,1,0,3,0,0,0,36,36,0,0,0,28,213,70,1,1,19,15,0,0,0,0,1421,0,1,1,7,20,1,948
lcomire,Luc,Comire,TOR,13,1,1,1,1,0,0,0,28,29,1,0,0,21,228,38,0,1,18,8,4,0,0,0,1343,1,1,2,8,22,1,986
cconcanno,Connor,Concannon,DET,3,1,2,1,1,1,0,0,5,5,0,0,0,7,20,128,0,0,18,10,0,0,0,0,961,0,4,3,4,3,1,128
cconcanno,Connor,Concannon,DET,5,1,1,2,0,1,0,0,12,15,3,0,0,16,94,201,1,1,17,8,0,0,0,0,1161,3,1,3,5,6,2,329
cconcanno,Connor,Concannon,DET,7,1,0,0,1,0,0,0,6,7,1,0,0,6,37,71,0,1,12,6,2,1,0,0,1129,1,-1,0,4,6,2,400
cconcanno,Connor,Concannon,DET,8,1,3,1,0,0,0,0,6,7,1,0,0,10,-1,221,0,0,23,13,1,1,0,0,1176,1,3,4,7,10,2,621
cconcanno,Connor,Concannon,DET,9,2,6,0,2,0,0,0,15,17,2,0,1,23,-10,435,0,0,35,19,1,0,0,0,2418,3,3,6,10,16,2,1056
cconcanno,Connor,Concannon,DET,10,2,5,4,4,0,0,0,24,26,2,0,3,33,180,815,2,2,51,21,0,0,0,0,3122,5,4,9,14,25,2,1871
cconcanno,Connor,Concannon,DET,11,1,0,0,0,0,0,0,0,0,0,0,0,0,0,0,0,0,0,0,0,0,0,0,0,0,0,0,14,25,2,1871
cconcanno,Connor,Concannon,DET,12,1,2,0,0,0,0,0,1,1,0,0,2,3,8,92,0,0,9,4,12,1,0,0,1521,2,0,2,14,27,2,1963
cconcanno,Connor,Concannon,DET,13,2,7,2,1,0,0,0,11,13,2,0,1,20,74,402,1,2,56,20,2,0,0,0,3109,3,6,9,20,36,2,2365
lconiaris,Lucas,Coniaris,ORE,1,1,0,0,0,0,0,0,0,0,0,0,0,0,0,0,0,0,0,0,0,0,0,0,0,0,0,0,0,0,0,0
lconiaris,Lucas,Coniaris,ORE,2,1,0,0,0,0,0,0,0,0,0,0,0,0,0,0,0,0,0,0,0,0,0,0,0,0,0,0,0,0,0,0
lconiaris,Lucas,Coniaris,ORE,4,1,0,0,0,0,0,0,0,0,0,0,0,0,0,0,0,0,0,0,0,0,0,0,0,0,0,0,0,0,0,0
lconiaris,Lucas,Coniaris,ORE,5,2,0,0,0,0,0,0,0,0,0,0,0,0,0,0,0,0,0,0,0,0,0,0,0,0,0,0,0,0,0,0
lconiaris,Lucas,Coniaris,ORE,6,1,0,0,0,0,0,0,0,0,0,0,0,0,0,0,0,0,0,0,0,0,0,0,0,0,0,0,0,0,0,0
lconiaris,Lucas,Coniaris,ORE,7,1,0,0,0,0,0,0,0,0,0,0,0,0,0,0,0,0,0,0,0,0,0,0,0,0,0,0,0,0,0,0
lconiaris,Lucas,Coniaris,ORE,8,2,0,0,0,0,0,0,0,0,0,0,0,0,0,0,0,0,0,0,0,0,0,0,0,0,0,0,0,0,0,0
lconiaris,Lucas,Coniaris,ORE,9,1,0,0,0,0,0,0,0,0,0,0,0,0,0,0,0,0,0,0,0,0,0,0,0,0,0,0,0,0,0,0
lconiaris,Lucas,Coniaris,ORE,10,1,0,0,0,0,0,0,0,0,0,0,0,0,0,0,0,0,0,0,0,0,0,0,0,0,0,0,0,0,0,0
lconiaris,Lucas,Coniaris,ORE,13,1,0,0,0,0,0,0,0,0,0,0,0,0,0,0,0,0,0,0,0,0,0,0,0,0,0,0,0,0,0,0
sconnole,Sean,Connole,ATL,1,1,0,1,2,0,0,0,17,17,0,0,0,14,95,70,1,1,14,11,2,2,0,0,1229,0,1,1,1,1,0,70
sconnole,Sean,Connole,ATL,3,2,6,3,3,2,0,0,43,45,2,0,0,50,251,423,0,1,27,22,11,4,0,0,2549,2,9,9,10,10,2,493
sconnole,Sean,Connole,ATL,4,2,3,1,2,1,0,0,25,30,5,0,1,27,225,186,1,1,27,18,11,5,0,0,2884,6,-1,4,9,14,3,679
sconnole,Sean,Connole,ATL,5,1,2,0,2,0,0,0,15,16,1,0,0,17,-22,155,0,0,18,15,3,0,0,0,1519,1,1,2,10,16,3,834
sconnole,Sean,Connole,ATL,6,2,0,2,0,1,0,0,9,9,0,0,0,9,47,99,1,1,9,7,0,0,0,0,908,0,3,2,13,18,4,933
sconnole,Sean,Connole,ATL,7,1,0,0,0,0,0,0,0,0,0,0,0,0,0,0,0,0,0,0,0,0,0,0,0,0,0,0,13,18,4,933
sconnole,Sean,Connole,ATL,9,1,0,0,0,0,0,0,0,0,0,0,0,0,0,0,0,0,0,0,0,0,0,0,0,0,0,0,13,18,4,933
sconnole,Sean,Connole,ATL,10,1,0,0,0,0,0,0,0,0,0,0,0,0,0,0,0,0,0,0,0,0,0,0,0,0,0,0,13,18,4,933
sconnole,Sean,Connole,ATL,12,1,3,0,0,0,0,0,7,8,1,0,0,11,5,135,0,0,12,9,0,0,0,0,804,1,2,3,15,21,4,1068
scook,Sam,Cook,LA,2,2,0,0,0,0,0,0,0,0,0,0,0,0,0,0,0,0,0,0,0,0,0,0,0,0,0,0,0,0,0,0
scook,Sam,Cook,LA,3,1,0,0,0,0,0,0,0,0,0,0,0,0,0,0,0,0,0,0,0,0,0,0,0,0,0,0,0,0,0,0
scook,Sam,Cook,LA,4,1,0,0,0,0,0,0,0,0,0,0,0,0,0,0,0,0,0,0,0,0,0,0,0,0,0,0,0,0,0,0
scook,Sam,Cook,LA,6,1,0,0,0,0,0,0,0,0,0,0,0,0,0,0,0,0,0,0,0,0,0,0,0,0,0,0,0,0,0,0
scook,Sam,Cook,LA,7,1,0,0,0,0,0,0,0,0,0,0,0,0,0,0,0,0,0,0,0,0,0,0,0,0,0,0,0,0,0,0
scook,Sam,Cook,LA,9,2,0,0,0,0,0,0,0,0,0,0,0,0,0,0,0,0,0,0,0,0,0,0,0,0,0,0,0,0,0,0
scook,Sam,Cook,LA,11,1,0,0,0,0,0,0,0,0,0,0,0,0,0,0,0,0,0,0,0,0,0,0,0,0,0,0,0,0,0,0
scook,Sam,Cook,LA,12,2,3,0,3,1,0,0,24,27,3,0,0,30,164,252,1,3,36,18,0,0,0,0,2487,3,1,3,1,3,1,252
scook,Sam,Cook,LA,13,1,0,0,0,0,0,0,0,0,0,0,0,0,0,0,0,0,0,0,0,0,0,0,0,0,0,0,1,3,1,252
ncoolman,Noah,Coolman,COL,1,1,3,3,0,0,0,0,34,36,2,0,0,39,205,167,2,2,16,12,0,0,0,0,1310,2,4,6,4,6,0,167
ncoolman,Noah,Coolman,COL,4,2,3,4,1,4,0,0,29,34,5,0,0,34,251,426,1,2,37,20,8,3,1,0,3432,5,6,7,10,13,4,593
ncoolman,Noah,Coolman,COL,5,1,2,2,4,2,0,0,22,24,2,0,0,24,158,284,0,0,16,13,3,3,0,0,1195,2,4,4,14,17,6,877
ncoolman,Noah,Coolman,COL,6,1,4,1,2,2,0,0,16,18,2,0,0,21,134,325,2,3,14,12,13,5,0,0,1901,2,5,5,19,22,8,1202
ncoolman,Noah,Coolman,COL,9,1,1,3,2,4,0,0,15,16,1,0,0,14,178,149,1,2,2,1,20,10,0,0,1456,1,7,4,26,26,12,1351
ncoolman,Noah,Coolman,COL,10,2,2,3,4,4,0,0,39,42,2,0,0,42,401,308,2,2,9,5,42,15,0,0,3513,2,7,5,33,31,16,1659
ncoolman,Noah,Coolman,COL,11,1,1,0,0,0,0,0,0,1,1,0,0,1,0,2,0,0,2,1,21,2,0,0,1381,1,0,1,33,32,16,1661
ncoolman,Noah,Coolman,COL,12,2,4,7,4,6,0,0,24,26,2,0,0,27,153,370,0,1,6,4,50,24,0,0,3492,2,15,11,48,43,22,2031
ncoolman,Noah,Coolman,COL,13,1,2,1,0,2,0,0,5,6,0,0,0,9,61,154,1,2,2,2,18,10,0,0,1533,0,5,3,53,46,24,2185
ocordes,Owen,Cordes,BOS,1,1,0,0,0,0,0,0,0,0,0,0,0,0,0,0,0,0,0,0,0,0,0,0,0,0,0,0,0,0,0,0
ocordes,Owen,Cordes,BOS,3,1,0,0,0,0,0,0,0,0,0,0,0,0,0,0,0,0,0,0,8,4,0,0,931,0,0,0,0,0,0,0
ocordes,Owen,Cordes,BOS,4,2,0,0,0,0,0,0,0,0,0,0,0,0,0,0,0,0,0,0,0,0,0,0,0,0,0,0,0,0,0,0
ocordes,Owen,Cordes,BOS,7,1,0,0,0,0,0,0,0,0,0,0,0,0,0,0,0,0,0,0,0,0,0,0,0,0,0,0,0,0,0,0
ocordes,Owen,Cordes,BOS,8,2,0,0,0,0,0,0,0,0,0,0,0,0,0,0,0,0,0,0,0,0,0,0,0,0,0,0,0,0,0,0
ocordes,Owen,Cordes,BOS,9,1,0,0,0,0,0,0,0,0,0,0,0,0,0,0,0,0,0,0,0,0,0,0,0,0,0,0,0,0,0,0
ocordes,Owen,Cordes,BOS,11,1,0,0,0,0,0,0,0,0,0,0,0,0,0,0,0,0,0,0,0,0,0,0,0,0,0,0,0,0,0,0
ocordes,Owen,Cordes,BOS,12,2,0,0,0,0,0,0,0,0,0,0,0,0,0,0,0,0,0,0,0,0,0,0,0,0,0,0,0,0,0,0
ocordes,Owen,Cordes,BOS,13,1,0,0,0,0,0,0,0,0,0,0,0,0,0,0,0,0,0,0,0,0,0,0,0,0,0,0,0,0,0,0
zcotter,Zachary,Cotter,HTX,1,1,0,2,0,0,0,0,4,6,2,0,0,6,67,148,1,1,7,2,12,2,2,0,738,2,0,2,0,2,0,148
zcotter,Zachary,Cotter,HTX,2,1,0,1,0,1,0,0,4,4,0,0,0,4,65,55,1,1,1,0,10,3,3,1,1138,0,2,1,2,3,1,203
zcotter,Zachary,Cotter,HTX,3,1,2,0,0,0,0,0,3,3,0,0,0,5,26,90,0,0,2,2,9,1,5,3,706,0,2,2,4,5,1,293
zcotter,Zachary,Cotter,HTX,4,1,1,0,1,1,0,0,4,5,1,0,1,6,78,104,1,1,1,1,13,5,6,0,1186,2,0,1,4,6,2,397
zcotter,Zachary,Cotter,HTX,6,2,3,1,3,2,0,0,23,24,0,0,0,27,90,343,0,0,14,8,24,3,11,1,2250,0,6,4,10,10,4,740
zcotter,Zachary,Cotter,HTX,8,1,1,0,0,1,0,0,8,9,0,0,0,10,-21,86,0,1,5,3,10,1,5,0,1246,0,2,1,12,11,5,826
zcotter,Zachary,Cotter,HTX,9,2,1,0,1,1,0,0,17,18,1,0,1,18,130,117,1,2,10,3,18,1,8,2,2153,2,0,1,12,12,6,943
zcotter,Zachary,Cotter,HTX,11,1,1,0,0,0,0,0,1,1,0,0,0,2,8,36,0,0,5,2,13,2,4,0,873,0,1,1,13,13,6,979
zcotter,Zachary,Cotter,HTX,12,1,1,2,0,2,0,0,8,8,0,0,0,9,76,107,0,0,4,2,13,4,6,0,991,0,5,3,18,16,8,1086
zcotter,Zachary,Cotter,HTX,13,1,1,1,0,2,0,0,5,9,4,0,1,9,43,69,1,2,2,1,16,3,2,0,649,5,-1,2,17,18,10,1155
ccoulbury,Calvin,Coulbury,MTL,1,1,0,0,0,0,0,0,0,0,0,0,0,0,0,0,0,0,0,0,0,0,0,0,0,0,0,0,0,0,0,0
ccoulbury,Calvin,Coulbury,MTL,3,2,0,1,1,0,0,0,36,36,0,0,1,25,140,-49,0,0,28,15,5,0,0,0,2721,1,0,1,0,1,0,-49
ccoulbury,Calvin,Coulbury,MTL,4,1,0,0,0,0,0,0,0,0,0,0,0,0,0,0,0,0,0,0,0,0,0,0,0,0,0,0,0,1,0,-49
ccoulbury,Calvin,Coulbury,MTL,6,1,0,0,0,0,0,0,0,0,0,0,0,0,0,0,0,0,0,0,0,0,0,0,0,0,0,0,0,1,0,-49
ccoulbury,Calvin,Coulbury,MTL,7,2,0,0,3,0,0,0,18,20,2,0,0,15,120,32,0,0,18,7,1,1,0,0,1447,2,-2,0,-2,1,0,-17
ccoulbury,Calvin,Coulbury,MTL,8,1,0,0,0,0,0,0,0,0,0,0,0,0,0,0,0,0,0,0,0,0,0,0,0,0,0,0,-2,1,0,-17
ccoulbury,Calvin,Coulbury,MTL,10,2,1,1,0,0,0,0,14,14,0,0,1,11,140,-29,1,1,2,0,18,5,7,0,1374,1,1,2,-1,3,0,-46
ccoulbury,Calvin,Coulbury,MTL,11,1,0,0,1,0,0,0,4,5,1,0,0,4,25,27,0,0,0,0,8,2,0,0,972,1,-1,0,-2,3,0,-19
ccoulbury,Calvin,Coulbury,MTL,13,1,0,1,0,0,0,1,5,6,1,0,0,3,26,-10,0,0,0,0,12,4,0,0,854,1,0,1,-2,4,0,-29
gcousins,Greg,Cousins,MIN,3,1,4,2,0,1,0,0,5,5,0,0,0,9,79,131,1,1,12,10,5,4,0,0,1078,0,7,6,7,6,1,131
gcousins,Greg,Cousins,MIN,4,1,0,0,0,0,0,0,2,3,1,0,1,3,6,14,0,1,3,1,1,0,0,0,626,2,-2,0,5,6,1,145
gcousins,Greg,Cousins,MIN,5,1,2,1,2,0,0,0,8,8,0,0,1,6,88,60,1,1,10,8,5,3,0,0,800,1,2,3,7,9,1,205
gcousins,Greg,Cousins,MIN,6,1,0,0,0,0,0,0,0,0,0,0,0,0,0,0,0,0,0,0,0,0,0,0,0,0,0,0,7,9,1,205
gcousins,Greg,Cousins,MIN,7,1,2,0,1,0,0,0,9,9,0,0,0,10,111,81,1,1,13,7,0,0,0,0,765,0,2,2,9,11,1,286
gcousins,Greg,Cousins,MIN,8,1,0,0,2,0,0,0,8,8,0,0,0,8,69,105,1,1,14,10,0,0,0,0,1309,0,0,0,9,11,1,391
gcousins,Greg,Cousins,MIN,9,1,3,0,2,0,0,0,5,5,0,0,0,8,68,106,0,0,10,10,3,2,0,0,706,0,3,3,12,14,1,497
gcousins,Greg,Cousins,MIN,11,2,2,0,0,1,0,0,8,9,1,0,0,10,78,161,0,1,14,12,2,1,1,0,1119,1,2,2,14,16,2,658
gcousins,Greg,Cousins,MIN,12,1,2,0,1,0,0,0,12,12,0,0,0,14,81,124,0,0,12,9,0,0,0,0,1303,0,2,2,16,18,2,782
gcousins,Greg,Cousins,MIN,13,2,0,1,1,0,0,0,11,12,0,0,0,12,102,68,1,1,16,10,0,0,0,0,1014,0,1,1,17,19,2,850
jcowan,Jacob,Cowan,NY,1,2,1,6,0,1,0,0,29,30,1,0,0,31,145,323,0,0,31,22,3,1,0,0,1945,1,7,7,7,7,1,323
jcowan,Jacob,Cowan,NY,3,1,1,0,1,1,0,0,1,1,0,0,0,2,-9,29,0,0,3,2,14,2,0,0,986,0,2,1,9,8,2,352
jcowan,Jacob,Cowan,NY,4,2,2,0,0,0,0,0,5,6,1,0,0,8,40,45,0,0,4,2,28,4,0,0,1986,1,1,2,10,10,2,397
jcowan,Jacob,Cowan,NY,5,1,1,0,0,0,0,0,6,7,1,0,0,7,-9,102,0,0,3,2,12,5,0,0,861,1,0,1,10,11,2,499
jcowan,Jacob,Cowan,NY,6,1,0,0,0,0,0,0,0,0,0,0,0,0,0,0,0,0,0,0,0,0,0,0,0,0,0,0,10,11,2,499
jcowan,Jacob,Cowan,NY,7,1,1,0,0,0,0,0,8,8,0,1,0,10,42,75,0,0,15,8,3,0,0,0,1256,1,0,1,10,12,2,574
jcowan,Jacob,Cowan,NY,8,1,1,1,2,1,0,0,8,8,0,0,0,8,13,158,0,0,16,14,3,0,0,0,1194,0,3,2,13,14,3,732
jcowan,Jacob,Cowan,NY,9,1,5,0,0,0,0,0,13,13,0,0,0,18,32,303,0,0,23,20,1,0,0,0,1622,0,5,5,18,19,3,1035
jcowan,Jacob,Cowan,NY,12,1,4,1,1,0,0,0,7,7,0,0,0,11,45,177,0,0,15,15,2,0,0,0,1146,0,5,5,23,24,3,1212
jcowan,Jacob,Cowan,NY,13,1,0,0,0,0,0,0,0,0,0,0,0,0,0,0,0,0,0,0,0,0,0,0,0,0,0,0,23,24,3,1212
dcox1,David,Cox,DET,3,1,3,2,2,2,1,0,9,12,3,0,0,14,155,206,1,4,19,11,0,0,0,0,1025,3,4,5,4,5,2,206
dcox1,David,Cox,DET,5,1,5,0,2,1,0,0,9,11,2,0,0,16,77,216,0,2,19,10,0,0,0,0,1479,2,4,5,8,10,3,422
dcox1,David,Cox,DET,7,1,1,1,2,2,0,0,8,8,0,0,0,8,98,73,0,0,17,9,1,0,0,0,1343,0,4,2,12,12,5,495
dcox1,David,Cox,DET,8,1,2,2,4,0,0,0,23,25,2,0,0,27,225,196,2,3,25,15,0,0,0,0,1270,2,2,4,14,16,5,691
dcox1,David,Cox,DET,9,2,3,4,2,1,0,0,32,35,2,0,0,39,215,287,1,3,39,19,0,0,0,0,2531,2,6,7,20,23,6,978
dcox1,David,Cox,DET,10,2,0,0,0,0,0,0,0,0,0,0,0,0,0,0,0,0,0,0,0,0,0,0,0,0,0,0,20,23,6,978
dcox1,David,Cox,DET,11,1,1,0,1,0,0,0,11,13,2,0,5,14,26,208,0,1,20,6,0,0,0,0,1523,7,-6,1,14,24,6,1186
dcox1,David,Cox,DET,12,1,2,1,0,0,0,0,11,12,1,0,0,14,148,124,2,3,19,12,2,0,0,0,1300,1,2,3,16,27,6,1310
dcox1,David,Cox,DET,13,2,0,0,2,0,0,0,16,20,4,0,1,20,83,161,0,2,29,12,0,0,0,0,1502,5,-5,0,11,27,6,1471
dcox,Devin,Cox,LA,2,2,0,0,0,0,0,0,0,0,0,0,0,0,0,0,0,0,0,0,0,0,0,0,0,0,0,0,0,0,0,0
dcox,Devin,Cox,LA,3,1,0,0,0,0,0,0,0,0,0,0,0,0,0,0,0,0,0,0,0,0,0,0,0,0,0,0,0,0,0,0
dcox,Devin,Cox,LA,4,1,0,0,0,0,0,0,5,5,0,0,0,5,-11,-18,0,0,0,0,8,1,0,0,652,0,0,0,0,0,0,-18
dcox,Devin,Cox,LA,6,1,0,0,0,0,0,0,0,0,0,0,0,0,0,0,0,0,0,0,0,0,0,0,0,0,0,0,0,0,0,-18
dcox,Devin,Cox,LA,7,1,0,0,0,0,0,0,0,0,0,0,0,0,0,0,0,0,0,0,0,0,0,0,0,0,0,0,0,0,0,-18
dcox,Devin,Cox,LA,9,2,0,0,0,0,0,0,0,0,0,0,0,0,0,0,0,0,0,0,0,0,0,0,0,0,0,0,0,0,0,-18
dcox,Devin,Cox,LA,11,1,0,0,0,0,0,0,0,0,0,0,0,0,0,0,0,0,0,0,0,0,0,0,0,0,0,0,0,0,0,-18
dcox,Devin,Cox,LA,12,2,0,0,0,0,0,0,0,0,0,0,0,0,0,0,0,0,0,0,0,0,0,0,0,0,0,0,0,0,0,-18
dcox,Devin,Cox,LA,13,1,0,0,0,0,0,0,0,0,0,0,0,0,0,0,0,0,0,0,0,0,0,0,0,0,0,0,0,0,0,-18
mcrawford,Matthew,Crawford,OAK,1,1,0,0,0,0,0,0,0,0,0,0,0,0,0,0,0,0,0,0,0,0,0,0,0,0,0,0,0,0,0,0
mcrawford,Matthew,Crawford,OAK,2,2,2,4,3,0,0,0,60,60,0,0,0,39,252,145,1,1,38,32,3,2,0,0,2699,0,6,6,6,6,0,145
mcrawford,Matthew,Crawford,OAK,3,1,1,0,1,0,0,0,17,17,0,0,0,11,53,52,0,0,15,14,0,0,0,0,786,0,1,1,7,7,0,197
mcrawford,Matthew,Crawford,OAK,5,1,2,1,0,0,0,0,8,8,0,0,0,10,47,138,0,0,19,16,0,0,0,0,1411,0,3,3,10,10,0,335
mcrawford,Matthew,Crawford,OAK,6,1,1,0,1,0,0,0,16,16,0,0,0,9,154,86,0,0,26,17,0,0,0,0,1271,0,1,1,11,11,0,421
mcrawford,Matthew,Crawford,OAK,7,1,1,1,0,1,0,0,26,26,0,0,0,16,191,89,0,0,24,18,0,0,0,0,1333,0,3,2,14,13,1,510
mcrawford,Matthew,Crawford,OAK,8,1,1,1,1,0,0,0,13,13,0,0,0,12,13,70,0,0,12,10,0,0,0,0,613,0,2,2,16,15,1,580
mcrawford,Matthew,Crawford,OAK,9,1,2,3,0,0,0,0,15,15,0,0,0,15,121,115,0,0,12,12,0,0,0,0,631,0,5,5,21,20,1,695
mcrawford,Matthew,Crawford,OAK,10,2,4,0,2,0,0,0,41,42,1,0,0,32,388,143,1,1,34,24,0,0,0,0,2304,1,3,4,24,24,1,838
mcrawford,Matthew,Crawford,OAK,13,1,0,0,0,0,0,0,0,0,0,0,0,0,0,0,0,0,0,0,0,0,0,0,0,0,0,0,24,24,1,838
ecrosbyle,Eric,Crosby Lehmann,MIN,3,1,0,0,0,0,0,0,0,0,0,0,0,0,0,0,0,0,0,0,0,0,0,0,0,0,0,0,0,0,0,0
ecrosbyle,Eric,Crosby Lehmann,MIN,4,1,0,0,0,0,0,0,0,0,0,0,0,0,0,0,0,0,0,0,0,0,0,0,0,0,0,0,0,0,0,0
ecrosbyle,Eric,Crosby Lehmann,MIN,5,1,0,0,0,0,0,0,0,0,0,0,0,0,0,0,0,0,0,0,0,0,0,0,0,0,0,0,0,0,0,0
ecrosbyle,Eric,Crosby Lehmann,MIN,6,1,0,0,0,0,0,0,0,0,0,0,0,0,0,0,0,0,0,0,0,0,0,0,0,0,0,0,0,0,0,0
ecrosbyle,Eric,Crosby Lehmann,MIN,7,1,0,0,0,0,0,0,0,0,0,0,0,0,0,0,0,0,0,0,0,0,0,0,0,0,0,0,0,0,0,0
ecrosbyle,Eric,Crosby Lehmann,MIN,8,1,0,0,0,0,0,0,0,0,0,0,0,0,0,0,0,0,0,0,0,0,0,0,0,0,0,0,0,0,0,0
ecrosbyle,Eric,Crosby Lehmann,MIN,9,1,0,0,0,0,0,0,0,0,0,0,0,0,0,0,0,0,0,0,0,0,0,0,0,0,0,0,0,0,0,0
ecrosbyle,Eric,Crosby Lehmann,MIN,11,2,0,0,0,0,0,0,0,0,0,0,0,0,0,0,0,0,0,0,0,0,0,0,0,0,0,0,0,0,0,0
ecrosbyle,Eric,Crosby Lehmann,MIN,12,1,0,0,0,0,0,0,0,0,0,0,0,0,0,0,0,0,0,0,0,0,0,0,0,0,0,0,0,0,0,0
ecrosbyle,Eric,Crosby Lehmann,MIN,13,2,1,0,0,1,0,0,6,6,0,0,0,4,35,40,0,0,2,1,14,11,0,0,731,0,2,1,2,1,1,40
tcrowley,Trip,Crowley,ATL,1,1,0,0,0,0,0,0,0,0,0,0,0,0,0,0,0,0,0,0,0,0,0,0,0,0,0,0,0,0,0,0
tcrowley,Trip,Crowley,ATL,3,2,0,0,0,0,0,0,0,0,0,0,0,0,0,0,0,0,0,0,0,0,0,0,0,0,0,0,0,0,0,0
tcrowley,Trip,Crowley,ATL,4,2,0,0,0,0,0,0,4,4,0,0,0,4,-42,53,0,0,6,2,6,0,0,0,716,0,0,0,0,0,0,53
tcrowley,Trip,Crowley,ATL,5,1,1,0,0,0,0,0,2,2,0,0,0,2,15,34,0,0,0,0,7,1,0,0,447,0,1,1,1,1,0,87
tcrowley,Trip,Crowley,ATL,6,2,3,0,0,0,0,0,4,4,0,0,0,7,-16,123,0,0,11,6,0,0,0,0,900,0,3,3,4,4,0,210
tcrowley,Trip,Crowley,ATL,7,1,0,0,0,0,0,0,0,0,0,0,0,0,0,0,0,0,0,0,0,0,0,0,0,0,0,0,4,4,0,210
tcrowley,Trip,Crowley,ATL,9,1,1,0,0,2,0,0,3,3,0,0,0,3,-18,44,0,0,0,0,16,8,0,0,1373,0,3,1,7,5,2,254
tcrowley,Trip,Crowley,ATL,10,1,1,0,0,0,0,0,0,0,0,0,0,1,0,11,0,0,0,0,7,2,0,0,381,0,1,1,8,6,2,265
tcrowley,Trip,Crowley,ATL,12,1,2,0,0,0,0,0,0,0,0,0,0,2,0,19,0,0,0,0,11,3,0,0,570,0,2,2,10,8,2,284
jcubitt,Joseph,Cubitt,DET,3,1,0,0,0,0,0,0,0,0,0,0,0,0,0,0,0,0,0,0,0,0,0,0,0,0,0,0,0,0,0,0
jcubitt,Joseph,Cubitt,DET,5,1,0,2,1,0,0,0,36,37,0,0,0,28,216,93,1,1,22,12,0,0,0,0,1583,0,2,2,2,2,0,93
jcubitt,Joseph,Cubitt,DET,7,1,2,2,0,0,0,0,30,37,5,0,0,25,111,132,0,1,21,11,0,0,0,0,1436,5,-1,4,1,6,0,225
jcubitt,Joseph,Cubitt,DET,8,1,3,1,6,0,0,0,52,56,4,0,1,51,458,196,1,3,32,17,0,0,0,0,1645,5,-1,4,0,10,0,421
jcubitt,Joseph,Cubitt,DET,9,2,4,4,3,1,0,0,91,98,7,0,1,81,521,295,1,4,44,24,0,0,0,0,3020,8,1,8,1,18,1,716
jcubitt,Joseph,Cubitt,DET,10,2,0,4,5,3,0,0,86,100,12,0,1,78,905,143,4,4,55,23,0,0,0,0,3280,13,-6,4,-5,22,4,859
jcubitt,Joseph,Cubitt,DET,11,1,1,3,2,0,0,0,54,60,5,0,0,44,304,91,1,3,24,10,0,0,0,0,1886,5,-1,4,-6,26,4,950
jcubitt,Joseph,Cubitt,DET,12,1,2,3,0,1,0,0,51,55,4,0,1,41,287,209,0,1,25,16,0,0,0,0,1640,5,1,5,-5,31,5,1159
jcubitt,Joseph,Cubitt,DET,13,2,1,1,3,1,0,1,34,41,6,0,0,30,228,71,1,3,26,10,0,0,0,0,1325,6,-3,2,-8,33,6,1230
ccunningh,Chase,Cunningham,HTX,1,1,1,4,3,0,0,0,22,24,0,0,2,22,244,220,0,0,24,16,5,2,3,0,1552,2,3,5,3,5,0,220
ccunningh,Chase,Cunningham,HTX,2,1,1,3,0,0,0,0,18,22,4,0,0,19,164,80,1,1,8,3,5,2,2,1,1078,4,0,4,3,9,0,300
ccunningh,Chase,Cunningham,HTX,3,1,0,1,3,1,0,0,24,27,3,0,0,19,228,38,1,1,19,12,6,0,4,1,1137,3,-1,1,2,10,1,338
ccunningh,Chase,Cunningham,HTX,4,1,1,4,0,1,0,0,29,32,3,0,0,20,295,35,1,4,16,11,6,1,3,0,1448,3,3,5,5,15,2,373
ccunningh,Chase,Cunningham,HTX,6,2,0,0,0,0,0,0,0,0,0,0,0,0,0,0,0,0,0,0,0,0,0,0,0,0,0,0,5,15,2,373
ccunningh,Chase,Cunningham,HTX,8,1,1,2,5,0,0,0,35,41,4,0,0,29,324,196,0,1,18,14,2,1,0,0,1325,4,-1,3,4,18,2,569
ccunningh,Chase,Cunningham,HTX,9,2,0,0,0,0,0,0,0,0,0,0,0,0,0,0,0,0,0,0,0,0,0,0,0,0,0,0,4,18,2,569
ccunningh,Chase,Cunningham,HTX,11,1,2,3,1,1,0,0,38,43,4,0,0,37,390,300,2,5,25,15,5,0,3,0,1848,4,2,5,6,23,3,869
ccunningh,Chase,Cunningham,HTX,12,1,2,3,2,1,0,0,53,57,4,0,0,49,295,194,0,1,18,13,9,2,7,0,1605,4,2,5,8,28,4,1063
ccunningh,Chase,Cunningham,HTX,13,1,0,0,0,0,0,0,0,0,0,0,0,0,0,0,0,0,0,0,0,0,0,0,0,0,0,0,8,28,4,1063
vcurodeau,Victor,Curodeau,MTL,1,1,0,0,0,0,0,0,0,0,0,0,0,0,0,0,0,0,0,0,0,0,0,0,0,0,0,0,0,0,0,0
vcurodeau,Victor,Curodeau,MTL,3,2,2,0,1,0,0,0,2,2,0,0,0,4,34,69,0,0,0,0,9,3,0,0,586,0,2,2,2,2,0,69
vcurodeau,Victor,Curodeau,MTL,4,1,1,0,0,0,0,0,2,2,0,0,0,3,-14,26,0,0,1,1,11,0,0,0,923,0,1,1,3,3,0,95
vcurodeau,Victor,Curodeau,MTL,6,1,0,0,0,0,0,0,0,0,0,0,0,0,0,0,0,0,0,0,0,0,0,0,0,0,0,0,3,3,0,95
vcurodeau,Victor,Curodeau,MTL,7,2,1,3,0,1,0,0,16,17,1,0,1,17,110,143,0,0,4,2,26,8,0,0,1955,2,3,4,6,7,1,238
vcurodeau,Victor,Curodeau,MTL,8,1,0,0,0,0,0,0,0,0,0,0,0,0,0,0,0,0,0,0,9,1,0,0,570,0,0,0,6,7,1,238
vcurodeau,Victor,Curodeau,MTL,10,2,4,0,1,0,0,0,21,21,0,0,1,24,64,251,0,0,39,21,3,0,0,0,3025,1,3,4,9,11,1,489
vcurodeau,Victor,Curodeau,MTL,11,1,3,1,3,1,0,0,18,18,0,0,0,21,92,256,0,0,19,14,0,0,0,0,1213,0,5,4,14,15,2,745
vcurodeau,Victor,Curodeau,MTL,13,1,0,0,0,0,0,0,0,0,0,0,0,0,0,0,0,0,0,0,0,0,0,0,0,0,0,0,14,15,2,745
acurry,Aidan,Curry,OAK,1,1,1,0,0,1,0,0,2,2,0,0,0,2,3,8,0,0,0,0,10,3,5,1,642,0,2,1,2,1,1,8
acurry,Aidan,Curry,OAK,2,2,0,1,0,3,0,0,8,10,2,0,0,9,-41,63,0,0,0,0,29,11,2,0,2548,2,2,1,4,2,4,71
acurry,Aidan,Curry,OAK,3,1,0,0,0,0,0,0,0,0,0,0,0,0,0,0,0,0,0,0,13,1,9,3,586,0,0,0,4,2,4,71
acurry,Aidan,Curry,OAK,5,1,0,0,0,0,0,0,0,0,0,0,0,0,0,0,0,0,0,0,0,0,0,0,0,0,0,0,4,2,4,71
acurry,Aidan,Curry,OAK,6,1,0,0,0,0,0,0,0,0,0,0,0,0,0,0,0,0,0,0,11,2,1,0,744,0,0,0,4,2,4,71
acurry,Aidan,Curry,OAK,7,1,0,0,0,0,0,0,0,0,0,0,0,0,0,0,0,0,0,0,0,0,0,0,0,0,0,0,4,2,4,71
acurry,Aidan,Curry,OAK,8,1,2,1,0,1,0,0,5,6,1,0,0,7,5,69,0,0,0,0,13,8,9,1,1196,1,3,3,7,5,5,140
acurry,Aidan,Curry,OAK,9,1,1,2,2,1,0,0,9,10,1,0,0,8,79,65,0,0,0,0,17,11,13,1,1085,1,3,3,10,8,6,205
acurry,Aidan,Curry,OAK,10,2,0,0,0,0,0,0,0,0,0,0,0,0,0,0,0,0,0,0,0,0,0,0,0,0,0,0,10,8,6,205
acurry,Aidan,Curry,OAK,13,1,0,0,0,0,0,0,0,0,0,0,0,0,0,0,0,0,0,0,0,0,0,0,0,0,0,0,10,8,6,205
jcwengros,Jesse,Cwengros,DET,3,1,0,0,0,0,0,0,0,0,0,0,0,0,0,0,0,0,0,0,0,0,0,0,0,0,0,0,0,0,0,0
jcwengros,Jesse,Cwengros,DET,5,1,0,0,0,0,0,0,0,0,0,0,0,0,0,0,0,0,0,0,0,0,0,0,0,0,0,0,0,0,0,0
jcwengros,Jesse,Cwengros,DET,7,1,0,0,0,0,0,0,0,0,0,0,0,0,0,0,0,0,0,0,0,0,0,0,0,0,0,0,0,0,0,0
jcwengros,Jesse,Cwengros,DET,8,1,0,0,0,0,0,0,0,0,0,0,0,0,0,0,0,0,0,0,0,0,0,0,0,0,0,0,0,0,0,0
jcwengros,Jesse,Cwengros,DET,9,2,0,0,0,0,0,0,0,0,0,0,0,0,0,0,0,0,0,0,0,0,0,0,0,0,0,0,0,0,0,0
jcwengros,Jesse,Cwengros,DET,10,2,0,0,0,0,0,0,13,16,1,0,1,11,36,61,0,0,18,5,1,0,0,0,1358,2,-2,0,-2,0,0,61
jcwengros,Jesse,Cwengros,DET,11,1,1,0,1,0,0,0,3,3,0,0,0,4,-4,70,0,0,3,2,6,0,0,0,652,0,1,1,-1,1,0,131
jcwengros,Jesse,Cwengros,DET,12,1,0,0,0,0,0,0,0,0,0,0,0,0,0,0,0,0,0,0,0,0,0,0,0,0,0,0,-1,1,0,131
jcwengros,Jesse,Cwengros,DET,13,2,0,0,0,1,0,0,25,26,1,0,0,22,86,21,0,0,10,0,14,2,0,0,1504,1,0,0,-1,1,1,152
ndahms,Nicholas,Dahms,ORE,1,1,0,0,0,0,0,0,7,8,0,0,1,7,40,62,0,0,4,2,8,0,0,0,1113,1,-1,0,-1,0,0,62
ndahms,Nicholas,Dahms,ORE,2,1,0,0,0,1,0,0,7,7,0,0,0,5,16,25,0,0,5,1,11,0,0,0,1007,0,1,0,0,0,1,87
ndahms,Nicholas,Dahms,ORE,4,1,0,0,0,1,0,0,4,4,0,0,0,3,-5,18,0,0,0,0,15,5,0,0,1377,0,1,0,1,0,2,105
ndahms,Nicholas,Dahms,ORE,5,2,1,0,1,2,0,0,6,7,0,0,0,7,16,35,0,0,1,0,25,4,0,0,1950,0,3,1,4,1,4,140
ndahms,Nicholas,Dahms,ORE,6,1,0,0,1,0,0,0,4,4,0,0,0,4,-5,28,0,0,2,1,12,5,0,0,1304,0,0,0,4,1,4,168
ndahms,Nicholas,Dahms,ORE,7,1,1,1,0,0,0,0,3,4,0,0,0,5,19,26,0,0,1,1,13,7,0,0,1007,0,2,2,6,3,4,194
ndahms,Nicholas,Dahms,ORE,8,2,0,0,0,1,0,0,0,0,0,0,0,0,0,0,0,0,2,1,23,2,0,0,1571,0,1,0,7,3,5,194
ndahms,Nicholas,Dahms,ORE,9,1,0,0,0,0,0,0,2,2,0,0,0,2,1,-5,0,0,0,0,10,2,0,0,529,0,0,0,7,3,5,189
ndahms,Nicholas,Dahms,ORE,10,1,0,0,1,0,0,0,5,5,0,0,0,4,43,31,0,0,3,3,10,5,0,0,819,0,0,0,7,3,5,220
ndahms,Nicholas,Dahms,ORE,13,1,0,0,0,0,0,0,1,1,0,0,0,1,-4,6,0,0,0,0,13,1,0,0,666,0,0,0,7,3,5,226
bdameron,Ben,Dameron,NY,1,2,0,0,0,0,0,0,0,0,0,0,0,0,0,0,0,0,0,0,0,0,0,0,0,0,0,0,0,0,0,0
bdameron,Ben,Dameron,NY,3,1,0,0,0,0,0,0,0,0,0,0,0,0,0,0,0,0,0,0,0,0,0,0,0,0,0,0,0,0,0,0
bdameron,Ben,Dameron,NY,4,2,0,0,0,0,0,0,0,0,0,0,0,0,0,0,0,0,0,0,0,0,0,0,0,0,0,0,0,0,0,0
bdameron,Ben,Dameron,NY,5,1,0,0,0,0,0,0,0,0,0,0,0,0,0,0,0,0,0,0,0,0,0,0,0,0,0,0,0,0,0,0
bdameron,Ben,Dameron,NY,6,1,0,0,0,0,0,0,0,0,0,0,0,0,0,0,0,0,0,0,0,0,0,0,0,0,0,0,0,0,0,0
bdameron,Ben,Dameron,NY,7,1,0,0,0,0,0,0,0,0,0,0,0,0,0,0,0,0,0,0,0,0,0,0,0,0,0,0,0,0,0,0
bdameron,Ben,Dameron,NY,8,1,0,0,0,0,0,0,0,0,0,0,0,0,0,0,0,0,0,0,0,0,0,0,0,0,0,0,0,0,0,0
bdameron,Ben,Dameron,NY,9,1,0,0,0,0,0,0,0,0,0,0,0,0,0,0,0,0,0,0,0,0,0,0,0,0,0,0,0,0,0,0
bdameron,Ben,Dameron,NY,12,1,0,0,0,0,0,0,0,0,0,0,0,0,0,0,0,0,0,0,0,0,0,0,0,0,0,0,0,0,0,0
bdameron,Ben,Dameron,NY,13,1,1,3,2,0,0,0,30,33,2,0,0,33,227,246,0,0,24,15,0,0,0,0,1624,2,2,4,2,4,0,246
sdastrup,Simon,Dastrup,CHI,4,1,1,0,0,0,0,0,4,6,2,0,0,7,-12,135,0,0,2,0,10,6,0,0,871,2,-1,1,-1,1,0,135
sdastrup,Simon,Dastrup,CHI,6,1,2,0,0,0,0,0,3,4,1,0,0,6,20,94,0,0,8,5,6,1,0,0,1073,1,1,2,0,3,0,229
sdastrup,Simon,Dastrup,CHI,7,1,0,0,0,0,0,0,0,0,0,0,0,0,0,0,0,0,0,0,0,0,0,0,0,0,0,0,0,3,0,229
sdastrup,Simon,Dastrup,CHI,8,1,0,0,0,0,0,0,0,0,0,0,0,0,0,0,0,0,0,0,0,0,0,0,0,0,0,0,0,3,0,229
sdastrup,Simon,Dastrup,CHI,9,2,0,0,0,0,0,0,0,0,0,0,0,0,0,0,0,0,0,0,0,0,0,0,0,0,0,0,0,3,0,229
sdastrup,Simon,Dastrup,CHI,10,2,0,0,0,0,0,0,0,0,0,0,0,0,0,0,0,0,0,0,0,0,0,0,0,0,0,0,0,3,0,229
sdastrup,Simon,Dastrup,CHI,11,2,3,3,2,1,0,0,15,16,1,0,0,19,168,313,2,2,22,19,0,0,0,0,1267,1,6,6,6,9,1,542
sdastrup,Simon,Dastrup,CHI,13,2,2,2,0,3,0,0,9,9,0,0,1,10,102,113,2,2,1,1,35,22,0,0,2326,1,6,4,12,13,4,655
rdavenpor1,Robby,Davenport,IND,2,1,0,1,0,0,0,0,3,3,0,0,0,1,19,10,0,0,0,0,13,2,0,0,718,0,1,1,1,1,0,10
rdavenpor1,Robby,Davenport,IND,3,1,0,1,2,0,0,0,17,18,1,0,0,16,65,33,0,1,1,1,9,3,0,0,624,1,0,1,1,2,0,43
rdavenpor1,Robby,Davenport,IND,5,1,0,0,1,1,0,0,6,6,0,0,0,5,52,-1,0,0,0,0,13,4,0,0,867,0,1,0,2,2,1,42
rdavenpor1,Robby,Davenport,IND,6,1,0,2,1,1,0,0,9,9,0,0,0,6,19,1,0,0,1,1,8,2,0,0,636,0,3,2,5,4,2,43
rdavenpor1,Robby,Davenport,IND,7,1,2,1,0,0,0,0,15,17,2,0,0,17,129,40,1,1,2,2,14,8,0,0,1304,2,1,3,6,7,2,83
rdavenpor1,Robby,Davenport,IND,8,1,1,0,0,0,0,0,3,4,1,0,0,4,-1,36,0,1,6,1,10,0,0,0,705,1,0,1,6,8,2,119
rdavenpor1,Robby,Davenport,IND,9,1,0,1,1,0,0,0,12,13,1,0,0,8,70,60,0,0,7,2,7,2,0,0,889,1,0,1,6,9,2,179
rdavenpor1,Robby,Davenport,IND,10,2,5,0,3,1,0,0,40,45,4,0,1,43,269,241,0,0,18,9,11,2,2,0,2152,5,1,5,7,14,3,420
rdavenpor1,Robby,Davenport,IND,11,1,0,1,3,0,0,0,11,14,3,0,0,11,98,91,1,1,9,3,4,2,0,0,661,3,-2,1,5,15,3,511
rdavenpor1,Robby,Davenport,IND,12,1,1,0,0,1,0,0,4,5,0,0,0,6,3,62,0,1,0,0,14,4,0,0,730,0,2,1,7,16,4,573
rdavenpor1,Robby,Davenport,IND,13,1,2,0,1,0,0,0,5,5,0,0,0,6,70,62,1,1,0,0,12,6,0,0,672,0,2,2,9,18,4,635
sdavidson,Shane,Davidson,LV,1,1,0,0,0,0,0,0,0,0,0,0,0,0,0,0,0,0,0,0,0,0,0,0,0,0,0,0,0,0,0,0
sdavidson,Shane,Davidson,LV,2,1,0,0,0,0,0,0,0,0,0,0,0,0,0,0,0,0,0,0,0,0,0,0,0,0,0,0,0,0,0,0
sdavidson,Shane,Davidson,LV,3,1,0,0,0,0,0,0,0,0,0,0,0,0,0,0,0,0,0,0,0,0,0,0,0,0,0,0,0,0,0,0
sdavidson,Shane,Davidson,LV,5,1,0,0,0,0,0,0,0,0,0,0,0,0,0,0,0,0,0,0,0,0,0,0,0,0,0,0,0,0,0,0
sdavidson,Shane,Davidson,LV,7,2,0,0,0,0,0,0,4,4,0,0,0,3,38,1,0,0,0,0,11,2,0,0,760,0,0,0,0,0,0,1
sdavidson,Shane,Davidson,LV,8,1,0,1,0,2,0,0,10,13,3,0,0,8,49,24,0,1,0,0,13,1,5,0,724,3,0,1,0,1,2,25
sdavidson,Shane,Davidson,LV,9,2,0,2,1,1,0,0,21,26,4,0,0,20,199,72,1,2,6,2,7,1,6,1,970,4,-1,2,-1,3,3,97
sdavidson,Shane,Davidson,LV,11,1,0,0,0,0,0,0,0,0,0,0,0,0,0,0,0,0,0,0,0,0,0,0,0,0,0,0,-1,3,3,97
sdavidson,Shane,Davidson,LV,12,1,0,0,0,0,0,0,0,0,0,0,0,0,0,0,0,0,0,0,0,0,0,0,0,0,0,0,-1,3,3,97
sdavidson,Shane,Davidson,LV,13,1,0,0,0,0,0,0,0,0,0,0,0,0,0,0,0,0,0,0,0,0,0,0,0,0,0,0,-1,3,3,97
adavis2,Antoine,Davis,NY,1,2,1,2,0,3,0,0,6,6,0,0,0,5,51,73,0,0,2,2,33,12,0,0,2167,0,6,3,6,3,3,73
adavis2,Antoine,Davis,NY,3,1,0,0,0,0,0,0,0,0,0,0,0,0,0,0,0,0,0,0,16,4,0,0,1012,0,0,0,6,3,3,73
adavis2,Antoine,Davis,NY,4,2,0,0,0,0,0,0,0,0,0,0,0,0,0,0,0,0,0,0,0,0,0,0,0,0,0,0,6,3,3,73
adavis2,Antoine,Davis,NY,5,1,2,0,0,3,0,0,3,3,0,0,0,5,-13,62,0,0,0,0,12,5,0,0,707,0,5,2,11,5,6,135
adavis2,Antoine,Davis,NY,6,1,0,0,0,0,0,0,0,0,0,0,0,0,0,0,0,0,0,0,18,2,0,0,984,0,0,0,11,5,6,135
adavis2,Antoine,Davis,NY,7,1,0,0,1,0,0,0,2,2,0,0,0,2,7,27,0,0,3,2,14,1,0,0,1098,0,0,0,11,5,6,162
adavis2,Antoine,Davis,NY,8,1,0,0,0,0,0,0,2,2,0,0,0,2,15,17,0,0,0,0,15,3,0,0,1227,0,0,0,11,5,6,179
adavis2,Antoine,Davis,NY,9,1,1,0,0,1,0,0,0,0,0,0,0,1,0,6,0,0,0,0,13,5,0,0,893,0,2,1,13,6,7,185
adavis2,Antoine,Davis,NY,12,1,0,1,0,0,0,0,4,5,1,0,0,5,72,54,1,1,1,0,16,5,0,0,1069,1,0,1,13,7,7,239
adavis2,Antoine,Davis,NY,13,1,1,1,0,2,0,0,7,7,0,0,0,7,84,35,1,1,1,1,14,5,0,0,1044,0,4,2,17,9,9,274
tdavis,Topher,Davis,BOS,1,1,0,1,1,1,0,0,5,5,0,0,0,5,30,-12,0,0,0,0,15,5,0,0,673,0,2,1,2,1,1,-12
tdavis,Topher,Davis,BOS,3,1,0,0,1,0,0,0,15,16,1,0,0,16,69,14,0,0,12,11,0,0,0,0,963,1,-1,0,1,1,1,2
tdavis,Topher,Davis,BOS,4,2,0,3,0,0,0,0,44,46,2,0,1,42,220,43,0,1,35,21,0,0,0,0,3152,3,0,3,1,4,1,45
tdavis,Topher,Davis,BOS,7,1,0,0,1,2,0,0,15,15,0,0,0,12,18,76,0,0,1,1,12,7,0,0,1177,0,2,0,3,4,3,121
tdavis,Topher,Davis,BOS,8,2,4,3,0,0,0,0,28,29,1,0,1,30,74,202,0,0,31,24,1,0,0,0,2631,2,5,7,8,11,3,323
tdavis,Topher,Davis,BOS,9,1,0,1,4,0,0,0,16,16,0,0,0,16,82,131,0,0,16,13,0,0,0,0,1162,0,1,1,9,12,3,454
tdavis,Topher,Davis,BOS,11,1,0,0,0,0,0,0,0,0,0,0,0,0,0,0,0,0,0,0,0,0,0,0,0,0,0,0,9,12,3,454
tdavis,Topher,Davis,BOS,12,2,2,1,4,0,0,0,24,24,0,0,0,24,104,165,0,0,32,20,0,0,0,0,3119,0,3,3,12,15,3,619
tdavis,Topher,Davis,BOS,13,1,0,0,1,0,0,0,10,12,2,0,0,9,132,96,1,2,19,12,0,0,0,0,1315,2,-2,0,10,15,3,715
cdavisbra,Cole,Davis-Brand,BOS,1,1,0,0,0,0,0,0,0,0,0,0,0,0,0,0,0,0,0,0,0,0,0,0,0,0,0,0,0,0,0,0
cdavisbra,Cole,Davis-Brand,BOS,3,1,0,0,0,0,0,0,0,0,0,0,0,0,0,0,0,0,0,0,0,0,0,0,0,0,0,0,0,0,0,0
cdavisbra,Cole,Davis-Brand,BOS,4,2,0,0,0,0,0,0,0,0,0,0,0,0,0,0,0,0,0,0,0,0,0,0,0,0,0,0,0,0,0,0
cdavisbra,Cole,Davis-Brand,BOS,7,1,0,0,0,0,0,0,0,0,0,0,0,0,0,0,0,0,0,0,0,0,0,0,0,0,0,0,0,0,0,0
cdavisbra,Cole,Davis-Brand,BOS,8,2,0,1,0,0,0,0,7,7,0,0,0,5,38,11,0,0,0,0,10,2,8,0,425,0,1,1,1,1,0,11
cdavisbra,Cole,Davis-Brand,BOS,9,1,1,1,1,0,0,0,6,6,0,0,0,7,2,72,0,0,0,0,14,6,2,0,1367,0,2,2,3,3,0,83
cdavisbra,Cole,Davis-Brand,BOS,11,1,0,0,0,0,0,0,0,0,0,0,0,0,0,0,0,0,0,0,0,0,0,0,0,0,0,0,3,3,0,83
cdavisbra,Cole,Davis-Brand,BOS,12,2,0,0,1,0,0,0,12,12,0,0,0,10,83,-17,0,0,3,3,9,0,5,0,1082,0,0,0,3,3,0,66
cdavisbra,Cole,Davis-Brand,BOS,13,1,0,2,1,0,0,0,9,10,1,0,0,9,79,-14,0,0,3,2,8,2,6,0,713,1,1,2,4,5,0,52
ddemarre,Daan,De Marrée,CHI,4,1,0,2,3,1,0,0,34,35,1,0,0,34,103,168,0,1,14,8,2,1,0,0,1408,1,2,2,2,2,1,168
ddemarre,Daan,De Marrée,CHI,6,1,0,0,0,0,0,0,0,0,0,0,0,0,0,0,0,0,0,0,0,0,0,0,0,0,0,0,2,2,1,168
ddemarre,Daan,De Marrée,CHI,7,1,2,3,3,2,0,0,29,30,1,0,0,31,125,266,0,1,16,13,5,1,0,0,1732,1,6,5,8,7,3,434
ddemarre,Daan,De Marrée,CHI,8,1,5,2,3,1,0,0,22,22,0,0,0,25,186,353,0,0,13,11,8,4,0,0,971,0,8,7,16,14,4,787
ddemarre,Daan,De Marrée,CHI,9,2,9,7,7,3,0,0,37,40,3,0,3,45,249,493,0,0,27,22,8,7,0,0,2430,6,13,16,29,30,7,1280
ddemarre,Daan,De Marrée,CHI,10,2,0,0,0,0,0,0,0,0,0,0,0,0,0,0,0,0,0,0,0,0,0,0,0,0,0,0,29,30,7,1280
ddemarre,Daan,De Marrée,CHI,11,2,15,5,5,6,0,0,54,57,3,0,0,70,428,939,2,4,36,29,10,4,1,1,3126,3,23,20,52,50,13,2219
ddemarre,Daan,De Marrée,CHI,13,2,12,9,6,5,0,0,54,54,0,0,0,60,606,786,3,3,35,26,16,9,0,0,2682,0,26,21,78,71,18,3005
ndemorgan,Nathan,De Morgan,SLC,1,1,0,0,0,0,0,0,0,0,0,0,0,0,0,0,0,0,0,0,0,0,0,0,0,0,0,0,0,0,0,0
ndemorgan,Nathan,De Morgan,SLC,2,1,0,0,0,0,0,0,0,0,0,0,0,0,0,0,0,0,0,0,0,0,0,0,0,0,0,0,0,0,0,0
ndemorgan,Nathan,De Morgan,SLC,5,1,0,0,0,0,0,0,0,0,0,0,0,0,0,0,0,0,0,0,0,0,0,0,0,0,0,0,0,0,0,0
ndemorgan,Nathan,De Morgan,SLC,6,2,0,0,0,0,0,0,0,0,0,0,0,0,0,0,0,0,0,0,0,0,0,0,0,0,0,0,0,0,0,0
ndemorgan,Nathan,De Morgan,SLC,7,1,0,0,0,0,0,0,0,0,0,0,0,0,0,0,0,0,0,0,0,0,0,0,0,0,0,0,0,0,0,0
ndemorgan,Nathan,De Morgan,SLC,8,1,1,1,3,1,0,0,7,9,2,0,0,8,126,111,2,3,1,1,19,8,0,0,959,2,1,2,1,2,1,111
ndemorgan,Nathan,De Morgan,SLC,10,1,2,0,0,0,0,0,2,3,1,0,0,3,-3,58,0,0,2,2,17,2,0,0,1049,1,1,2,2,4,1,169
ndemorgan,Nathan,De Morgan,SLC,11,2,3,7,1,2,0,0,17,21,3,0,0,20,189,319,3,5,3,2,36,15,0,0,3096,3,9,10,11,14,3,488
ndemorgan,Nathan,De Morgan,SLC,12,1,0,1,0,0,0,0,8,8,0,0,0,8,75,122,0,0,3,2,12,3,0,0,945,0,1,1,12,15,3,610
ndemorgan,Nathan,De Morgan,SLC,13,1,2,3,0,0,0,0,11,13,2,0,0,15,190,176,3,4,10,7,7,3,0,0,1031,2,3,5,15,20,3,786
ddeclerck,Dylan,DeClerck,MIN,3,1,0,0,0,0,0,0,0,0,0,0,0,0,0,0,0,0,0,0,0,0,0,0,0,0,0,0,0,0,0,0
ddeclerck,Dylan,DeClerck,MIN,4,1,0,1,0,1,0,0,2,2,0,0,0,2,7,32,0,0,3,1,11,2,0,0,1444,0,2,1,2,1,1,32
ddeclerck,Dylan,DeClerck,MIN,5,1,3,0,0,0,0,0,1,2,1,0,0,4,-3,74,0,0,2,2,19,10,0,0,1415,1,2,3,4,4,1,106
ddeclerck,Dylan,DeClerck,MIN,6,1,1,1,0,0,0,0,4,4,0,0,0,5,-6,81,0,0,1,1,14,4,0,0,1563,0,2,2,6,6,1,187
ddeclerck,Dylan,DeClerck,MIN,7,1,2,0,0,2,0,0,3,3,0,0,0,5,-28,120,0,0,2,2,16,6,0,0,1400,0,4,2,10,8,3,307
ddeclerck,Dylan,DeClerck,MIN,8,1,3,0,0,1,0,0,4,5,1,0,0,8,15,69,0,1,2,2,15,6,0,0,1402,1,3,3,13,11,4,376
ddeclerck,Dylan,DeClerck,MIN,9,1,6,1,0,2,0,0,5,5,0,0,0,9,39,166,0,0,1,1,15,11,0,0,1238,0,9,7,22,18,6,542
ddeclerck,Dylan,DeClerck,MIN,11,2,6,0,0,2,0,0,7,8,1,0,0,14,44,132,0,0,11,6,23,10,0,0,2426,1,7,6,29,24,8,674
ddeclerck,Dylan,DeClerck,MIN,12,1,0,0,0,0,0,0,2,3,1,0,0,3,8,32,0,1,3,3,14,3,0,0,1515,1,-1,0,28,24,8,706
ddeclerck,Dylan,DeClerck,MIN,13,2,0,1,1,0,0,0,8,8,0,0,0,6,53,27,0,0,5,2,13,3,0,0,1141,0,1,1,29,25,8,733
kdelorenz,Kai,DeLorenzo,MAD,2,2,2,3,0,1,0,0,19,21,2,0,0,21,231,248,2,2,16,12,21,4,12,1,3046,2,4,5,4,5,1,248
kdelorenz,Kai,DeLorenzo,MAD,4,1,1,1,2,1,0,0,13,16,2,0,1,12,100,114,1,1,11,5,8,6,5,0,1563,3,0,2,4,7,2,362
kdelorenz,Kai,DeLorenzo,MAD,6,1,1,0,0,1,0,0,8,10,2,0,0,10,59,37,0,1,9,7,8,2,1,1,1194,2,0,1,4,8,3,399
kdelorenz,Kai,DeLorenzo,MAD,7,1,0,0,0,0,0,0,17,17,0,0,0,17,91,21,0,0,14,9,7,1,0,0,1344,0,0,0,4,8,3,420
kdelorenz,Kai,DeLorenzo,MAD,8,2,1,0,1,1,0,0,21,23,1,0,0,21,113,83,0,0,12,9,9,1,7,0,1482,1,1,1,5,9,4,503
kdelorenz,Kai,DeLorenzo,MAD,10,2,1,0,4,0,0,0,22,22,0,0,0,23,292,235,3,3,29,21,9,1,2,0,2069,0,1,1,6,10,4,738
kdelorenz,Kai,DeLorenzo,MAD,11,1,1,0,1,3,1,0,23,26,3,0,0,25,102,72,0,0,9,7,11,6,9,1,1231,3,1,1,7,11,7,810
kdelorenz,Kai,DeLorenzo,MAD,12,1,1,0,1,0,0,0,16,17,1,0,0,14,97,118,0,0,12,6,7,1,4,1,1728,1,0,1,7,12,7,928
kdelorenz,Kai,DeLorenzo,MAD,13,1,1,1,0,0,0,0,12,16,3,0,0,16,76,115,0,0,15,9,4,2,4,0,1496,3,-1,2,6,14,7,1043
cdeluna,Connor,DeLuna,ATX,1,1,2,0,1,1,0,0,1,1,0,0,0,3,-7,64,0,0,0,0,23,7,0,0,1182,0,3,2,3,2,1,64
cdeluna,Connor,DeLuna,ATX,2,1,1,1,0,2,0,0,3,3,0,0,0,4,15,92,0,0,1,0,17,8,0,0,1254,0,4,2,7,4,3,156
cdeluna,Connor,DeLuna,ATX,3,1,2,1,0,1,0,0,3,3,0,0,0,5,32,96,0,0,0,0,17,7,0,0,793,0,4,3,11,7,4,252
cdeluna,Connor,DeLuna,ATX,4,1,1,0,0,1,0,0,1,1,0,0,0,2,-7,72,0,0,0,0,11,4,0,0,1059,0,2,1,13,8,5,324
cdeluna,Connor,DeLuna,ATX,7,2,1,1,0,3,0,0,1,1,0,0,0,2,15,9,0,0,0,0,32,8,0,0,1689,0,5,2,18,10,8,333
cdeluna,Connor,DeLuna,ATX,8,1,2,1,0,1,0,0,2,2,0,0,0,3,21,76,0,0,0,0,16,4,0,0,1260,0,4,3,22,13,9,409
cdeluna,Connor,DeLuna,ATX,10,2,0,0,0,0,0,0,0,0,0,0,0,0,0,0,0,0,0,0,0,0,0,0,0,0,0,0,22,13,9,409
cdeluna,Connor,DeLuna,ATX,11,1,0,0,0,0,0,0,0,0,0,0,0,0,0,0,0,0,0,0,0,0,0,0,0,0,0,0,22,13,9,409
cdeluna,Connor,DeLuna,ATX,12,1,2,1,2,0,0,0,3,3,0,0,0,5,5,116,0,0,1,1,15,7,0,0,1187,0,3,3,25,16,9,525
cdeluna,Connor,DeLuna,ATX,13,1,1,0,0,0,0,0,0,1,1,0,0,2,0,40,0,0,0,0,14,3,0,0,879,1,0,1,25,17,9,565
jdean,Jace,Dean,DC,1,1,0,0,0,0,0,0,5,9,3,0,0,9,51,52,0,0,0,0,10,2,0,0,508,3,-3,0,-3,0,0,52
jdean,Jace,Dean,DC,2,1,1,0,0,0,0,0,2,2,0,0,0,3,24,20,0,0,0,0,16,2,0,0,1197,0,1,1,-2,1,0,72
jdean,Jace,Dean,DC,3,1,0,0,0,0,0,0,0,0,0,0,0,0,0,0,0,0,0,0,0,0,0,0,0,0,0,0,-2,1,0,72
jdean,Jace,Dean,DC,4,1,0,0,0,1,0,0,6,7,0,0,0,6,-21,36,0,0,1,0,9,3,0,0,1417,0,1,0,-1,1,1,108
jdean,Jace,Dean,DC,6,2,0,0,0,1,0,0,5,5,0,0,0,5,11,25,0,0,1,0,26,6,0,0,1664,0,1,0,0,1,2,133
jdean,Jace,Dean,DC,7,1,0,0,1,0,0,0,6,7,1,0,0,7,41,64,0,0,0,0,17,7,0,0,1217,1,-1,0,-1,1,2,197
jdean,Jace,Dean,DC,8,1,0,0,0,1,0,0,3,3,0,0,0,2,-4,10,0,0,0,0,18,2,0,0,1134,0,1,0,0,1,3,207
jdean,Jace,Dean,DC,10,1,1,0,1,0,0,0,9,9,0,0,0,10,73,60,0,0,0,0,18,8,0,0,1124,0,1,1,1,2,3,267
jdean,Jace,Dean,DC,11,1,0,1,1,0,0,0,11,12,0,0,0,12,7,52,0,0,0,0,16,3,0,0,1189,0,1,1,2,3,3,319
jdean,Jace,Dean,DC,12,1,0,1,0,0,0,0,8,9,1,0,0,9,7,78,0,0,0,0,17,4,0,0,1266,1,0,1,2,4,3,397
jdean,Jace,Dean,DC,13,1,0,0,1,0,0,0,1,2,1,0,0,2,5,26,0,0,1,1,14,1,0,0,733,1,-1,0,1,4,3,423
tdecraene,Tobe,Decraene,BOS,1,1,4,4,2,0,0,0,15,15,0,0,0,19,77,376,0,0,17,14,2,0,1,1,915,0,8,8,8,8,0,376
tdecraene,Tobe,Decraene,BOS,3,1,2,3,2,0,0,0,14,16,1,0,0,18,129,309,1,1,14,12,2,0,0,0,1199,1,4,5,12,13,0,685
tdecraene,Tobe,Decraene,BOS,4,2,4,6,4,0,0,0,61,67,5,0,1,73,213,668,1,3,37,23,1,0,0,0,3347,6,4,10,16,23,0,1353
tdecraene,Tobe,Decraene,BOS,7,1,5,4,2,0,0,0,25,28,1,0,0,33,140,424,1,2,14,13,1,0,0,0,1109,1,8,9,24,32,0,1777
tdecraene,Tobe,Decraene,BOS,8,2,10,8,7,1,0,0,86,89,3,0,1,98,361,829,1,1,47,36,8,3,0,0,3549,4,15,18,39,50,1,2606
tdecraene,Tobe,Decraene,BOS,9,1,0,0,0,0,0,0,0,0,0,0,0,0,0,0,0,0,0,0,0,0,0,0,0,0,0,0,39,50,1,2606
tdecraene,Tobe,Decraene,BOS,11,1,5,1,0,0,0,0,21,22,1,0,0,27,67,333,0,0,19,10,2,0,0,0,1408,1,5,6,44,56,1,2939
tdecraene,Tobe,Decraene,BOS,12,2,3,2,2,2,0,0,50,53,3,0,0,56,368,368,0,0,35,24,1,0,0,0,3032,3,4,5,48,61,3,3307
tdecraene,Tobe,Decraene,BOS,13,1,4,2,4,1,0,0,23,24,1,0,1,27,38,536,0,0,19,13,2,0,0,0,1385,2,5,6,53,67,4,3843
mdewey,Marco,Dewey,DET,3,1,0,0,0,0,0,0,0,0,0,0,0,0,0,0,0,0,0,0,0,0,0,0,0,0,0,0,0,0,0,0
mdewey,Marco,Dewey,DET,5,1,0,0,0,0,0,0,0,0,0,0,0,0,0,0,0,0,0,0,0,0,0,0,0,0,0,0,0,0,0,0
mdewey,Marco,Dewey,DET,7,1,0,0,0,0,0,0,0,0,0,0,0,0,0,0,0,0,0,0,0,0,0,0,0,0,0,0,0,0,0,0
mdewey,Marco,Dewey,DET,8,1,0,0,0,0,0,0,0,0,0,0,0,0,0,0,0,0,0,0,0,0,0,0,0,0,0,0,0,0,0,0
mdewey,Marco,Dewey,DET,9,2,0,0,0,0,0,0,0,0,0,0,0,0,0,0,0,0,0,0,0,0,0,0,0,0,0,0,0,0,0,0
mdewey,Marco,Dewey,DET,10,2,0,0,0,0,0,0,0,0,0,0,0,0,0,0,0,0,0,0,0,0,0,0,0,0,0,0,0,0,0,0
mdewey,Marco,Dewey,DET,11,1,0,0,0,0,0,0,0,0,0,0,0,0,0,0,0,0,0,0,0,0,0,0,0,0,0,0,0,0,0,0
mdewey,Marco,Dewey,DET,12,1,0,0,0,0,0,0,0,0,0,0,0,0,0,0,0,0,0,0,0,0,0,0,0,0,0,0,0,0,0,0
mdewey,Marco,Dewey,DET,13,2,0,0,0,0,0,0,0,0,0,0,0,0,0,0,0,0,0,0,0,0,0,0,0,0,0,0,0,0,0,0
ndigiorgi,Nicholas,DiGiorgio,ATX,1,1,3,1,0,1,0,0,10,10,0,0,0,10,38,135,1,1,0,0,17,7,0,0,940,0,5,4,5,4,1,135
ndigiorgi,Nicholas,DiGiorgio,ATX,2,1,0,1,0,0,0,0,4,4,0,0,0,3,32,30,0,0,0,0,9,3,0,0,524,0,1,1,6,5,1,165
ndigiorgi,Nicholas,DiGiorgio,ATX,3,1,0,0,0,0,0,0,0,0,0,0,0,0,0,0,0,0,0,0,0,0,0,0,0,0,0,0,6,5,1,165
ndigiorgi,Nicholas,DiGiorgio,ATX,4,1,0,0,0,0,0,0,8,9,1,0,0,6,41,35,0,0,0,0,9,4,0,0,827,1,-1,0,5,5,1,200
ndigiorgi,Nicholas,DiGiorgio,ATX,7,2,2,4,1,1,0,0,11,11,0,0,1,13,3,201,0,0,3,2,18,9,0,0,1705,1,6,6,11,11,2,401
ndigiorgi,Nicholas,DiGiorgio,ATX,8,1,0,0,0,0,0,0,0,0,0,0,0,0,0,0,0,0,0,0,0,0,0,0,0,0,0,0,11,11,2,401
ndigiorgi,Nicholas,DiGiorgio,ATX,10,2,3,0,3,0,0,0,16,19,3,0,0,20,118,229,0,0,36,23,0,0,0,0,2400,3,0,3,11,14,2,630
ndigiorgi,Nicholas,DiGiorgio,ATX,11,1,0,0,0,0,0,0,0,0,0,0,0,0,0,0,0,0,0,0,0,0,0,0,0,0,0,0,11,14,2,630
ndigiorgi,Nicholas,DiGiorgio,ATX,12,1,1,0,0,0,0,0,5,5,0,0,0,6,15,42,0,0,17,12,0,0,0,0,1225,0,1,1,12,15,2,672
ndigiorgi,Nicholas,DiGiorgio,ATX,13,1,0,0,0,0,0,0,0,0,0,0,0,0,0,0,0,0,0,0,0,0,0,0,0,0,0,0,12,15,2,672
mdia,Moussa,Dia,DC,1,1,0,0,0,0,0,0,2,2,0,0,1,1,17,2,0,0,0,0,18,4,0,0,1183,1,-1,0,-1,0,0,2
mdia,Moussa,Dia,DC,2,1,0,0,0,0,0,0,0,0,0,0,0,0,0,0,0,0,0,0,0,0,0,0,0,0,0,0,-1,0,0,2
mdia,Moussa,Dia,DC,3,1,2,0,0,0,0,0,8,8,0,0,0,10,6,72,0,0,12,9,1,0,0,0,902,0,2,2,1,2,0,74
mdia,Moussa,Dia,DC,4,1,0,1,0,4,0,0,6,6,0,0,0,5,46,40,0,0,1,0,11,4,0,0,966,0,5,1,6,3,4,114
mdia,Moussa,Dia,DC,6,2,0,0,0,0,0,0,0,0,0,0,0,0,0,0,0,0,1,0,10,2,0,0,729,0,0,0,6,3,4,114
mdia,Moussa,Dia,DC,7,1,0,0,0,0,0,0,0,0,0,0,0,0,0,0,0,0,0,0,0,0,0,0,0,0,0,0,6,3,4,114
mdia,Moussa,Dia,DC,8,1,0,0,0,0,0,0,0,0,0,0,0,0,0,0,0,0,0,0,0,0,0,0,0,0,0,0,6,3,4,114
mdia,Moussa,Dia,DC,10,1,2,0,3,1,0,0,8,8,0,0,0,10,72,137,0,0,0,0,12,6,0,0,836,0,3,2,9,5,5,251
mdia,Moussa,Dia,DC,11,1,1,0,0,0,0,0,5,5,0,0,0,6,34,37,0,0,1,1,14,2,0,0,1149,0,1,1,10,6,5,288
mdia,Moussa,Dia,DC,12,1,0,1,1,0,0,0,7,8,1,0,0,8,36,19,0,0,0,0,15,4,0,0,1229,1,0,1,10,7,5,307
mdia,Moussa,Dia,DC,13,1,0,0,0,0,0,0,0,0,0,0,0,0,0,0,0,0,0,0,0,0,0,0,0,0,0,0,10,7,5,307
bdial,Brandon,Dial,ATX,1,1,2,0,2,0,0,0,12,12,0,0,0,13,67,119,0,0,2,1,18,9,1,0,1217,0,2,2,2,2,0,119
bdial,Brandon,Dial,ATX,2,1,0,0,0,0,0,0,12,12,0,0,0,12,36,-3,0,0,1,0,15,7,1,0,1276,0,0,0,2,2,0,116
bdial,Brandon,Dial,ATX,3,1,0,0,0,0,0,0,0,0,0,0,0,0,0,0,0,0,0,0,0,0,0,0,0,0,0,0,2,2,0,116
bdial,Brandon,Dial,ATX,4,1,0,3,0,2,0,0,12,13,1,0,0,9,39,11,0,0,2,1,12,5,0,0,1351,1,4,3,6,5,2,127
bdial,Brandon,Dial,ATX,7,2,1,0,2,0,0,0,18,18,0,0,0,19,63,100,0,0,8,7,27,8,0,0,2081,0,1,1,7,6,2,227
bdial,Brandon,Dial,ATX,8,1,1,1,0,1,0,0,10,10,0,0,0,9,16,26,0,0,1,0,13,4,1,0,1101,0,3,2,10,8,3,253
bdial,Brandon,Dial,ATX,10,2,0,0,0,0,0,0,0,0,0,0,0,0,0,0,0,0,1,0,7,0,0,0,472,0,0,0,10,8,3,253
bdial,Brandon,Dial,ATX,11,1,0,0,1,0,0,0,6,6,0,0,0,5,40,49,0,0,2,1,17,5,0,0,1198,0,0,0,10,8,3,302
bdial,Brandon,Dial,ATX,12,1,0,1,0,1,0,0,11,12,1,0,0,9,58,74,0,0,2,2,13,7,0,0,1082,1,1,1,11,9,4,376
bdial,Brandon,Dial,ATX,13,1,1,0,0,0,0,0,4,5,1,0,0,6,-2,59,0,0,4,3,11,2,0,0,1084,1,0,1,11,10,4,435
ndick,Nathanial,Dick,BOS,1,1,1,1,2,0,0,0,27,28,1,0,0,22,232,112,1,1,17,15,0,0,0,0,926,1,1,2,1,2,0,112
ndick,Nathanial,Dick,BOS,3,1,0,2,1,0,0,0,26,28,2,0,0,21,124,-18,0,1,15,13,0,0,0,0,1235,2,0,2,1,4,0,94
ndick,Nathanial,Dick,BOS,4,2,2,1,6,0,0,0,84,86,2,0,1,75,500,34,0,0,35,21,0,0,0,0,3152,3,0,3,1,7,0,128
ndick,Nathanial,Dick,BOS,7,1,1,3,1,0,0,0,28,28,0,0,1,22,234,35,0,0,13,12,0,0,0,0,1042,1,3,4,4,11,0,163
ndick,Nathanial,Dick,BOS,8,2,2,0,3,1,0,0,66,67,1,0,0,53,363,165,1,1,39,31,0,0,0,0,2727,1,2,2,6,13,1,328
ndick,Nathanial,Dick,BOS,9,1,0,0,0,0,0,0,0,0,0,0,0,0,0,0,0,0,0,0,0,0,0,0,0,0,0,0,6,13,1,328
ndick,Nathanial,Dick,BOS,11,1,1,0,1,0,0,0,20,21,1,0,0,18,97,65,0,0,16,10,0,0,0,0,1108,1,0,1,6,14,1,393
ndick,Nathanial,Dick,BOS,12,2,1,1,3,0,0,0,58,59,1,0,0,47,348,150,0,0,33,21,0,0,0,0,3065,1,1,2,7,16,1,543
ndick,Nathanial,Dick,BOS,13,1,2,2,0,0,0,0,36,36,0,0,0,27,302,89,0,0,19,12,0,0,0,0,1300,0,4,4,11,20,1,632
idietrich,Ian,Dietrich,PHI,1,1,0,0,0,0,0,0,0,0,0,0,0,0,0,0,0,0,0,0,0,0,0,0,0,0,0,0,0,0,0,0
idietrich,Ian,Dietrich,PHI,2,1,0,0,0,0,0,0,0,0,0,0,0,0,0,0,0,0,0,0,0,0,0,0,0,0,0,0,0,0,0,0
idietrich,Ian,Dietrich,PHI,3,1,0,0,1,0,0,0,7,7,0,0,0,7,88,48,0,0,0,0,6,3,0,0,452,0,0,0,0,0,0,48
idietrich,Ian,Dietrich,PHI,5,1,0,0,0,0,0,0,2,2,0,0,0,2,7,11,0,0,0,0,7,1,0,0,358,0,0,0,0,0,0,59
idietrich,Ian,Dietrich,PHI,6,1,0,0,0,0,0,0,0,0,0,0,0,0,0,0,0,0,0,0,0,0,0,0,0,0,0,0,0,0,0,59
idietrich,Ian,Dietrich,PHI,7,2,0,0,0,0,0,0,3,5,1,0,0,5,31,17,0,0,4,1,7,1,0,0,997,1,-1,0,-1,0,0,76
idietrich,Ian,Dietrich,PHI,8,1,0,0,0,0,0,0,0,0,0,0,0,0,0,0,0,0,0,0,0,0,0,0,0,0,0,0,-1,0,0,76
idietrich,Ian,Dietrich,PHI,10,1,0,0,0,0,0,0,0,0,0,0,0,0,0,0,0,0,0,0,0,0,0,0,0,0,0,0,-1,0,0,76
idietrich,Ian,Dietrich,PHI,12,2,0,0,0,0,0,0,0,0,0,0,0,0,0,0,0,0,0,0,0,0,0,0,0,0,0,0,-1,0,0,76
idietrich,Ian,Dietrich,PHI,13,1,0,0,0,0,0,0,0,0,0,0,0,0,0,0,0,0,0,0,0,0,0,0,0,0,0,0,-1,0,0,76
mdillard,Michael,Dillard,PIT,2,1,1,0,1,1,0,0,11,11,0,0,0,10,79,-8,0,0,0,0,18,7,0,0,1006,0,2,1,2,1,1,-8
mdillard,Michael,Dillard,PIT,3,1,0,2,1,1,0,0,14,15,1,0,0,12,114,9,1,1,0,0,17,7,0,0,1383,1,2,2,4,3,2,1
mdillard,Michael,Dillard,PIT,4,1,0,2,0,1,0,0,13,14,1,0,0,10,29,-13,0,0,2,0,12,3,0,0,1201,1,2,2,6,5,3,-12
mdillard,Michael,Dillard,PIT,5,1,0,0,0,0,0,0,17,19,2,0,1,15,183,35,1,2,14,4,8,0,1,0,1327,3,-3,0,3,5,3,23
mdillard,Michael,Dillard,PIT,6,1,0,0,0,0,0,0,10,12,2,0,0,5,110,11,1,3,4,2,11,1,1,0,1038,2,-2,0,1,5,3,34
mdillard,Michael,Dillard,PIT,7,1,0,0,0,0,0,0,0,0,0,0,0,0,0,0,0,0,0,0,0,0,0,0,0,0,0,0,1,5,3,34
mdillard,Michael,Dillard,PIT,8,1,0,0,0,0,0,0,0,0,0,0,0,0,0,0,0,0,0,0,0,0,0,0,0,0,0,0,1,5,3,34
mdillard,Michael,Dillard,PIT,9,2,0,0,0,0,0,0,0,0,0,0,0,0,0,0,0,0,0,0,0,0,0,0,0,0,0,0,1,5,3,34
mdillard,Michael,Dillard,PIT,10,1,0,0,0,0,0,0,0,0,0,0,0,0,0,0,0,0,0,0,0,0,0,0,0,0,0,0,1,5,3,34
mdillard,Michael,Dillard,PIT,11,1,0,0,0,0,0,0,0,0,0,0,0,0,0,0,0,0,0,0,0,0,0,0,0,0,0,0,1,5,3,34
mdillard,Michael,Dillard,PIT,13,1,0,0,0,0,0,0,0,0,0,0,0,0,0,0,0,0,0,0,0,0,0,0,0,0,0,0,1,5,3,34
wdillende,Will,Dillender-Kinast,ORE,1,1,0,0,0,0,0,0,0,0,0,0,0,0,0,0,0,0,0,0,0,0,0,0,0,0,0,0,0,0,0,0
wdillende,Will,Dillender-Kinast,ORE,2,1,0,0,0,0,0,0,0,0,0,0,0,0,0,0,0,0,0,0,0,0,0,0,0,0,0,0,0,0,0,0
wdillende,Will,Dillender-Kinast,ORE,4,1,0,0,0,0,0,0,0,0,0,0,0,0,0,0,0,0,0,0,0,0,0,0,0,0,0,0,0,0,0,0
wdillende,Will,Dillender-Kinast,ORE,5,2,0,0,0,0,0,0,0,0,0,0,0,0,0,0,0,0,0,0,0,0,0,0,0,0,0,0,0,0,0,0
wdillende,Will,Dillender-Kinast,ORE,6,1,0,0,0,0,0,0,0,0,0,0,0,0,0,0,0,0,0,0,0,0,0,0,0,0,0,0,0,0,0,0
wdillende,Will,Dillender-Kinast,ORE,7,1,0,0,1,0,0,0,2,2,0,0,0,2,14,15,0,0,0,0,15,4,0,0,972,0,0,0,0,0,0,15
wdillende,Will,Dillender-Kinast,ORE,8,2,0,0,0,0,0,0,0,0,0,0,0,0,0,0,0,0,0,0,0,0,0,0,0,0,0,0,0,0,0,15
wdillende,Will,Dillender-Kinast,ORE,9,1,0,0,0,1,0,0,1,1,0,0,0,0,-12,0,0,0,0,0,14,6,0,0,802,0,1,0,1,0,1,15
wdillende,Will,Dillender-Kinast,ORE,10,1,2,0,1,1,0,0,4,4,0,0,2,5,32,62,0,0,7,2,11,4,0,0,1237,2,1,2,2,2,2,77
wdillende,Will,Dillender-Kinast,ORE,13,1,0,0,0,4,0,0,4,6,2,0,0,5,49,40,0,0,2,1,12,1,0,0,1031,2,2,0,4,2,6,117
rdinger,Ryan,Dinger,BOS,1,1,1,3,2,0,0,0,20,22,2,0,1,16,210,58,1,2,18,15,0,0,0,0,879,3,1,4,1,4,0,58
rdinger,Ryan,Dinger,BOS,3,1,0,1,2,2,0,0,37,40,3,0,1,24,296,-22,1,2,15,13,0,0,0,0,1235,4,-1,1,0,5,2,36
rdinger,Ryan,Dinger,BOS,4,2,0,0,0,0,0,0,0,0,0,0,0,0,0,0,0,0,0,0,0,0,0,0,0,0,0,0,0,5,2,36
rdinger,Ryan,Dinger,BOS,7,1,0,2,3,0,0,0,33,33,0,0,0,29,263,84,2,2,14,13,0,0,0,0,1102,0,2,2,2,7,2,120
rdinger,Ryan,Dinger,BOS,8,2,2,3,5,0,0,0,82,85,2,0,0,77,663,54,2,4,40,30,1,1,0,0,2705,2,3,5,5,12,2,174
rdinger,Ryan,Dinger,BOS,9,1,1,2,2,0,0,0,41,42,1,0,0,36,377,55,0,0,17,13,0,0,0,0,1163,1,2,3,7,15,2,229
rdinger,Ryan,Dinger,BOS,11,1,0,1,2,0,0,0,34,37,2,0,0,29,290,4,1,2,19,11,0,0,0,0,1413,2,-1,1,6,16,2,233
rdinger,Ryan,Dinger,BOS,12,2,2,2,5,0,0,0,44,45,1,0,1,37,401,168,1,1,30,21,0,0,0,0,2265,2,2,4,8,20,2,401
rdinger,Ryan,Dinger,BOS,13,1,0,0,0,0,0,0,0,0,0,0,0,0,0,0,0,0,0,0,0,0,0,0,0,0,0,0,8,20,2,401
bdistel,Braden,Distel,LV,1,1,2,0,0,0,0,0,0,1,0,0,0,3,0,5,0,0,7,3,9,0,0,0,831,0,2,2,2,2,0,5
bdistel,Braden,Distel,LV,2,1,0,1,1,2,0,0,7,8,1,0,0,8,120,66,1,1,8,3,5,1,0,0,1176,1,2,1,4,3,2,71
bdistel,Braden,Distel,LV,3,1,0,0,0,0,0,0,0,0,0,0,0,0,0,0,0,0,0,0,0,0,0,0,0,0,0,0,4,3,2,71
bdistel,Braden,Distel,LV,5,1,1,0,0,3,0,0,4,5,1,0,0,5,1,41,0,0,2,2,9,3,0,0,914,1,3,1,7,4,5,112
bdistel,Braden,Distel,LV,7,2,0,0,0,4,0,0,17,18,1,0,0,16,86,127,0,0,11,4,23,5,0,0,2797,1,3,0,10,4,9,239
bdistel,Braden,Distel,LV,8,1,1,0,1,0,0,0,2,2,0,0,0,4,62,16,1,1,7,4,10,3,0,0,1090,0,1,1,11,5,9,255
bdistel,Braden,Distel,LV,9,2,1,1,1,0,0,0,7,8,1,0,0,9,13,217,0,0,20,6,15,0,0,0,2251,1,1,2,12,7,9,472
bdistel,Braden,Distel,LV,11,1,1,3,0,1,0,0,9,11,2,0,0,11,44,190,1,2,19,8,3,1,0,0,1460,2,3,4,15,11,10,662
bdistel,Braden,Distel,LV,12,1,0,1,1,1,0,0,14,16,2,0,0,16,54,233,0,1,14,5,7,1,0,0,1253,2,0,1,15,12,11,895
bdistel,Braden,Distel,LV,13,1,1,0,2,0,0,0,8,9,1,0,0,9,43,93,0,0,5,2,9,3,0,0,1076,1,0,1,15,13,11,988
sdistrup,Simon,Distrup,CHI,4,1,0,0,0,0,0,0,0,0,0,0,0,0,0,0,0,0,0,0,0,0,0,0,0,0,0,0,0,0,0,0
sdistrup,Simon,Distrup,CHI,6,1,0,0,0,0,0,0,0,0,0,0,0,0,0,0,0,0,0,0,0,0,0,0,0,0,0,0,0,0,0,0
sdistrup,Simon,Distrup,CHI,7,1,0,0,0,0,0,0,0,0,0,0,0,0,0,0,0,0,0,0,0,0,0,0,0,0,0,0,0,0,0,0
sdistrup,Simon,Distrup,CHI,8,1,0,0,0,0,0,0,0,0,0,0,0,0,0,0,0,0,0,0,0,0,0,0,0,0,0,0,0,0,0,0
sdistrup,Simon,Distrup,CHI,9,2,0,0,0,0,0,0,0,0,0,0,0,0,0,0,0,0,0,0,0,0,0,0,0,0,0,0,0,0,0,0
sdistrup,Simon,Distrup,CHI,10,2,0,0,0,0,0,0,0,0,0,0,0,0,0,0,0,0,0,0,0,0,0,0,0,0,0,0,0,0,0,0
sdistrup,Simon,Distrup,CHI,11,2,0,0,0,0,0,0,0,0,0,0,0,0,0,0,0,0,0,0,0,0,0,0,0,0,0,0,0,0,0,0
sdistrup,Simon,Distrup,CHI,13,2,0,0,0,0,0,0,0,0,0,0,0,0,0,0,0,0,0,0,0,0,0,0,0,0,0,0,0,0,0,0
cdixon,Caleb,Dixon,HTX,1,1,0,0,0,0,0,0,0,0,0,0,0,0,0,0,0,0,0,0,0,0,0,0,0,0,0,0,0,0,0,0
cdixon,Caleb,Dixon,HTX,2,1,0,0,0,0,0,0,0,0,0,0,0,0,0,0,0,0,0,0,0,0,0,0,0,0,0,0,0,0,0,0
cdixon,Caleb,Dixon,HTX,3,1,0,0,0,0,0,0,0,0,0,0,0,0,0,0,0,0,0,0,0,0,0,0,0,0,0,0,0,0,0,0
cdixon,Caleb,Dixon,HTX,4,1,0,0,0,0,0,0,0,0,0,0,0,0,0,0,0,0,0,0,0,0,0,0,0,0,0,0,0,0,0,0
cdixon,Caleb,Dixon,HTX,6,2,2,2,0,0,0,0,47,52,4,0,0,37,494,40,2,3,27,15,0,0,0,0,2081,4,0,4,0,4,0,40
cdixon,Caleb,Dixon,HTX,8,1,2,0,1,0,0,0,25,26,1,0,0,21,176,59,0,0,13,11,0,0,0,0,701,1,1,2,1,6,0,99
cdixon,Caleb,Dixon,HTX,9,2,1,1,1,0,0,0,24,24,0,0,0,15,280,71,1,1,19,10,0,0,0,0,1184,0,2,2,3,8,0,170
cdixon,Caleb,Dixon,HTX,11,1,0,0,0,0,0,0,0,0,0,0,0,0,0,0,0,0,0,0,0,0,0,0,0,0,0,0,3,8,0,170
cdixon,Caleb,Dixon,HTX,12,1,0,0,0,0,0,0,0,0,0,0,0,0,0,0,0,0,0,0,0,0,0,0,0,0,0,0,3,8,0,170
cdixon,Caleb,Dixon,HTX,13,1,0,3,1,0,0,0,26,27,1,0,0,19,349,120,1,2,18,13,0,0,0,0,952,1,2,3,5,11,0,290
gdobrozsi,Gabe,Dobrozsi,DET,3,1,0,0,0,0,0,0,0,0,0,0,0,0,0,0,0,0,0,0,7,1,0,0,353,0,0,0,0,0,0,0
gdobrozsi,Gabe,Dobrozsi,DET,5,1,0,0,0,0,0,0,0,0,0,0,0,0,0,0,0,0,0,0,0,0,0,0,0,0,0,0,0,0,0,0
gdobrozsi,Gabe,Dobrozsi,DET,7,1,0,0,0,0,0,0,0,0,0,0,0,0,0,0,0,0,0,0,0,0,0,0,0,0,0,0,0,0,0,0
gdobrozsi,Gabe,Dobrozsi,DET,8,1,0,0,1,0,0,0,3,3,0,0,0,3,17,-8,0,0,0,0,17,3,0,0,927,0,0,0,0,0,0,-8
gdobrozsi,Gabe,Dobrozsi,DET,9,2,0,0,0,0,0,0,3,3,0,0,0,4,7,32,0,0,0,0,15,5,2,0,1020,0,0,0,0,0,0,24
gdobrozsi,Gabe,Dobrozsi,DET,10,2,0,1,1,2,0,0,10,12,2,0,0,9,67,30,1,1,9,3,24,2,5,1,1812,2,1,1,1,1,2,54
gdobrozsi,Gabe,Dobrozsi,DET,11,1,0,0,0,2,0,0,5,6,1,0,0,5,-2,22,0,0,5,2,14,2,2,0,1377,1,1,0,2,1,4,76
gdobrozsi,Gabe,Dobrozsi,DET,12,1,0,0,0,0,0,0,0,0,0,0,0,0,0,0,0,0,0,0,0,0,0,0,0,0,0,0,2,1,4,76
gdobrozsi,Gabe,Dobrozsi,DET,13,2,0,0,0,1,0,0,12,15,3,0,0,16,28,140,0,1,12,0,8,2,0,0,1176,3,-2,0,0,1,5,216
mdomingue,Mateo,Dominguez,LA,2,2,1,0,3,0,0,0,55,57,1,0,0,52,449,99,2,2,24,15,0,0,0,0,1526,1,0,1,0,1,0,99
mdomingue,Mateo,Dominguez,LA,3,1,0,0,0,0,0,0,0,0,0,0,0,0,0,0,0,0,0,0,0,0,0,0,0,0,0,0,0,1,0,99
mdomingue,Mateo,Dominguez,LA,4,1,1,1,2,0,0,0,58,60,1,0,0,54,299,85,0,0,20,13,0,0,0,0,1576,1,1,2,1,3,0,184
mdomingue,Mateo,Dominguez,LA,6,1,0,1,4,0,0,0,60,62,1,0,0,58,371,155,0,0,23,17,0,0,0,0,1630,1,0,1,1,4,0,339
mdomingue,Mateo,Dominguez,LA,7,1,0,0,2,0,0,0,24,26,2,0,0,24,116,20,0,0,15,9,0,0,0,0,1350,2,-2,0,-1,4,0,359
mdomingue,Mateo,Dominguez,LA,9,2,2,0,5,1,0,0,80,83,2,1,0,68,516,2,0,0,38,24,1,1,0,0,2458,3,0,2,-1,6,1,361
mdomingue,Mateo,Dominguez,LA,11,1,0,0,2,0,0,0,31,31,0,0,0,23,142,-39,0,0,19,12,0,0,0,0,1136,0,0,0,-1,6,1,322
mdomingue,Mateo,Dominguez,LA,12,2,3,0,2,0,0,0,56,62,1,0,0,45,424,105,0,0,35,18,0,0,0,0,2462,1,2,3,1,9,1,427
mdomingue,Mateo,Dominguez,LA,13,1,1,3,1,0,0,0,38,39,1,0,0,36,188,93,1,1,17,12,1,0,0,0,1176,1,3,4,4,13,1,520
jdowling,Jack,Dowling,ATX,1,1,0,0,0,0,0,0,0,0,0,0,0,0,0,0,0,0,0,0,0,0,0,0,0,0,0,0,0,0,0,0
jdowling,Jack,Dowling,ATX,2,1,0,0,0,0,0,0,0,0,0,0,0,0,0,0,0,0,0,0,0,0,0,0,0,0,0,0,0,0,0,0
jdowling,Jack,Dowling,ATX,3,1,0,0,0,0,0,0,0,0,0,0,0,0,0,0,0,0,0,0,0,0,0,0,0,0,0,0,0,0,0,0
jdowling,Jack,Dowling,ATX,4,1,0,0,0,0,0,0,0,0,0,0,0,0,0,0,0,0,0,0,0,0,0,0,0,0,0,0,0,0,0,0
jdowling,Jack,Dowling,ATX,7,2,0,0,0,0,0,0,0,0,0,0,0,0,0,0,0,0,0,0,0,0,0,0,0,0,0,0,0,0,0,0
jdowling,Jack,Dowling,ATX,8,1,0,1,0,0,0,0,6,6,0,0,0,6,40,26,0,0,0,0,10,1,0,0,911,0,1,1,1,1,0,26
jdowling,Jack,Dowling,ATX,10,2,0,0,0,0,0,0,0,0,0,0,0,0,0,0,0,0,0,0,9,2,1,0,410,0,0,0,1,1,0,26
jdowling,Jack,Dowling,ATX,11,1,0,0,0,0,0,0,0,0,0,0,0,0,0,0,0,0,0,0,0,0,0,0,0,0,0,0,1,1,0,26
jdowling,Jack,Dowling,ATX,12,1,0,0,0,0,0,0,0,0,0,0,0,0,0,0,0,0,0,0,0,0,0,0,0,0,0,0,1,1,0,26
jdowling,Jack,Dowling,ATX,13,1,0,0,0,0,0,0,0,0,0,0,0,0,0,0,0,0,0,0,0,0,0,0,0,0,0,0,1,1,0,26
adowney,Aidan,Downey,DC,1,1,0,0,0,0,0,0,0,0,0,0,0,0,0,0,0,0,0,0,0,0,0,0,0,0,0,0,0,0,0,0
adowney,Aidan,Downey,DC,2,1,0,0,0,0,0,0,0,0,0,0,0,0,0,0,0,0,0,0,0,0,0,0,0,0,0,0,0,0,0,0
adowney,Aidan,Downey,DC,3,1,0,0,0,0,0,0,0,0,0,0,0,0,0,0,0,0,0,0,0,0,0,0,0,0,0,0,0,0,0,0
adowney,Aidan,Downey,DC,4,1,0,0,0,0,0,0,0,0,0,0,0,0,0,0,0,0,0,0,0,0,0,0,0,0,0,0,0,0,0,0
adowney,Aidan,Downey,DC,6,2,0,0,0,0,0,0,0,0,0,0,0,0,0,0,0,0,0,0,0,0,0,0,0,0,0,0,0,0,0,0
adowney,Aidan,Downey,DC,7,1,1,2,1,1,0,0,8,8,0,0,0,8,78,77,1,1,0,0,18,8,0,0,1413,0,4,3,4,3,1,77
adowney,Aidan,Downey,DC,8,1,2,4,1,0,0,0,29,30,1,0,0,32,78,276,0,0,15,11,5,0,0,0,1278,1,5,6,9,9,1,353
adowney,Aidan,Downey,DC,10,1,1,1,2,0,0,0,18,18,0,0,0,15,78,86,0,0,15,11,6,4,1,0,1355,0,2,2,11,11,1,439
adowney,Aidan,Downey,DC,11,1,1,2,3,1,0,0,18,19,1,0,0,18,84,205,0,0,15,10,8,4,0,0,1782,1,3,3,14,14,2,644
adowney,Aidan,Downey,DC,12,1,3,2,2,0,0,0,21,22,1,0,0,23,97,202,0,1,15,11,6,2,0,0,1509,1,4,5,18,19,2,846
adowney,Aidan,Downey,DC,13,1,4,1,3,0,0,0,33,33,0,0,0,37,89,247,0,0,20,12,0,0,0,0,1125,0,5,5,23,24,2,1093
bdowney,Bryan,Downey,HTX,1,1,0,0,0,0,0,0,4,4,0,0,0,4,9,52,0,0,6,3,2,0,0,0,348,0,0,0,0,0,0,52
bdowney,Bryan,Downey,HTX,2,1,0,0,1,0,0,0,3,3,0,0,0,3,24,11,0,0,0,0,3,1,0,0,202,0,0,0,0,0,0,63
bdowney,Bryan,Downey,HTX,3,1,0,0,3,0,0,0,6,7,1,0,0,7,108,51,1,1,8,3,2,1,0,0,609,1,-1,0,-1,0,0,114
bdowney,Bryan,Downey,HTX,4,1,1,1,1,0,0,0,4,4,0,0,0,4,92,45,1,1,3,2,9,5,0,0,655,0,2,2,1,2,0,159
bdowney,Bryan,Downey,HTX,6,2,0,0,0,0,0,0,22,22,0,0,0,16,191,24,2,2,4,3,15,4,0,0,1240,0,0,0,1,2,0,183
bdowney,Bryan,Downey,HTX,8,1,2,2,1,0,0,0,7,7,0,0,0,9,121,35,2,2,7,6,4,1,0,0,761,0,4,4,5,6,0,218
bdowney,Bryan,Downey,HTX,9,2,2,3,3,1,0,0,21,23,2,0,0,22,229,166,1,1,14,9,14,1,0,0,1724,2,4,5,9,11,1,384
bdowney,Bryan,Downey,HTX,11,1,0,0,0,0,0,0,0,0,0,0,0,0,0,0,0,0,0,0,0,0,0,0,0,0,0,0,9,11,1,384
bdowney,Bryan,Downey,HTX,12,1,0,0,0,0,0,0,0,0,0,0,0,0,0,0,0,0,0,0,0,0,0,0,0,0,0,0,9,11,1,384
bdowney,Bryan,Downey,HTX,13,1,0,0,0,0,0,0,0,0,0,0,0,0,0,0,0,0,0,0,0,0,0,0,0,0,0,0,9,11,1,384
ddremann,Dex,Dremann,CHI,4,1,1,2,0,1,0,0,12,15,2,0,0,12,47,37,0,2,3,1,11,5,3,0,1084,2,2,3,2,3,1,37
ddremann,Dex,Dremann,CHI,6,1,0,0,0,0,0,0,0,0,0,0,0,0,0,0,0,0,0,0,0,0,0,0,0,0,0,0,2,3,1,37
ddremann,Dex,Dremann,CHI,7,1,0,0,0,0,0,0,0,0,0,0,0,0,0,0,0,0,0,0,0,0,0,0,0,0,0,0,2,3,1,37
ddremann,Dex,Dremann,CHI,8,1,1,0,0,3,0,0,7,7,0,0,0,5,73,12,0,0,1,1,20,8,0,0,1389,0,4,1,6,4,4,49
ddremann,Dex,Dremann,CHI,9,2,4,0,0,1,0,0,17,21,4,0,3,17,93,87,0,2,0,0,32,19,8,1,2067,7,-2,4,4,8,5,136
ddremann,Dex,Dremann,CHI,10,2,1,1,0,1,0,0,9,10,1,0,0,8,77,41,1,1,2,1,18,6,5,2,1687,1,2,2,6,10,6,177
ddremann,Dex,Dremann,CHI,11,2,0,0,0,0,0,0,0,0,0,0,0,0,0,0,0,0,0,0,0,0,0,0,0,0,0,0,6,10,6,177
ddremann,Dex,Dremann,CHI,13,2,3,0,0,0,0,0,5,6,1,0,0,9,51,148,0,1,0,0,20,11,9,1,1220,1,2,3,8,13,6,325
adriehuys,Anil,Driehuys,PIT,2,1,4,2,1,0,0,0,33,34,1,0,0,33,285,145,2,3,24,19,0,0,0,0,1217,1,5,6,5,6,0,145
adriehuys,Anil,Driehuys,PIT,3,1,0,0,0,0,0,0,0,0,0,0,0,0,0,0,0,0,0,0,0,0,0,0,0,0,0,0,5,6,0,145
adriehuys,Anil,Driehuys,PIT,4,1,0,0,0,0,0,0,0,0,0,0,0,0,0,0,0,0,0,0,0,0,0,0,0,0,0,0,5,6,0,145
adriehuys,Anil,Driehuys,PIT,5,1,0,0,0,0,0,0,0,0,0,0,0,0,0,0,0,0,0,0,0,0,0,0,0,0,0,0,5,6,0,145
adriehuys,Anil,Driehuys,PIT,6,1,0,3,1,0,0,0,24,28,3,0,0,21,172,273,1,4,22,8,0,0,0,0,1498,3,0,3,5,9,0,418
adriehuys,Anil,Driehuys,PIT,7,1,1,2,1,0,0,0,42,47,4,0,0,33,225,213,2,4,23,13,0,0,0,0,1924,4,-1,3,4,12,0,631
adriehuys,Anil,Driehuys,PIT,8,1,2,4,1,0,0,0,40,42,2,0,0,34,355,252,2,4,24,11,0,0,0,0,1428,2,4,6,8,18,0,883
adriehuys,Anil,Driehuys,PIT,9,2,0,0,0,0,0,0,0,0,0,0,0,0,0,0,0,0,0,0,0,0,0,0,0,0,0,0,8,18,0,883
adriehuys,Anil,Driehuys,PIT,10,1,0,0,0,0,0,0,0,0,0,0,0,0,0,0,0,0,0,0,0,0,0,0,0,0,0,0,8,18,0,883
adriehuys,Anil,Driehuys,PIT,11,1,0,0,0,0,0,0,0,0,0,0,0,0,0,0,0,0,0,0,0,0,0,0,0,0,0,0,8,18,0,883
adriehuys,Anil,Driehuys,PIT,13,1,0,0,0,0,0,0,0,0,0,0,0,0,0,0,0,0,0,0,0,0,0,0,0,0,0,0,8,18,0,883
mdrost,Mike,Drost,NY,1,2,0,0,0,0,0,0,0,0,0,0,0,0,0,0,0,0,0,0,0,0,0,0,0,0,0,0,0,0,0,0
mdrost,Mike,Drost,NY,3,1,0,0,0,0,0,0,0,0,0,0,0,0,0,0,0,0,0,0,0,0,0,0,0,0,0,0,0,0,0,0
mdrost,Mike,Drost,NY,4,2,0,0,0,0,0,0,0,0,0,0,0,0,0,0,0,0,0,0,0,0,0,0,0,0,0,0,0,0,0,0
mdrost,Mike,Drost,NY,5,1,0,0,0,0,0,0,0,0,0,0,0,0,0,0,0,0,0,0,0,0,0,0,0,0,0,0,0,0,0,0
mdrost,Mike,Drost,NY,6,1,0,0,0,0,0,0,0,0,0,0,0,0,0,0,0,0,0,0,0,0,0,0,0,0,0,0,0,0,0,0
mdrost,Mike,Drost,NY,7,1,0,0,0,0,0,0,0,0,0,0,0,0,0,0,0,0,0,0,0,0,0,0,0,0,0,0,0,0,0,0
mdrost,Mike,Drost,NY,8,1,0,0,0,0,0,0,0,0,0,0,0,0,0,0,0,0,0,0,0,0,0,0,0,0,0,0,0,0,0,0
mdrost,Mike,Drost,NY,9,1,0,0,0,0,0,0,0,0,0,0,0,0,0,0,0,0,0,0,0,0,0,0,0,0,0,0,0,0,0,0
mdrost,Mike,Drost,NY,12,1,0,0,0,0,0,0,0,0,0,0,0,0,0,0,0,0,0,0,0,0,0,0,0,0,0,0,0,0,0,0
mdrost,Mike,Drost,NY,13,1,0,0,0,0,0,0,0,0,0,0,0,0,0,0,0,0,0,0,0,0,0,0,0,0,0,0,0,0,0,0
rdrost,Ryan,Drost,NY,1,2,0,0,0,0,0,0,0,0,0,0,0,0,0,0,0,0,0,0,0,0,0,0,0,0,0,0,0,0,0,0
rdrost,Ryan,Drost,NY,3,1,0,0,0,0,0,0,0,0,0,0,0,0,0,0,0,0,0,0,0,0,0,0,0,0,0,0,0,0,0,0
rdrost,Ryan,Drost,NY,4,2,0,0,0,0,0,0,0,0,0,0,0,0,0,0,0,0,0,0,0,0,0,0,0,0,0,0,0,0,0,0
rdrost,Ryan,Drost,NY,5,1,0,0,1,0,0,0,2,2,0,0,0,2,-22,12,0,0,0,0,11,5,0,0,661,0,0,0,0,0,0,12
rdrost,Ryan,Drost,NY,6,1,0,0,0,0,0,0,0,0,0,0,0,0,0,0,0,0,0,0,0,0,0,0,0,0,0,0,0,0,0,12
rdrost,Ryan,Drost,NY,7,1,0,0,0,0,0,0,0,0,0,0,0,0,0,0,0,0,0,0,0,0,0,0,0,0,0,0,0,0,0,12
rdrost,Ryan,Drost,NY,8,1,0,0,0,0,0,0,0,0,0,0,0,0,0,0,0,0,0,0,0,0,0,0,0,0,0,0,0,0,0,12
rdrost,Ryan,Drost,NY,9,1,0,0,0,0,0,0,0,0,0,0,0,0,0,0,0,0,0,0,0,0,0,0,0,0,0,0,0,0,0,12
rdrost,Ryan,Drost,NY,12,1,0,0,0,0,0,0,0,0,0,0,0,0,0,0,0,0,0,0,0,0,0,0,0,0,0,0,0,0,0,12
rdrost,Ryan,Drost,NY,13,1,0,0,0,0,0,0,0,0,0,0,0,0,0,0,0,0,0,0,0,0,0,0,0,0,0,0,0,0,0,12
adub,Antoine,Dubé,MTL,1,1,1,0,0,1,0,0,4,6,2,0,0,7,5,36,0,0,7,3,11,1,2,0,1006,2,0,1,0,1,1,36
adub,Antoine,Dubé,MTL,3,2,0,0,0,0,0,0,0,0,0,0,0,0,0,0,0,0,0,0,0,0,0,0,0,0,0,0,0,1,1,36
adub,Antoine,Dubé,MTL,4,1,0,0,1,1,0,0,1,3,2,0,0,3,23,36,0,1,3,1,20,6,0,0,1233,2,-1,0,-1,1,2,72
adub,Antoine,Dubé,MTL,6,1,0,1,2,1,0,0,4,4,0,0,0,4,6,43,0,0,2,1,17,4,0,0,1383,0,2,1,1,2,3,115
adub,Antoine,Dubé,MTL,7,2,4,2,2,2,0,0,15,16,1,0,0,19,118,306,1,1,10,4,27,10,0,0,2514,1,7,6,8,8,5,421
adub,Antoine,Dubé,MTL,8,1,0,0,0,0,0,0,0,0,0,0,0,0,0,0,0,0,0,0,0,0,0,0,0,0,0,0,8,8,5,421
adub,Antoine,Dubé,MTL,10,2,0,0,0,0,0,0,0,0,0,0,0,0,0,0,0,0,0,0,0,0,0,0,0,0,0,0,8,8,5,421
adub,Antoine,Dubé,MTL,11,1,1,0,0,1,0,0,2,2,0,0,0,3,-7,65,0,0,4,2,13,1,4,0,1081,0,2,1,10,9,6,486
adub,Antoine,Dubé,MTL,13,1,1,2,1,1,0,0,6,7,1,0,0,8,48,116,1,2,4,4,14,4,0,0,1139,1,3,3,13,12,7,602
jduennebe,Jace,Duennebeil,SLC,1,1,0,0,0,0,0,0,3,4,1,0,0,4,17,74,0,0,6,4,6,0,0,0,703,1,-1,0,-1,0,0,74
jduennebe,Jace,Duennebeil,SLC,2,1,3,1,0,0,0,0,8,9,1,0,1,12,86,219,0,0,14,12,5,4,0,0,1122,2,2,4,1,4,0,293
jduennebe,Jace,Duennebeil,SLC,5,1,5,1,0,0,0,0,4,4,0,0,0,9,66,178,1,1,22,14,0,0,0,0,1117,0,6,6,7,10,0,471
jduennebe,Jace,Duennebeil,SLC,6,2,4,2,0,2,0,0,10,10,0,0,2,13,57,321,1,1,18,14,12,5,0,0,1743,2,6,6,13,16,2,792
jduennebe,Jace,Duennebeil,SLC,7,1,3,1,1,0,0,0,15,16,1,0,0,19,64,254,0,1,25,19,0,0,0,0,1558,1,3,4,16,20,2,1046
jduennebe,Jace,Duennebeil,SLC,8,1,2,3,2,0,0,0,14,15,1,0,1,17,188,209,2,2,21,19,0,0,0,0,1114,2,3,5,19,25,2,1255
jduennebe,Jace,Duennebeil,SLC,10,1,5,1,0,2,0,0,4,4,0,0,0,9,36,203,0,0,5,3,12,6,0,0,1004,0,8,6,27,31,4,1458
jduennebe,Jace,Duennebeil,SLC,11,2,6,4,3,0,0,0,15,16,0,0,1,22,166,434,2,2,34,29,1,0,0,0,1604,1,9,10,36,41,4,1892
jduennebe,Jace,Duennebeil,SLC,12,1,3,1,0,1,0,0,6,7,1,0,1,9,0,183,0,0,19,14,0,0,0,0,1075,2,3,4,39,45,5,2075
jduennebe,Jace,Duennebeil,SLC,13,1,3,2,1,0,0,0,8,9,1,0,0,12,102,190,1,1,15,10,0,0,0,0,977,1,4,5,43,50,5,2265
ndunbar,Nicholas,Dunbar,LA,2,2,2,0,0,0,0,0,9,9,0,0,0,11,81,76,1,1,1,0,23,3,0,0,1522,0,2,2,2,2,0,76
ndunbar,Nicholas,Dunbar,LA,3,1,0,0,0,0,0,0,0,0,0,0,0,0,0,0,0,0,1,0,5,0,0,0,514,0,0,0,2,2,0,76
ndunbar,Nicholas,Dunbar,LA,4,1,0,0,0,0,0,0,0,0,0,0,0,0,0,0,0,0,0,0,0,0,0,0,0,0,0,0,2,2,0,76
ndunbar,Nicholas,Dunbar,LA,6,1,0,0,0,1,0,0,0,0,0,0,0,0,0,0,0,0,0,0,8,1,4,2,715,0,1,0,3,2,1,76
ndunbar,Nicholas,Dunbar,LA,7,1,1,1,1,1,0,0,5,6,1,0,0,6,13,73,0,0,3,0,11,4,1,0,947,1,2,2,5,4,2,149
ndunbar,Nicholas,Dunbar,LA,9,2,1,1,0,0,0,0,9,9,0,0,0,8,38,103,0,0,5,1,22,6,5,0,2207,0,2,2,7,6,2,252
ndunbar,Nicholas,Dunbar,LA,11,1,1,0,0,1,1,0,1,1,0,0,0,1,14,-8,0,0,0,0,14,1,3,0,750,0,2,1,9,7,3,244
ndunbar,Nicholas,Dunbar,LA,12,2,0,2,0,2,0,0,26,28,2,0,1,25,184,267,0,1,20,6,23,5,6,2,2779,3,1,2,10,9,5,511
ndunbar,Nicholas,Dunbar,LA,13,1,2,2,1,1,0,0,17,20,2,0,1,21,42,342,0,1,17,12,1,0,0,0,1116,3,2,4,12,13,6,853
rduncan,Reid,Duncan,PIT,2,1,0,0,0,0,0,0,4,4,0,0,0,4,16,30,0,0,0,0,15,1,0,0,721,0,0,0,0,0,0,30
rduncan,Reid,Duncan,PIT,3,1,1,1,0,2,0,0,4,4,0,0,0,4,21,66,0,0,0,0,18,7,0,0,1489,0,4,2,4,2,2,96
rduncan,Reid,Duncan,PIT,4,1,0,0,0,0,0,0,0,0,0,0,0,0,0,0,0,0,0,0,0,0,0,0,0,0,0,0,4,2,2,96
rduncan,Reid,Duncan,PIT,5,1,1,0,0,2,0,0,3,3,0,0,0,3,25,57,0,0,8,3,10,1,0,0,1108,0,3,1,7,3,4,153
rduncan,Reid,Duncan,PIT,6,1,2,0,0,1,0,0,3,3,0,0,0,5,10,156,0,0,6,2,12,1,0,0,1302,0,3,2,10,5,5,309
rduncan,Reid,Duncan,PIT,7,1,0,0,0,0,0,0,0,0,0,0,0,0,0,0,0,0,0,0,0,0,0,0,0,0,0,0,10,5,5,309
rduncan,Reid,Duncan,PIT,8,1,5,0,1,0,0,0,10,10,0,0,0,15,1,191,0,0,5,2,13,3,3,0,1211,0,5,5,15,10,5,500
rduncan,Reid,Duncan,PIT,9,2,4,0,0,2,0,0,16,17,1,0,1,18,18,266,0,0,11,6,30,6,10,1,2619,2,4,4,19,14,7,766
rduncan,Reid,Duncan,PIT,10,1,0,0,0,0,0,0,0,0,0,0,0,0,0,0,0,0,0,0,0,0,0,0,0,0,0,0,19,14,7,766
rduncan,Reid,Duncan,PIT,11,1,1,0,2,0,0,0,3,3,0,0,0,3,37,3,0,0,1,1,17,2,0,0,1048,0,1,1,20,15,7,769
rduncan,Reid,Duncan,PIT,13,1,2,0,1,0,0,0,5,6,1,0,1,7,46,93,0,0,1,1,13,4,1,0,1015,2,0,2,20,17,7,862
rdunkerle,Roan,Dunkerley,BOS,1,1,0,0,0,0,0,0,0,0,0,0,0,0,0,0,0,0,0,0,0,0,0,0,0,0,0,0,0,0,0,0
rdunkerle,Roan,Dunkerley,BOS,3,1,0,0,0,0,0,0,0,0,0,0,0,0,0,0,0,0,0,0,0,0,0,0,0,0,0,0,0,0,0,0
rdunkerle,Roan,Dunkerley,BOS,4,2,0,0,0,0,0,0,0,0,0,0,0,0,0,0,0,0,0,0,0,0,0,0,0,0,0,0,0,0,0,0
rdunkerle,Roan,Dunkerley,BOS,7,1,0,0,0,0,0,0,0,0,0,0,0,0,0,0,0,0,0,0,0,0,0,0,0,0,0,0,0,0,0,0
rdunkerle,Roan,Dunkerley,BOS,8,2,0,0,0,0,0,0,0,0,0,0,0,0,0,0,0,0,0,0,0,0,0,0,0,0,0,0,0,0,0,0
rdunkerle,Roan,Dunkerley,BOS,9,1,0,0,0,0,0,0,0,0,0,0,0,0,0,0,0,0,0,0,0,0,0,0,0,0,0,0,0,0,0,0
rdunkerle,Roan,Dunkerley,BOS,11,1,0,0,0,0,0,0,0,0,0,0,0,0,0,0,0,0,0,0,0,0,0,0,0,0,0,0,0,0,0,0
rdunkerle,Roan,Dunkerley,BOS,12,2,0,0,0,0,0,0,0,0,0,0,0,0,0,0,0,0,0,0,0,0,0,0,0,0,0,0,0,0,0,0
rdunkerle,Roan,Dunkerley,BOS,13,1,0,0,0,0,0,0,0,0,0,0,0,0,0,0,0,0,0,0,0,0,0,0,0,0,0,0,0,0,0,0
tdunn,Travis,Dunn,SD,2,2,3,9,1,2,0,0,27,30,2,0,1,29,383,324,3,4,33,25,0,0,0,0,2255,3,11,12,11,12,2,324
tdunn,Travis,Dunn,SD,3,1,3,3,1,1,0,0,34,38,4,0,0,40,138,286,2,5,23,16,2,0,0,0,1751,4,3,6,14,18,3,610
tdunn,Travis,Dunn,SD,4,1,2,3,3,0,0,0,22,23,1,0,1,24,171,353,2,3,19,15,0,0,0,0,1512,2,3,5,17,23,3,963
tdunn,Travis,Dunn,SD,5,2,4,8,5,1,0,0,54,57,3,0,0,62,292,519,0,1,55,40,1,0,0,0,3315,3,10,12,27,35,4,1482
tdunn,Travis,Dunn,SD,6,1,2,4,2,1,0,0,19,20,1,0,0,21,159,197,1,1,19,16,3,1,0,0,1006,1,6,6,33,41,5,1679
tdunn,Travis,Dunn,SD,7,1,0,4,2,1,0,0,21,23,2,0,0,22,185,328,2,4,26,15,0,0,0,0,1394,2,3,4,36,45,6,2007
tdunn,Travis,Dunn,SD,8,1,2,5,1,1,0,0,18,19,1,0,0,17,199,277,1,1,19,14,4,0,0,0,1334,1,7,7,43,52,7,2284
tdunn,Travis,Dunn,SD,10,1,1,4,2,0,0,0,30,33,3,0,0,34,64,323,0,2,24,13,1,0,0,0,1611,3,2,5,45,57,7,2607
tdunn,Travis,Dunn,SD,11,1,0,0,0,0,0,0,0,0,0,0,0,0,0,0,0,0,0,0,0,0,0,0,0,0,0,0,45,57,7,2607
tdunn,Travis,Dunn,SD,13,1,0,0,0,0,0,0,0,0,0,0,0,0,0,0,0,0,0,0,0,0,0,0,0,0,0,0,45,57,7,2607
jduquette,Jacob,Duquette,MTL,1,1,2,2,2,0,0,0,17,19,2,0,0,21,156,260,1,1,21,13,0,0,0,0,1286,2,2,4,2,4,0,260
jduquette,Jacob,Duquette,MTL,3,2,4,1,4,1,0,0,44,45,1,0,2,49,310,239,1,1,37,21,3,1,0,0,3042,3,3,5,5,9,1,499
jduquette,Jacob,Duquette,MTL,4,1,3,3,3,0,0,0,29,32,3,0,0,34,224,257,2,2,25,20,2,0,0,0,1449,3,3,6,8,15,1,756
jduquette,Jacob,Duquette,MTL,6,1,2,1,2,0,0,0,17,19,1,0,0,18,70,130,1,1,18,13,0,0,0,0,1207,1,2,3,10,18,1,886
jduquette,Jacob,Duquette,MTL,7,2,6,0,0,0,0,0,18,21,3,0,0,23,172,173,1,2,21,17,0,0,0,0,975,3,3,6,13,24,1,1059
jduquette,Jacob,Duquette,MTL,8,1,1,1,2,1,0,0,26,28,1,0,0,22,266,165,1,1,17,10,0,0,0,0,1240,1,2,2,15,26,2,1224
jduquette,Jacob,Duquette,MTL,10,2,0,0,0,0,0,0,5,7,1,0,2,7,-2,102,0,1,9,3,3,0,0,0,1036,3,-3,0,12,26,2,1326
jduquette,Jacob,Duquette,MTL,11,1,0,0,0,0,0,0,0,0,0,0,0,0,0,0,0,0,0,0,0,0,0,0,0,0,0,0,12,26,2,1326
jduquette,Jacob,Duquette,MTL,13,1,2,0,1,0,0,0,20,21,1,0,0,24,48,202,0,1,19,16,1,0,0,0,1349,1,1,2,13,28,2,1528
ddyer,Darren,Dyer,DET,3,1,2,0,0,3,0,0,2,2,0,0,0,3,3,112,0,0,2,2,12,1,0,0,1345,0,5,2,5,2,3,112
ddyer,Darren,Dyer,DET,5,1,2,1,1,2,0,0,3,3,0,0,0,5,9,147,0,0,2,0,18,6,0,0,1655,0,5,3,10,5,5,259
ddyer,Darren,Dyer,DET,7,1,0,0,0,0,0,0,0,0,0,0,0,0,0,0,0,0,0,0,0,0,0,0,0,0,0,0,10,5,5,259
ddyer,Darren,Dyer,DET,8,1,0,0,0,0,0,0,0,0,0,0,0,0,0,0,0,0,0,0,0,0,0,0,0,0,0,0,10,5,5,259
ddyer,Darren,Dyer,DET,9,2,0,0,0,0,0,0,0,0,0,0,0,0,0,0,0,0,0,0,0,0,0,0,0,0,0,0,10,5,5,259
ddyer,Darren,Dyer,DET,10,2,0,0,0,0,0,0,0,0,0,0,0,0,0,0,0,0,0,0,0,0,0,0,0,0,0,0,10,5,5,259
ddyer,Darren,Dyer,DET,11,1,0,0,0,0,0,0,0,0,0,0,0,0,0,0,0,0,0,0,0,0,0,0,0,0,0,0,10,5,5,259
ddyer,Darren,Dyer,DET,12,1,0,0,0,0,0,0,0,0,0,0,0,0,0,0,0,0,0,0,0,0,0,0,0,0,0,0,10,5,5,259
ddyer,Darren,Dyer,DET,13,2,0,0,0,0,0,0,0,0,0,0,0,0,0,0,0,0,0,0,0,0,0,0,0,0,0,0,10,5,5,259
tdynes,Trey,Dynes,IND,2,1,0,0,1,0,0,0,5,6,1,0,0,6,58,78,0,1,16,10,2,0,0,0,1054,1,-1,0,-1,0,0,78
tdynes,Trey,Dynes,IND,3,1,1,1,1,1,0,0,25,27,2,0,0,26,75,126,0,0,25,11,0,0,0,0,1394,2,1,2,0,2,1,204
tdynes,Trey,Dynes,IND,5,1,0,2,0,0,0,0,9,9,0,0,0,9,44,78,0,0,2,1,12,4,0,0,903,0,2,2,2,4,1,282
tdynes,Trey,Dynes,IND,6,1,0,0,0,0,0,0,0,0,0,0,0,0,0,0,0,0,0,0,0,0,0,0,0,0,0,0,2,4,1,282
tdynes,Trey,Dynes,IND,7,1,0,0,0,0,0,0,0,0,0,0,0,0,0,0,0,0,0,0,0,0,0,0,0,0,0,0,2,4,1,282
tdynes,Trey,Dynes,IND,8,1,0,0,0,0,0,0,0,0,0,0,0,0,0,0,0,0,0,0,0,0,0,0,0,0,0,0,2,4,1,282
tdynes,Trey,Dynes,IND,9,1,0,0,0,0,0,0,0,0,0,0,0,0,0,0,0,0,0,0,0,0,0,0,0,0,0,0,2,4,1,282
tdynes,Trey,Dynes,IND,10,2,0,0,0,0,0,0,0,0,0,0,0,0,0,0,0,0,0,0,0,0,0,0,0,0,0,0,2,4,1,282
tdynes,Trey,Dynes,IND,11,1,0,0,0,0,0,0,0,0,0,0,0,0,0,0,0,0,0,0,0,0,0,0,0,0,0,0,2,4,1,282
tdynes,Trey,Dynes,IND,12,1,0,0,0,0,0,0,0,0,0,0,0,0,0,0,0,0,0,0,0,0,0,0,0,0,0,0,2,4,1,282
tdynes,Trey,Dynes,IND,13,1,0,0,0,0,0,0,0,0,0,0,0,0,0,0,0,0,0,0,0,0,0,0,0,0,0,0,2,4,1,282
jeast,Josh,East,TOR,2,2,0,0,0,0,0,0,0,0,0,0,0,0,0,0,0,0,0,0,0,0,0,0,0,0,0,0,0,0,0,0
jeast,Josh,East,TOR,3,1,0,0,0,0,0,0,0,0,0,0,0,0,0,0,0,0,0,0,0,0,0,0,0,0,0,0,0,0,0,0
jeast,Josh,East,TOR,6,2,0,0,0,0,0,0,0,0,0,0,0,0,0,0,0,0,0,0,0,0,0,0,0,0,0,0,0,0,0,0
jeast,Josh,East,TOR,7,1,0,0,0,0,0,0,0,0,0,0,0,0,0,0,0,0,0,0,0,0,0,0,0,0,0,0,0,0,0,0
jeast,Josh,East,TOR,8,1,0,0,0,0,0,0,0,0,0,0,0,0,0,0,0,0,0,0,0,0,0,0,0,0,0,0,0,0,0,0
jeast,Josh,East,TOR,9,2,0,0,0,0,0,0,8,9,1,0,0,10,47,93,0,0,8,4,14,1,0,0,1732,1,-1,0,-1,0,0,93
jeast,Josh,East,TOR,10,1,2,2,3,1,0,0,20,21,1,0,0,21,90,124,0,0,14,6,7,4,0,0,1744,1,4,4,3,4,1,217
jeast,Josh,East,TOR,11,1,0,0,0,0,0,0,0,0,0,0,0,0,0,0,0,0,0,0,0,0,0,0,0,0,0,0,3,4,1,217
jeast,Josh,East,TOR,13,1,0,0,0,0,0,0,0,0,0,0,0,0,0,0,0,0,0,0,0,0,0,0,0,0,0,0,3,4,1,217
beberhard,Braden,Eberhard,SLC,1,1,0,0,3,0,0,0,35,35,0,0,0,25,318,17,0,0,17,15,0,0,0,0,978,0,0,0,0,0,0,17
beberhard,Braden,Eberhard,SLC,2,1,3,1,2,0,0,0,30,31,1,0,0,29,130,101,0,0,14,12,0,0,0,0,808,1,3,4,3,4,0,118
beberhard,Braden,Eberhard,SLC,5,1,1,0,2,0,0,0,31,35,3,0,0,28,203,166,0,1,23,15,0,0,0,0,1323,3,-2,1,1,5,0,284
beberhard,Braden,Eberhard,SLC,6,2,4,1,3,1,0,0,61,64,2,1,1,51,280,255,0,1,42,29,0,0,0,0,3062,4,2,5,3,10,1,539
beberhard,Braden,Eberhard,SLC,7,1,1,1,3,1,0,0,40,43,3,0,0,30,162,119,0,0,25,19,0,0,0,0,1558,3,0,2,3,12,2,658
beberhard,Braden,Eberhard,SLC,8,1,3,0,1,0,0,0,27,28,1,0,0,23,97,167,0,0,20,18,0,0,0,0,1100,1,2,3,5,15,2,825
beberhard,Braden,Eberhard,SLC,10,1,3,1,1,0,0,0,26,26,0,0,0,21,96,87,0,0,22,16,0,0,0,0,1296,0,4,4,9,19,2,912
beberhard,Braden,Eberhard,SLC,11,2,5,2,4,0,0,0,48,49,0,0,0,41,502,106,2,2,34,30,0,0,0,0,1540,0,7,7,16,26,2,1018
beberhard,Braden,Eberhard,SLC,12,1,1,1,5,0,0,0,42,42,0,0,0,36,216,108,0,0,20,15,0,0,0,0,1237,0,2,2,18,28,2,1126
beberhard,Braden,Eberhard,SLC,13,1,0,0,0,0,0,0,0,0,0,0,0,0,0,0,0,0,0,0,0,0,0,0,0,0,0,0,18,28,2,1126
tedmonds,Thomas,Edmonds,DC,1,1,1,3,2,2,0,0,40,44,1,0,0,38,315,79,1,3,11,7,12,3,2,0,1475,1,5,4,5,4,2,79
tedmonds,Thomas,Edmonds,DC,2,1,1,1,2,0,0,0,41,42,1,0,0,39,200,82,1,1,20,13,6,2,0,0,1685,1,1,2,6,6,2,161
tedmonds,Thomas,Edmonds,DC,3,1,0,0,0,0,0,0,0,0,0,0,0,0,0,0,0,0,0,0,0,0,0,0,0,0,0,0,6,6,2,161
tedmonds,Thomas,Edmonds,DC,4,1,0,1,0,0,0,0,31,36,5,0,0,32,94,17,0,0,11,4,3,1,0,0,1386,5,-4,1,2,7,2,178
tedmonds,Thomas,Edmonds,DC,6,2,6,3,2,1,0,0,51,54,3,0,0,57,484,427,3,3,32,22,14,3,8,3,3055,3,7,9,9,16,3,605
tedmonds,Thomas,Edmonds,DC,7,1,1,1,3,1,0,0,31,32,0,0,0,31,123,203,0,1,13,11,10,1,8,1,1566,0,3,2,12,18,4,808
tedmonds,Thomas,Edmonds,DC,8,1,0,0,0,0,0,0,0,0,0,0,0,0,0,0,0,0,0,0,0,0,0,0,0,0,0,0,12,18,4,808
tedmonds,Thomas,Edmonds,DC,10,1,2,4,1,0,0,0,40,42,2,0,0,34,181,157,0,1,17,13,5,3,1,0,1622,2,4,6,16,24,4,965
tedmonds,Thomas,Edmonds,DC,11,1,4,2,1,0,0,0,23,24,0,0,0,24,183,160,0,0,20,12,0,0,0,0,1739,0,6,6,22,30,4,1125
tedmonds,Thomas,Edmonds,DC,12,1,4,1,0,0,0,0,23,24,1,0,0,26,193,108,0,0,15,11,4,0,0,0,1115,1,4,5,26,35,4,1233
tedmonds,Thomas,Edmonds,DC,13,1,0,0,0,0,0,0,0,0,0,0,0,0,0,0,0,0,0,0,0,0,0,0,0,0,0,0,26,35,4,1233
oedwards,Owen,Edwards,IND,2,1,0,0,0,0,0,0,0,0,0,0,0,0,0,0,0,0,0,0,0,0,0,0,0,0,0,0,0,0,0,0
oedwards,Owen,Edwards,IND,3,1,0,0,0,0,0,0,0,0,0,0,0,0,0,0,0,0,0,0,0,0,0,0,0,0,0,0,0,0,0,0
oedwards,Owen,Edwards,IND,5,1,0,0,0,0,0,0,0,0,0,0,0,0,0,0,0,0,0,0,0,0,0,0,0,0,0,0,0,0,0,0
oedwards,Owen,Edwards,IND,6,1,0,0,0,0,0,0,0,0,0,0,0,0,0,0,0,0,0,0,0,0,0,0,0,0,0,0,0,0,0,0
oedwards,Owen,Edwards,IND,7,1,0,0,0,0,0,0,0,0,0,0,0,0,0,0,0,0,0,0,0,0,0,0,0,0,0,0,0,0,0,0
oedwards,Owen,Edwards,IND,8,1,0,0,0,0,0,0,0,0,0,0,0,0,0,0,0,0,0,0,0,0,0,0,0,0,0,0,0,0,0,0
oedwards,Owen,Edwards,IND,9,1,0,0,0,0,0,0,0,0,0,0,0,0,0,0,0,0,0,0,0,0,0,0,0,0,0,0,0,0,0,0
oedwards,Owen,Edwards,IND,10,2,0,0,0,0,0,0,0,0,0,0,0,0,0,0,0,0,0,0,0,0,0,0,0,0,0,0,0,0,0,0
oedwards,Owen,Edwards,IND,11,1,0,0,0,0,0,0,0,0,0,0,0,0,0,0,0,0,0,0,0,0,0,0,0,0,0,0,0,0,0,0
oedwards,Owen,Edwards,IND,12,1,0,0,0,0,0,0,0,0,0,0,0,0,0,0,0,0,0,0,0,0,0,0,0,0,0,0,0,0,0,0
oedwards,Owen,Edwards,IND,13,1,0,0,0,0,0,0,0,0,0,0,0,0,0,0,0,0,0,0,0,0,0,0,0,0,0,0,0,0,0,0
kekwurtze,Karl,Ekwurtzel,ATL,1,1,4,0,1,0,0,0,3,3,0,0,0,7,-23,143,0,0,11,9,0,0,0,0,753,0,4,4,4,4,0,143
kekwurtze,Karl,Ekwurtzel,ATL,3,2,6,0,0,1,0,0,16,16,0,0,0,22,-16,276,0,0,25,19,1,0,0,0,1896,0,7,6,11,10,1,419
kekwurtze,Karl,Ekwurtzel,ATL,4,2,1,1,1,0,0,0,8,9,1,0,0,10,-20,172,0,0,24,18,2,1,0,0,1603,1,1,2,12,12,1,591
kekwurtze,Karl,Ekwurtzel,ATL,5,1,2,1,1,0,0,0,7,8,1,0,0,10,10,104,0,0,13,12,1,0,0,0,1072,1,2,3,14,15,1,695
kekwurtze,Karl,Ekwurtzel,ATL,6,2,4,0,2,1,0,0,28,28,0,0,1,32,-49,367,0,0,30,20,0,0,0,0,3117,1,4,4,18,19,2,1062
kekwurtze,Karl,Ekwurtzel,ATL,7,1,1,0,2,0,0,0,8,9,1,0,0,10,-7,172,0,0,17,11,0,0,0,0,1073,1,0,1,18,20,2,1234
kekwurtze,Karl,Ekwurtzel,ATL,9,1,5,0,2,1,0,0,5,5,0,0,0,11,5,260,0,0,8,7,2,2,0,0,567,0,6,5,24,25,3,1494
kekwurtze,Karl,Ekwurtzel,ATL,10,1,2,0,0,0,0,0,0,0,0,0,0,2,0,20,0,0,5,3,1,1,0,0,375,0,2,2,26,27,3,1514
kekwurtze,Karl,Ekwurtzel,ATL,12,1,2,0,0,0,0,0,10,10,0,0,0,12,-33,174,0,0,10,8,1,0,0,0,1025,0,2,2,28,29,3,1688
kelsalaam,Khalif,El-Salaam,SD,2,2,2,6,1,1,0,0,29,31,0,0,1,32,290,269,1,2,16,10,24,10,7,0,2924,1,8,8,8,8,1,269
kelsalaam,Khalif,El-Salaam,SD,3,1,5,1,1,0,0,0,22,22,0,0,0,26,42,245,0,0,13,9,11,4,6,0,1821,0,6,6,14,14,1,514
kelsalaam,Khalif,El-Salaam,SD,4,1,3,3,1,0,0,0,16,18,2,0,0,20,156,278,1,1,19,15,2,1,0,0,1601,2,4,6,18,20,1,792
kelsalaam,Khalif,El-Salaam,SD,5,2,3,6,0,1,0,0,27,30,3,0,0,34,116,266,0,2,19,11,38,6,5,0,3487,3,7,9,25,29,2,1058
kelsalaam,Khalif,El-Salaam,SD,6,1,4,0,3,0,0,0,15,16,1,0,0,18,99,250,0,0,3,2,19,8,1,0,1714,1,3,4,28,33,2,1308
kelsalaam,Khalif,El-Salaam,SD,7,1,1,4,2,0,0,0,12,14,2,0,0,15,182,147,2,3,9,5,16,5,0,0,1520,2,3,5,31,38,2,1455
kelsalaam,Khalif,El-Salaam,SD,8,1,0,0,0,0,0,0,0,0,0,0,0,0,0,0,0,0,0,0,0,0,0,0,0,0,0,0,31,38,2,1455
kelsalaam,Khalif,El-Salaam,SD,10,1,0,0,0,0,0,0,0,0,0,0,0,0,0,0,0,0,0,0,0,0,0,0,0,0,0,0,31,38,2,1455
kelsalaam,Khalif,El-Salaam,SD,11,1,3,3,2,0,0,0,25,27,2,0,0,31,171,347,0,0,23,15,0,0,0,0,1394,2,4,6,35,44,2,1802
kelsalaam,Khalif,El-Salaam,SD,13,1,0,1,2,0,0,0,20,21,0,0,0,21,82,136,1,1,16,9,3,0,0,0,1733,0,1,1,36,45,2,1938
telam,Trevor,Elam,HTX,1,1,0,0,0,0,0,0,0,0,0,0,0,0,0,0,0,0,0,0,0,0,0,0,0,0,0,0,0,0,0,0
telam,Trevor,Elam,HTX,2,1,0,0,0,0,0,0,0,0,0,0,0,0,0,0,0,0,0,0,0,0,0,0,0,0,0,0,0,0,0,0
telam,Trevor,Elam,HTX,3,1,0,0,0,0,0,0,0,0,0,0,0,0,0,0,0,0,0,0,0,0,0,0,0,0,0,0,0,0,0,0
telam,Trevor,Elam,HTX,4,1,0,0,0,0,0,0,0,0,0,0,0,0,0,0,0,0,0,0,0,0,0,0,0,0,0,0,0,0,0,0
telam,Trevor,Elam,HTX,6,2,0,0,0,0,0,0,2,3,1,0,0,3,1,17,0,0,4,1,14,1,0,0,795,1,-1,0,-1,0,0,17
telam,Trevor,Elam,HTX,8,1,1,2,0,1,0,0,12,12,0,0,0,13,83,105,0,0,12,9,3,1,0,0,1256,0,4,3,3,3,1,122
telam,Trevor,Elam,HTX,9,2,0,0,0,0,0,0,0,0,0,0,0,0,0,0,0,0,0,0,0,0,0,0,0,0,0,0,3,3,1,122
telam,Trevor,Elam,HTX,11,1,0,0,0,0,0,0,0,0,0,0,0,0,0,0,0,0,0,0,0,0,0,0,0,0,0,0,3,3,1,122
telam,Trevor,Elam,HTX,12,1,0,0,0,0,0,0,0,0,0,0,0,0,0,0,0,0,0,0,0,0,0,0,0,0,0,0,3,3,1,122
telam,Trevor,Elam,HTX,13,1,0,0,0,0,0,0,0,0,0,0,0,0,0,0,0,0,0,0,0,0,0,0,0,0,0,0,3,3,1,122
telliott,Timothy,Elliott,COL,1,1,0,0,0,0,0,0,0,0,0,0,0,0,0,0,0,0,0,0,0,0,0,0,0,0,0,0,0,0,0,0
telliott,Timothy,Elliott,COL,4,2,0,0,0,0,0,0,0,0,0,0,0,0,0,0,0,0,0,0,0,0,0,0,0,0,0,0,0,0,0,0
telliott,Timothy,Elliott,COL,5,1,2,1,4,0,0,0,28,30,1,0,0,30,246,164,1,1,16,13,0,0,0,0,955,1,2,3,2,3,0,164
telliott,Timothy,Elliott,COL,6,1,2,1,3,1,0,0,47,47,0,0,0,44,147,221,0,0,26,20,0,0,0,0,1940,0,4,3,6,6,1,385
telliott,Timothy,Elliott,COL,9,1,0,2,0,1,0,0,24,25,1,0,0,16,203,66,0,0,13,12,0,0,0,0,944,1,2,2,8,8,2,451
telliott,Timothy,Elliott,COL,10,2,1,2,4,0,0,0,78,82,4,0,1,75,556,345,0,0,42,25,0,0,0,0,2767,5,-2,3,6,11,2,796
telliott,Timothy,Elliott,COL,11,1,0,1,3,0,0,0,35,36,1,0,0,30,238,214,0,0,22,17,0,0,0,0,1643,1,0,1,6,12,2,1010
telliott,Timothy,Elliott,COL,12,2,3,3,2,0,0,0,37,40,2,0,1,31,362,128,0,0,38,28,0,0,0,0,2583,3,3,6,9,18,2,1138
telliott,Timothy,Elliott,COL,13,1,0,2,1,0,0,0,20,21,0,0,0,12,142,32,0,0,18,12,0,0,0,0,970,0,2,2,11,20,2,1170
bellis,Brad,Ellis,LV,1,1,2,1,1,0,0,0,9,10,1,1,0,13,52,225,1,1,20,7,0,0,0,0,1159,2,1,3,1,3,0,225
bellis,Brad,Ellis,LV,2,1,0,0,1,0,0,0,7,7,0,0,0,7,14,89,0,0,10,2,5,2,0,0,905,0,0,0,1,3,0,314
bellis,Brad,Ellis,LV,3,1,3,1,0,1,0,0,8,11,3,0,0,14,28,170,0,2,21,9,1,0,0,0,1841,3,2,4,3,7,1,484
bellis,Brad,Ellis,LV,5,1,0,1,1,1,0,0,4,7,3,0,1,6,25,73,0,1,14,8,0,0,0,0,1388,4,-2,1,1,8,2,557
bellis,Brad,Ellis,LV,7,2,4,2,1,0,0,0,11,13,1,0,0,17,26,356,0,2,34,16,2,0,0,0,2694,1,5,6,6,14,2,913
bellis,Brad,Ellis,LV,8,1,4,2,0,1,0,0,7,9,1,0,0,11,67,243,0,1,21,12,0,0,0,0,1206,1,6,6,12,20,3,1156
bellis,Brad,Ellis,LV,9,2,5,0,1,0,0,0,9,12,2,0,0,14,45,259,0,0,37,12,2,0,0,0,2355,2,3,5,15,25,3,1415
bellis,Brad,Ellis,LV,11,1,3,0,0,1,0,0,10,13,3,0,0,16,76,239,1,1,24,9,0,0,0,0,1648,3,1,3,16,28,4,1654
bellis,Brad,Ellis,LV,12,1,0,0,0,0,0,0,0,0,0,0,0,0,0,0,0,0,0,0,0,0,0,0,0,0,0,0,16,28,4,1654
bellis,Brad,Ellis,LV,13,1,0,1,1,0,0,0,8,10,2,0,0,7,31,116,0,1,17,10,0,0,0,0,1169,2,-1,1,15,29,4,1770
temig,Tyler,Emig,LA,2,2,2,2,3,0,0,0,50,54,4,0,2,48,217,4,0,1,20,10,1,1,0,0,1789,6,-2,4,-2,4,0,4
temig,Tyler,Emig,LA,3,1,0,0,0,0,0,0,0,0,0,0,0,0,0,0,0,0,0,0,0,0,0,0,0,0,0,0,-2,4,0,4
temig,Tyler,Emig,LA,4,1,1,2,0,0,0,0,38,42,3,0,1,32,424,28,2,4,21,14,0,0,0,0,1625,4,-1,3,-3,7,0,32
temig,Tyler,Emig,LA,6,1,0,0,0,0,0,0,0,0,0,0,0,0,0,0,0,0,0,0,0,0,0,0,0,0,0,0,-3,7,0,32
temig,Tyler,Emig,LA,7,1,0,0,0,0,0,0,0,0,0,0,0,0,0,0,0,0,0,0,0,0,0,0,0,0,0,0,-3,7,0,32
temig,Tyler,Emig,LA,9,2,0,0,0,0,0,0,0,0,0,0,0,0,0,0,0,0,0,0,0,0,0,0,0,0,0,0,-3,7,0,32
temig,Tyler,Emig,LA,11,1,0,0,0,0,0,0,0,0,0,0,0,0,0,0,0,0,0,0,0,0,0,0,0,0,0,0,-3,7,0,32
temig,Tyler,Emig,LA,12,2,0,0,0,0,0,0,0,0,0,0,0,0,0,0,0,0,0,0,0,0,0,0,0,0,0,0,-3,7,0,32
temig,Tyler,Emig,LA,13,1,1,0,1,0,0,0,27,27,0,0,0,20,243,70,2,2,16,12,1,0,0,0,1104,0,1,1,-2,8,0,102
deppstein,Daniel,Eppstein,LA,2,2,0,0,0,0,0,0,13,15,2,0,0,15,52,101,0,1,16,7,0,0,0,0,1353,2,-2,0,-2,0,0,101
deppstein,Daniel,Eppstein,LA,3,1,0,0,0,0,0,0,0,0,0,0,0,0,0,0,0,0,0,0,0,0,0,0,0,0,0,0,-2,0,0,101
deppstein,Daniel,Eppstein,LA,4,1,0,0,0,0,0,0,0,0,0,0,0,0,0,0,0,0,0,0,0,0,0,0,0,0,0,0,-2,0,0,101
deppstein,Daniel,Eppstein,LA,6,1,0,0,0,0,0,0,0,0,0,0,0,0,0,0,0,0,0,0,0,0,0,0,0,0,0,0,-2,0,0,101
deppstein,Daniel,Eppstein,LA,7,1,0,2,1,0,0,0,14,17,2,0,0,15,66,81,0,0,4,2,7,3,0,0,914,2,0,2,-2,2,0,182
deppstein,Daniel,Eppstein,LA,9,2,0,1,1,0,0,0,14,14,0,0,1,13,50,78,0,0,6,3,15,3,0,0,2016,1,0,1,-2,3,0,260
deppstein,Daniel,Eppstein,LA,11,1,0,0,2,0,0,0,6,6,0,0,0,7,90,47,0,0,5,3,10,0,0,0,879,0,0,0,-2,3,0,307
deppstein,Daniel,Eppstein,LA,12,2,1,4,2,1,0,0,29,32,3,0,0,32,258,320,1,2,34,18,0,0,0,0,2427,3,3,5,1,8,1,627
deppstein,Daniel,Eppstein,LA,13,1,0,0,0,0,0,0,0,0,0,0,0,0,0,0,0,0,0,0,0,0,0,0,0,0,0,0,1,8,1,627
jerb,Jonah,Erb,LV,1,1,0,1,0,0,0,0,2,2,0,0,1,2,-6,69,0,0,9,3,0,0,0,0,454,1,0,1,0,1,0,69
jerb,Jonah,Erb,LV,2,1,0,0,0,0,0,0,0,0,0,0,0,0,0,0,0,0,0,0,0,0,0,0,0,0,0,0,0,1,0,69
jerb,Jonah,Erb,LV,3,1,0,0,1,0,0,0,1,1,0,0,0,1,3,57,0,0,4,2,0,0,0,0,665,0,0,0,0,1,0,126
jerb,Jonah,Erb,LV,5,1,0,0,0,0,0,0,0,0,0,0,0,0,0,0,0,0,0,0,0,0,0,0,0,0,0,0,0,1,0,126
jerb,Jonah,Erb,LV,7,2,0,0,0,0,0,0,0,0,0,0,0,0,0,0,0,0,0,0,0,0,0,0,0,0,0,0,0,1,0,126
jerb,Jonah,Erb,LV,8,1,0,0,0,0,0,0,0,0,0,0,0,0,0,0,0,0,0,0,0,0,0,0,0,0,0,0,0,1,0,126
jerb,Jonah,Erb,LV,9,2,0,0,0,0,0,0,0,0,0,0,0,0,0,0,0,0,0,0,0,0,0,0,0,0,0,0,0,1,0,126
jerb,Jonah,Erb,LV,11,1,0,0,0,0,0,0,0,0,0,0,0,0,0,0,0,0,0,0,0,0,0,0,0,0,0,0,0,1,0,126
jerb,Jonah,Erb,LV,12,1,0,0,0,0,0,0,0,0,0,0,0,0,0,0,0,0,0,0,0,0,0,0,0,0,0,0,0,1,0,126
jerb,Jonah,Erb,LV,13,1,0,0,0,0,0,0,0,0,0,0,0,0,0,0,0,0,0,0,0,0,0,0,0,0,0,0,0,1,0,126
ceustis,Cole,Eustis,ORE,1,1,0,0,1,0,0,0,2,3,1,0,0,2,13,19,0,0,2,0,6,2,2,0,456,1,-1,0,-1,0,0,19
ceustis,Cole,Eustis,ORE,2,1,0,0,0,0,0,0,1,2,1,0,0,2,-5,23,0,0,1,0,7,0,6,1,442,1,-1,0,-2,0,0,42
ceustis,Cole,Eustis,ORE,4,1,0,0,0,0,0,0,0,0,0,0,0,0,0,0,0,0,0,0,0,0,0,0,0,0,0,0,-2,0,0,42
ceustis,Cole,Eustis,ORE,5,2,1,0,0,0,0,0,3,5,1,0,0,6,26,71,0,2,1,0,19,4,1,1,1821,1,0,1,-2,1,0,113
ceustis,Cole,Eustis,ORE,6,1,0,0,0,0,0,0,0,0,0,0,0,0,0,0,0,0,0,0,0,0,0,0,0,0,0,0,-2,1,0,113
ceustis,Cole,Eustis,ORE,7,1,0,0,0,0,0,0,0,0,0,0,0,0,0,0,0,0,0,0,0,0,0,0,0,0,0,0,-2,1,0,113
ceustis,Cole,Eustis,ORE,8,2,0,0,0,0,0,0,0,0,0,0,0,0,0,0,0,0,0,0,0,0,0,0,0,0,0,0,-2,1,0,113
ceustis,Cole,Eustis,ORE,9,1,0,0,0,0,0,0,0,0,0,0,0,0,0,0,0,0,0,0,0,0,0,0,0,0,0,0,-2,1,0,113
ceustis,Cole,Eustis,ORE,10,1,0,0,0,0,0,0,0,0,0,0,0,0,0,0,0,0,0,0,0,0,0,0,0,0,0,0,-2,1,0,113
ceustis,Cole,Eustis,ORE,13,1,0,0,0,0,0,0,0,0,0,0,0,0,0,0,0,0,0,0,0,0,0,0,0,0,0,0,-2,1,0,113
levans,Landon,Evans,ATX,1,1,0,0,0,0,0,0,0,0,0,0,0,0,0,0,0,0,0,0,0,0,0,0,0,0,0,0,0,0,0,0
levans,Landon,Evans,ATX,2,1,0,0,0,0,0,0,0,0,0,0,0,0,0,0,0,0,0,0,0,0,0,0,0,0,0,0,0,0,0,0
levans,Landon,Evans,ATX,3,1,0,0,0,0,0,0,0,0,0,0,0,0,0,0,0,0,0,0,0,0,0,0,0,0,0,0,0,0,0,0
levans,Landon,Evans,ATX,4,1,0,0,0,0,0,0,0,0,0,0,0,0,0,0,0,0,0,0,0,0,0,0,0,0,0,0,0,0,0,0
levans,Landon,Evans,ATX,7,2,0,0,0,0,0,0,0,0,0,0,0,0,0,0,0,0,0,0,0,0,0,0,0,0,0,0,0,0,0,0
levans,Landon,Evans,ATX,8,1,0,0,0,0,0,0,0,0,0,0,0,0,0,0,0,0,0,0,0,0,0,0,0,0,0,0,0,0,0,0
levans,Landon,Evans,ATX,10,2,0,0,0,0,0,0,0,0,0,0,0,0,0,0,0,0,0,0,0,0,0,0,0,0,0,0,0,0,0,0
levans,Landon,Evans,ATX,11,1,0,0,0,0,0,0,0,0,0,0,0,0,0,0,0,0,0,0,0,0,0,0,0,0,0,0,0,0,0,0
levans,Landon,Evans,ATX,12,1,0,0,0,0,0,0,0,0,0,0,0,0,0,0,0,0,0,0,0,0,0,0,0,0,0,0,0,0,0,0
levans,Landon,Evans,ATX,13,1,0,0,0,0,0,0,0,0,0,0,0,0,0,0,0,0,0,0,0,0,0,0,0,0,0,0,0,0,0,0
eeve,Elliott,Eve,SD,2,2,0,0,0,0,0,0,0,0,0,0,0,0,0,0,0,0,0,0,0,0,0,0,0,0,0,0,0,0,0,0
eeve,Elliott,Eve,SD,3,1,0,0,0,0,0,0,0,0,0,0,0,0,0,0,0,0,0,0,0,0,0,0,0,0,0,0,0,0,0,0
eeve,Elliott,Eve,SD,4,1,0,0,0,0,0,0,0,0,0,0,0,0,0,0,0,0,0,0,0,0,0,0,0,0,0,0,0,0,0,0
eeve,Elliott,Eve,SD,5,2,0,0,0,0,0,0,0,0,0,0,0,0,0,0,0,0,0,0,0,0,0,0,0,0,0,0,0,0,0,0
eeve,Elliott,Eve,SD,6,1,0,1,0,1,0,0,3,3,0,0,0,3,13,27,0,0,0,0,9,3,0,0,694,0,2,1,2,1,1,27
eeve,Elliott,Eve,SD,7,1,0,0,0,0,0,0,0,0,0,0,0,0,0,0,0,0,0,0,0,0,0,0,0,0,0,0,2,1,1,27
eeve,Elliott,Eve,SD,8,1,1,0,1,0,0,0,2,3,0,0,0,4,0,72,0,0,0,0,12,5,0,0,824,0,1,1,3,2,1,99
eeve,Elliott,Eve,SD,10,1,0,0,0,0,0,0,0,0,0,0,0,0,0,0,0,0,0,0,0,0,0,0,0,0,0,0,3,2,1,99
eeve,Elliott,Eve,SD,11,1,0,0,0,0,0,0,0,0,0,0,0,0,0,0,0,0,0,0,0,0,0,0,0,0,0,0,3,2,1,99
eeve,Elliott,Eve,SD,13,1,0,0,0,0,0,0,0,0,0,0,0,0,0,0,0,0,0,0,0,0,0,0,0,0,0,0,3,2,1,99
heverett,Henry,Everett,PIT,2,1,0,0,0,0,0,0,0,0,0,0,0,0,0,0,0,0,0,0,0,0,0,0,0,0,0,0,0,0,0,0
heverett,Henry,Everett,PIT,3,1,0,0,0,0,0,0,0,0,0,0,0,0,0,0,0,0,0,0,0,0,0,0,0,0,0,0,0,0,0,0
heverett,Henry,Everett,PIT,4,1,0,0,0,0,0,0,0,0,0,0,0,0,0,0,0,0,0,0,0,0,0,0,0,0,0,0,0,0,0,0
heverett,Henry,Everett,PIT,5,1,0,0,0,0,0,0,0,0,0,0,0,0,0,0,0,0,0,0,0,0,0,0,0,0,0,0,0,0,0,0
heverett,Henry,Everett,PIT,6,1,0,0,0,0,0,0,0,0,0,0,1,0,0,0,0,0,0,0,6,0,0,0,474,1,-1,0,-1,0,0,0
heverett,Henry,Everett,PIT,7,1,0,0,0,1,0,0,2,2,0,0,0,1,10,2,0,0,2,0,10,5,0,0,776,0,1,0,0,0,1,2
heverett,Henry,Everett,PIT,8,1,0,1,0,0,0,0,3,4,1,0,0,4,12,52,0,1,4,2,11,2,0,0,947,1,0,1,0,1,1,54
heverett,Henry,Everett,PIT,9,2,0,0,0,1,0,0,2,2,0,0,0,1,10,-15,0,0,0,0,9,1,0,0,560,0,1,0,1,1,2,39
heverett,Henry,Everett,PIT,10,1,1,0,3,0,0,0,5,5,0,0,0,5,28,73,0,0,0,0,19,8,0,0,1347,0,1,1,2,2,2,112
heverett,Henry,Everett,PIT,11,1,0,0,0,0,0,0,1,1,0,0,0,1,11,9,0,0,1,1,10,1,0,0,497,0,0,0,2,2,2,121
heverett,Henry,Everett,PIT,13,1,0,0,0,2,0,0,3,4,1,0,0,3,27,28,0,0,0,0,10,3,0,0,743,1,1,0,3,2,4,149
jfairfax,Jacob,Fairfax,CAR,3,1,2,3,2,0,0,0,21,22,1,0,1,24,171,310,2,3,20,13,0,0,0,0,1591,2,3,5,3,5,0,310
jfairfax,Jacob,Fairfax,CAR,4,2,2,2,1,0,0,0,13,15,2,0,0,17,93,275,2,2,22,12,1,0,0,0,1442,2,2,4,5,9,0,585
jfairfax,Jacob,Fairfax,CAR,5,1,7,0,6,0,0,0,30,30,0,0,0,37,96,480,1,1,27,21,1,0,0,0,1453,0,7,7,12,16,0,1065
jfairfax,Jacob,Fairfax,CAR,6,2,7,3,2,0,0,0,31,32,1,0,0,39,-41,695,0,1,30,25,6,1,0,0,2329,1,9,10,21,26,0,1760
jfairfax,Jacob,Fairfax,CAR,7,1,3,0,0,1,0,0,21,21,0,0,0,24,2,184,0,0,17,14,1,0,0,0,1164,0,4,3,25,29,1,1944
jfairfax,Jacob,Fairfax,CAR,9,1,3,3,1,2,0,0,11,11,0,0,0,14,139,242,2,2,14,14,3,0,0,0,1003,0,8,6,33,35,3,2186
jfairfax,Jacob,Fairfax,CAR,10,1,8,0,1,0,0,0,13,14,1,0,0,22,41,343,1,1,20,16,4,0,0,0,1175,1,7,8,40,43,3,2529
jfairfax,Jacob,Fairfax,CAR,12,1,0,0,0,0,0,0,0,0,0,0,0,0,0,0,0,0,0,0,0,0,0,0,0,0,0,0,40,43,3,2529
jfairfax,Jacob,Fairfax,CAR,13,2,4,5,2,2,0,0,28,30,2,0,2,33,315,574,4,4,45,29,2,0,0,0,2826,4,7,9,47,52,5,3103
mfairley,Michael,Fairley,ATL,1,1,0,0,0,0,0,0,0,0,0,0,0,0,0,0,0,0,0,0,0,0,0,0,0,0,0,0,0,0,0,0
mfairley,Michael,Fairley,ATL,3,2,0,3,0,0,0,0,8,8,0,0,0,3,129,25,2,2,0,0,21,5,11,1,1433,0,3,3,3,3,0,25
mfairley,Michael,Fairley,ATL,4,2,0,0,0,0,0,0,6,6,0,0,0,4,6,-5,0,0,0,0,7,1,4,0,440,0,0,0,3,3,0,20
mfairley,Michael,Fairley,ATL,5,1,0,0,0,0,0,0,0,0,0,0,0,0,0,0,0,0,0,0,0,0,0,0,0,0,0,0,3,3,0,20
mfairley,Michael,Fairley,ATL,6,2,0,0,1,3,0,0,15,19,4,0,0,15,73,111,0,1,6,2,17,5,13,0,1636,4,-1,0,2,3,3,131
mfairley,Michael,Fairley,ATL,7,1,2,0,0,0,0,0,1,1,0,0,0,2,-6,59,0,0,0,0,16,3,12,0,1210,0,2,2,4,5,3,190
mfairley,Michael,Fairley,ATL,9,1,2,2,0,1,1,0,9,9,0,0,0,7,158,99,2,2,0,0,22,9,14,1,1442,0,5,4,9,9,4,289
mfairley,Michael,Fairley,ATL,10,1,0,1,0,2,0,0,1,2,1,0,0,2,26,10,0,0,0,0,13,5,12,1,723,1,2,1,11,10,6,299
mfairley,Michael,Fairley,ATL,12,1,0,2,0,1,0,0,5,5,0,0,0,2,18,10,0,0,0,0,20,4,14,1,1269,0,3,2,14,12,7,309
afall,Alexandre,Fall,DC,1,1,0,0,0,1,0,0,4,5,1,0,0,3,-17,57,0,0,0,0,13,3,0,0,1202,1,0,0,0,0,1,57
afall,Alexandre,Fall,DC,2,1,1,0,1,1,0,0,5,5,0,0,0,6,8,75,0,0,0,0,16,4,0,0,1148,0,2,1,2,1,2,132
afall,Alexandre,Fall,DC,3,1,0,1,0,1,0,0,5,7,2,0,0,7,19,45,0,0,0,0,17,3,0,0,1340,2,0,1,2,2,3,177
afall,Alexandre,Fall,DC,4,1,0,0,0,1,0,0,4,5,1,0,0,5,-21,66,0,0,2,0,12,4,0,0,1134,1,0,0,2,2,4,243
afall,Alexandre,Fall,DC,6,2,2,0,0,2,0,0,2,2,0,0,0,4,6,36,0,0,1,0,37,8,0,0,2045,0,4,2,6,4,6,279
afall,Alexandre,Fall,DC,7,1,0,0,0,0,0,0,0,0,0,0,0,0,0,0,0,0,0,0,0,0,0,0,0,0,0,0,6,4,6,279
afall,Alexandre,Fall,DC,8,1,0,0,0,0,0,0,2,2,0,0,0,2,-12,93,0,0,0,0,12,3,0,0,636,0,0,0,6,4,6,372
afall,Alexandre,Fall,DC,10,1,0,0,0,1,0,0,1,1,0,0,1,2,11,16,0,0,0,0,12,6,0,0,1083,1,0,0,6,4,7,388
afall,Alexandre,Fall,DC,11,1,1,0,0,1,0,0,0,0,0,0,0,2,0,61,0,0,0,0,14,5,0,0,968,0,2,1,8,5,8,449
afall,Alexandre,Fall,DC,12,1,0,0,0,1,0,0,1,1,0,0,0,1,-8,54,0,0,0,0,10,2,0,0,630,0,1,0,9,5,9,503
afall,Alexandre,Fall,DC,13,1,0,0,0,0,0,0,0,0,0,0,0,0,0,0,0,0,0,0,0,0,0,0,0,0,0,0,9,5,9,503
ffarah,Frederick,Farah,DC,1,1,0,0,0,0,0,0,0,0,0,0,0,0,0,0,0,0,0,0,0,0,0,0,0,0,0,0,0,0,0,0
ffarah,Frederick,Farah,DC,2,1,0,0,0,0,0,0,0,0,0,0,0,0,0,0,0,0,0,0,0,0,0,0,0,0,0,0,0,0,0,0
ffarah,Frederick,Farah,DC,3,1,1,0,0,1,0,0,4,4,0,0,0,5,12,40,0,0,1,0,12,3,0,0,905,0,2,1,2,1,1,40
ffarah,Frederick,Farah,DC,4,1,0,0,0,0,0,0,0,0,0,0,0,0,0,0,0,0,0,0,0,0,0,0,0,0,0,0,2,1,1,40
ffarah,Frederick,Farah,DC,6,2,0,0,0,0,0,0,0,0,0,0,0,0,0,0,0,0,0,0,0,0,0,0,0,0,0,0,2,1,1,40
ffarah,Frederick,Farah,DC,7,1,0,0,0,0,0,0,0,0,0,0,0,0,0,0,0,0,0,0,0,0,0,0,0,0,0,0,2,1,1,40
ffarah,Frederick,Farah,DC,8,1,0,0,0,0,0,0,0,0,0,0,0,0,0,0,0,0,0,0,0,0,0,0,0,0,0,0,2,1,1,40
ffarah,Frederick,Farah,DC,10,1,0,0,0,0,0,0,0,0,0,0,0,0,0,0,0,0,0,0,0,0,0,0,0,0,0,0,2,1,1,40
ffarah,Frederick,Farah,DC,11,1,0,0,0,1,0,0,1,1,0,0,0,0,5,0,0,0,0,0,11,5,0,0,672,0,1,0,3,1,2,40
ffarah,Frederick,Farah,DC,12,1,0,0,0,2,0,0,3,3,0,0,0,3,-11,36,0,0,1,0,12,4,0,0,924,0,2,0,5,1,4,76
ffarah,Frederick,Farah,DC,13,1,0,0,0,0,0,0,0,0,0,0,0,0,0,0,0,0,0,0,0,0,0,0,0,0,0,0,5,1,4,76
sfaris,Seth,Faris,COL,1,1,2,0,0,0,0,0,1,1,0,0,0,3,14,27,0,0,1,1,15,6,1,0,1197,0,2,2,2,2,0,27
sfaris,Seth,Faris,COL,4,2,5,1,0,1,0,0,4,4,0,0,0,8,64,179,1,1,7,5,19,8,0,0,1497,0,7,6,9,8,1,206
sfaris,Seth,Faris,COL,5,1,0,2,0,1,0,0,4,4,0,0,0,2,146,14,2,2,1,1,13,5,0,0,811,0,3,2,12,10,2,220
sfaris,Seth,Faris,COL,6,1,0,0,0,0,0,0,1,1,0,0,0,1,-8,10,0,0,1,0,13,2,0,0,685,0,0,0,12,10,2,230
sfaris,Seth,Faris,COL,9,1,1,2,0,3,0,0,6,8,1,0,0,7,136,65,2,4,1,0,15,9,13,0,1022,1,5,3,17,13,5,295
sfaris,Seth,Faris,COL,10,2,7,3,1,0,0,0,17,18,1,0,0,24,97,311,1,1,41,25,0,0,0,0,2540,1,9,10,26,23,5,606
sfaris,Seth,Faris,COL,11,1,6,3,2,0,0,0,12,13,1,0,0,19,133,207,2,2,22,17,0,0,0,0,1643,1,8,9,34,32,5,813
sfaris,Seth,Faris,COL,12,2,11,3,3,2,0,0,14,16,1,0,0,27,337,369,4,5,38,28,13,4,0,0,3054,1,15,14,49,46,7,1182
sfaris,Seth,Faris,COL,13,1,2,2,1,0,0,0,9,9,0,0,0,11,119,143,2,2,20,14,3,1,0,0,1088,0,4,4,53,50,7,1325
ofay,Oliver,Fay,NY,1,2,4,1,5,2,0,0,13,16,2,0,1,19,118,221,1,2,4,2,34,12,0,0,2244,3,4,5,4,5,2,221
ofay,Oliver,Fay,NY,3,1,0,1,0,0,0,0,2,2,0,0,0,1,19,7,0,0,0,0,15,2,0,0,947,0,1,1,5,6,2,228
ofay,Oliver,Fay,NY,4,2,0,0,0,3,0,0,12,13,1,0,0,13,4,136,0,0,5,3,34,5,0,0,2405,1,2,0,7,6,5,364
ofay,Oliver,Fay,NY,5,1,0,0,0,0,0,0,0,0,0,0,0,0,0,0,0,0,0,0,0,0,0,0,0,0,0,0,7,6,5,364
ofay,Oliver,Fay,NY,6,1,0,0,0,0,0,0,0,0,0,0,0,0,0,0,0,0,0,0,0,0,0,0,0,0,0,0,7,6,5,364
ofay,Oliver,Fay,NY,7,1,0,1,0,0,0,0,2,2,0,0,0,2,-8,32,0,0,1,0,13,2,0,0,798,0,1,1,8,7,5,396
ofay,Oliver,Fay,NY,8,1,0,0,0,0,0,0,0,0,0,0,0,0,0,0,0,0,0,0,0,0,0,0,0,0,0,0,8,7,5,396
ofay,Oliver,Fay,NY,9,1,0,0,0,2,0,0,1,1,0,0,0,1,4,8,0,0,1,0,17,4,0,0,985,0,2,0,10,7,7,404
ofay,Oliver,Fay,NY,12,1,2,3,2,1,0,0,7,7,0,0,0,8,87,184,1,1,2,1,19,8,0,0,1244,0,6,5,16,12,8,588
ofay,Oliver,Fay,NY,13,1,1,0,1,1,0,0,5,7,2,0,0,9,0,128,0,0,1,1,14,3,10,0,1007,2,0,1,16,13,9,716
afelt,Aleksei,Felt,LV,1,1,0,0,0,0,0,0,0,0,0,0,0,0,0,0,0,0,0,0,0,0,0,0,0,0,0,0,0,0,0,0
afelt,Aleksei,Felt,LV,2,1,0,0,0,0,0,0,0,0,0,0,0,0,0,0,0,0,0,0,0,0,0,0,0,0,0,0,0,0,0,0
afelt,Aleksei,Felt,LV,3,1,1,1,1,0,0,0,4,5,1,0,0,5,59,4,0,0,6,2,8,2,1,0,649,1,1,2,1,2,0,4
afelt,Aleksei,Felt,LV,5,1,0,0,0,0,0,0,14,14,0,0,0,12,66,4,1,1,2,2,7,2,0,0,668,0,0,0,1,2,0,8
afelt,Aleksei,Felt,LV,7,2,0,0,0,0,0,0,0,0,0,0,0,0,0,0,0,0,0,0,0,0,0,0,0,0,0,0,1,2,0,8
afelt,Aleksei,Felt,LV,8,1,0,0,0,0,0,0,3,4,1,0,0,4,33,7,0,0,0,0,13,1,0,0,724,1,-1,0,0,2,0,15
afelt,Aleksei,Felt,LV,9,2,0,3,0,0,0,0,27,32,4,0,1,24,199,144,0,1,24,8,12,0,1,0,2442,5,-2,3,-2,5,0,159
afelt,Aleksei,Felt,LV,11,1,0,0,1,0,0,0,11,14,3,0,0,10,118,16,0,0,16,3,4,0,0,0,1204,3,-3,0,-5,5,0,175
afelt,Aleksei,Felt,LV,12,1,0,0,0,0,0,0,17,17,0,0,0,10,108,-45,0,0,11,3,8,0,3,0,1124,0,0,0,-5,5,0,130
afelt,Aleksei,Felt,LV,13,1,0,1,0,0,0,0,4,4,0,0,0,5,14,18,0,0,0,0,14,2,0,0,1012,0,1,1,-4,6,0,148
jfelton,Jake,Felton,DET,3,1,0,3,2,0,0,0,38,44,6,0,0,35,377,190,2,4,22,13,1,0,1,1,1384,6,-3,3,-3,3,0,190
jfelton,Jake,Felton,DET,5,1,1,6,1,0,0,0,24,30,5,0,1,18,278,111,4,8,21,11,0,0,0,0,1554,6,1,7,-2,10,0,301
jfelton,Jake,Felton,DET,7,1,0,3,0,1,0,0,17,19,2,0,0,15,124,7,1,3,4,1,15,4,8,1,1349,2,2,3,0,13,1,308
jfelton,Jake,Felton,DET,8,1,3,8,0,0,0,0,38,45,5,0,0,41,357,396,3,6,31,16,0,0,0,0,1484,5,6,11,6,24,1,704
jfelton,Jake,Felton,DET,9,2,6,11,4,1,0,0,78,91,11,0,0,72,874,208,9,15,43,24,0,0,0,0,2833,11,7,17,13,41,2,912
jfelton,Jake,Felton,DET,10,2,4,8,2,1,0,1,71,84,11,0,0,69,912,303,9,10,47,20,0,0,0,0,2622,11,2,12,15,53,3,1215
jfelton,Jake,Felton,DET,11,1,1,5,2,0,0,0,31,36,4,0,1,28,427,69,5,6,22,9,0,0,0,0,1717,5,1,6,16,59,3,1284
jfelton,Jake,Felton,DET,12,1,2,6,2,1,0,0,36,48,11,0,0,43,445,205,6,13,24,15,0,0,0,0,1692,11,-2,8,14,67,4,1489
jfelton,Jake,Felton,DET,13,2,1,12,5,0,0,0,73,87,11,0,0,63,966,293,10,18,62,22,0,0,0,0,3267,11,2,13,16,80,4,1782
ffernande,Franky,Fernandez,ATL,1,1,0,0,0,0,0,0,0,0,0,0,0,0,0,0,0,0,0,0,0,0,0,0,0,0,0,0,0,0,0,0
ffernande,Franky,Fernandez,ATL,3,2,0,0,0,0,0,0,0,0,0,0,0,0,0,0,0,0,0,0,0,0,0,0,0,0,0,0,0,0,0,0
ffernande,Franky,Fernandez,ATL,4,2,1,1,0,2,0,0,6,6,0,0,0,7,4,41,0,0,0,0,23,11,0,0,1521,0,4,2,4,2,2,41
ffernande,Franky,Fernandez,ATL,5,1,0,0,0,0,0,0,0,0,0,0,0,0,0,0,0,0,0,0,0,0,0,0,0,0,0,0,4,2,2,41
ffernande,Franky,Fernandez,ATL,6,2,0,0,0,0,0,0,5,5,0,0,1,5,-22,45,0,0,0,0,28,4,0,0,2152,1,-1,0,3,2,2,86
ffernande,Franky,Fernandez,ATL,7,1,0,0,0,0,0,0,0,0,0,0,0,0,0,0,0,0,0,0,0,0,0,0,0,0,0,0,3,2,2,86
ffernande,Franky,Fernandez,ATL,9,1,0,0,0,0,0,0,0,0,0,0,0,0,0,0,0,0,0,0,0,0,0,0,0,0,0,0,3,2,2,86
ffernande,Franky,Fernandez,ATL,10,1,0,0,0,0,0,0,0,0,0,0,0,0,0,0,0,0,0,0,0,0,0,0,0,0,0,0,3,2,2,86
ffernande,Franky,Fernandez,ATL,12,1,0,1,0,1,0,0,3,3,0,0,0,4,15,17,0,0,0,0,19,3,0,0,1154,0,2,1,5,3,3,103
qfiner,Quinn,Finer,COL,1,1,1,3,5,0,0,0,41,43,1,0,0,43,237,336,3,4,16,12,1,0,0,0,1359,1,3,4,3,4,0,336
qfiner,Quinn,Finer,COL,4,2,4,1,9,0,0,0,43,51,8,0,0,54,463,481,4,9,42,23,0,0,0,0,3397,8,-3,5,0,9,0,817
qfiner,Quinn,Finer,COL,5,1,3,5,1,0,0,0,21,21,0,0,1,24,98,297,1,1,17,14,0,0,0,0,1047,1,7,8,7,17,0,1114
qfiner,Quinn,Finer,COL,6,1,4,4,1,0,0,0,20,20,0,0,0,24,210,238,3,3,25,19,1,0,0,0,1959,0,8,8,15,25,0,1352
qfiner,Quinn,Finer,COL,9,1,3,3,2,0,0,0,22,24,1,0,0,27,251,203,2,2,18,14,3,2,0,0,1623,1,5,6,20,31,0,1555
qfiner,Quinn,Finer,COL,10,2,8,5,8,0,0,0,65,68,3,0,0,74,558,533,4,5,54,32,2,1,0,0,3469,3,10,13,30,44,0,2088
qfiner,Quinn,Finer,COL,11,1,2,4,0,0,0,0,32,33,1,0,0,35,162,176,1,1,24,17,2,0,0,0,1905,1,5,6,35,50,0,2264
qfiner,Quinn,Finer,COL,12,2,6,6,2,0,0,0,34,39,3,0,1,45,265,613,1,2,43,32,2,1,0,0,3056,4,8,12,43,62,0,2877
qfiner,Quinn,Finer,COL,13,1,2,1,0,0,0,0,9,13,4,0,1,15,125,141,1,3,20,14,0,0,0,0,1023,5,-2,3,41,65,0,3018
efinley,Eddie,Finley,LA,2,2,0,0,0,0,0,0,0,0,0,0,0,0,0,0,0,0,0,0,0,0,0,0,0,0,0,0,0,0,0,0
efinley,Eddie,Finley,LA,3,1,0,0,0,0,0,0,0,0,0,0,0,0,0,0,0,0,0,0,11,0,0,0,473,0,0,0,0,0,0,0
efinley,Eddie,Finley,LA,4,1,1,1,0,0,0,0,4,4,0,0,0,5,-5,74,0,0,13,7,3,1,0,0,1018,0,2,2,2,2,0,74
efinley,Eddie,Finley,LA,6,1,0,0,0,1,0,0,0,1,1,0,0,1,0,5,0,0,1,0,10,1,0,0,804,1,0,0,2,2,1,79
efinley,Eddie,Finley,LA,7,1,0,0,0,1,0,0,8,8,0,0,0,8,-3,14,0,0,3,0,13,5,0,0,1105,0,1,0,3,2,2,93
efinley,Eddie,Finley,LA,9,2,1,0,2,2,0,0,8,9,1,0,0,10,25,88,0,0,5,2,15,6,0,0,1274,1,2,1,5,3,4,181
efinley,Eddie,Finley,LA,11,1,0,0,0,1,0,0,1,2,1,0,0,1,-3,9,0,0,0,0,13,4,0,0,791,1,0,0,5,3,5,190
efinley,Eddie,Finley,LA,12,2,0,0,0,0,0,0,0,0,0,0,0,0,0,0,0,0,0,0,0,0,0,0,0,0,0,0,5,3,5,190
efinley,Eddie,Finley,LA,13,1,0,0,0,0,0,0,0,0,0,0,0,0,0,0,0,0,0,0,0,0,0,0,0,0,0,0,5,3,5,190
lfitzpatr,Langley,Fitzpatrick,SEA,2,1,0,0,0,0,0,0,0,0,0,0,0,0,0,0,0,0,0,0,0,0,0,0,0,0,0,0,0,0,0,0
lfitzpatr,Langley,Fitzpatrick,SEA,3,2,0,0,0,0,0,0,0,0,0,0,0,0,0,0,0,0,0,0,0,0,0,0,0,0,0,0,0,0,0,0
lfitzpatr,Langley,Fitzpatrick,SEA,4,1,0,0,1,4,0,0,8,8,0,0,0,5,13,17,0,0,0,0,9,2,0,0,780,0,4,0,4,0,4,17
lfitzpatr,Langley,Fitzpatrick,SEA,5,2,0,0,0,3,0,0,1,1,0,0,0,1,1,8,0,0,0,0,19,6,0,0,1290,0,3,0,7,0,7,25
lfitzpatr,Langley,Fitzpatrick,SEA,6,1,0,0,0,1,0,0,0,0,0,0,0,0,0,0,0,0,0,0,8,1,0,0,377,0,1,0,8,0,8,25
lfitzpatr,Langley,Fitzpatrick,SEA,7,1,4,3,1,2,0,0,6,6,0,0,0,9,29,224,0,0,1,1,16,9,0,0,1307,0,9,7,17,7,10,249
lfitzpatr,Langley,Fitzpatrick,SEA,9,1,2,0,0,3,0,0,7,8,1,0,0,10,-29,109,0,0,1,1,18,6,0,0,1152,1,4,2,21,9,13,358
lfitzpatr,Langley,Fitzpatrick,SEA,10,1,0,1,0,0,0,0,7,7,0,0,0,7,27,40,1,1,6,3,12,5,0,0,1341,0,1,1,22,10,13,398
lfitzpatr,Langley,Fitzpatrick,SEA,13,2,4,0,2,1,0,0,4,4,0,0,0,7,-18,211,0,0,0,0,14,7,0,0,939,0,5,4,27,14,14,609
bfleming,Bradley,Fleming,ATL,1,1,0,0,0,0,0,0,0,0,0,0,0,0,0,0,0,0,0,0,0,0,0,0,0,0,0,0,0,0,0,0
bfleming,Bradley,Fleming,ATL,3,2,0,0,0,0,0,0,0,0,0,0,0,0,0,0,0,0,0,0,0,0,0,0,0,0,0,0,0,0,0,0
bfleming,Bradley,Fleming,ATL,4,2,0,0,0,0,0,0,0,0,0,0,0,0,0,0,0,0,0,0,0,0,0,0,0,0,0,0,0,0,0,0
bfleming,Bradley,Fleming,ATL,5,1,0,0,0,0,0,0,0,0,0,0,0,0,0,0,0,0,0,0,0,0,0,0,0,0,0,0,0,0,0,0
bfleming,Bradley,Fleming,ATL,6,2,0,0,0,0,0,0,0,0,0,0,0,0,0,0,0,0,0,0,0,0,0,0,0,0,0,0,0,0,0,0
bfleming,Bradley,Fleming,ATL,7,1,0,0,0,0,0,0,0,0,0,0,0,0,0,0,0,0,0,0,0,0,0,0,0,0,0,0,0,0,0,0
bfleming,Bradley,Fleming,ATL,9,1,0,0,0,0,0,0,0,0,0,0,0,0,0,0,0,0,0,0,0,0,0,0,0,0,0,0,0,0,0,0
bfleming,Bradley,Fleming,ATL,10,1,0,0,0,0,0,0,0,0,0,0,0,0,0,0,0,0,0,0,0,0,0,0,0,0,0,0,0,0,0,0
bfleming,Bradley,Fleming,ATL,12,1,0,0,0,0,0,0,0,0,0,0,0,0,0,0,0,0,0,0,0,0,0,0,0,0,0,0,0,0,0,0
rflick,Ryan,Flick,ATL,1,1,0,0,0,0,0,0,0,0,0,0,0,0,0,0,0,0,0,0,0,0,0,0,0,0,0,0,0,0,0,0
rflick,Ryan,Flick,ATL,3,2,1,0,2,0,0,0,13,14,1,0,0,12,79,49,0,0,14,11,2,1,0,0,786,1,0,1,0,1,0,49
rflick,Ryan,Flick,ATL,4,2,0,0,2,0,0,0,18,18,0,0,0,14,136,22,0,0,13,9,0,0,0,0,1011,0,0,0,0,1,0,71
rflick,Ryan,Flick,ATL,5,1,0,0,2,0,0,0,21,21,0,0,0,15,258,-30,2,2,11,8,0,0,0,0,818,0,0,0,0,1,0,41
rflick,Ryan,Flick,ATL,6,2,0,4,1,0,0,0,70,70,0,0,1,61,340,52,0,0,29,19,1,1,0,0,2508,1,3,4,3,5,0,93
rflick,Ryan,Flick,ATL,7,1,2,0,1,0,0,1,26,28,2,0,0,21,231,77,0,0,16,10,0,0,0,0,1067,2,0,2,3,7,0,170
rflick,Ryan,Flick,ATL,9,1,0,0,0,0,0,0,0,0,0,0,0,0,0,0,0,0,0,0,0,0,0,0,0,0,0,0,3,7,0,170
rflick,Ryan,Flick,ATL,10,1,0,0,0,0,0,0,0,0,0,0,0,0,0,0,0,0,0,0,0,0,0,0,0,0,0,0,3,7,0,170
rflick,Ryan,Flick,ATL,12,1,0,0,0,0,0,0,0,0,0,0,0,0,0,0,0,0,0,0,0,0,0,0,0,0,0,0,3,7,0,170
tfong,Tomas,Fong,SD,2,2,0,0,0,0,0,0,2,2,0,0,2,2,4,10,0,0,0,0,11,5,0,0,781,2,-2,0,-2,0,0,10
tfong,Tomas,Fong,SD,3,1,0,0,0,0,0,0,0,0,0,0,0,0,0,0,0,0,0,0,0,0,0,0,0,0,0,0,-2,0,0,10
tfong,Tomas,Fong,SD,4,1,0,0,0,0,0,0,0,0,0,0,0,0,0,0,0,0,0,0,9,3,0,0,785,0,0,0,-2,0,0,10
tfong,Tomas,Fong,SD,5,2,0,0,0,0,0,0,0,0,0,0,1,0,0,0,0,0,0,0,18,2,0,0,1071,1,-1,0,-3,0,0,10
tfong,Tomas,Fong,SD,6,1,0,0,0,0,0,0,0,0,0,0,0,0,0,0,0,0,0,0,0,0,0,0,0,0,0,0,-3,0,0,10
tfong,Tomas,Fong,SD,7,1,0,0,0,0,0,0,0,0,0,0,0,0,0,0,0,0,0,0,0,0,0,0,0,0,0,0,-3,0,0,10
tfong,Tomas,Fong,SD,8,1,0,0,0,0,0,0,0,0,0,0,0,0,0,0,0,0,0,0,0,0,0,0,0,0,0,0,-3,0,0,10
tfong,Tomas,Fong,SD,10,1,0,0,0,0,0,0,0,0,0,0,0,0,0,0,0,0,0,0,0,0,0,0,0,0,0,0,-3,0,0,10
tfong,Tomas,Fong,SD,11,1,0,0,0,0,0,0,0,0,0,0,0,0,0,0,0,0,0,0,0,0,0,0,0,0,0,0,-3,0,0,10
tfong,Tomas,Fong,SD,13,1,0,0,0,0,0,0,0,0,0,0,0,0,0,0,0,0,0,0,0,0,0,0,0,0,0,0,-3,0,0,10
aforsberg,Alex,Forsberg,SLC,1,1,1,0,0,0,0,0,2,2,0,0,0,2,3,29,0,0,0,0,15,1,0,0,724,0,1,1,1,1,0,29
aforsberg,Alex,Forsberg,SLC,2,1,3,0,0,1,0,0,4,4,0,0,1,6,2,121,0,0,0,0,14,6,0,0,961,1,3,3,4,4,1,150
aforsberg,Alex,Forsberg,SLC,5,1,1,0,1,0,0,0,4,4,0,0,0,5,3,28,0,0,2,2,15,5,0,0,980,0,1,1,5,5,1,178
aforsberg,Alex,Forsberg,SLC,6,2,2,1,0,3,0,0,4,5,1,0,0,5,48,36,1,2,2,1,29,10,0,0,2211,1,5,3,10,8,4,214
aforsberg,Alex,Forsberg,SLC,7,1,0,0,0,3,0,0,1,1,0,0,0,0,11,0,0,0,0,0,14,3,0,0,713,0,3,0,13,8,7,214
aforsberg,Alex,Forsberg,SLC,8,1,0,0,0,0,0,0,0,0,0,0,0,0,0,0,0,0,0,0,0,0,0,0,0,0,0,0,13,8,7,214
aforsberg,Alex,Forsberg,SLC,10,1,0,1,0,0,0,0,2,2,0,0,0,2,-3,28,0,0,0,0,15,6,0,0,819,0,1,1,14,9,7,242
aforsberg,Alex,Forsberg,SLC,11,2,1,1,3,3,0,0,13,14,1,0,0,13,83,112,0,0,0,0,30,14,0,0,2228,1,4,2,18,11,10,354
aforsberg,Alex,Forsberg,SLC,12,1,4,0,0,1,0,0,1,1,0,0,0,4,6,103,0,0,0,0,14,5,0,0,924,0,5,4,23,15,11,457
aforsberg,Alex,Forsberg,SLC,13,1,2,0,0,2,0,0,2,4,0,0,0,3,1,71,0,0,0,0,14,4,0,0,720,0,4,2,27,17,13,528
efortin,Ethan,Fortin,BOS,1,1,0,0,0,0,0,0,0,0,0,0,0,0,0,0,0,0,0,0,0,0,0,0,0,0,0,0,0,0,0,0
efortin,Ethan,Fortin,BOS,3,1,0,1,0,0,0,0,19,19,0,0,0,18,91,3,0,0,0,0,13,6,1,0,1135,0,1,1,1,1,0,3
efortin,Ethan,Fortin,BOS,4,2,0,0,0,1,0,0,13,14,1,0,0,10,75,28,1,1,3,2,19,5,8,2,1799,1,0,0,1,1,1,31
efortin,Ethan,Fortin,BOS,7,1,0,0,1,0,0,0,10,10,0,0,0,9,26,12,0,0,1,1,11,3,8,1,882,0,0,0,1,1,1,43
efortin,Ethan,Fortin,BOS,8,2,0,0,0,3,0,0,12,13,1,0,0,11,89,26,0,0,2,1,19,3,14,3,1380,1,2,0,3,1,4,69
efortin,Ethan,Fortin,BOS,9,1,2,1,2,1,0,0,20,21,1,1,0,17,147,-27,0,1,1,0,12,6,2,0,1095,2,2,3,5,4,5,42
efortin,Ethan,Fortin,BOS,11,1,0,0,0,0,0,0,19,20,1,0,0,17,87,24,0,0,3,1,8,5,5,0,894,1,-1,0,4,4,5,66
efortin,Ethan,Fortin,BOS,12,2,0,1,0,0,0,0,19,19,0,0,0,16,76,6,0,0,4,3,16,2,6,0,1745,0,1,1,5,5,5,72
efortin,Ethan,Fortin,BOS,13,1,0,0,0,0,0,0,0,0,0,0,0,0,0,0,0,0,0,0,0,0,0,0,0,0,0,0,5,5,5,72
cfoster,Christian,Foster,SEA,2,1,0,1,3,0,0,0,34,36,1,0,0,21,360,38,3,4,20,16,0,0,0,0,1250,1,0,1,0,1,0,38
cfoster,Christian,Foster,SEA,3,2,2,7,4,1,0,0,54,59,5,0,0,39,656,158,6,6,43,29,6,3,2,0,2685,5,5,9,5,10,1,196
cfoster,Christian,Foster,SEA,4,1,0,0,0,0,0,0,0,0,0,0,0,0,0,0,0,0,0,0,0,0,0,0,0,0,0,0,5,10,1,196
cfoster,Christian,Foster,SEA,5,2,1,7,3,0,0,0,59,61,2,0,0,51,942,148,10,10,35,22,5,1,5,0,2187,2,6,8,11,18,1,344
cfoster,Christian,Foster,SEA,6,1,0,3,2,0,0,0,43,46,2,0,0,38,365,96,4,5,23,14,3,0,1,0,1524,2,1,3,12,21,1,440
cfoster,Christian,Foster,SEA,7,1,0,0,0,0,0,0,0,0,0,0,0,0,0,0,0,0,0,0,0,0,0,0,0,0,0,0,12,21,1,440
cfoster,Christian,Foster,SEA,9,1,0,1,2,0,0,0,21,22,1,0,0,20,94,-31,0,0,4,4,1,0,1,0,366,1,0,1,12,22,1,409
cfoster,Christian,Foster,SEA,10,1,0,2,1,0,0,0,29,33,4,1,0,27,338,116,3,6,21,9,3,1,3,0,1688,5,-3,2,9,24,1,525
cfoster,Christian,Foster,SEA,13,2,0,0,0,0,0,0,0,0,0,0,0,0,0,0,0,0,0,0,0,0,0,0,0,0,0,0,9,24,1,525
wfrankenb,Walker,Frankenberg,OAK,1,1,3,6,3,1,0,0,16,18,2,0,0,20,240,263,1,1,18,14,0,0,0,0,1061,2,8,9,8,9,1,263
wfrankenb,Walker,Frankenberg,OAK,2,2,6,10,5,1,0,0,54,59,5,0,0,62,498,670,1,1,39,32,0,0,0,0,2603,5,12,16,20,25,2,933
wfrankenb,Walker,Frankenberg,OAK,3,1,4,3,3,0,0,0,34,37,3,0,0,41,275,324,1,2,26,22,0,0,0,0,1306,3,4,7,24,32,2,1257
wfrankenb,Walker,Frankenberg,OAK,5,1,6,0,4,0,0,0,25,27,2,0,0,33,172,308,0,0,19,16,0,0,0,0,1411,2,4,6,28,38,2,1565
wfrankenb,Walker,Frankenberg,OAK,6,1,3,3,3,0,0,0,28,31,3,0,0,33,352,359,2,2,26,17,0,0,0,0,1271,3,3,6,31,44,2,1924
wfrankenb,Walker,Frankenberg,OAK,7,1,4,2,5,0,0,0,35,39,3,0,0,44,174,461,0,0,26,18,0,0,0,0,1422,3,3,6,34,50,2,2385
wfrankenb,Walker,Frankenberg,OAK,8,1,0,0,0,0,0,0,0,0,0,0,0,0,0,0,0,0,0,0,0,0,0,0,0,0,0,0,34,50,2,2385
wfrankenb,Walker,Frankenberg,OAK,9,1,3,3,2,0,0,0,32,32,0,0,0,35,191,256,0,0,12,12,0,0,0,0,631,0,6,6,40,56,2,2641
wfrankenb,Walker,Frankenberg,OAK,10,2,9,12,4,2,0,0,68,70,2,0,0,79,554,815,2,2,46,34,0,0,0,0,2883,2,21,21,61,77,4,3456
wfrankenb,Walker,Frankenberg,OAK,13,1,0,0,0,0,0,0,0,0,0,0,0,0,0,0,0,0,0,0,0,0,0,0,0,0,0,0,61,77,4,3456
jfranklin,James,Franklin,LA,2,2,2,6,5,0,0,0,38,45,7,0,0,47,269,470,2,4,42,21,3,0,0,0,3113,7,1,8,1,8,0,470
jfranklin,James,Franklin,LA,3,1,6,3,1,0,0,0,20,20,0,0,0,26,169,332,3,3,25,17,3,1,0,0,1414,0,9,9,10,17,0,802
jfranklin,James,Franklin,LA,4,1,2,5,0,0,0,0,22,23,1,0,0,25,195,268,3,3,21,14,2,0,0,0,1720,1,6,7,16,24,0,1070
jfranklin,James,Franklin,LA,6,1,3,4,2,0,0,0,25,26,1,0,0,29,125,394,1,1,23,17,0,0,0,0,1630,1,6,7,22,31,0,1464
jfranklin,James,Franklin,LA,7,1,3,2,2,0,0,0,13,15,2,0,0,18,103,165,0,0,18,9,2,0,0,0,1418,2,3,5,25,36,0,1629
jfranklin,James,Franklin,LA,9,2,10,4,2,0,0,0,29,35,6,0,1,45,252,600,2,5,41,24,1,0,0,0,2321,7,7,14,32,50,0,2229
jfranklin,James,Franklin,LA,11,1,1,3,1,0,0,0,17,19,2,0,0,20,193,221,2,4,19,12,1,0,0,0,1143,2,2,4,34,54,0,2450
jfranklin,James,Franklin,LA,12,2,0,0,0,0,0,0,0,0,0,0,0,0,0,0,0,0,0,0,0,0,0,0,0,0,0,0,34,54,0,2450
jfranklin,James,Franklin,LA,13,1,0,0,0,0,0,0,0,0,0,0,0,0,0,0,0,0,0,0,0,0,0,0,0,0,0,0,34,54,0,2450
mfredrick,Matthew,Fredrickson,SLC,1,1,0,0,0,0,0,0,0,0,0,0,0,0,0,0,0,0,0,0,0,0,0,0,0,0,0,0,0,0,0,0
mfredrick,Matthew,Fredrickson,SLC,2,1,1,0,0,0,0,0,1,1,0,0,0,2,0,51,0,0,0,0,13,5,0,0,1145,0,1,1,1,1,0,51
mfredrick,Matthew,Fredrickson,SLC,5,1,0,0,0,0,0,0,0,0,0,0,0,0,0,0,0,0,0,0,0,0,0,0,0,0,0,0,1,1,0,51
mfredrick,Matthew,Fredrickson,SLC,6,2,0,0,0,0,0,0,0,0,0,0,0,0,0,0,0,0,0,0,0,0,0,0,0,0,0,0,1,1,0,51
mfredrick,Matthew,Fredrickson,SLC,7,1,0,0,0,0,0,0,0,0,0,0,0,0,0,0,0,0,0,0,0,0,0,0,0,0,0,0,1,1,0,51
mfredrick,Matthew,Fredrickson,SLC,8,1,1,0,0,1,0,0,0,0,0,0,0,1,0,15,0,0,0,0,16,6,0,0,878,0,2,1,3,2,1,66
mfredrick,Matthew,Fredrickson,SLC,10,1,0,0,0,0,0,0,0,0,0,0,0,0,0,0,0,0,0,0,0,0,0,0,0,0,0,0,3,2,1,66
mfredrick,Matthew,Fredrickson,SLC,11,2,0,0,0,0,0,0,0,0,0,0,0,0,0,0,0,0,0,0,0,0,0,0,0,0,0,0,3,2,1,66
mfredrick,Matthew,Fredrickson,SLC,12,1,0,0,0,0,0,0,0,0,0,0,0,0,0,0,0,0,0,0,0,0,0,0,0,0,0,0,3,2,1,66
mfredrick,Matthew,Fredrickson,SLC,13,1,0,0,0,0,0,0,0,0,0,0,0,0,0,0,0,0,0,0,0,0,0,0,0,0,0,0,3,2,1,66
kfroebe,Kaden,Froebe,SLC,1,1,0,0,0,0,0,0,0,0,0,0,0,0,0,0,0,0,0,0,7,1,0,0,552,0,0,0,0,0,0,0
kfroebe,Kaden,Froebe,SLC,2,1,1,0,0,0,0,0,2,3,0,0,0,4,-9,46,0,0,5,3,9,2,0,0,1348,0,1,1,1,1,0,46
kfroebe,Kaden,Froebe,SLC,5,1,1,0,0,1,0,0,0,0,0,0,0,1,0,13,0,0,3,2,12,6,0,0,1052,0,2,1,3,2,1,59
kfroebe,Kaden,Froebe,SLC,6,2,0,0,0,0,0,0,0,0,0,0,0,0,0,0,0,0,0,0,0,0,0,0,0,0,0,0,3,2,1,59
kfroebe,Kaden,Froebe,SLC,7,1,0,0,0,1,0,0,1,1,0,0,0,0,0,0,0,0,0,0,13,2,0,0,828,0,1,0,4,2,2,59
kfroebe,Kaden,Froebe,SLC,8,1,3,0,1,1,0,0,2,2,0,0,0,4,10,87,0,0,0,0,16,6,0,0,981,0,4,3,8,5,3,146
kfroebe,Kaden,Froebe,SLC,10,1,0,0,0,0,0,0,0,0,0,0,0,0,0,0,0,0,0,0,0,0,0,0,0,0,0,0,8,5,3,146
kfroebe,Kaden,Froebe,SLC,11,2,0,0,0,0,0,0,0,0,0,0,0,0,0,0,0,0,0,0,0,0,0,0,0,0,0,0,8,5,3,146
kfroebe,Kaden,Froebe,SLC,12,1,0,0,0,0,0,0,0,0,0,0,0,0,0,0,0,0,0,0,0,0,0,0,0,0,0,0,8,5,3,146
kfroebe,Kaden,Froebe,SLC,13,1,0,0,0,0,0,0,0,0,0,0,0,0,0,0,0,0,0,0,0,0,0,0,0,0,0,0,8,5,3,146
dfrongill,David,Frongillo,LV,1,1,0,0,0,0,0,0,0,0,0,0,0,0,0,0,0,0,0,0,0,0,0,0,0,0,0,0,0,0,0,0
dfrongill,David,Frongillo,LV,2,1,0,0,0,0,0,0,0,0,0,0,0,0,0,0,0,0,0,0,0,0,0,0,0,0,0,0,0,0,0,0
dfrongill,David,Frongillo,LV,3,1,0,0,0,0,0,0,0,0,0,0,0,0,0,0,0,0,0,0,0,0,0,0,0,0,0,0,0,0,0,0
dfrongill,David,Frongillo,LV,5,1,0,0,0,0,0,0,0,0,0,0,0,0,0,0,0,0,0,0,0,0,0,0,0,0,0,0,0,0,0,0
dfrongill,David,Frongillo,LV,7,2,0,0,0,0,0,0,0,0,0,0,0,0,0,0,0,0,0,0,0,0,0,0,0,0,0,0,0,0,0,0
dfrongill,David,Frongillo,LV,8,1,0,0,0,0,0,0,0,0,0,0,0,0,0,0,0,0,0,0,0,0,0,0,0,0,0,0,0,0,0,0
dfrongill,David,Frongillo,LV,9,2,0,0,0,0,0,0,0,0,0,0,0,0,0,0,0,0,0,0,0,0,0,0,0,0,0,0,0,0,0,0
dfrongill,David,Frongillo,LV,11,1,0,0,0,0,0,0,0,0,0,0,0,0,0,0,0,0,0,0,0,0,0,0,0,0,0,0,0,0,0,0
dfrongill,David,Frongillo,LV,12,1,0,1,0,0,0,0,1,2,1,0,0,2,4,21,0,0,0,0,10,2,0,0,719,1,0,1,0,1,0,21
dfrongill,David,Frongillo,LV,13,1,0,0,0,0,0,0,0,0,0,0,0,0,0,0,0,0,0,0,0,0,0,0,0,0,0,0,0,1,0,21
jfroude,Jay,Froude,COL,1,1,3,1,1,0,0,0,10,11,1,0,1,14,36,230,0,0,14,12,1,0,0,0,1330,2,2,4,2,4,0,230
jfroude,Jay,Froude,COL,4,2,3,0,0,0,0,0,12,12,0,0,1,15,82,218,1,1,35,19,0,0,0,0,2918,1,2,3,4,7,0,448
jfroude,Jay,Froude,COL,5,1,3,0,0,1,0,0,9,9,0,0,0,12,93,114,0,0,16,13,0,0,0,0,955,0,4,3,8,10,1,562
jfroude,Jay,Froude,COL,6,1,0,0,0,1,0,0,5,5,0,0,0,6,3,38,0,0,1,0,16,2,0,0,876,0,1,0,9,10,2,600
jfroude,Jay,Froude,COL,9,1,1,0,3,0,0,0,11,12,1,0,0,10,63,94,0,1,1,0,14,8,0,0,912,1,0,1,9,11,2,694
jfroude,Jay,Froude,COL,10,2,1,2,0,0,0,0,19,21,1,0,1,24,72,144,0,0,9,4,28,11,0,0,2689,2,1,3,10,14,2,838
jfroude,Jay,Froude,COL,11,1,0,0,0,0,0,0,3,4,1,0,0,3,8,20,0,0,4,1,11,1,0,0,699,1,-1,0,9,14,2,858
jfroude,Jay,Froude,COL,12,2,1,2,3,2,0,0,14,14,0,0,0,14,89,96,0,0,3,1,29,13,0,0,1625,0,5,3,14,17,4,954
jfroude,Jay,Froude,COL,13,1,0,0,0,0,0,0,0,0,0,0,0,0,0,0,0,0,0,0,0,0,0,0,0,0,0,0,14,17,4,954
nfurrh,Noah,Furrh,ATX,1,1,0,0,0,0,0,0,0,0,0,0,0,0,0,0,0,0,0,0,0,0,0,0,0,0,0,0,0,0,0,0
nfurrh,Noah,Furrh,ATX,2,1,0,0,0,0,0,0,0,0,0,0,0,0,0,0,0,0,0,0,0,0,0,0,0,0,0,0,0,0,0,0
nfurrh,Noah,Furrh,ATX,3,1,0,0,0,0,0,0,0,0,0,0,0,0,0,0,0,0,0,0,0,0,0,0,0,0,0,0,0,0,0,0
nfurrh,Noah,Furrh,ATX,4,1,0,0,0,0,0,0,0,0,0,0,0,0,0,0,0,0,0,0,0,0,0,0,0,0,0,0,0,0,0,0
nfurrh,Noah,Furrh,ATX,7,2,0,0,0,0,0,0,0,0,0,0,0,0,0,0,0,0,0,0,0,0,0,0,0,0,0,0,0,0,0,0
nfurrh,Noah,Furrh,ATX,8,1,0,0,0,0,0,0,0,0,0,0,0,0,0,0,0,0,0,0,0,0,0,0,0,0,0,0,0,0,0,0
nfurrh,Noah,Furrh,ATX,10,2,0,0,0,1,0,0,1,2,1,0,0,2,-10,25,0,0,3,0,20,2,0,0,1299,1,0,0,0,0,1,25
nfurrh,Noah,Furrh,ATX,11,1,2,0,0,1,0,0,2,2,0,0,0,4,20,48,0,0,0,0,16,5,0,0,1080,0,3,2,3,2,2,73
nfurrh,Noah,Furrh,ATX,12,1,0,0,0,1,0,0,3,4,1,0,0,3,31,26,0,0,0,0,12,5,0,0,864,1,0,0,3,2,3,99
nfurrh,Noah,Furrh,ATX,13,1,0,0,0,1,0,0,0,0,0,0,0,1,0,16,0,0,0,0,11,1,0,0,617,0,1,0,4,2,4,115
xfuzat,Xavier,Fuzat,HTX,1,1,0,0,0,0,0,0,0,0,0,0,0,0,0,0,0,0,0,0,0,0,0,0,0,0,0,0,0,0,0,0
xfuzat,Xavier,Fuzat,HTX,2,1,0,0,0,0,0,0,0,0,0,0,0,0,0,0,0,0,0,0,0,0,0,0,0,0,0,0,0,0,0,0
xfuzat,Xavier,Fuzat,HTX,3,1,0,0,0,0,0,0,0,0,0,0,0,0,0,0,0,0,0,0,0,0,0,0,0,0,0,0,0,0,0,0
xfuzat,Xavier,Fuzat,HTX,4,1,0,0,0,0,0,0,0,0,0,0,0,0,0,0,0,0,0,0,0,0,0,0,0,0,0,0,0,0,0,0
xfuzat,Xavier,Fuzat,HTX,6,2,4,3,4,3,0,0,51,54,2,0,1,57,120,431,0,1,34,19,13,4,0,0,3554,3,7,7,7,7,3,431
xfuzat,Xavier,Fuzat,HTX,8,1,0,0,0,0,0,0,0,0,0,0,0,0,0,0,0,0,0,0,0,0,0,0,0,0,0,0,7,7,3,431
xfuzat,Xavier,Fuzat,HTX,9,2,0,0,0,0,0,0,0,0,0,0,0,0,0,0,0,0,0,0,0,0,0,0,0,0,0,0,7,7,3,431
xfuzat,Xavier,Fuzat,HTX,11,1,4,3,2,0,0,0,15,15,0,0,0,19,134,243,1,1,21,15,4,0,0,0,1386,0,7,7,14,14,3,674
xfuzat,Xavier,Fuzat,HTX,12,1,0,0,0,0,0,0,0,0,0,0,0,0,0,0,0,0,0,0,0,0,0,0,0,0,0,0,14,14,3,674
xfuzat,Xavier,Fuzat,HTX,13,1,0,0,0,0,0,0,0,0,0,0,0,0,0,0,0,0,0,0,0,0,0,0,0,0,0,0,14,14,3,674
jgabella,Joshua,Gabella,IND,2,1,1,1,1,0,0,0,14,14,0,0,0,8,141,35,1,1,10,8,6,1,0,0,751,0,2,2,2,2,0,35
jgabella,Joshua,Gabella,IND,3,1,0,0,0,0,0,0,13,14,1,0,0,11,52,50,0,0,10,3,8,0,0,0,933,1,-1,0,1,2,0,85
jgabella,Joshua,Gabella,IND,5,1,0,0,0,0,0,0,0,0,0,0,0,0,0,0,0,0,0,0,0,0,0,0,0,0,0,0,1,2,0,85
jgabella,Joshua,Gabella,IND,6,1,0,0,0,0,0,0,8,8,0,0,0,8,48,71,0,0,6,3,5,1,0,0,778,0,0,0,1,2,0,156
jgabella,Joshua,Gabella,IND,7,1,2,1,0,0,0,0,18,20,2,0,0,21,44,104,0,0,15,10,0,0,0,0,1173,2,1,3,2,5,0,260
jgabella,Joshua,Gabella,IND,8,1,0,0,1,0,0,0,2,2,0,0,0,2,19,40,0,0,6,1,10,0,0,0,705,0,0,0,2,5,0,300
jgabella,Joshua,Gabella,IND,9,1,0,1,0,1,0,0,10,12,2,0,0,8,56,44,0,0,8,1,8,2,0,0,1113,2,0,1,2,6,1,344
jgabella,Joshua,Gabella,IND,10,2,0,0,0,0,0,0,0,0,0,0,0,0,0,0,0,0,0,0,0,0,0,0,0,0,0,0,2,6,1,344
jgabella,Joshua,Gabella,IND,11,1,0,0,0,0,0,0,0,0,0,0,0,0,0,0,0,0,0,0,0,0,0,0,0,0,0,0,2,6,1,344
jgabella,Joshua,Gabella,IND,12,1,0,0,0,0,0,0,0,0,0,0,0,0,0,0,0,0,0,0,0,0,0,0,0,0,0,0,2,6,1,344
jgabella,Joshua,Gabella,IND,13,1,0,0,0,0,0,0,0,0,0,0,0,0,0,0,0,0,0,0,0,0,0,0,0,0,0,0,2,6,1,344
ngagnon,Nicolas,Gagnon,MTL,1,1,0,0,0,0,0,0,0,0,0,0,0,0,0,0,0,0,0,0,0,0,0,0,0,0,0,0,0,0,0,0
ngagnon,Nicolas,Gagnon,MTL,3,2,0,0,0,0,0,0,0,0,0,0,1,0,0,0,0,0,0,0,7,0,0,0,554,1,-1,0,-1,0,0,0
ngagnon,Nicolas,Gagnon,MTL,4,1,0,0,0,0,0,0,0,0,0,0,0,0,0,0,0,0,0,0,0,0,0,0,0,0,0,0,-1,0,0,0
ngagnon,Nicolas,Gagnon,MTL,6,1,0,0,0,0,0,0,0,0,0,0,0,0,0,0,0,0,0,0,0,0,0,0,0,0,0,0,-1,0,0,0
ngagnon,Nicolas,Gagnon,MTL,7,2,0,0,0,1,0,0,2,2,0,0,0,2,6,8,0,0,3,1,11,2,0,0,899,0,1,0,0,0,1,8
ngagnon,Nicolas,Gagnon,MTL,8,1,0,0,0,0,0,0,0,1,1,0,0,1,0,13,0,0,0,0,8,0,0,0,595,1,-1,0,-1,0,1,21
ngagnon,Nicolas,Gagnon,MTL,10,2,0,0,2,0,0,0,5,5,0,0,0,5,17,64,0,0,3,0,19,5,0,0,1480,0,0,0,-1,0,1,85
ngagnon,Nicolas,Gagnon,MTL,11,1,1,0,0,0,0,0,1,1,0,0,0,2,3,51,0,0,0,0,8,2,0,0,972,0,1,1,0,1,1,136
ngagnon,Nicolas,Gagnon,MTL,13,1,0,0,0,0,0,0,0,0,0,0,0,0,0,0,0,0,0,0,0,0,0,0,0,0,0,0,0,1,1,136
pgagnon,Philippe,Gagnon,MTL,1,1,0,0,0,1,0,0,1,1,0,0,1,1,5,2,0,0,1,0,11,2,0,0,707,1,0,0,0,0,1,2
pgagnon,Philippe,Gagnon,MTL,3,2,0,0,0,0,0,0,0,0,0,0,0,0,0,0,0,0,0,0,0,0,0,0,0,0,0,0,0,0,1,2
pgagnon,Philippe,Gagnon,MTL,4,1,0,0,0,0,0,0,0,1,1,0,0,1,0,13,0,0,0,0,10,0,0,0,783,1,-1,0,-1,0,1,15
pgagnon,Philippe,Gagnon,MTL,6,1,0,0,0,0,0,0,0,0,0,0,0,0,0,0,0,0,0,0,0,0,0,0,0,0,0,0,-1,0,1,15
pgagnon,Philippe,Gagnon,MTL,7,2,0,0,1,2,0,0,9,9,0,0,0,9,42,48,0,0,2,1,27,8,0,0,2294,0,2,0,1,0,3,63
pgagnon,Philippe,Gagnon,MTL,8,1,0,0,0,0,0,0,0,0,0,0,0,0,0,0,0,0,0,0,0,0,0,0,0,0,0,0,1,0,3,63
pgagnon,Philippe,Gagnon,MTL,10,2,0,0,0,0,0,0,0,0,0,0,0,0,0,0,0,0,0,0,0,0,0,0,0,0,0,0,1,0,3,63
pgagnon,Philippe,Gagnon,MTL,11,1,0,0,0,1,0,0,1,1,0,0,0,1,3,9,0,0,0,0,11,2,0,0,1060,0,1,0,2,0,4,72
pgagnon,Philippe,Gagnon,MTL,13,1,0,0,0,0,0,0,0,0,0,0,0,0,0,0,0,0,0,0,0,0,0,0,0,0,0,0,2,0,4,72
tgaither,Terry,Gaither,DET,3,1,0,0,0,0,0,0,0,0,0,0,0,0,0,0,0,0,1,0,15,2,0,0,1162,0,0,0,0,0,0,0
tgaither,Terry,Gaither,DET,5,1,2,0,0,0,0,0,0,0,0,0,0,2,0,25,0,0,2,1,11,2,0,0,921,0,2,2,2,2,0,25
tgaither,Terry,Gaither,DET,7,1,3,0,0,0,0,0,4,4,0,0,0,7,18,94,0,0,5,2,10,4,0,0,1359,0,3,3,5,5,0,119
tgaither,Terry,Gaither,DET,8,1,0,0,0,0,0,0,1,1,0,0,0,1,2,14,0,0,7,2,10,2,0,0,987,0,0,0,5,5,0,133
tgaither,Terry,Gaither,DET,9,2,0,0,0,0,0,0,1,2,1,0,0,2,-4,6,0,0,3,0,9,0,0,0,821,1,-1,0,4,5,0,139
tgaither,Terry,Gaither,DET,10,2,0,0,0,0,0,0,0,0,0,0,0,0,0,0,0,0,0,0,0,0,0,0,0,0,0,0,4,5,0,139
tgaither,Terry,Gaither,DET,11,1,0,0,0,0,0,0,0,0,0,0,0,0,0,0,0,0,0,0,0,0,0,0,0,0,0,0,4,5,0,139
tgaither,Terry,Gaither,DET,12,1,0,0,0,1,0,0,1,1,0,0,0,1,-5,9,0,0,2,1,16,2,0,0,1271,0,1,0,5,5,1,148
tgaither,Terry,Gaither,DET,13,2,0,1,0,1,0,0,7,7,0,0,1,8,1,71,0,0,19,4,14,2,0,0,1577,1,1,1,6,6,2,219
mgaleanor,Mauricio,Galeano Rios,DET,3,1,0,0,0,0,0,0,0,0,0,0,0,0,0,0,0,0,0,0,0,0,0,0,0,0,0,0,0,0,0,0
mgaleanor,Mauricio,Galeano Rios,DET,5,1,0,0,0,0,0,0,0,0,0,0,0,0,0,0,0,0,0,0,0,0,0,0,0,0,0,0,0,0,0,0
mgaleanor,Mauricio,Galeano Rios,DET,7,1,0,0,0,0,0,0,0,0,0,0,0,0,0,0,0,0,0,0,0,0,0,0,0,0,0,0,0,0,0,0
mgaleanor,Mauricio,Galeano Rios,DET,8,1,0,0,0,0,0,0,0,0,0,0,0,0,0,0,0,0,0,0,0,0,0,0,0,0,0,0,0,0,0,0
mgaleanor,Mauricio,Galeano Rios,DET,9,2,0,0,0,0,0,0,0,0,0,0,0,0,0,0,0,0,0,0,0,0,0,0,0,0,0,0,0,0,0,0
mgaleanor,Mauricio,Galeano Rios,DET,10,2,0,0,0,0,0,0,0,0,0,0,0,0,0,0,0,0,0,0,0,0,0,0,0,0,0,0,0,0,0,0
mgaleanor,Mauricio,Galeano Rios,DET,11,1,0,0,0,0,0,0,0,0,0,0,0,0,0,0,0,0,0,0,0,0,0,0,0,0,0,0,0,0,0,0
mgaleanor,Mauricio,Galeano Rios,DET,12,1,0,0,0,0,0,0,0,0,0,0,0,0,0,0,0,0,0,0,0,0,0,0,0,0,0,0,0,0,0,0
mgaleanor,Mauricio,Galeano Rios,DET,13,2,0,0,0,0,0,0,0,0,0,0,0,0,0,0,0,0,0,0,0,0,0,0,0,0,0,0,0,0,0,0
mgallant,Martin,Gallant,TOR,2,2,5,6,4,1,0,0,57,63,6,0,0,56,461,419,1,2,36,24,5,0,0,0,3091,6,6,11,6,11,1,419
mgallant,Martin,Gallant,TOR,3,1,0,0,0,0,0,0,0,0,0,0,0,0,0,0,0,0,0,0,0,0,0,0,0,0,0,0,6,11,1,419
mgallant,Martin,Gallant,TOR,6,2,9,3,4,1,0,0,52,56,4,1,0,50,392,338,1,1,42,31,3,0,0,0,2500,5,8,12,14,23,2,757
mgallant,Martin,Gallant,TOR,7,1,0,0,0,0,0,0,0,0,0,0,0,0,0,0,0,0,0,0,0,0,0,0,0,0,0,0,14,23,2,757
mgallant,Martin,Gallant,TOR,8,1,0,0,0,0,0,0,0,0,0,0,0,0,0,0,0,0,0,0,0,0,0,0,0,0,0,0,14,23,2,757
mgallant,Martin,Gallant,TOR,9,2,0,0,0,0,0,0,0,0,0,0,0,0,0,0,0,0,0,0,0,0,0,0,0,0,0,0,14,23,2,757
mgallant,Martin,Gallant,TOR,10,1,0,0,0,0,0,0,0,0,0,0,0,0,0,0,0,0,0,0,0,0,0,0,0,0,0,0,14,23,2,757
mgallant,Martin,Gallant,TOR,11,1,0,0,0,0,0,0,0,0,0,0,0,0,0,0,0,0,0,0,0,0,0,0,0,0,0,0,14,23,2,757
mgallant,Martin,Gallant,TOR,13,1,0,0,0,0,0,0,0,0,0,0,0,0,0,0,0,0,0,0,0,0,0,0,0,0,0,0,14,23,2,757
jgalle,Jack,Galle,IND,2,1,1,0,0,0,0,0,2,2,0,0,0,3,-6,18,0,0,1,0,18,2,0,0,861,0,1,1,1,1,0,18
jgalle,Jack,Galle,IND,3,1,0,0,0,0,0,0,0,0,0,0,0,0,0,0,0,0,0,0,0,0,0,0,0,0,0,0,1,1,0,18
jgalle,Jack,Galle,IND,5,1,2,0,0,1,0,0,11,12,1,0,0,13,74,100,0,0,7,4,16,7,0,0,2179,1,2,2,3,3,1,118
jgalle,Jack,Galle,IND,6,1,1,0,1,2,0,0,19,19,0,0,0,16,99,123,0,0,19,5,3,0,0,0,1630,0,3,1,6,4,3,241
jgalle,Jack,Galle,IND,7,1,0,0,0,0,0,0,0,0,0,0,0,0,0,0,0,0,0,0,0,0,0,0,0,0,0,0,6,4,3,241
jgalle,Jack,Galle,IND,8,1,0,0,0,0,0,0,0,0,0,0,0,0,0,0,0,0,0,0,0,0,0,0,0,0,0,0,6,4,3,241
jgalle,Jack,Galle,IND,9,1,2,1,1,2,0,0,13,14,1,0,1,16,110,98,1,1,22,10,1,0,0,0,1486,2,3,3,9,7,5,339
jgalle,Jack,Galle,IND,10,2,2,0,1,1,0,0,12,13,1,0,0,15,32,278,0,0,12,5,10,2,0,0,1279,1,2,2,11,9,6,617
jgalle,Jack,Galle,IND,11,1,3,0,0,1,0,0,12,13,1,0,1,14,-16,131,0,0,19,5,4,1,0,0,1386,2,2,3,13,12,7,748
jgalle,Jack,Galle,IND,12,1,3,3,1,1,0,0,38,39,1,0,1,37,3,418,0,0,20,17,1,0,0,0,1484,2,5,6,18,18,8,1166
jgalle,Jack,Galle,IND,13,1,5,1,1,0,0,0,15,16,1,0,0,21,18,174,0,0,17,13,3,1,0,0,1328,1,5,6,23,24,8,1340
ogamache,Olivier,Gamache,MTL,1,1,0,0,0,0,0,0,0,0,0,0,0,0,0,0,0,0,0,0,0,0,0,0,0,0,0,0,0,0,0,0
ogamache,Olivier,Gamache,MTL,3,2,0,0,0,0,0,0,0,0,0,0,0,0,0,0,0,0,0,0,0,0,0,0,0,0,0,0,0,0,0,0
ogamache,Olivier,Gamache,MTL,4,1,0,0,0,0,0,0,0,0,0,0,0,0,0,0,0,0,0,0,0,0,0,0,0,0,0,0,0,0,0,0
ogamache,Olivier,Gamache,MTL,6,1,0,0,0,0,0,0,0,0,0,0,0,0,0,0,0,0,0,0,0,0,0,0,0,0,0,0,0,0,0,0
ogamache,Olivier,Gamache,MTL,7,2,0,0,0,0,0,0,0,0,0,0,0,0,0,0,0,0,0,0,0,0,0,0,0,0,0,0,0,0,0,0
ogamache,Olivier,Gamache,MTL,8,1,0,0,0,0,0,0,0,0,0,0,0,0,0,0,0,0,0,0,0,0,0,0,0,0,0,0,0,0,0,0
ogamache,Olivier,Gamache,MTL,10,2,1,0,0,0,0,0,4,4,0,0,0,5,3,62,0,0,1,0,18,5,0,0,1320,0,1,1,1,1,0,62
ogamache,Olivier,Gamache,MTL,11,1,0,0,0,0,0,0,0,0,0,0,0,0,0,0,0,0,0,0,0,0,0,0,0,0,0,0,1,1,0,62
ogamache,Olivier,Gamache,MTL,13,1,0,0,0,0,0,0,0,0,0,0,0,0,0,0,0,0,0,0,0,0,0,0,0,0,0,0,1,1,0,62
jgao,Jeff,Gao,CHI,4,1,0,0,0,0,0,0,0,0,0,0,0,0,0,0,0,0,0,0,0,0,0,0,0,0,0,0,0,0,0,0
jgao,Jeff,Gao,CHI,6,1,0,0,0,1,0,0,4,4,0,0,0,4,11,42,0,0,0,0,17,6,0,0,1318,0,1,0,1,0,1,42
jgao,Jeff,Gao,CHI,7,1,1,0,1,0,0,0,17,17,0,0,0,17,45,-13,0,0,0,0,15,5,0,0,976,0,1,1,2,1,1,29
jgao,Jeff,Gao,CHI,8,1,3,1,1,0,0,0,13,13,0,0,0,16,112,117,0,0,0,0,15,7,0,0,1170,0,4,4,6,5,1,146
jgao,Jeff,Gao,CHI,9,2,1,2,1,1,0,0,15,15,0,0,0,16,49,64,0,0,0,0,25,15,0,0,1951,0,4,3,10,8,2,210
jgao,Jeff,Gao,CHI,10,2,0,0,0,0,0,0,0,0,0,0,0,0,0,0,0,0,0,0,0,0,0,0,0,0,0,0,10,8,2,210
jgao,Jeff,Gao,CHI,11,2,1,1,2,0,0,0,6,6,0,0,0,8,48,47,0,0,0,0,13,7,0,0,866,0,2,2,12,10,2,257
jgao,Jeff,Gao,CHI,13,2,2,1,1,1,0,0,8,8,0,0,0,9,26,80,0,0,0,0,16,4,0,0,1193,0,4,3,16,13,3,337
hgarcia,Henry,Garcia,OAK,1,1,0,0,0,0,0,0,0,0,0,0,0,0,0,0,0,0,0,0,0,0,0,0,0,0,0,0,0,0,0,0
hgarcia,Henry,Garcia,OAK,2,2,0,0,0,0,0,0,0,0,0,0,0,0,0,0,0,0,0,0,0,0,0,0,0,0,0,0,0,0,0,0
hgarcia,Henry,Garcia,OAK,3,1,0,0,0,0,0,0,0,0,0,0,0,0,0,0,0,0,0,0,0,0,0,0,0,0,0,0,0,0,0,0
hgarcia,Henry,Garcia,OAK,5,1,0,1,0,0,0,0,5,6,1,0,0,6,74,34,1,1,1,0,13,3,0,0,1128,1,0,1,0,1,0,34
hgarcia,Henry,Garcia,OAK,6,1,0,0,2,0,0,0,7,7,0,0,0,4,18,-6,0,0,3,1,15,3,0,0,1300,0,0,0,0,1,0,28
hgarcia,Henry,Garcia,OAK,7,1,0,0,0,0,0,0,0,0,0,0,0,0,0,0,0,0,0,0,0,0,0,0,0,0,0,0,0,1,0,28
hgarcia,Henry,Garcia,OAK,8,1,1,0,1,0,0,0,11,12,1,0,0,13,68,3,0,1,0,0,15,9,0,0,1215,1,0,1,0,2,0,31
hgarcia,Henry,Garcia,OAK,9,1,1,2,0,1,0,0,19,20,1,0,0,21,18,30,0,0,0,0,18,10,0,0,939,1,3,3,3,5,1,61
hgarcia,Henry,Garcia,OAK,10,2,0,0,2,0,0,0,15,16,1,0,0,15,158,-33,1,1,4,2,30,9,0,0,2142,1,-1,0,2,5,1,28
hgarcia,Henry,Garcia,OAK,13,1,0,0,0,0,0,0,0,0,0,0,0,0,0,0,0,0,0,0,0,0,0,0,0,0,0,0,2,5,1,28
qgarner,Quinn,Garner,DET,3,1,1,0,2,1,0,0,31,35,3,0,0,21,252,67,1,2,22,13,0,0,0,0,1373,3,-1,1,-1,1,1,67
qgarner,Quinn,Garner,DET,5,1,0,0,0,1,0,0,4,5,1,0,0,3,-22,17,0,0,1,0,12,2,0,0,1167,1,0,0,-1,1,2,84
qgarner,Quinn,Garner,DET,7,1,0,1,0,0,0,0,9,11,2,0,0,9,40,39,0,0,3,1,14,3,0,0,1197,2,-1,1,-2,2,2,123
qgarner,Quinn,Garner,DET,8,1,0,0,0,0,0,0,0,0,0,0,0,0,0,0,0,0,0,0,0,0,0,0,0,0,0,0,-2,2,2,123
qgarner,Quinn,Garner,DET,9,2,1,2,1,1,0,0,16,19,1,0,0,14,168,76,0,1,6,2,25,5,1,1,2383,1,3,3,1,5,3,199
qgarner,Quinn,Garner,DET,10,2,1,2,0,0,0,0,25,29,3,0,0,25,207,6,0,0,10,4,24,3,0,0,2088,3,0,3,1,8,3,205
qgarner,Quinn,Garner,DET,11,1,0,1,2,0,0,0,16,17,1,0,0,13,154,16,1,1,5,2,12,3,0,0,1103,1,0,1,1,9,3,221
qgarner,Quinn,Garner,DET,12,1,0,0,0,0,0,0,0,0,0,0,0,0,0,0,0,0,0,0,0,0,0,0,0,0,0,0,1,9,3,221
qgarner,Quinn,Garner,DET,13,2,0,1,1,0,0,0,39,43,4,0,0,36,262,156,1,1,25,5,17,2,0,0,2201,4,-3,1,-2,10,3,377
cgarrison,Connor,Garrison,LV,1,1,0,0,0,0,0,0,0,0,0,0,0,0,0,0,0,0,0,0,0,0,0,0,0,0,0,0,0,0,0,0
cgarrison,Connor,Garrison,LV,2,1,0,0,0,0,0,0,0,0,0,0,0,0,0,0,0,0,0,0,0,0,0,0,0,0,0,0,0,0,0,0
cgarrison,Connor,Garrison,LV,3,1,0,0,0,0,0,0,0,0,0,0,0,0,0,0,0,0,0,0,0,0,0,0,0,0,0,0,0,0,0,0
cgarrison,Connor,Garrison,LV,5,1,0,0,0,0,0,0,4,4,0,0,0,3,9,0,0,0,0,0,9,2,0,0,962,0,0,0,0,0,0,0
cgarrison,Connor,Garrison,LV,7,2,0,0,0,0,0,0,0,0,0,0,0,0,0,0,0,0,0,0,0,0,0,0,0,0,0,0,0,0,0,0
cgarrison,Connor,Garrison,LV,8,1,0,0,0,2,0,0,2,3,1,0,0,1,8,29,0,0,0,0,13,1,0,0,724,1,1,0,1,0,2,29
cgarrison,Connor,Garrison,LV,9,2,0,0,0,0,0,0,0,0,0,0,0,0,0,0,0,0,0,0,8,0,0,0,616,0,0,0,1,0,2,29
cgarrison,Connor,Garrison,LV,11,1,0,0,0,0,0,0,0,0,0,0,0,0,0,0,0,0,0,0,0,0,0,0,0,0,0,0,1,0,2,29
cgarrison,Connor,Garrison,LV,12,1,0,0,0,0,0,0,0,0,0,0,0,0,0,0,0,0,0,0,0,0,0,0,0,0,0,0,1,0,2,29
cgarrison,Connor,Garrison,LV,13,1,0,0,0,0,0,0,0,0,0,0,0,0,0,0,0,0,0,0,0,0,0,0,0,0,0,0,1,0,2,29
sgasperin,Simone,Gasperini,TOR,2,2,0,0,0,0,0,0,0,0,0,0,0,0,0,0,0,0,0,0,0,0,0,0,0,0,0,0,0,0,0,0
sgasperin,Simone,Gasperini,TOR,3,1,0,0,0,0,0,0,0,0,0,0,0,0,0,0,0,0,0,0,0,0,0,0,0,0,0,0,0,0,0,0
sgasperin,Simone,Gasperini,TOR,6,2,0,0,0,0,0,0,0,0,0,0,0,0,0,0,0,0,0,0,0,0,0,0,0,0,0,0,0,0,0,0
sgasperin,Simone,Gasperini,TOR,7,1,0,0,0,0,0,0,0,0,0,0,0,0,0,0,0,0,0,0,0,0,0,0,0,0,0,0,0,0,0,0
sgasperin,Simone,Gasperini,TOR,8,1,0,0,0,0,0,0,0,0,0,0,0,0,0,0,0,0,0,0,0,0,0,0,0,0,0,0,0,0,0,0
sgasperin,Simone,Gasperini,TOR,9,2,0,0,0,0,0,0,0,0,0,0,0,0,0,0,0,0,0,0,0,0,0,0,0,0,0,0,0,0,0,0
sgasperin,Simone,Gasperini,TOR,10,1,0,0,0,0,0,0,0,0,0,0,0,0,0,0,0,0,0,0,0,0,0,0,0,0,0,0,0,0,0,0
sgasperin,Simone,Gasperini,TOR,11,1,0,0,0,0,0,0,0,0,0,0,0,0,0,0,0,0,0,0,0,0,0,0,0,0,0,0,0,0,0,0
sgasperin,Simone,Gasperini,TOR,13,1,0,0,0,0,0,0,0,0,0,0,0,0,0,0,0,0,0,0,0,0,0,0,0,0,0,0,0,0,0,0
bgessner,Brendan,Gessner,DET,3,1,0,0,0,0,0,0,0,0,0,0,0,0,0,0,0,0,0,0,17,2,0,0,1084,0,0,0,0,0,0,0
bgessner,Brendan,Gessner,DET,5,1,2,0,1,0,0,0,12,12,0,0,0,14,70,136,0,0,21,11,0,0,0,0,1516,0,2,2,2,2,0,136
bgessner,Brendan,Gessner,DET,7,1,0,2,0,0,0,0,14,14,0,0,0,14,101,158,1,1,17,9,0,0,0,0,1251,0,2,2,4,4,0,294
bgessner,Brendan,Gessner,DET,8,1,3,0,0,1,0,0,12,12,0,0,0,12,39,192,0,0,26,13,1,0,0,0,1522,0,4,3,8,7,1,486
bgessner,Brendan,Gessner,DET,9,2,0,0,0,0,0,0,14,15,1,0,1,13,14,131,0,0,37,18,0,0,0,0,2556,2,-2,0,6,7,1,617
bgessner,Brendan,Gessner,DET,10,2,3,1,2,1,0,0,32,34,2,0,1,37,166,298,1,1,50,22,0,0,0,0,3081,3,2,4,8,11,2,915
bgessner,Brendan,Gessner,DET,11,1,2,0,0,0,0,0,15,15,0,0,0,17,16,154,0,0,21,9,0,0,0,0,1557,0,2,2,10,13,2,1069
bgessner,Brendan,Gessner,DET,12,1,3,0,2,1,0,0,20,20,0,0,0,22,46,257,0,0,25,16,0,0,0,0,1581,0,4,3,14,16,3,1326
bgessner,Brendan,Gessner,DET,13,2,4,1,5,0,0,0,33,36,3,0,1,39,84,413,0,0,54,20,0,0,0,0,2756,4,1,5,15,21,3,1739
bgfroerer,Brian,Gfroerer,HTX,1,1,1,1,2,0,0,0,16,16,0,0,1,17,134,186,0,0,19,15,1,0,0,0,1115,1,1,2,1,2,0,186
bgfroerer,Brian,Gfroerer,HTX,2,1,0,0,0,0,0,0,9,9,0,0,0,9,-5,85,0,0,8,4,0,0,0,0,703,0,0,0,1,2,0,271
bgfroerer,Brian,Gfroerer,HTX,3,1,4,1,2,0,0,0,16,17,0,0,0,21,14,245,0,0,17,12,0,0,0,0,722,0,5,5,6,7,0,516
bgfroerer,Brian,Gfroerer,HTX,4,1,1,0,0,0,0,0,5,5,0,0,0,6,-12,58,0,0,14,10,2,1,0,0,967,0,1,1,7,8,0,574
bgfroerer,Brian,Gfroerer,HTX,6,2,3,1,3,0,0,0,43,45,2,0,1,48,163,467,0,1,36,22,0,0,0,0,2464,3,1,4,8,12,0,1041
bgfroerer,Brian,Gfroerer,HTX,8,1,0,0,0,0,0,0,0,0,0,0,0,0,0,0,0,0,0,0,0,0,0,0,0,0,0,0,8,12,0,1041
bgfroerer,Brian,Gfroerer,HTX,9,2,2,1,2,0,0,0,39,40,1,0,1,42,136,347,0,0,43,24,1,0,0,0,2930,2,1,3,9,15,0,1388
bgfroerer,Brian,Gfroerer,HTX,11,1,1,2,2,0,0,0,13,15,2,0,1,16,95,244,0,0,19,12,0,0,0,0,1178,3,0,3,9,18,0,1632
bgfroerer,Brian,Gfroerer,HTX,12,1,0,0,0,0,0,0,0,0,0,0,0,0,0,0,0,0,0,0,0,0,0,0,0,0,0,0,9,18,0,1632
bgfroerer,Brian,Gfroerer,HTX,13,1,2,3,2,0,0,0,17,17,0,0,1,19,106,143,0,0,18,12,1,1,0,0,1006,1,4,5,13,23,0,1775
jgiard,Jeremie,Giard,MTL,1,1,0,0,0,0,0,0,0,0,0,0,0,0,0,0,0,0,0,0,0,0,0,0,0,0,0,0,0,0,0,0
jgiard,Jeremie,Giard,MTL,3,2,0,0,0,0,0,0,0,0,0,0,0,0,0,0,0,0,0,0,0,0,0,0,0,0,0,0,0,0,0,0
jgiard,Jeremie,Giard,MTL,4,1,0,0,0,0,0,0,0,0,0,0,0,0,0,0,0,0,0,0,10,0,0,0,783,0,0,0,0,0,0,0
jgiard,Jeremie,Giard,MTL,6,1,0,0,0,0,0,0,0,0,0,0,0,0,0,0,0,0,0,0,0,0,0,0,0,0,0,0,0,0,0,0
jgiard,Jeremie,Giard,MTL,7,2,1,1,1,1,0,0,3,3,0,0,0,6,10,104,0,0,1,1,15,6,0,0,1056,0,3,2,3,2,1,104
jgiard,Jeremie,Giard,MTL,8,1,0,0,0,0,0,0,0,0,0,0,0,0,0,0,0,0,0,0,0,0,0,0,0,0,0,0,3,2,1,104
jgiard,Jeremie,Giard,MTL,10,2,0,0,0,0,0,0,0,0,0,0,0,0,0,0,0,0,0,0,0,0,0,0,0,0,0,0,3,2,1,104
jgiard,Jeremie,Giard,MTL,11,1,0,0,0,0,0,0,0,0,0,0,0,0,0,0,0,0,0,0,0,0,0,0,0,0,0,0,3,2,1,104
jgiard,Jeremie,Giard,MTL,13,1,0,1,0,1,0,0,4,5,1,0,0,4,48,40,0,0,0,0,15,5,0,0,1011,1,1,1,4,3,2,144
mgibson,Max,Gibson,SD,2,2,2,1,0,2,0,0,5,7,1,0,0,9,10,76,0,1,0,0,12,6,0,0,855,1,4,3,4,3,2,76
mgibson,Max,Gibson,SD,3,1,1,1,1,0,0,0,4,5,1,0,0,6,72,47,1,2,2,1,14,2,0,0,1144,1,1,2,5,5,2,123
mgibson,Max,Gibson,SD,4,1,0,1,1,3,0,0,6,8,2,0,0,6,150,32,2,2,1,1,14,6,0,0,1483,2,2,1,7,6,5,155
mgibson,Max,Gibson,SD,5,2,0,1,2,5,0,0,10,12,2,0,0,10,70,67,0,1,3,3,28,4,0,0,1990,2,4,1,11,7,10,222
mgibson,Max,Gibson,SD,6,1,0,0,0,0,0,0,0,0,0,0,0,0,0,0,0,0,0,0,0,0,0,0,0,0,0,0,11,7,10,222
mgibson,Max,Gibson,SD,7,1,0,0,0,0,0,0,0,0,0,0,0,0,0,0,0,0,0,0,0,0,0,0,0,0,0,0,11,7,10,222
mgibson,Max,Gibson,SD,8,1,0,0,0,0,0,0,0,0,0,0,0,0,0,0,0,0,0,0,0,0,0,0,0,0,0,0,11,7,10,222
mgibson,Max,Gibson,SD,10,1,0,0,0,0,0,0,0,0,0,0,0,0,0,0,0,0,0,0,0,0,0,0,0,0,0,0,11,7,10,222
mgibson,Max,Gibson,SD,11,1,1,1,1,0,0,0,13,13,0,0,0,13,132,105,1,1,3,3,12,4,0,0,784,0,2,2,13,9,10,327
mgibson,Max,Gibson,SD,13,1,1,2,0,3,0,0,5,7,2,0,0,9,57,116,0,0,7,5,11,3,1,0,1468,2,4,3,17,12,13,443
ngoff,Nate,Goff,CHI,4,1,0,0,0,0,0,0,0,0,0,0,0,0,0,0,0,0,0,0,0,0,0,0,0,0,0,0,0,0,0,0
ngoff,Nate,Goff,CHI,6,1,2,2,0,1,0,0,27,29,2,0,0,31,212,221,1,2,20,13,2,0,0,0,1445,2,3,4,3,4,1,221
ngoff,Nate,Goff,CHI,7,1,2,0,1,1,0,0,20,22,2,0,0,24,195,108,1,2,16,12,2,0,0,0,1461,2,1,2,4,6,2,329
ngoff,Nate,Goff,CHI,8,1,1,6,2,0,0,0,24,24,0,0,0,25,314,321,2,2,15,13,5,1,0,0,796,0,7,7,11,13,2,650
ngoff,Nate,Goff,CHI,9,2,1,2,1,0,0,0,16,19,3,0,2,20,82,155,0,2,13,9,6,2,1,0,1115,5,-2,3,9,16,2,805
ngoff,Nate,Goff,CHI,10,2,2,0,3,0,0,0,23,23,0,0,1,25,163,214,1,1,14,12,2,0,0,0,1214,1,1,2,10,18,2,1019
ngoff,Nate,Goff,CHI,11,2,1,0,1,0,0,0,13,15,2,0,0,15,21,176,0,1,17,13,2,0,0,0,1311,2,-1,1,9,19,2,1195
ngoff,Nate,Goff,CHI,13,2,0,0,0,0,0,0,0,0,0,0,0,0,0,0,0,0,0,0,0,0,0,0,0,0,0,0,9,19,2,1195
kgoldberg,Kevin,Goldberg,LA,2,2,2,2,0,0,0,0,78,84,5,0,0,57,341,462,0,2,34,14,0,0,0,0,2656,5,-1,4,-1,4,0,462
kgoldberg,Kevin,Goldberg,LA,3,1,1,2,3,0,0,0,39,42,3,0,0,34,152,232,0,0,17,11,1,1,0,0,1064,3,0,3,-1,7,0,694
kgoldberg,Kevin,Goldberg,LA,4,1,1,0,3,0,0,0,30,32,2,0,0,29,99,229,0,1,20,13,0,0,0,0,1576,2,-1,1,-2,8,0,923
kgoldberg,Kevin,Goldberg,LA,6,1,1,2,4,0,0,0,46,48,2,0,1,36,280,155,1,1,22,16,1,1,0,0,1630,3,0,3,-2,11,0,1078
kgoldberg,Kevin,Goldberg,LA,7,1,1,3,0,0,0,0,27,27,0,0,0,18,93,162,0,0,14,8,0,0,0,0,1256,0,4,4,2,15,0,1240
kgoldberg,Kevin,Goldberg,LA,9,2,4,2,4,3,0,0,74,76,2,0,1,65,455,517,3,3,41,24,0,0,0,0,2314,3,6,6,8,21,3,1757
kgoldberg,Kevin,Goldberg,LA,11,1,3,2,3,0,0,0,47,49,2,0,0,45,162,237,0,0,19,12,0,0,0,0,1136,2,3,5,11,26,3,1994
kgoldberg,Kevin,Goldberg,LA,12,2,3,3,2,0,0,0,81,87,5,0,1,74,617,566,2,4,40,19,0,0,0,0,2660,6,0,6,11,32,3,2560
kgoldberg,Kevin,Goldberg,LA,13,1,4,0,1,0,0,0,19,20,0,0,1,21,25,212,0,0,17,12,0,0,0,0,1091,1,3,4,14,36,3,2772
hgoldenbe,Henry,Goldenberg,CHI,4,1,0,1,1,0,0,0,25,29,3,0,1,24,145,80,1,2,12,6,0,0,0,0,864,4,-3,1,-3,1,0,80
hgoldenbe,Henry,Goldenberg,CHI,6,1,0,2,3,0,0,0,31,33,2,0,0,24,249,91,1,2,19,12,0,0,0,0,1423,2,0,2,-3,3,0,171
hgoldenbe,Henry,Goldenberg,CHI,7,1,1,0,3,0,0,0,24,25,1,0,1,18,151,65,0,0,18,14,0,0,0,0,1616,2,-1,1,-4,4,0,236
hgoldenbe,Henry,Goldenberg,CHI,8,1,0,1,1,0,0,0,13,13,0,0,0,11,75,15,0,0,12,11,1,0,0,0,716,0,1,1,-3,5,0,251
hgoldenbe,Henry,Goldenberg,CHI,9,2,1,0,0,0,0,0,20,24,1,0,0,19,122,-10,0,2,9,6,3,2,0,0,806,1,0,1,-3,6,0,241
hgoldenbe,Henry,Goldenberg,CHI,10,2,1,5,3,0,0,0,35,37,2,0,0,34,317,171,1,2,27,22,1,0,0,0,2019,2,4,6,1,12,0,412
hgoldenbe,Henry,Goldenberg,CHI,11,2,0,0,0,0,0,0,0,0,0,0,0,0,0,0,0,0,0,0,0,0,0,0,0,0,0,0,1,12,0,412
hgoldenbe,Henry,Goldenberg,CHI,13,2,2,2,2,0,0,0,16,17,1,0,0,17,85,163,0,1,29,24,5,3,1,0,1648,1,3,4,4,16,0,575
sgoldstei,Sam,Goldstein,COL,1,1,1,1,1,1,0,0,9,10,1,0,0,9,17,35,0,1,0,0,11,8,0,0,641,1,2,2,2,2,1,35
sgoldstei,Sam,Goldstein,COL,4,2,1,0,0,1,0,0,7,10,1,0,0,11,57,31,0,2,1,1,22,4,0,0,2098,1,1,1,3,3,2,66
sgoldstei,Sam,Goldstein,COL,5,1,1,0,0,0,0,0,4,6,1,0,0,6,18,62,0,0,0,0,13,6,0,0,1272,1,0,1,3,4,2,128
sgoldstei,Sam,Goldstein,COL,6,1,1,2,0,1,0,0,4,5,1,0,0,4,92,32,1,1,1,1,12,5,0,0,741,1,3,3,6,7,3,160
sgoldstei,Sam,Goldstein,COL,9,1,1,0,0,1,0,0,9,9,0,0,0,6,70,73,1,1,0,0,13,6,0,0,922,0,2,1,8,8,4,233
sgoldstei,Sam,Goldstein,COL,10,2,1,2,1,2,0,0,36,36,0,0,0,30,218,71,0,0,6,4,22,9,0,0,2180,0,5,3,13,11,6,304
sgoldstei,Sam,Goldstein,COL,11,1,0,0,1,0,0,0,4,4,0,0,0,3,18,16,0,0,2,0,10,1,0,0,549,0,0,0,13,11,6,320
sgoldstei,Sam,Goldstein,COL,12,2,0,0,0,0,0,0,0,0,0,0,0,0,0,0,0,0,0,0,0,0,0,0,0,0,0,0,13,11,6,320
sgoldstei,Sam,Goldstein,COL,13,1,0,0,1,0,0,0,5,5,0,0,0,2,29,-16,0,0,0,0,12,4,0,0,875,0,0,0,13,11,6,304
fgomez,Frankie,Gomez,ATX,1,1,0,0,0,1,0,0,0,0,0,0,0,0,0,0,0,0,0,0,10,4,1,0,392,0,1,0,1,0,1,0
fgomez,Frankie,Gomez,ATX,2,1,0,0,0,0,0,0,0,0,0,0,0,0,0,0,0,0,0,0,0,0,0,0,0,0,0,0,1,0,1,0
fgomez,Frankie,Gomez,ATX,3,1,1,0,0,0,0,0,1,1,0,0,0,2,13,75,0,0,0,0,13,4,0,0,777,0,1,1,2,1,1,75
fgomez,Frankie,Gomez,ATX,4,1,0,0,0,0,0,0,0,0,0,0,0,0,0,0,0,0,0,0,0,0,0,0,0,0,0,0,2,1,1,75
fgomez,Frankie,Gomez,ATX,7,2,0,0,0,0,0,0,0,0,0,0,0,0,0,0,0,0,0,0,0,0,0,0,0,0,0,0,2,1,1,75
fgomez,Frankie,Gomez,ATX,8,1,0,0,0,0,0,0,0,0,0,0,0,0,0,0,0,0,0,0,0,0,0,0,0,0,0,0,2,1,1,75
fgomez,Frankie,Gomez,ATX,10,2,0,0,0,0,0,0,0,0,0,0,0,0,0,0,0,0,1,0,15,3,0,0,731,0,0,0,2,1,1,75
fgomez,Frankie,Gomez,ATX,11,1,0,0,0,0,0,0,0,0,0,0,0,0,0,0,0,0,0,0,0,0,0,0,0,0,0,0,2,1,1,75
fgomez,Frankie,Gomez,ATX,12,1,0,0,0,0,0,0,0,0,0,0,0,0,0,0,0,0,0,0,10,3,0,0,780,0,0,0,2,1,1,75
fgomez,Frankie,Gomez,ATX,13,1,1,0,0,0,0,0,0,0,0,0,0,1,0,5,0,0,0,0,8,2,0,0,414,0,1,1,3,2,1,80
agordon,Archer,Gordon,ORE,1,1,1,1,0,0,0,0,10,11,1,0,0,12,46,111,0,0,17,6,1,0,0,0,1574,1,1,2,1,2,0,111
agordon,Archer,Gordon,ORE,2,1,2,1,2,0,0,0,12,13,1,0,0,15,54,206,0,0,19,9,0,0,0,0,1400,1,2,3,3,5,0,317
agordon,Archer,Gordon,ORE,4,1,3,1,1,0,0,0,16,16,0,0,1,18,71,202,0,0,16,13,1,0,0,0,1311,1,3,4,6,9,0,519
agordon,Archer,Gordon,ORE,5,2,0,0,0,0,0,0,0,0,0,0,0,0,0,0,0,0,0,0,0,0,0,0,0,0,0,0,6,9,0,519
agordon,Archer,Gordon,ORE,6,1,1,0,2,0,0,0,12,12,0,0,0,13,46,96,0,0,11,4,1,1,0,0,839,0,1,1,7,10,0,615
agordon,Archer,Gordon,ORE,7,1,4,1,0,0,0,0,12,12,0,0,0,16,78,171,0,0,16,11,1,0,0,0,1059,0,5,5,12,15,0,786
agordon,Archer,Gordon,ORE,8,2,5,0,0,0,0,0,20,21,1,0,0,25,52,357,0,1,36,17,1,0,0,0,2321,1,4,5,16,20,0,1143
agordon,Archer,Gordon,ORE,9,1,0,1,1,1,0,0,17,17,0,0,0,17,103,138,1,1,17,8,0,0,0,0,1322,0,2,1,18,21,1,1281
agordon,Archer,Gordon,ORE,10,1,2,0,2,1,0,0,14,15,0,0,0,17,-84,243,0,0,17,7,0,0,0,0,1349,0,3,2,21,23,2,1524
agordon,Archer,Gordon,ORE,13,1,3,1,0,0,0,0,9,9,0,1,0,13,46,211,0,0,21,12,0,0,0,0,1336,1,3,4,24,27,2,1735
lgordon,Leo,Gordon,OAK,1,1,0,5,3,0,0,0,35,37,1,0,0,30,265,123,1,2,19,14,0,0,0,0,1229,1,4,5,4,5,0,123
lgordon,Leo,Gordon,OAK,2,2,6,7,4,2,0,0,61,67,6,0,0,62,461,307,1,1,40,33,1,1,0,0,2740,6,9,13,13,18,2,430
lgordon,Leo,Gordon,OAK,3,1,2,5,4,0,0,0,48,50,2,0,0,42,384,237,1,1,27,23,0,0,0,0,1388,2,5,7,18,25,2,667
lgordon,Leo,Gordon,OAK,5,1,0,0,0,0,0,0,0,0,0,0,0,0,0,0,0,0,0,0,0,0,0,0,0,0,0,0,18,25,2,667
lgordon,Leo,Gordon,OAK,6,1,2,3,4,0,0,0,30,33,3,0,0,27,332,293,2,2,27,18,0,0,0,0,1321,3,2,5,20,30,2,960
lgordon,Leo,Gordon,OAK,7,1,1,6,4,2,0,0,49,50,1,0,0,45,392,212,1,2,26,18,1,0,0,0,1497,1,8,7,28,37,4,1172
lgordon,Leo,Gordon,OAK,8,1,0,0,0,0,0,0,0,0,0,0,0,0,0,0,0,0,0,0,0,0,0,0,0,0,0,0,28,37,4,1172
lgordon,Leo,Gordon,OAK,9,1,0,0,0,0,0,0,0,0,0,0,0,0,0,0,0,0,0,0,0,0,0,0,0,0,0,0,28,37,4,1172
lgordon,Leo,Gordon,OAK,10,2,3,4,5,0,0,0,75,78,3,0,0,70,596,444,3,4,46,34,0,0,0,0,2809,3,4,7,32,44,4,1616
lgordon,Leo,Gordon,OAK,13,1,0,0,0,0,0,0,0,0,0,0,0,0,0,0,0,0,0,0,0,0,0,0,0,0,0,0,32,44,4,1616
lgosart,Louis,Gosart,LA,2,2,2,3,0,0,0,0,95,100,4,0,0,93,570,80,1,1,33,15,0,0,0,0,2514,4,1,5,1,5,0,80
lgosart,Louis,Gosart,LA,3,1,0,0,1,0,0,0,31,33,2,0,0,32,145,-9,0,0,16,11,0,0,0,0,1101,2,-2,0,-1,5,0,71
lgosart,Louis,Gosart,LA,4,1,1,0,1,0,0,0,22,24,2,0,0,21,69,31,0,0,11,8,1,0,0,0,1213,2,-1,1,-2,6,0,102
lgosart,Louis,Gosart,LA,6,1,0,0,0,0,0,0,0,0,0,0,0,0,0,0,0,0,0,0,0,0,0,0,0,0,0,0,-2,6,0,102
lgosart,Louis,Gosart,LA,7,1,0,0,0,0,0,0,0,0,0,0,0,0,0,0,0,0,0,0,0,0,0,0,0,0,0,0,-2,6,0,102
lgosart,Louis,Gosart,LA,9,2,1,2,2,0,0,0,43,44,1,0,0,35,307,74,1,1,38,24,0,0,0,0,2284,1,2,3,0,9,0,176
lgosart,Louis,Gosart,LA,11,1,0,0,1,0,0,0,42,43,0,0,0,40,104,14,0,0,19,12,0,0,0,0,1136,0,0,0,0,9,0,190
lgosart,Louis,Gosart,LA,12,2,2,1,3,1,0,0,32,34,2,0,0,30,172,92,0,0,35,18,0,0,0,0,2525,2,2,3,2,12,1,282
lgosart,Louis,Gosart,LA,13,1,0,0,2,0,0,0,32,32,0,0,0,28,182,-103,0,0,17,12,0,0,0,0,1091,0,0,0,2,12,1,179
tgoss,Tony,Goss,SEA,2,1,2,1,0,1,0,0,27,31,3,0,0,27,142,114,1,1,16,12,5,3,0,0,1136,3,1,3,1,3,1,114
tgoss,Tony,Goss,SEA,3,2,3,3,6,0,0,0,45,47,2,0,0,38,325,257,0,0,40,27,2,0,0,0,2591,2,4,6,5,9,1,371
tgoss,Tony,Goss,SEA,4,1,0,2,2,1,0,0,25,26,1,0,0,15,90,14,0,0,20,13,1,0,0,0,1713,1,2,2,7,11,2,385
tgoss,Tony,Goss,SEA,5,2,2,1,5,0,0,0,53,54,1,0,0,43,213,147,1,1,34,22,2,1,0,0,2628,1,2,3,9,14,2,532
tgoss,Tony,Goss,SEA,6,1,0,2,1,1,0,0,29,31,2,0,1,27,174,40,0,0,11,7,10,3,0,0,1408,3,0,2,9,16,3,572
tgoss,Tony,Goss,SEA,7,1,4,0,4,0,0,0,35,35,0,0,0,32,232,35,0,0,14,11,5,2,0,0,1183,0,4,4,13,20,3,607
tgoss,Tony,Goss,SEA,9,1,2,3,1,1,0,0,42,42,0,0,0,35,173,113,1,1,17,13,2,2,0,0,1539,0,6,5,19,25,4,720
tgoss,Tony,Goss,SEA,10,1,2,1,2,0,0,0,24,24,0,0,0,24,105,33,0,0,8,6,17,7,0,0,1659,0,3,3,22,28,4,753
tgoss,Tony,Goss,SEA,13,2,0,0,0,0,0,0,0,0,0,0,0,0,0,0,0,0,0,0,0,0,0,0,0,0,0,0,22,28,4,753
cgraber,Chris,Graber,PIT,2,1,0,0,0,0,0,0,0,0,0,0,0,0,0,0,0,0,0,0,0,0,0,0,0,0,0,0,0,0,0,0
cgraber,Chris,Graber,PIT,3,1,0,0,0,0,0,0,2,2,0,0,0,2,-22,33,0,0,0,0,17,6,0,0,1332,0,0,0,0,0,0,33
cgraber,Chris,Graber,PIT,4,1,2,0,0,0,0,0,2,2,0,0,0,4,6,17,0,0,0,0,12,3,0,0,1085,0,2,2,2,2,0,50
cgraber,Chris,Graber,PIT,5,1,0,0,0,0,0,0,0,0,0,0,0,0,0,0,0,0,0,0,0,0,0,0,0,0,0,0,2,2,0,50
cgraber,Chris,Graber,PIT,6,1,0,0,0,0,0,0,0,0,0,0,0,0,0,0,0,0,0,0,0,0,0,0,0,0,0,0,2,2,0,50
cgraber,Chris,Graber,PIT,7,1,0,0,0,0,0,0,1,1,0,0,0,1,-6,1,0,0,0,0,8,2,0,0,486,0,0,0,2,2,0,51
cgraber,Chris,Graber,PIT,8,1,0,0,0,0,0,0,0,0,0,0,0,0,0,0,0,0,0,0,0,0,0,0,0,0,0,0,2,2,0,51
cgraber,Chris,Graber,PIT,9,2,0,0,0,0,0,0,0,0,0,0,0,0,0,0,0,0,0,0,0,0,0,0,0,0,0,0,2,2,0,51
cgraber,Chris,Graber,PIT,10,1,0,0,0,0,0,0,0,0,0,0,0,0,0,0,0,0,0,0,0,0,0,0,0,0,0,0,2,2,0,51
cgraber,Chris,Graber,PIT,11,1,0,0,0,0,0,0,0,0,0,0,0,0,0,0,0,0,0,0,0,0,0,0,0,0,0,0,2,2,0,51
cgraber,Chris,Graber,PIT,13,1,0,0,0,0,0,0,0,0,0,0,0,0,0,0,0,0,0,0,0,0,0,0,0,0,0,0,2,2,0,51
ograff,Oscar,Graff,BOS,1,1,0,0,0,0,0,0,0,0,0,0,0,0,0,0,0,0,0,0,0,0,0,0,0,0,0,0,0,0,0,0
ograff,Oscar,Graff,BOS,3,1,0,0,0,0,0,0,0,0,0,0,0,0,0,0,0,0,0,0,0,0,0,0,0,0,0,0,0,0,0,0
ograff,Oscar,Graff,BOS,4,2,0,0,0,0,0,0,0,0,0,0,0,0,0,0,0,0,0,0,0,0,0,0,0,0,0,0,0,0,0,0
ograff,Oscar,Graff,BOS,7,1,0,0,0,0,0,0,0,0,0,0,0,0,0,0,0,0,0,0,0,0,0,0,0,0,0,0,0,0,0,0
ograff,Oscar,Graff,BOS,8,2,0,0,0,0,0,0,0,0,0,0,0,0,0,0,0,0,0,0,0,0,0,0,0,0,0,0,0,0,0,0
ograff,Oscar,Graff,BOS,9,1,0,0,0,0,0,0,0,0,0,0,0,0,0,0,0,0,0,0,0,0,0,0,0,0,0,0,0,0,0,0
ograff,Oscar,Graff,BOS,11,1,0,0,0,0,0,0,0,0,0,0,0,0,0,0,0,0,0,0,0,0,0,0,0,0,0,0,0,0,0,0
ograff,Oscar,Graff,BOS,12,2,1,2,1,0,0,0,29,29,0,0,0,32,96,117,0,0,3,3,24,3,0,0,2499,0,3,3,3,3,0,117
ograff,Oscar,Graff,BOS,13,1,0,0,0,0,0,0,0,0,0,0,0,0,0,0,0,0,0,0,0,0,0,0,0,0,0,0,3,3,0,117
tgraham,Tanner,Graham,IND,2,1,0,0,0,0,0,0,0,0,0,0,0,0,0,0,0,0,0,0,0,0,0,0,0,0,0,0,0,0,0,0
tgraham,Tanner,Graham,IND,3,1,1,0,1,0,0,0,8,8,0,0,0,9,8,68,0,0,0,0,10,3,0,0,646,0,1,1,1,1,0,68
tgraham,Tanner,Graham,IND,5,1,0,0,1,2,0,0,3,4,0,0,0,3,-3,20,0,0,0,0,10,5,0,0,1333,0,2,0,3,1,2,88
tgraham,Tanner,Graham,IND,6,1,0,0,0,0,0,0,4,5,1,0,0,5,-22,7,0,0,1,0,9,3,0,0,777,1,-1,0,2,1,2,95
tgraham,Tanner,Graham,IND,7,1,0,2,0,1,0,0,8,8,0,0,0,7,37,28,1,1,0,0,16,8,0,0,1260,0,3,2,5,3,3,123
tgraham,Tanner,Graham,IND,8,1,0,0,0,0,0,0,0,0,0,0,0,0,0,0,0,0,1,1,11,0,0,0,490,0,0,0,5,3,3,123
tgraham,Tanner,Graham,IND,9,1,0,0,0,0,0,0,3,4,1,0,0,3,-14,43,0,0,2,1,10,2,0,0,698,1,-1,0,4,3,3,166
tgraham,Tanner,Graham,IND,10,2,2,1,3,0,0,0,39,43,1,0,0,39,133,107,0,0,16,7,16,3,0,0,2612,1,2,3,6,6,3,273
tgraham,Tanner,Graham,IND,11,1,0,0,0,1,0,0,1,3,2,0,0,2,11,-1,0,0,1,0,6,2,0,0,631,2,-1,0,5,6,4,272
tgraham,Tanner,Graham,IND,12,1,0,0,0,0,0,0,0,0,0,0,0,0,0,0,0,0,0,0,0,0,0,0,0,0,0,0,5,6,4,272
tgraham,Tanner,Graham,IND,13,1,0,0,0,0,0,0,0,0,0,0,0,0,0,0,0,0,0,0,0,0,0,0,0,0,0,0,5,6,4,272
igranstro,Isaac,Granstrom,SEA,2,1,0,0,0,0,0,0,0,0,0,0,0,0,0,0,0,0,0,0,0,0,0,0,0,0,0,0,0,0,0,0
igranstro,Isaac,Granstrom,SEA,3,2,0,0,0,0,0,0,0,0,0,0,0,0,0,0,0,0,0,0,0,0,0,0,0,0,0,0,0,0,0,0
igranstro,Isaac,Granstrom,SEA,4,1,0,0,0,0,0,0,0,0,0,0,0,0,0,0,0,0,0,0,0,0,0,0,0,0,0,0,0,0,0,0
igranstro,Isaac,Granstrom,SEA,5,2,0,0,0,0,0,0,0,0,0,0,0,0,0,0,0,0,0,0,0,0,0,0,0,0,0,0,0,0,0,0
igranstro,Isaac,Granstrom,SEA,6,1,0,0,0,0,0,0,0,0,0,0,0,0,0,0,0,0,0,0,0,0,0,0,0,0,0,0,0,0,0,0
igranstro,Isaac,Granstrom,SEA,7,1,0,0,0,0,0,0,0,0,0,0,0,0,0,0,0,0,0,0,0,0,0,0,0,0,0,0,0,0,0,0
igranstro,Isaac,Granstrom,SEA,9,1,0,0,0,0,0,0,0,0,0,0,0,0,0,0,0,0,0,0,0,0,0,0,0,0,0,0,0,0,0,0
igranstro,Isaac,Granstrom,SEA,10,1,0,0,0,0,0,0,0,0,0,0,0,0,0,0,0,0,0,0,0,0,0,0,0,0,0,0,0,0,0,0
igranstro,Isaac,Granstrom,SEA,13,2,0,0,0,0,0,0,0,0,0,0,0,0,0,0,0,0,0,0,0,0,0,0,0,0,0,0,0,0,0,0
egrass,Everett,Grass,LA,2,2,0,0,0,0,0,0,10,11,0,0,1,11,7,28,0,0,0,0,8,1,0,0,731,1,-1,0,-1,0,0,28
egrass,Everett,Grass,LA,3,1,0,1,0,0,0,0,7,7,0,0,0,6,43,40,0,0,4,1,11,0,0,0,812,0,1,1,0,1,0,68
egrass,Everett,Grass,LA,4,1,0,0,0,0,0,0,0,0,0,0,0,0,0,0,0,0,0,0,0,0,0,0,0,0,0,0,0,1,0,68
egrass,Everett,Grass,LA,6,1,0,0,0,1,0,0,11,11,0,0,0,9,33,19,0,0,3,1,10,2,0,0,1417,0,1,0,1,1,1,87
egrass,Everett,Grass,LA,7,1,0,0,0,1,0,0,10,10,0,0,0,6,82,10,0,0,4,2,10,3,0,0,1041,0,1,0,2,1,2,97
egrass,Everett,Grass,LA,9,2,1,0,1,0,0,0,23,24,1,0,0,20,131,80,0,1,6,3,25,8,0,0,2391,1,0,1,2,2,2,177
egrass,Everett,Grass,LA,11,1,0,0,0,0,0,0,0,0,0,0,0,0,0,0,0,0,0,0,13,1,0,0,732,0,0,0,2,2,2,177
egrass,Everett,Grass,LA,12,2,0,0,2,0,0,0,21,22,1,0,0,16,97,31,0,0,8,6,19,3,0,0,1924,1,-1,0,1,2,2,208
egrass,Everett,Grass,LA,13,1,3,0,1,1,0,0,18,20,2,0,0,20,77,84,0,0,2,1,9,5,0,0,638,2,2,3,3,5,3,292
agravatt,Alex,Gravatt,MAD,2,2,0,0,0,1,0,0,2,2,0,0,1,2,30,-1,0,0,0,0,20,3,0,0,1419,1,0,0,0,0,1,-1
agravatt,Alex,Gravatt,MAD,4,1,0,0,0,0,0,0,0,0,0,0,2,0,0,0,0,0,1,0,11,6,0,0,866,2,-2,0,-2,0,1,-1
agravatt,Alex,Gravatt,MAD,6,1,0,0,0,0,0,0,0,0,0,0,0,0,0,0,0,0,0,0,0,0,0,0,0,0,0,0,-2,0,1,-1
agravatt,Alex,Gravatt,MAD,7,1,0,0,0,0,0,0,0,0,0,0,0,0,0,0,0,0,0,0,0,0,0,0,0,0,0,0,-2,0,1,-1
agravatt,Alex,Gravatt,MAD,8,2,0,0,0,0,0,0,0,0,0,0,0,0,0,0,0,0,0,0,0,0,0,0,0,0,0,0,-2,0,1,-1
agravatt,Alex,Gravatt,MAD,10,2,0,0,0,0,0,0,0,0,0,0,0,0,0,0,0,0,0,0,0,0,0,0,0,0,0,0,-2,0,1,-1
agravatt,Alex,Gravatt,MAD,11,1,0,0,0,0,0,0,0,0,0,0,0,0,0,0,0,0,0,0,0,0,0,0,0,0,0,0,-2,0,1,-1
agravatt,Alex,Gravatt,MAD,12,1,0,0,0,0,0,0,0,0,0,0,0,0,0,0,0,0,0,0,7,1,0,0,303,0,0,0,-2,0,1,-1
agravatt,Alex,Gravatt,MAD,13,1,0,0,0,0,0,0,0,0,0,0,0,0,0,0,0,0,0,0,0,0,0,0,0,0,0,0,-2,0,1,-1
bgreenber,Ben,Greenberg,DC,1,1,0,0,0,0,0,0,0,0,0,0,0,0,0,0,0,0,0,0,0,0,0,0,0,0,0,0,0,0,0,0
bgreenber,Ben,Greenberg,DC,2,1,0,0,0,0,0,0,0,0,0,0,0,0,0,0,0,0,0,0,0,0,0,0,0,0,0,0,0,0,0,0
bgreenber,Ben,Greenberg,DC,3,1,0,0,0,0,0,0,0,0,0,0,0,0,0,0,0,0,0,0,0,0,0,0,0,0,0,0,0,0,0,0
bgreenber,Ben,Greenberg,DC,4,1,0,0,0,0,0,0,0,0,0,0,0,0,0,0,0,0,0,0,0,0,0,0,0,0,0,0,0,0,0,0
bgreenber,Ben,Greenberg,DC,6,2,1,2,0,0,0,0,9,10,1,0,0,10,68,55,0,0,1,0,25,7,2,0,1745,1,2,3,2,3,0,55
bgreenber,Ben,Greenberg,DC,7,1,1,1,1,0,0,0,10,10,0,0,0,11,76,90,1,1,0,0,14,7,6,0,1213,0,2,2,4,5,0,145
bgreenber,Ben,Greenberg,DC,8,1,0,0,0,0,0,0,0,0,0,0,0,0,0,0,0,0,0,0,0,0,0,0,0,0,0,0,4,5,0,145
bgreenber,Ben,Greenberg,DC,10,1,1,1,0,2,0,0,10,12,1,0,0,9,68,94,0,0,0,0,12,6,7,1,859,1,3,2,7,7,2,239
bgreenber,Ben,Greenberg,DC,11,1,0,2,0,0,0,0,9,9,0,0,0,7,140,3,1,1,0,0,12,6,10,2,1075,0,2,2,9,9,2,242
bgreenber,Ben,Greenberg,DC,12,1,0,1,0,1,0,0,21,22,1,0,0,18,104,-18,0,0,0,0,15,6,8,2,1211,1,1,1,10,10,3,224
bgreenber,Ben,Greenberg,DC,13,1,0,0,0,0,0,0,0,0,0,0,0,0,0,0,0,0,0,0,0,0,0,0,0,0,0,0,10,10,3,224
kgreene,Ki,Greene,ATL,1,1,0,0,0,0,0,0,0,0,0,0,0,0,0,0,0,0,0,0,0,0,0,0,0,0,0,0,0,0,0,0
kgreene,Ki,Greene,ATL,3,2,0,0,0,0,0,0,0,0,0,0,0,0,0,0,0,0,0,0,0,0,0,0,0,0,0,0,0,0,0,0
kgreene,Ki,Greene,ATL,4,2,0,0,0,0,0,0,0,0,0,0,0,0,0,0,0,0,0,0,0,0,0,0,0,0,0,0,0,0,0,0
kgreene,Ki,Greene,ATL,5,1,0,0,0,0,0,0,0,0,0,0,0,0,0,0,0,0,0,0,0,0,0,0,0,0,0,0,0,0,0,0
kgreene,Ki,Greene,ATL,6,2,0,0,0,0,0,0,0,0,0,0,0,0,0,0,0,0,0,0,0,0,0,0,0,0,0,0,0,0,0,0
kgreene,Ki,Greene,ATL,7,1,0,1,0,1,0,0,1,1,0,0,0,1,18,16,0,0,0,0,5,1,0,0,427,0,2,1,2,1,1,16
kgreene,Ki,Greene,ATL,9,1,0,0,0,0,0,0,0,0,0,0,0,0,0,0,0,0,0,0,0,0,0,0,0,0,0,0,2,1,1,16
kgreene,Ki,Greene,ATL,10,1,0,0,0,0,0,0,0,0,0,0,0,0,0,0,0,0,0,0,0,0,0,0,0,0,0,0,2,1,1,16
kgreene,Ki,Greene,ATL,12,1,0,0,0,0,0,0,0,0,0,0,0,0,0,0,0,0,0,0,0,0,0,0,0,0,0,0,2,1,1,16
lgrench,Lincoln,Grench,OAK,1,1,0,0,0,0,0,0,0,0,0,0,0,0,0,0,0,0,0,0,0,0,0,0,0,0,0,0,0,0,0,0
lgrench,Lincoln,Grench,OAK,2,2,2,4,3,2,0,0,23,24,1,0,0,23,128,111,1,1,1,1,35,13,0,0,2319,1,7,6,7,6,2,111
lgrench,Lincoln,Grench,OAK,3,1,0,0,0,0,0,0,0,0,0,0,0,0,0,0,0,0,0,0,18,2,0,0,844,0,0,0,7,6,2,111
lgrench,Lincoln,Grench,OAK,5,1,0,0,0,0,0,0,5,5,0,0,0,6,24,21,0,0,1,0,13,6,0,0,1146,0,0,0,7,6,2,132
lgrench,Lincoln,Grench,OAK,6,1,0,1,0,0,0,0,9,10,1,0,0,7,86,46,1,1,3,1,13,3,0,0,1196,1,0,1,7,7,2,178
lgrench,Lincoln,Grench,OAK,7,1,1,0,0,0,0,0,0,0,0,0,0,1,0,38,0,0,0,0,10,2,0,0,651,0,1,1,8,8,2,216
lgrench,Lincoln,Grench,OAK,8,1,1,1,0,1,0,0,8,9,1,0,0,10,85,89,0,0,0,0,14,9,0,0,1266,1,2,2,10,10,3,305
lgrench,Lincoln,Grench,OAK,9,1,0,2,2,2,0,0,16,18,2,0,0,14,77,59,0,1,0,0,17,11,0,0,1085,2,2,2,12,12,5,364
lgrench,Lincoln,Grench,OAK,10,2,0,0,0,0,0,0,0,0,0,0,0,0,0,0,0,0,0,0,0,0,0,0,0,0,0,0,12,12,5,364
lgrench,Lincoln,Grench,OAK,13,1,0,0,0,0,0,0,0,0,0,0,0,0,0,0,0,0,0,0,0,0,0,0,0,0,0,0,12,12,5,364
agrigolet,Anthony,Grigoletti,DET,3,1,0,0,0,0,0,0,0,0,0,0,0,0,0,0,0,0,0,0,5,0,0,0,461,0,0,0,0,0,0,0
agrigolet,Anthony,Grigoletti,DET,5,1,0,0,0,0,0,0,1,1,0,0,0,1,10,21,0,0,0,0,4,1,0,0,267,0,0,0,0,0,0,21
agrigolet,Anthony,Grigoletti,DET,7,1,0,0,0,0,0,0,0,0,0,0,0,0,0,0,0,0,0,0,0,0,0,0,0,0,0,0,0,0,0,21
agrigolet,Anthony,Grigoletti,DET,8,1,0,0,0,0,0,0,0,0,0,0,0,0,0,0,0,0,0,0,0,0,0,0,0,0,0,0,0,0,0,21
agrigolet,Anthony,Grigoletti,DET,9,2,0,0,0,0,0,0,0,0,0,0,0,0,0,0,0,0,0,0,0,0,0,0,0,0,0,0,0,0,0,21
agrigolet,Anthony,Grigoletti,DET,10,2,0,0,0,0,0,0,1,1,0,0,0,1,16,10,0,0,0,0,9,1,0,0,506,0,0,0,0,0,0,31
agrigolet,Anthony,Grigoletti,DET,11,1,0,0,0,0,0,0,0,0,0,0,0,0,0,0,0,0,0,0,0,0,0,0,0,0,0,0,0,0,0,31
agrigolet,Anthony,Grigoletti,DET,12,1,0,0,0,0,0,0,0,0,0,0,0,0,0,0,0,0,0,0,8,1,0,0,587,0,0,0,0,0,0,31
agrigolet,Anthony,Grigoletti,DET,13,2,0,0,0,0,0,0,0,0,0,0,0,0,0,0,0,0,0,0,0,0,0,0,0,0,0,0,0,0,0,31
mgrinde,Matt,Grinde,MAD,2,2,1,1,0,0,0,0,11,13,2,0,0,14,73,186,0,0,23,14,0,0,0,0,2336,2,0,2,0,2,0,186
mgrinde,Matt,Grinde,MAD,4,1,0,0,0,0,0,0,0,0,0,0,0,0,0,0,0,0,0,0,0,0,0,0,0,0,0,0,0,2,0,186
mgrinde,Matt,Grinde,MAD,6,1,0,0,0,0,0,0,0,0,0,0,0,0,0,0,0,0,0,0,0,0,0,0,0,0,0,0,0,2,0,186
mgrinde,Matt,Grinde,MAD,7,1,1,1,2,0,0,0,18,19,1,0,0,21,123,164,0,0,13,9,0,0,0,0,759,1,1,2,1,4,0,350
mgrinde,Matt,Grinde,MAD,8,2,4,0,3,0,0,0,26,33,6,0,0,34,82,305,0,0,24,16,5,3,0,0,2054,6,-2,4,-1,8,0,655
mgrinde,Matt,Grinde,MAD,10,2,2,1,1,0,0,0,6,6,0,0,0,7,29,121,0,0,4,4,24,10,0,0,1795,0,3,3,2,11,0,776
mgrinde,Matt,Grinde,MAD,11,1,2,0,1,2,0,0,7,7,0,0,0,6,0,38,0,0,3,2,14,12,0,0,847,0,4,2,6,13,2,814
mgrinde,Matt,Grinde,MAD,12,1,0,0,1,0,0,0,6,7,1,0,0,7,45,84,0,0,2,1,6,3,0,0,1166,1,-1,0,5,13,2,898
mgrinde,Matt,Grinde,MAD,13,1,1,0,0,0,0,0,4,4,0,0,0,5,-21,115,0,0,4,0,9,2,0,0,816,0,1,1,6,14,2,1013
agrossber,Adam,Grossberg,PHI,1,1,0,0,0,0,0,0,0,0,0,0,0,0,0,0,0,0,0,0,0,0,0,0,0,0,0,0,0,0,0,0
agrossber,Adam,Grossberg,PHI,2,1,0,0,0,0,0,0,0,0,0,0,0,0,0,0,0,0,0,0,0,0,0,0,0,0,0,0,0,0,0,0
agrossber,Adam,Grossberg,PHI,3,1,4,4,3,4,0,0,20,23,2,0,0,23,188,199,1,3,6,5,21,7,0,0,1631,2,10,8,10,8,4,199
agrossber,Adam,Grossberg,PHI,5,1,1,1,3,0,0,0,22,26,4,0,2,27,109,141,0,2,19,13,2,0,0,0,1496,6,-4,2,6,10,4,340
agrossber,Adam,Grossberg,PHI,6,1,0,1,1,1,0,0,6,7,1,0,0,8,78,78,1,1,1,1,14,2,1,0,1172,1,1,1,7,11,5,418
agrossber,Adam,Grossberg,PHI,7,2,0,8,1,0,0,0,35,39,4,0,1,35,327,224,4,5,25,13,14,2,1,0,2673,5,3,8,10,19,5,642
agrossber,Adam,Grossberg,PHI,8,1,0,0,0,0,0,0,0,0,0,0,0,0,0,0,0,0,0,0,0,0,0,0,0,0,0,0,10,19,5,642
agrossber,Adam,Grossberg,PHI,10,1,0,0,0,0,0,0,0,0,0,0,0,0,0,0,0,0,0,0,0,0,0,0,0,0,0,0,10,19,5,642
agrossber,Adam,Grossberg,PHI,12,2,0,1,1,0,0,0,15,18,3,0,1,19,139,28,0,2,6,2,33,4,7,1,3293,4,-3,1,7,20,5,670
agrossber,Adam,Grossberg,PHI,13,1,0,2,1,2,0,0,13,14,1,0,0,13,129,50,1,2,1,1,19,8,2,0,1114,1,3,2,10,22,7,720
sgrossber,Sam,Grossberg,PHI,1,1,0,0,0,0,0,0,0,0,0,0,0,0,0,0,0,0,0,0,0,0,0,0,0,0,0,0,0,0,0,0
sgrossber,Sam,Grossberg,PHI,2,1,3,5,1,0,0,0,45,45,0,0,1,37,179,270,0,0,18,15,2,0,0,0,1469,1,7,8,7,8,0,270
sgrossber,Sam,Grossberg,PHI,3,1,3,0,2,1,0,0,52,54,2,0,0,35,256,64,0,0,24,19,0,0,0,0,1552,2,2,3,9,11,1,334
sgrossber,Sam,Grossberg,PHI,5,1,2,2,3,0,0,0,48,50,1,0,0,38,192,109,0,0,22,15,0,0,0,0,1502,1,3,4,12,15,1,443
sgrossber,Sam,Grossberg,PHI,6,1,2,1,1,0,0,0,43,44,1,0,0,36,241,260,0,0,21,14,0,0,0,0,1790,1,2,3,14,18,1,703
sgrossber,Sam,Grossberg,PHI,7,2,3,5,5,0,0,0,76,82,3,0,0,55,619,223,2,5,37,19,6,0,0,0,2461,3,5,8,19,26,1,926
sgrossber,Sam,Grossberg,PHI,8,1,0,0,0,0,0,0,0,0,0,0,0,0,0,0,0,0,0,0,0,0,0,0,0,0,0,0,19,26,1,926
sgrossber,Sam,Grossberg,PHI,10,1,0,0,0,0,0,0,0,0,0,0,0,0,0,0,0,0,0,0,0,0,0,0,0,0,0,0,19,26,1,926
sgrossber,Sam,Grossberg,PHI,12,2,4,5,4,1,0,0,103,109,5,0,0,84,1052,231,4,7,45,28,0,0,0,0,3251,5,5,9,24,35,2,1157
sgrossber,Sam,Grossberg,PHI,13,1,3,3,5,0,0,0,55,55,0,0,0,45,488,208,1,1,18,15,1,0,0,0,1171,0,6,6,30,41,2,1365
mgrove,Max,Grove,HTX,1,1,0,2,2,0,0,0,10,11,1,0,0,11,97,72,1,2,11,3,12,2,0,0,1085,1,1,2,1,2,0,72
mgrove,Max,Grove,HTX,2,1,0,0,2,1,0,0,8,8,0,0,1,8,25,70,0,0,6,3,9,3,0,0,1336,1,0,0,1,2,1,142
mgrove,Max,Grove,HTX,3,1,1,1,2,2,0,0,9,11,2,0,0,12,82,124,1,1,10,6,7,0,0,0,1280,2,2,2,3,4,3,266
mgrove,Max,Grove,HTX,4,1,1,4,0,1,0,0,10,10,0,0,0,11,48,229,1,1,4,2,17,5,0,0,1503,0,6,5,9,9,4,495
mgrove,Max,Grove,HTX,6,2,0,0,0,1,0,0,0,1,1,0,0,1,0,20,0,0,2,1,20,2,1,0,1530,1,0,0,9,9,5,515
mgrove,Max,Grove,HTX,8,1,1,1,0,0,0,0,14,15,1,0,0,14,19,108,0,0,7,3,8,2,0,0,1223,1,1,2,10,11,5,623
mgrove,Max,Grove,HTX,9,2,0,0,1,1,0,0,18,19,1,0,0,17,31,112,0,0,14,3,19,1,1,0,2440,1,0,0,10,11,6,735
mgrove,Max,Grove,HTX,11,1,0,0,0,0,0,0,0,0,0,0,0,0,0,0,0,0,0,0,0,0,0,0,0,0,0,0,10,11,6,735
mgrove,Max,Grove,HTX,12,1,0,0,2,0,0,0,14,15,0,0,0,15,86,73,1,1,8,5,12,3,0,0,1365,0,0,0,10,11,6,808
mgrove,Max,Grove,HTX,13,1,0,3,0,0,0,0,10,10,0,0,0,7,136,41,2,2,7,3,14,4,0,0,1022,0,3,3,13,14,6,849
mgrovic,Miles,Grovic,DC,1,1,0,0,0,0,0,0,0,0,0,0,0,0,0,0,0,0,0,0,0,0,0,0,0,0,0,0,0,0,0,0
mgrovic,Miles,Grovic,DC,2,1,0,0,0,0,0,0,0,0,0,0,0,0,0,0,0,0,0,0,0,0,0,0,0,0,0,0,0,0,0,0
mgrovic,Miles,Grovic,DC,3,1,0,0,1,2,0,0,6,6,0,0,0,6,19,53,0,0,0,0,18,1,0,0,1174,0,2,0,2,0,2,53
mgrovic,Miles,Grovic,DC,4,1,0,0,0,0,0,0,6,7,1,0,0,7,30,47,0,0,2,1,11,2,0,0,1145,1,-1,0,1,0,2,100
mgrovic,Miles,Grovic,DC,6,2,1,0,2,5,0,0,3,3,0,0,0,4,1,154,0,0,4,0,33,8,0,0,2144,0,6,1,7,1,7,254
mgrovic,Miles,Grovic,DC,7,1,3,0,0,1,0,0,0,0,0,0,0,3,0,95,0,0,0,0,12,6,0,0,999,0,4,3,11,4,8,349
mgrovic,Miles,Grovic,DC,8,1,0,0,0,0,0,0,0,0,0,0,0,0,0,0,0,0,0,0,0,0,0,0,0,0,0,0,11,4,8,349
mgrovic,Miles,Grovic,DC,10,1,0,0,0,0,0,0,0,0,0,0,0,0,0,0,0,0,0,0,0,0,0,0,0,0,0,0,11,4,8,349
mgrovic,Miles,Grovic,DC,11,1,0,0,0,0,0,0,0,0,0,0,0,0,0,0,0,0,0,0,0,0,0,0,0,0,0,0,11,4,8,349
mgrovic,Miles,Grovic,DC,12,1,0,1,1,2,0,0,4,4,0,0,0,3,20,72,0,0,1,0,9,4,0,0,656,0,3,1,14,5,10,421
mgrovic,Miles,Grovic,DC,13,1,0,2,0,1,0,0,6,6,0,0,0,6,62,111,0,0,4,1,13,2,0,0,1059,0,3,2,17,7,11,532
rgrundy,Royce,Grundy,LA,2,2,0,0,0,0,0,0,0,0,0,0,0,0,0,0,0,0,0,0,3,0,0,0,339,0,0,0,0,0,0,0
rgrundy,Royce,Grundy,LA,3,1,0,0,0,0,0,0,0,0,0,0,0,0,0,0,0,0,0,0,0,0,0,0,0,0,0,0,0,0,0,0
rgrundy,Royce,Grundy,LA,4,1,0,1,0,2,0,0,4,4,0,0,0,4,24,27,0,0,0,0,14,3,0,0,1225,0,3,1,3,1,2,27
rgrundy,Royce,Grundy,LA,6,1,0,0,0,0,0,0,1,1,0,0,0,1,-5,-3,0,0,0,0,8,1,0,0,715,0,0,0,3,1,2,24
rgrundy,Royce,Grundy,LA,7,1,0,0,0,0,0,0,0,0,0,0,0,0,0,0,0,0,0,0,0,0,0,0,0,0,0,0,3,1,2,24
rgrundy,Royce,Grundy,LA,9,2,0,0,0,0,0,0,2,2,0,0,0,2,15,15,0,0,0,0,10,2,0,0,962,0,0,0,3,1,2,39
rgrundy,Royce,Grundy,LA,11,1,0,0,0,0,0,0,0,0,0,0,0,0,0,0,0,0,0,0,0,0,0,0,0,0,0,0,3,1,2,39
rgrundy,Royce,Grundy,LA,12,2,2,1,0,1,0,0,4,4,0,0,1,6,47,72,0,0,2,1,20,3,0,0,1758,1,3,3,6,4,3,111
rgrundy,Royce,Grundy,LA,13,1,0,1,0,0,0,0,3,4,1,0,0,4,21,44,0,0,3,1,9,3,0,0,836,1,0,1,6,5,3,155
cguay,Charles,Guay,MTL,1,1,2,0,0,2,0,0,11,11,0,0,0,12,34,135,0,0,4,3,13,2,0,0,1040,0,4,2,4,2,2,135
cguay,Charles,Guay,MTL,3,2,0,1,2,2,0,0,18,19,1,0,0,15,105,15,0,0,6,6,24,4,0,0,2237,1,2,1,6,3,4,150
cguay,Charles,Guay,MTL,4,1,1,0,0,1,0,0,9,9,0,0,0,7,72,-8,0,0,2,1,20,6,0,0,1328,0,2,1,8,4,5,142
cguay,Charles,Guay,MTL,6,1,2,0,2,1,0,0,9,10,1,0,0,10,63,59,0,0,1,1,19,5,0,0,1524,1,2,2,10,6,6,201
cguay,Charles,Guay,MTL,7,2,4,3,3,2,0,0,27,28,1,0,0,18,166,138,0,0,11,5,25,10,0,0,2272,1,8,7,18,13,8,339
cguay,Charles,Guay,MTL,8,1,0,1,1,3,0,0,12,14,2,0,0,8,36,33,0,1,1,1,15,4,0,0,1337,2,2,1,20,14,11,372
cguay,Charles,Guay,MTL,10,2,2,2,2,4,0,0,28,33,3,0,0,23,237,82,0,0,14,6,24,9,0,0,2472,3,5,4,25,18,15,454
cguay,Charles,Guay,MTL,11,1,0,0,0,2,0,0,6,6,0,0,0,5,21,16,0,0,3,2,16,2,0,0,1255,0,2,0,27,18,17,470
cguay,Charles,Guay,MTL,13,1,2,1,2,2,0,0,11,11,0,0,0,9,136,41,1,1,1,1,16,5,0,0,923,0,5,3,32,21,19,511
sgudeman,Seth,Gudeman,IND,2,1,5,2,2,2,0,0,11,14,3,0,0,17,70,376,0,0,18,12,6,0,6,0,1311,3,6,7,6,7,2,376
sgudeman,Seth,Gudeman,IND,3,1,2,2,0,1,0,0,42,44,1,0,0,43,145,330,1,1,25,11,4,1,3,0,1558,1,4,4,10,11,3,706
sgudeman,Seth,Gudeman,IND,5,1,7,3,3,4,1,0,36,41,4,0,0,39,256,405,0,3,20,14,3,1,1,1,1964,4,10,10,20,21,7,1111
sgudeman,Seth,Gudeman,IND,6,1,1,1,2,1,0,0,32,35,3,0,0,36,99,254,1,2,19,5,2,0,1,0,1468,3,0,2,20,23,8,1365
sgudeman,Seth,Gudeman,IND,7,1,1,1,1,1,0,0,26,29,0,0,0,26,142,235,0,0,16,11,2,0,0,0,1407,0,3,2,23,25,9,1600
sgudeman,Seth,Gudeman,IND,8,1,4,1,1,1,0,0,24,25,1,1,0,26,98,117,0,1,24,14,1,0,0,0,1946,2,4,5,27,30,10,1717
sgudeman,Seth,Gudeman,IND,9,1,3,2,1,1,0,0,32,36,4,0,0,32,289,259,3,4,23,11,3,1,2,0,1747,4,2,5,29,35,11,1976
sgudeman,Seth,Gudeman,IND,10,2,0,2,1,5,0,0,22,23,1,0,0,17,58,118,1,1,13,5,12,3,3,1,1663,1,6,2,35,37,16,2094
sgudeman,Seth,Gudeman,IND,11,1,1,0,1,1,0,0,14,14,0,0,0,7,73,70,0,0,14,5,10,3,9,0,1709,0,2,1,37,38,17,2164
sgudeman,Seth,Gudeman,IND,12,1,0,0,0,0,0,0,0,0,0,0,0,0,0,0,0,0,0,0,0,0,0,0,0,0,0,0,37,38,17,2164
sgudeman,Seth,Gudeman,IND,13,1,3,5,3,3,0,0,27,32,5,0,0,31,119,374,0,2,17,12,12,4,4,0,1559,5,6,8,43,46,20,2538
agutowsky,Anthony,Gutowsky,MAD,2,2,9,0,1,2,0,0,8,11,2,0,1,20,0,344,0,0,25,15,9,1,0,0,2881,3,8,9,8,9,2,344
agutowsky,Anthony,Gutowsky,MAD,4,1,7,1,2,4,0,0,8,10,1,0,2,17,12,284,0,0,10,7,11,5,0,0,1751,3,9,8,17,17,6,628
agutowsky,Anthony,Gutowsky,MAD,6,1,2,0,2,2,0,0,6,8,2,0,0,9,71,142,0,0,6,2,11,6,0,0,1031,2,2,2,19,19,8,770
agutowsky,Anthony,Gutowsky,MAD,7,1,3,1,1,0,0,0,16,18,2,0,0,21,22,212,0,1,16,9,7,0,0,0,1531,2,2,4,21,23,8,982
agutowsky,Anthony,Gutowsky,MAD,8,2,11,3,3,0,0,0,39,42,2,0,0,52,109,583,0,0,34,25,24,6,0,0,3385,2,12,14,33,37,8,1565
agutowsky,Anthony,Gutowsky,MAD,10,2,12,2,1,7,0,0,34,35,1,0,1,45,242,579,1,1,28,22,26,8,0,0,3504,2,19,14,52,51,15,2144
agutowsky,Anthony,Gutowsky,MAD,11,1,5,1,2,2,0,0,16,16,0,0,2,20,66,197,0,0,7,6,15,11,0,0,1333,2,6,6,58,57,17,2341
agutowsky,Anthony,Gutowsky,MAD,12,1,4,1,0,1,0,0,9,9,0,0,0,13,46,159,0,0,12,9,7,1,0,0,1512,0,6,5,64,62,18,2500
agutowsky,Anthony,Gutowsky,MAD,13,1,2,1,2,0,0,0,18,20,2,0,0,21,43,251,0,1,17,10,10,1,0,0,1859,2,1,3,65,65,18,2751
lhaberfie,Liam,Haberfield,NY,1,2,0,0,0,0,0,0,0,0,0,0,0,0,0,0,0,0,0,0,0,0,0,0,0,0,0,0,0,0,0,0
lhaberfie,Liam,Haberfield,NY,3,1,0,0,0,0,0,0,0,0,0,0,0,0,0,0,0,0,0,0,0,0,0,0,0,0,0,0,0,0,0,0
lhaberfie,Liam,Haberfield,NY,4,2,0,0,0,0,0,0,0,0,0,0,0,0,0,0,0,0,0,0,0,0,0,0,0,0,0,0,0,0,0,0
lhaberfie,Liam,Haberfield,NY,5,1,0,0,0,0,0,0,0,0,0,0,0,0,0,0,0,0,0,0,0,0,0,0,0,0,0,0,0,0,0,0
lhaberfie,Liam,Haberfield,NY,6,1,0,0,0,0,0,0,0,0,0,0,0,0,0,0,0,0,0,0,0,0,0,0,0,0,0,0,0,0,0,0
lhaberfie,Liam,Haberfield,NY,7,1,0,0,0,0,0,0,0,0,0,0,0,0,0,0,0,0,0,0,0,0,0,0,0,0,0,0,0,0,0,0
lhaberfie,Liam,Haberfield,NY,8,1,0,0,0,0,0,0,0,0,0,0,0,0,0,0,0,0,0,0,0,0,0,0,0,0,0,0,0,0,0,0
lhaberfie,Liam,Haberfield,NY,9,1,0,0,0,0,0,0,0,0,0,0,0,0,0,0,0,0,0,0,0,0,0,0,0,0,0,0,0,0,0,0
lhaberfie,Liam,Haberfield,NY,12,1,0,0,0,0,0,0,0,0,0,0,0,0,0,0,0,0,0,0,0,0,0,0,0,0,0,0,0,0,0,0
lhaberfie,Liam,Haberfield,NY,13,1,0,0,0,0,0,0,0,0,0,0,0,0,0,0,0,0,0,0,0,0,0,0,0,0,0,0,0,0,0,0
ghaflin,Gustav,Haflin,BOS,1,1,0,0,0,0,0,0,0,0,0,0,0,0,0,0,0,0,0,0,0,0,0,0,0,0,0,0,0,0,0,0
ghaflin,Gustav,Haflin,BOS,3,1,0,0,0,0,0,0,0,0,0,0,0,0,0,0,0,0,0,0,0,0,0,0,0,0,0,0,0,0,0,0
ghaflin,Gustav,Haflin,BOS,4,2,0,0,0,0,0,0,0,0,0,0,0,0,0,0,0,0,0,0,0,0,0,0,0,0,0,0,0,0,0,0
ghaflin,Gustav,Haflin,BOS,7,1,0,0,0,0,0,0,0,0,0,0,0,0,0,0,0,0,0,0,0,0,0,0,0,0,0,0,0,0,0,0
ghaflin,Gustav,Haflin,BOS,8,2,0,0,0,0,0,0,0,0,0,0,0,0,0,0,0,0,0,0,0,0,0,0,0,0,0,0,0,0,0,0
ghaflin,Gustav,Haflin,BOS,9,1,0,0,0,0,0,0,0,0,0,0,0,0,0,0,0,0,0,0,0,0,0,0,0,0,0,0,0,0,0,0
ghaflin,Gustav,Haflin,BOS,11,1,0,0,0,0,0,0,0,0,0,0,0,0,0,0,0,0,0,0,0,0,0,0,0,0,0,0,0,0,0,0
ghaflin,Gustav,Haflin,BOS,12,2,0,0,1,1,0,0,3,5,2,0,0,5,11,79,0,0,1,1,30,3,0,0,2551,2,-1,0,-1,0,1,79
ghaflin,Gustav,Haflin,BOS,13,1,0,0,0,0,0,0,0,0,0,0,0,0,0,0,0,0,0,0,0,0,0,0,0,0,0,0,-1,0,1,79
ihahn,Ian,Hahn,MIN,3,1,0,0,0,0,0,0,0,0,0,0,0,0,0,0,0,0,0,0,0,0,0,0,0,0,0,0,0,0,0,0
ihahn,Ian,Hahn,MIN,4,1,0,0,0,0,0,0,0,0,0,0,0,0,0,0,0,0,0,0,0,0,0,0,0,0,0,0,0,0,0,0
ihahn,Ian,Hahn,MIN,5,1,0,0,0,0,0,0,0,0,0,0,0,0,0,0,0,0,0,0,0,0,0,0,0,0,0,0,0,0,0,0
ihahn,Ian,Hahn,MIN,6,1,0,0,0,0,0,0,0,0,0,0,0,0,0,0,0,0,0,0,0,0,0,0,0,0,0,0,0,0,0,0
ihahn,Ian,Hahn,MIN,7,1,0,0,0,0,0,0,0,0,0,0,0,0,0,0,0,0,0,0,0,0,0,0,0,0,0,0,0,0,0,0
ihahn,Ian,Hahn,MIN,8,1,0,0,0,0,0,0,0,0,0,0,0,0,0,0,0,0,0,0,0,0,0,0,0,0,0,0,0,0,0,0
ihahn,Ian,Hahn,MIN,9,1,0,0,0,0,0,0,0,0,0,0,0,0,0,0,0,0,0,0,0,0,0,0,0,0,0,0,0,0,0,0
ihahn,Ian,Hahn,MIN,11,2,0,0,0,0,0,0,0,0,0,0,0,0,0,0,0,0,0,0,0,0,0,0,0,0,0,0,0,0,0,0
ihahn,Ian,Hahn,MIN,12,1,0,0,0,0,0,0,0,0,0,0,0,0,0,0,0,0,0,0,0,0,0,0,0,0,0,0,0,0,0,0
ihahn,Ian,Hahn,MIN,13,2,0,0,0,0,0,0,0,0,0,0,0,0,0,0,0,0,0,0,0,0,0,0,0,0,0,0,0,0,0,0
mhanna,Matt,Hanna,PHI,1,1,0,0,3,0,0,0,17,17,0,0,0,17,97,173,0,0,18,12,1,0,0,0,1369,0,0,0,0,0,0,173
mhanna,Matt,Hanna,PHI,2,1,3,0,2,0,0,0,21,22,1,0,0,26,51,260,0,0,18,14,0,0,0,0,1215,1,2,3,2,3,0,433
mhanna,Matt,Hanna,PHI,3,1,2,2,0,0,0,0,12,13,0,0,1,15,94,369,1,1,23,18,0,0,0,0,1531,1,3,4,5,7,0,802
mhanna,Matt,Hanna,PHI,5,1,1,2,1,0,0,0,14,14,0,0,1,15,-25,276,0,0,21,14,0,0,0,0,1442,1,2,3,7,10,0,1078
mhanna,Matt,Hanna,PHI,6,1,0,0,0,0,0,0,0,0,0,0,0,0,0,0,0,0,0,0,0,0,0,0,0,0,0,0,7,10,0,1078
mhanna,Matt,Hanna,PHI,7,2,2,0,1,1,0,0,16,19,3,0,1,21,39,244,0,1,33,13,3,0,0,0,2051,4,-1,2,6,12,1,1322
mhanna,Matt,Hanna,PHI,8,1,1,1,1,1,0,0,12,13,1,0,0,14,66,202,0,0,15,11,2,0,0,0,995,1,2,2,8,14,2,1524
mhanna,Matt,Hanna,PHI,10,1,0,0,0,1,0,0,12,13,1,0,0,13,32,123,0,0,16,8,2,0,0,0,1296,1,0,0,8,14,3,1647
mhanna,Matt,Hanna,PHI,12,2,4,0,4,0,0,0,34,37,3,0,1,41,205,399,0,1,36,26,0,0,0,0,2728,4,0,4,8,18,3,2046
mhanna,Matt,Hanna,PHI,13,1,0,0,0,0,0,0,0,0,0,0,0,0,0,0,0,0,0,0,0,0,0,0,0,0,0,0,8,18,3,2046
mhanscom,Max,Hanscom,MIN,3,1,0,1,1,3,0,0,4,4,0,0,0,4,68,74,0,0,0,0,22,12,0,0,1358,0,4,1,4,1,3,74
mhanscom,Max,Hanscom,MIN,4,1,2,0,0,1,0,0,0,0,0,0,0,2,0,15,0,0,0,0,11,5,0,0,837,0,3,2,7,3,4,89
mhanscom,Max,Hanscom,MIN,5,1,4,0,0,1,0,0,3,3,0,0,0,6,9,92,0,0,0,0,21,9,0,0,1361,0,5,4,12,7,5,181
mhanscom,Max,Hanscom,MIN,6,1,0,0,0,0,0,0,0,0,0,0,0,1,0,5,0,0,0,0,12,4,0,0,1148,0,0,0,12,7,5,186
mhanscom,Max,Hanscom,MIN,7,1,1,1,0,4,0,0,5,5,0,0,0,5,-24,86,0,0,4,3,15,6,0,0,1375,0,6,2,18,9,9,272
mhanscom,Max,Hanscom,MIN,8,1,0,0,0,0,0,0,0,0,0,0,0,0,0,0,0,0,0,0,0,0,0,0,0,0,0,0,18,9,9,272
mhanscom,Max,Hanscom,MIN,9,1,1,0,0,0,0,0,2,2,0,0,0,3,-6,36,0,0,0,0,19,10,0,0,1223,0,1,1,19,10,9,308
mhanscom,Max,Hanscom,MIN,11,2,0,0,3,4,0,0,12,13,1,0,0,13,77,105,0,0,0,0,28,9,0,0,2181,1,3,0,22,10,13,413
mhanscom,Max,Hanscom,MIN,12,1,2,0,1,1,0,0,6,6,0,0,0,8,7,58,0,0,3,3,10,3,0,0,976,0,3,2,25,12,14,471
mhanscom,Max,Hanscom,MIN,13,2,0,0,0,1,0,0,0,1,1,0,0,1,0,5,0,0,0,0,10,1,0,0,700,1,0,0,25,12,15,476
nhanson,Noah,Hanson,MIN,3,1,1,2,2,2,0,0,13,13,0,0,0,12,187,106,1,1,0,0,20,11,0,0,1190,0,5,3,5,3,2,106
nhanson,Noah,Hanson,MIN,4,1,0,1,0,0,0,0,2,2,0,0,0,2,15,26,0,0,1,0,10,6,0,0,820,0,1,1,6,4,2,132
nhanson,Noah,Hanson,MIN,5,1,0,0,0,0,0,0,0,0,0,0,0,0,0,0,0,0,0,0,0,0,0,0,0,0,0,0,6,4,2,132
nhanson,Noah,Hanson,MIN,6,1,0,0,0,0,0,0,2,2,0,0,0,2,20,3,0,0,0,0,9,4,0,0,1029,0,0,0,6,4,2,135
nhanson,Noah,Hanson,MIN,7,1,1,1,1,3,0,0,6,9,3,0,0,8,48,183,0,2,0,0,15,7,0,0,1458,3,2,2,8,6,5,318
nhanson,Noah,Hanson,MIN,8,1,0,2,0,1,0,0,7,7,0,0,0,6,38,15,0,0,1,1,16,8,0,0,1293,0,3,2,11,8,6,333
nhanson,Noah,Hanson,MIN,9,1,0,2,1,2,0,0,9,12,3,0,0,11,127,77,1,1,0,0,16,10,0,0,1160,3,1,2,12,10,8,410
nhanson,Noah,Hanson,MIN,11,2,2,2,0,1,0,0,14,15,1,0,1,14,128,99,1,1,0,0,24,8,0,0,2079,2,3,4,15,14,9,509
nhanson,Noah,Hanson,MIN,12,1,0,0,0,1,0,0,0,1,1,0,0,0,0,0,0,0,0,0,9,2,0,0,1114,1,0,0,15,14,10,509
nhanson,Noah,Hanson,MIN,13,2,3,2,2,3,0,0,14,18,2,0,0,19,98,86,0,1,3,2,29,14,0,0,2068,2,6,5,21,19,13,595
dhappe,Drew,Happe,IND,2,1,0,0,0,0,0,0,0,0,0,0,0,0,0,0,0,0,0,0,0,0,0,0,0,0,0,0,0,0,0,0
dhappe,Drew,Happe,IND,3,1,0,0,0,0,0,0,0,0,0,0,0,0,0,0,0,0,0,0,0,0,0,0,0,0,0,0,0,0,0,0
dhappe,Drew,Happe,IND,5,1,0,0,0,0,0,0,0,0,0,0,0,0,0,0,0,0,0,0,0,0,0,0,0,0,0,0,0,0,0,0
dhappe,Drew,Happe,IND,6,1,0,0,0,0,0,0,0,0,0,0,0,0,0,0,0,0,0,0,0,0,0,0,0,0,0,0,0,0,0,0
dhappe,Drew,Happe,IND,7,1,0,0,0,0,0,0,0,0,0,0,0,0,0,0,0,0,0,0,0,0,0,0,0,0,0,0,0,0,0,0
dhappe,Drew,Happe,IND,8,1,1,0,0,0,0,0,3,5,2,0,1,4,-19,55,0,1,6,0,8,1,2,0,710,3,-2,1,-2,1,0,55
dhappe,Drew,Happe,IND,9,1,0,0,0,0,0,0,0,0,0,0,0,0,0,0,0,0,0,0,0,0,0,0,0,0,0,0,-2,1,0,55
dhappe,Drew,Happe,IND,10,2,0,3,0,1,0,0,25,27,2,0,0,24,204,101,1,1,12,7,8,1,5,0,1341,2,2,3,0,4,1,156
dhappe,Drew,Happe,IND,11,1,0,0,0,0,0,0,6,7,1,0,0,4,-10,32,0,0,2,0,7,2,1,0,747,1,-1,0,-1,4,1,188
dhappe,Drew,Happe,IND,12,1,0,1,0,2,0,0,10,10,0,0,0,6,92,40,0,0,0,0,14,4,13,0,730,0,3,1,2,5,3,228
dhappe,Drew,Happe,IND,13,1,1,1,1,2,0,0,12,13,1,0,0,12,43,66,0,1,5,2,11,6,8,1,1147,1,3,2,5,7,5,294
sharringt,Sam,Harrington,ORE,1,1,0,0,0,0,0,0,0,0,0,0,0,0,0,0,0,0,0,0,0,0,0,0,0,0,0,0,0,0,0,0
sharringt,Sam,Harrington,ORE,2,1,0,0,0,0,0,0,0,0,0,0,0,0,0,0,0,0,0,0,0,0,0,0,0,0,0,0,0,0,0,0
sharringt,Sam,Harrington,ORE,4,1,0,0,0,0,0,0,0,0,0,0,0,0,0,0,0,0,0,0,0,0,0,0,0,0,0,0,0,0,0,0
sharringt,Sam,Harrington,ORE,5,2,1,0,0,0,0,0,0,0,0,0,0,1,0,66,0,0,0,0,6,1,0,0,262,0,1,1,1,1,0,66
sharringt,Sam,Harrington,ORE,6,1,0,0,0,0,0,0,0,0,0,0,0,0,0,0,0,0,0,0,0,0,0,0,0,0,0,0,1,1,0,66
sharringt,Sam,Harrington,ORE,7,1,0,0,0,0,0,0,0,0,0,0,0,0,0,0,0,0,0,0,0,0,0,0,0,0,0,0,1,1,0,66
sharringt,Sam,Harrington,ORE,8,2,0,0,0,0,0,0,0,0,0,0,0,0,0,0,0,0,0,0,0,0,0,0,0,0,0,0,1,1,0,66
sharringt,Sam,Harrington,ORE,9,1,0,0,0,0,0,0,0,0,0,0,0,0,0,0,0,0,0,0,0,0,0,0,0,0,0,0,1,1,0,66
sharringt,Sam,Harrington,ORE,10,1,1,0,1,0,0,0,1,1,0,0,0,2,17,58,0,0,1,0,8,3,0,0,608,0,1,1,2,2,0,124
sharringt,Sam,Harrington,ORE,13,1,0,0,0,0,0,0,0,0,0,0,0,0,0,0,0,0,0,0,0,0,0,0,0,0,0,0,2,2,0,124
gharris,Grant,Harris,CHI,4,1,0,0,0,0,0,0,0,0,0,0,0,0,0,0,0,0,0,0,0,0,0,0,0,0,0,0,0,0,0,0
gharris,Grant,Harris,CHI,6,1,0,0,0,0,0,0,0,0,0,0,0,0,0,0,0,0,0,0,0,0,0,0,0,0,0,0,0,0,0,0
gharris,Grant,Harris,CHI,7,1,0,0,0,0,0,0,0,0,0,0,0,0,0,0,0,0,0,0,0,0,0,0,0,0,0,0,0,0,0,0
gharris,Grant,Harris,CHI,8,1,0,0,0,0,0,0,0,0,0,0,0,0,0,0,0,0,0,0,0,0,0,0,0,0,0,0,0,0,0,0
gharris,Grant,Harris,CHI,9,2,0,0,0,0,0,0,0,0,0,0,0,0,0,0,0,0,0,0,0,0,0,0,0,0,0,0,0,0,0,0
gharris,Grant,Harris,CHI,10,2,0,0,0,0,0,0,0,0,0,0,0,0,0,0,0,0,0,0,0,0,0,0,0,0,0,0,0,0,0,0
gharris,Grant,Harris,CHI,11,2,0,0,0,0,0,0,2,2,0,0,0,1,1,4,0,0,0,0,11,2,0,0,929,0,0,0,0,0,0,4
gharris,Grant,Harris,CHI,13,2,0,4,3,0,0,0,23,23,0,0,0,19,196,68,0,0,0,0,22,13,0,0,1255,0,4,4,4,4,0,72
ahartzog,Axel,Hartzog,SEA,2,1,0,0,0,0,0,0,0,0,0,0,0,0,0,0,0,0,0,0,0,0,0,0,0,0,0,0,0,0,0,0
ahartzog,Axel,Hartzog,SEA,3,2,0,0,0,0,0,0,0,0,0,0,0,0,0,0,0,0,0,0,0,0,0,0,0,0,0,0,0,0,0,0
ahartzog,Axel,Hartzog,SEA,4,1,0,0,0,0,0,0,0,0,0,0,0,0,0,0,0,0,0,0,0,0,0,0,0,0,0,0,0,0,0,0
ahartzog,Axel,Hartzog,SEA,5,2,0,0,0,0,0,0,0,0,0,0,0,0,0,0,0,0,0,0,0,0,0,0,0,0,0,0,0,0,0,0
ahartzog,Axel,Hartzog,SEA,6,1,0,0,0,0,0,0,0,0,0,0,0,0,0,0,0,0,0,0,0,0,0,0,0,0,0,0,0,0,0,0
ahartzog,Axel,Hartzog,SEA,7,1,0,0,0,0,0,0,0,0,0,0,0,0,0,0,0,0,0,0,0,0,0,0,0,0,0,0,0,0,0,0
ahartzog,Axel,Hartzog,SEA,9,1,0,0,0,0,0,0,0,0,0,0,0,0,0,0,0,0,0,0,0,0,0,0,0,0,0,0,0,0,0,0
ahartzog,Axel,Hartzog,SEA,10,1,0,0,0,0,0,0,0,0,0,0,0,0,0,0,0,0,0,0,0,0,0,0,0,0,0,0,0,0,0,0
ahartzog,Axel,Hartzog,SEA,13,2,0,1,1,0,0,0,4,4,0,0,0,4,83,34,1,1,5,1,10,3,0,0,939,0,1,1,1,1,0,34
lharwood,Luca,Harwood,BOS,1,1,0,0,0,0,0,0,0,0,0,0,0,0,0,0,0,0,0,0,0,0,0,0,0,0,0,0,0,0,0,0
lharwood,Luca,Harwood,BOS,3,1,0,0,0,0,0,0,0,0,0,0,0,0,0,0,0,0,0,0,0,0,0,0,0,0,0,0,0,0,0,0
lharwood,Luca,Harwood,BOS,4,2,0,0,0,0,0,0,0,0,0,0,0,0,0,0,0,0,0,0,0,0,0,0,0,0,0,0,0,0,0,0
lharwood,Luca,Harwood,BOS,7,1,0,0,0,0,0,0,0,0,0,0,0,0,0,0,0,0,0,0,0,0,0,0,0,0,0,0,0,0,0,0
lharwood,Luca,Harwood,BOS,8,2,0,0,0,0,0,0,0,0,0,0,0,0,0,0,0,0,0,0,0,0,0,0,0,0,0,0,0,0,0,0
lharwood,Luca,Harwood,BOS,9,1,0,0,0,0,0,0,0,0,0,0,0,0,0,0,0,0,0,0,0,0,0,0,0,0,0,0,0,0,0,0
lharwood,Luca,Harwood,BOS,11,1,0,0,0,0,0,0,0,0,0,0,0,0,0,0,0,0,0,0,0,0,0,0,0,0,0,0,0,0,0,0
lharwood,Luca,Harwood,BOS,12,2,0,0,0,0,0,0,0,0,0,0,0,0,0,0,0,0,0,0,0,0,0,0,0,0,0,0,0,0,0,0
lharwood,Luca,Harwood,BOS,13,1,0,0,0,0,0,0,0,0,0,0,0,0,0,0,0,0,0,0,0,0,0,0,0,0,0,0,0,0,0,0
rhausmann,Robert,Hausmann,ATX,1,1,0,0,0,0,0,0,0,0,0,0,0,0,0,0,0,0,0,0,0,0,0,0,0,0,0,0,0,0,0,0
rhausmann,Robert,Hausmann,ATX,2,1,0,0,0,0,0,0,0,0,0,0,0,0,0,0,0,0,0,0,10,3,0,0,525,0,0,0,0,0,0,0
rhausmann,Robert,Hausmann,ATX,3,1,0,1,0,0,0,0,3,3,0,0,0,2,20,29,0,0,0,0,14,5,0,0,826,0,1,1,1,1,0,29
rhausmann,Robert,Hausmann,ATX,4,1,0,0,0,0,0,0,0,0,0,0,0,0,0,0,0,0,0,0,0,0,0,0,0,0,0,0,1,1,0,29
rhausmann,Robert,Hausmann,ATX,7,2,0,0,0,0,0,0,0,0,0,0,0,0,0,0,0,0,0,0,0,0,0,0,0,0,0,0,1,1,0,29
rhausmann,Robert,Hausmann,ATX,8,1,0,0,0,0,0,0,1,3,2,0,0,3,-9,10,0,0,0,0,10,1,0,0,911,2,-2,0,-1,1,0,39
rhausmann,Robert,Hausmann,ATX,10,2,0,0,0,0,0,0,0,0,0,0,0,0,0,0,0,0,0,0,0,0,0,0,0,0,0,0,-1,1,0,39
rhausmann,Robert,Hausmann,ATX,11,1,0,0,0,0,0,0,0,0,0,0,0,0,0,0,0,0,0,0,0,0,0,0,0,0,0,0,-1,1,0,39
rhausmann,Robert,Hausmann,ATX,12,1,0,0,0,2,0,0,2,2,0,0,0,1,4,4,0,0,0,0,11,5,0,0,858,0,2,0,1,1,2,43
rhausmann,Robert,Hausmann,ATX,13,1,0,0,0,0,0,0,1,2,1,0,0,2,8,20,0,0,0,0,10,2,0,0,486,1,-1,0,0,1,2,63
jhavey,Jack,Havey,IND,2,1,2,0,1,0,0,0,5,5,0,0,0,6,19,69,0,0,10,8,8,1,0,0,818,0,2,2,2,2,0,69
jhavey,Jack,Havey,IND,3,1,1,1,2,1,0,0,16,16,0,0,0,15,124,102,0,0,16,7,7,1,0,0,1124,0,3,2,5,4,1,171
jhavey,Jack,Havey,IND,5,1,2,0,4,0,0,0,25,27,2,0,1,29,189,204,0,1,19,14,1,0,0,0,1851,3,-1,2,4,6,1,375
jhavey,Jack,Havey,IND,6,1,0,0,0,0,0,0,0,0,0,0,0,0,0,0,0,0,0,0,0,0,0,0,0,0,0,0,4,6,1,375
jhavey,Jack,Havey,IND,7,1,0,0,0,0,0,0,0,0,0,0,0,0,0,0,0,0,0,0,0,0,0,0,0,0,0,0,4,6,1,375
jhavey,Jack,Havey,IND,8,1,0,0,3,1,0,0,41,42,1,0,1,36,210,203,0,0,22,13,0,0,0,0,1841,2,-1,0,3,6,2,578
jhavey,Jack,Havey,IND,9,1,0,0,0,0,0,0,0,0,0,0,0,0,0,0,0,0,0,0,0,0,0,0,0,0,0,0,3,6,2,578
jhavey,Jack,Havey,IND,10,2,1,1,0,0,0,0,26,27,1,0,0,20,214,160,0,0,12,5,8,2,0,0,1187,1,1,2,4,8,2,738
jhavey,Jack,Havey,IND,11,1,1,1,1,0,0,0,16,18,2,0,2,18,117,134,0,1,20,4,0,0,0,0,1356,4,-2,2,2,10,2,872
jhavey,Jack,Havey,IND,12,1,3,4,1,0,0,0,24,25,1,0,0,25,233,250,1,1,21,18,1,0,0,0,1496,1,6,7,8,17,2,1122
jhavey,Jack,Havey,IND,13,1,1,0,0,0,0,0,22,23,0,0,0,17,122,35,0,0,15,10,4,1,0,0,1119,0,1,1,9,18,2,1157
hhavlin,Hank,Havlin,IND,2,1,0,0,0,0,0,0,0,0,0,0,0,0,0,0,0,0,0,0,0,0,0,0,0,0,0,0,0,0,0,0
hhavlin,Hank,Havlin,IND,3,1,0,0,0,0,0,0,0,0,0,0,0,0,0,0,0,0,0,0,0,0,0,0,0,0,0,0,0,0,0,0
hhavlin,Hank,Havlin,IND,5,1,0,0,0,0,0,0,0,0,0,0,0,0,0,0,0,0,0,0,0,0,0,0,0,0,0,0,0,0,0,0
hhavlin,Hank,Havlin,IND,6,1,0,0,0,0,0,0,0,0,0,0,0,0,0,0,0,0,0,0,0,0,0,0,0,0,0,0,0,0,0,0
hhavlin,Hank,Havlin,IND,7,1,0,0,0,0,0,0,0,0,0,0,0,0,0,0,0,0,0,0,0,0,0,0,0,0,0,0,0,0,0,0
hhavlin,Hank,Havlin,IND,8,1,0,0,0,0,0,0,0,0,0,0,0,0,0,0,0,0,0,0,0,0,0,0,0,0,0,0,0,0,0,0
hhavlin,Hank,Havlin,IND,9,1,0,0,0,0,0,0,0,0,0,0,0,0,0,0,0,0,0,0,0,0,0,0,0,0,0,0,0,0,0,0
hhavlin,Hank,Havlin,IND,10,2,2,0,0,1,0,0,3,4,1,0,0,6,-3,112,0,0,9,6,8,2,0,0,1059,1,2,2,2,2,1,112
hhavlin,Hank,Havlin,IND,11,1,0,0,0,0,0,0,0,0,0,0,0,0,0,0,0,0,0,0,0,0,0,0,0,0,0,0,2,2,1,112
hhavlin,Hank,Havlin,IND,12,1,0,0,0,0,0,0,0,0,0,0,0,0,0,0,0,0,0,0,0,0,0,0,0,0,0,0,2,2,1,112
hhavlin,Hank,Havlin,IND,13,1,0,0,0,0,0,0,0,0,0,0,0,0,0,0,0,0,0,0,0,0,0,0,0,0,0,0,2,2,1,112
dhawkins,Dylan,Hawkins,CAR,3,1,0,0,0,0,0,0,0,0,0,0,0,0,0,0,0,0,0,0,0,0,0,0,0,0,0,0,0,0,0,0
dhawkins,Dylan,Hawkins,CAR,4,2,4,0,1,0,0,0,15,16,1,0,1,21,17,248,0,0,32,17,1,0,0,0,1840,2,2,4,2,4,0,248
dhawkins,Dylan,Hawkins,CAR,5,1,0,0,0,0,0,0,0,0,0,0,0,0,0,0,0,0,0,0,0,0,0,0,0,0,0,0,2,4,0,248
dhawkins,Dylan,Hawkins,CAR,6,2,3,0,2,0,0,0,32,32,0,0,0,35,-105,399,0,0,29,23,6,1,0,0,2283,0,3,3,5,7,0,647
dhawkins,Dylan,Hawkins,CAR,7,1,3,0,2,1,0,0,19,20,1,0,0,23,17,144,0,0,16,13,1,0,0,0,1129,1,3,3,8,10,1,791
dhawkins,Dylan,Hawkins,CAR,9,1,6,1,3,0,0,0,16,16,0,0,0,21,36,234,0,0,15,15,1,1,0,0,1193,0,7,7,15,17,1,1025
dhawkins,Dylan,Hawkins,CAR,10,1,2,2,2,1,0,0,13,15,1,0,0,16,119,121,0,1,19,16,2,0,0,0,1003,1,4,4,19,21,2,1146
dhawkins,Dylan,Hawkins,CAR,12,1,3,1,2,0,0,0,26,27,1,0,0,28,92,108,0,0,21,16,0,0,0,0,1272,1,3,4,22,25,2,1254
dhawkins,Dylan,Hawkins,CAR,13,2,4,2,4,1,0,0,28,30,1,0,3,33,174,185,1,2,44,28,1,0,0,0,2683,4,3,6,25,31,3,1439
ehawkins,Elliot,Hawkins,COL,1,1,0,0,0,0,0,0,0,0,0,0,0,0,0,0,0,0,0,0,0,0,0,0,0,0,0,0,0,0,0,0
ehawkins,Elliot,Hawkins,COL,4,2,0,0,0,0,0,0,0,0,0,0,0,0,0,0,0,0,0,0,0,0,0,0,0,0,0,0,0,0,0,0
ehawkins,Elliot,Hawkins,COL,5,1,0,0,0,0,0,0,0,0,0,0,0,0,0,0,0,0,0,0,0,0,0,0,0,0,0,0,0,0,0,0
ehawkins,Elliot,Hawkins,COL,6,1,1,1,0,0,0,0,5,6,1,0,1,7,57,116,1,2,9,5,12,1,0,0,966,2,0,2,0,2,0,116
ehawkins,Elliot,Hawkins,COL,9,1,3,5,1,0,0,0,15,17,2,0,0,20,122,388,1,1,12,10,6,4,3,1,1222,2,6,8,6,10,0,504
ehawkins,Elliot,Hawkins,COL,10,2,6,4,2,3,0,0,24,27,2,0,0,31,177,571,1,1,42,23,4,1,2,0,2791,2,11,10,17,20,3,1075
ehawkins,Elliot,Hawkins,COL,11,1,0,0,0,0,0,0,0,0,0,0,0,0,0,0,0,0,0,0,0,0,0,0,0,0,0,0,17,20,3,1075
ehawkins,Elliot,Hawkins,COL,12,2,0,0,0,0,0,0,0,0,0,0,0,0,0,0,0,0,0,0,0,0,0,0,0,0,0,0,17,20,3,1075
ehawkins,Elliot,Hawkins,COL,13,1,0,0,0,0,0,0,0,0,0,0,0,0,0,0,0,0,0,0,0,0,0,0,0,0,0,0,17,20,3,1075
khealey,Kevin,Healey,DC,1,1,2,1,0,0,0,0,8,8,0,0,1,10,13,88,0,0,17,11,0,0,0,0,1283,1,2,3,2,3,0,88
khealey,Kevin,Healey,DC,2,1,1,0,0,2,0,0,2,2,0,0,0,3,14,42,0,0,0,0,15,3,0,0,1310,0,3,1,5,4,2,130
khealey,Kevin,Healey,DC,3,1,1,1,1,0,0,0,12,13,0,0,0,15,47,159,0,0,13,9,5,3,0,0,1276,0,2,2,7,6,2,289
khealey,Kevin,Healey,DC,4,1,1,0,0,1,0,0,6,7,1,0,0,8,33,64,0,0,10,5,0,0,0,0,946,1,1,1,8,7,3,353
khealey,Kevin,Healey,DC,6,2,2,1,0,0,0,0,4,4,0,0,0,6,7,54,0,0,0,0,22,7,0,0,1076,0,3,3,11,10,3,407
khealey,Kevin,Healey,DC,7,1,0,0,0,0,0,0,4,4,0,0,0,4,46,5,0,0,0,0,14,3,0,0,1105,0,0,0,11,10,3,412
khealey,Kevin,Healey,DC,8,1,0,0,0,0,0,0,3,4,1,0,0,3,-5,35,0,0,0,0,14,1,0,0,873,1,-1,0,10,10,3,447
khealey,Kevin,Healey,DC,10,1,1,0,0,1,0,0,7,8,1,0,0,8,-3,64,0,0,0,0,15,8,0,0,991,1,1,1,11,11,4,511
khealey,Kevin,Healey,DC,11,1,0,0,0,0,0,0,1,1,0,0,0,1,9,5,0,0,0,0,9,5,0,0,684,0,0,0,11,11,4,516
khealey,Kevin,Healey,DC,12,1,2,0,0,0,0,0,4,4,0,0,0,6,14,66,0,0,0,0,14,5,0,0,1171,0,2,2,13,13,4,582
khealey,Kevin,Healey,DC,13,1,1,0,0,0,0,0,6,6,0,0,0,7,27,22,0,0,1,0,15,1,0,0,1029,0,1,1,14,14,4,604
shearne,Scott,Hearne,ATX,1,1,0,0,0,0,0,0,0,0,0,0,0,0,0,0,0,0,0,0,0,0,0,0,0,0,0,0,0,0,0,0
shearne,Scott,Hearne,ATX,2,1,0,0,0,0,0,0,0,0,0,0,0,0,0,0,0,0,0,0,0,0,0,0,0,0,0,0,0,0,0,0
shearne,Scott,Hearne,ATX,3,1,0,0,0,0,0,0,0,0,0,0,0,0,0,0,0,0,0,0,0,0,0,0,0,0,0,0,0,0,0,0
shearne,Scott,Hearne,ATX,4,1,0,0,0,0,0,0,0,0,0,0,0,0,0,0,0,0,0,0,0,0,0,0,0,0,0,0,0,0,0,0
shearne,Scott,Hearne,ATX,7,2,0,0,0,0,0,0,0,0,0,0,0,0,0,0,0,0,0,0,0,0,0,0,0,0,0,0,0,0,0,0
shearne,Scott,Hearne,ATX,8,1,0,0,0,0,0,0,0,0,0,0,0,0,0,0,0,0,0,0,0,0,0,0,0,0,0,0,0,0,0,0
shearne,Scott,Hearne,ATX,10,2,0,0,0,0,0,0,0,0,0,0,0,0,0,0,0,0,0,0,0,0,0,0,0,0,0,0,0,0,0,0
shearne,Scott,Hearne,ATX,11,1,0,2,0,0,0,0,2,2,0,0,0,2,34,32,0,0,0,0,15,5,10,0,883,0,2,2,2,2,0,32
shearne,Scott,Hearne,ATX,12,1,0,0,0,0,0,0,6,7,1,0,0,6,36,-4,0,0,0,0,10,3,8,2,780,1,-1,0,1,2,0,28
shearne,Scott,Hearne,ATX,13,1,0,0,0,0,0,0,0,0,0,0,0,0,0,0,0,0,0,0,0,0,0,0,0,0,0,0,1,2,0,28
thebert1,Trenton,Hebert,ATX,1,1,1,1,1,1,0,0,5,5,0,0,0,5,96,59,1,1,0,0,15,6,0,0,779,0,3,2,3,2,1,59
thebert1,Trenton,Hebert,ATX,2,1,0,0,0,0,0,0,0,0,0,0,0,0,0,0,0,0,0,0,0,0,0,0,0,0,0,0,3,2,1,59
thebert1,Trenton,Hebert,ATX,3,1,0,2,0,0,0,0,5,5,0,0,0,5,6,40,0,0,0,0,15,6,0,0,744,0,2,2,5,4,1,99
thebert1,Trenton,Hebert,ATX,4,1,0,0,0,0,0,0,0,0,0,0,0,0,0,0,0,0,0,0,0,0,0,0,0,0,0,0,5,4,1,99
thebert1,Trenton,Hebert,ATX,7,2,0,0,0,0,0,0,0,0,0,0,0,0,0,0,0,0,0,0,0,0,0,0,0,0,0,0,5,4,1,99
thebert1,Trenton,Hebert,ATX,8,1,0,0,0,0,0,0,0,0,0,0,0,0,0,0,0,0,0,0,0,0,0,0,0,0,0,0,5,4,1,99
thebert1,Trenton,Hebert,ATX,10,2,0,2,0,0,0,0,3,4,1,0,0,3,31,20,0,0,0,0,16,3,3,0,871,1,1,2,6,6,1,119
thebert1,Trenton,Hebert,ATX,11,1,0,2,0,1,0,0,8,8,0,0,0,6,85,10,0,0,0,0,14,5,0,0,735,0,3,2,9,8,2,129
thebert1,Trenton,Hebert,ATX,12,1,1,0,1,0,0,0,7,7,0,0,0,5,32,35,0,0,0,0,10,3,0,0,780,0,1,1,10,9,2,164
thebert1,Trenton,Hebert,ATX,13,1,1,0,0,0,0,0,1,1,0,0,0,2,2,16,0,0,0,0,8,2,0,0,393,0,1,1,11,10,2,180
thedges,Tannon,Hedges,ATX,1,1,0,0,0,0,0,0,0,0,0,0,0,0,0,0,0,0,0,0,0,0,0,0,0,0,0,0,0,0,0,0
thedges,Tannon,Hedges,ATX,2,1,0,0,0,0,0,0,0,0,0,0,0,0,0,0,0,0,0,0,0,0,0,0,0,0,0,0,0,0,0,0
thedges,Tannon,Hedges,ATX,3,1,0,0,0,0,0,0,0,0,0,0,0,0,0,0,0,0,0,0,0,0,0,0,0,0,0,0,0,0,0,0
thedges,Tannon,Hedges,ATX,4,1,0,0,0,0,0,0,0,0,0,0,0,0,0,0,0,0,0,0,0,0,0,0,0,0,0,0,0,0,0,0
thedges,Tannon,Hedges,ATX,7,2,0,0,0,0,0,0,7,7,0,0,0,4,20,-6,0,0,0,0,9,6,0,0,996,0,0,0,0,0,0,-6
thedges,Tannon,Hedges,ATX,8,1,0,0,0,0,0,0,0,0,0,0,0,0,0,0,0,0,0,0,0,0,0,0,0,0,0,0,0,0,0,-6
thedges,Tannon,Hedges,ATX,10,2,1,0,1,1,0,0,1,2,1,0,0,2,15,-6,0,1,1,0,15,2,1,0,789,1,1,1,1,1,1,-12
thedges,Tannon,Hedges,ATX,11,1,0,0,0,0,0,0,0,0,0,0,0,0,0,0,0,0,0,0,0,0,0,0,0,0,0,0,1,1,1,-12
thedges,Tannon,Hedges,ATX,12,1,0,0,0,0,0,0,0,0,0,0,0,0,0,0,0,0,0,0,0,0,0,0,0,0,0,0,1,1,1,-12
thedges,Tannon,Hedges,ATX,13,1,0,0,0,0,0,0,0,0,0,0,0,0,0,0,0,0,0,0,0,0,0,0,0,0,0,0,1,1,1,-12
jheglie,Jackson,Heglie,ORE,1,1,2,0,1,1,0,0,7,7,0,0,0,10,9,86,0,0,3,1,6,2,0,0,543,0,3,2,3,2,1,86
jheglie,Jackson,Heglie,ORE,2,1,0,0,0,0,0,0,0,0,0,0,0,0,0,0,0,0,0,0,0,0,0,0,0,0,0,0,3,2,1,86
jheglie,Jackson,Heglie,ORE,4,1,0,0,0,0,0,0,0,0,0,0,0,0,0,0,0,0,0,0,0,0,0,0,0,0,0,0,3,2,1,86
jheglie,Jackson,Heglie,ORE,5,2,0,0,0,0,0,0,0,0,0,0,0,0,0,0,0,0,0,0,0,0,0,0,0,0,0,0,3,2,1,86
jheglie,Jackson,Heglie,ORE,6,1,2,1,0,0,0,0,6,7,1,0,0,9,7,101,0,0,2,2,10,3,0,0,625,1,2,3,5,5,1,187
jheglie,Jackson,Heglie,ORE,7,1,0,0,0,0,0,0,0,0,0,0,0,0,0,0,0,0,0,0,0,0,0,0,0,0,0,0,5,5,1,187
jheglie,Jackson,Heglie,ORE,8,2,2,0,0,0,0,0,3,4,1,0,1,6,22,93,0,0,6,0,24,2,0,0,1731,2,0,2,5,7,1,280
jheglie,Jackson,Heglie,ORE,9,1,1,1,0,0,0,0,2,2,0,0,0,3,7,32,0,0,1,0,9,4,0,0,770,0,2,2,7,9,1,312
jheglie,Jackson,Heglie,ORE,10,1,2,0,0,0,0,0,3,3,0,0,0,5,29,61,0,0,4,2,11,3,0,0,974,0,2,2,9,11,1,373
jheglie,Jackson,Heglie,ORE,13,1,0,0,0,0,0,0,0,0,0,0,0,0,0,0,0,0,0,0,0,0,0,0,0,0,0,0,9,11,1,373
oheh,Owen,Heh,ORE,1,1,0,0,0,0,0,0,8,8,0,0,0,5,82,-23,0,0,3,1,6,2,0,0,543,0,0,0,0,0,0,-23
oheh,Owen,Heh,ORE,2,1,0,0,0,0,0,0,1,1,0,0,0,0,2,0,0,0,1,0,6,0,0,0,365,0,0,0,0,0,0,-23
oheh,Owen,Heh,ORE,4,1,0,0,0,0,0,0,0,0,0,0,0,0,0,0,0,0,0,0,0,0,0,0,0,0,0,0,0,0,0,-23
oheh,Owen,Heh,ORE,5,2,0,0,0,0,0,0,0,0,0,0,0,0,0,0,0,0,0,0,0,0,0,0,0,0,0,0,0,0,0,-23
oheh,Owen,Heh,ORE,6,1,0,0,0,0,0,0,0,0,0,0,0,0,0,0,0,0,0,0,0,0,0,0,0,0,0,0,0,0,0,-23
oheh,Owen,Heh,ORE,7,1,0,0,0,0,0,0,0,0,0,0,0,0,0,0,0,0,0,0,0,0,0,0,0,0,0,0,0,0,0,-23
oheh,Owen,Heh,ORE,8,2,0,0,0,0,0,0,0,0,0,0,0,0,0,0,0,0,0,0,0,0,0,0,0,0,0,0,0,0,0,-23
oheh,Owen,Heh,ORE,9,1,0,0,0,0,0,0,0,0,0,0,0,0,0,0,0,0,0,0,0,0,0,0,0,0,0,0,0,0,0,-23
oheh,Owen,Heh,ORE,10,1,0,0,0,0,0,0,0,0,0,0,0,0,0,0,0,0,0,0,0,0,0,0,0,0,0,0,0,0,0,-23
oheh,Owen,Heh,ORE,13,1,0,0,0,0,0,0,0,0,0,0,0,0,0,0,0,0,0,0,0,0,0,0,0,0,0,0,0,0,0,-23
whelenski,Will,Helenski,PHI,1,1,0,0,0,0,0,0,0,0,0,0,0,0,0,0,0,0,0,0,0,0,0,0,0,0,0,0,0,0,0,0
whelenski,Will,Helenski,PHI,2,1,0,0,0,0,0,0,0,0,0,0,0,0,0,0,0,0,0,0,0,0,0,0,0,0,0,0,0,0,0,0
whelenski,Will,Helenski,PHI,3,1,0,0,0,0,0,0,0,0,0,0,0,0,0,0,0,0,0,0,0,0,0,0,0,0,0,0,0,0,0,0
whelenski,Will,Helenski,PHI,5,1,0,0,0,0,0,0,0,0,0,0,0,0,0,0,0,0,0,0,0,0,0,0,0,0,0,0,0,0,0,0
whelenski,Will,Helenski,PHI,6,1,0,0,0,0,0,0,0,0,0,0,0,0,0,0,0,0,0,0,0,0,0,0,0,0,0,0,0,0,0,0
whelenski,Will,Helenski,PHI,7,2,0,0,0,0,0,0,0,0,0,0,0,0,0,0,0,0,0,0,0,0,0,0,0,0,0,0,0,0,0,0
whelenski,Will,Helenski,PHI,8,1,0,0,0,0,0,0,0,0,0,0,0,0,0,0,0,0,0,0,0,0,0,0,0,0,0,0,0,0,0,0
whelenski,Will,Helenski,PHI,10,1,0,0,0,0,0,0,0,0,0,0,0,0,0,0,0,0,0,0,0,0,0,0,0,0,0,0,0,0,0,0
whelenski,Will,Helenski,PHI,12,2,0,0,0,0,0,0,0,0,0,0,0,0,0,0,0,0,0,0,0,0,0,0,0,0,0,0,0,0,0,0
whelenski,Will,Helenski,PHI,13,1,0,0,0,0,0,0,0,0,0,0,0,0,0,0,0,0,0,0,0,0,0,0,0,0,0,0,0,0,0,0
khenke,Kyle,Henke,ATX,1,1,4,3,7,0,0,0,32,33,1,0,0,38,444,420,4,4,25,19,2,1,0,0,1302,1,6,7,6,7,0,420
khenke,Kyle,Henke,ATX,2,1,2,4,1,0,0,0,40,43,2,0,0,40,246,117,1,3,21,15,1,0,0,0,1430,2,4,6,10,13,0,537
khenke,Kyle,Henke,ATX,3,1,1,2,3,3,0,0,32,35,3,0,0,34,145,319,0,3,23,20,2,0,0,0,1516,3,3,3,13,16,3,856
khenke,Kyle,Henke,ATX,4,1,5,1,2,3,0,0,26,32,5,0,0,31,187,291,1,4,22,14,2,1,0,0,1808,5,4,6,17,22,6,1147
khenke,Kyle,Henke,ATX,7,2,2,4,4,1,0,0,63,66,1,1,0,65,405,338,3,5,43,27,5,1,1,0,3261,2,5,6,22,28,7,1485
khenke,Kyle,Henke,ATX,8,1,3,1,0,2,0,0,16,16,0,0,0,17,220,263,1,1,21,15,0,0,0,0,1319,0,6,4,28,32,9,1748
khenke,Kyle,Henke,ATX,10,2,2,4,8,0,0,0,53,61,8,0,0,49,397,389,1,4,43,27,6,2,0,0,2882,8,-2,6,26,38,9,2137
khenke,Kyle,Henke,ATX,11,1,1,4,1,2,0,0,35,37,2,0,0,32,317,260,2,2,24,20,6,2,0,0,1516,2,5,5,31,43,11,2397
khenke,Kyle,Henke,ATX,12,1,4,2,2,0,0,0,35,38,3,0,0,33,247,200,1,1,18,13,2,0,0,0,1606,3,3,6,34,49,11,2597
khenke,Kyle,Henke,ATX,13,1,3,1,5,1,0,0,46,52,5,0,0,43,335,274,1,1,26,16,1,0,0,0,1839,5,0,4,34,53,12,2871
mhenke,Mark,Henke,ATX,1,1,0,0,0,0,0,0,0,0,0,0,0,0,0,0,0,0,0,0,0,0,0,0,0,0,0,0,0,0,0,0
mhenke,Mark,Henke,ATX,2,1,1,1,2,3,0,0,11,12,1,0,0,10,10,105,0,0,0,0,17,8,0,0,1314,1,4,2,4,2,3,105
mhenke,Mark,Henke,ATX,3,1,4,0,2,1,0,0,10,11,1,0,0,15,67,179,0,0,21,18,0,0,0,0,1242,1,4,4,8,6,4,284
mhenke,Mark,Henke,ATX,4,1,2,0,2,1,0,0,11,11,0,0,0,12,43,53,0,0,5,2,11,4,0,0,1639,0,3,2,11,8,5,337
mhenke,Mark,Henke,ATX,7,2,6,2,2,1,1,0,14,15,1,0,0,18,56,205,0,0,9,8,31,9,0,0,2233,1,8,8,19,16,6,542
mhenke,Mark,Henke,ATX,8,1,0,0,1,1,0,0,5,5,0,0,0,5,13,30,0,0,1,0,15,4,0,0,1227,0,1,0,20,16,7,572
mhenke,Mark,Henke,ATX,10,2,6,5,2,2,0,0,23,23,0,0,0,29,124,524,0,0,42,26,2,1,0,0,2712,0,13,11,33,27,9,1096
mhenke,Mark,Henke,ATX,11,1,8,4,2,0,0,0,23,23,0,0,0,31,102,512,2,2,24,21,3,2,0,0,1582,0,12,12,45,39,9,1608
mhenke,Mark,Henke,ATX,12,1,4,3,1,1,0,0,32,34,2,0,0,39,122,336,0,1,19,14,5,2,0,0,1827,2,6,7,51,46,10,1944
mhenke,Mark,Henke,ATX,13,1,2,2,2,1,0,0,18,19,1,0,2,20,127,170,0,0,25,14,1,1,0,0,1617,3,2,4,53,50,11,2114
jhenry,Jackson,Henry,ORE,1,1,0,0,0,0,0,0,0,0,0,0,0,0,0,0,0,0,0,0,0,0,0,0,0,0,0,0,0,0,0,0
jhenry,Jackson,Henry,ORE,2,1,0,0,0,0,0,0,0,0,0,0,0,0,0,0,0,0,0,0,0,0,0,0,0,0,0,0,0,0,0,0
jhenry,Jackson,Henry,ORE,4,1,0,0,0,0,0,0,0,0,0,0,0,0,0,0,0,0,0,0,0,0,0,0,0,0,0,0,0,0,0,0
jhenry,Jackson,Henry,ORE,5,2,0,0,0,0,0,0,0,0,0,0,0,0,0,0,0,0,0,0,0,0,0,0,0,0,0,0,0,0,0,0
jhenry,Jackson,Henry,ORE,6,1,0,0,0,0,0,0,0,0,0,0,0,0,0,0,0,0,0,0,0,0,0,0,0,0,0,0,0,0,0,0
jhenry,Jackson,Henry,ORE,7,1,0,0,0,0,0,0,0,0,0,0,0,0,0,0,0,0,0,0,0,0,0,0,0,0,0,0,0,0,0,0
jhenry,Jackson,Henry,ORE,8,2,0,0,0,0,0,0,0,0,0,0,0,0,0,0,0,0,0,0,0,0,0,0,0,0,0,0,0,0,0,0
jhenry,Jackson,Henry,ORE,9,1,0,0,0,0,0,0,0,0,0,0,0,0,0,0,0,0,0,0,0,0,0,0,0,0,0,0,0,0,0,0
jhenry,Jackson,Henry,ORE,10,1,0,0,0,0,0,0,0,0,0,0,0,0,0,0,0,0,0,0,0,0,0,0,0,0,0,0,0,0,0,0
jhenry,Jackson,Henry,ORE,13,1,0,0,0,0,0,0,0,0,0,0,0,0,0,0,0,0,0,0,0,0,0,0,0,0,0,0,0,0,0,0
ihernande,Isaiah,Hernandez,LA,2,2,0,0,0,0,0,0,0,0,0,0,0,0,0,0,0,0,0,0,0,0,0,0,0,0,0,0,0,0,0,0
ihernande,Isaiah,Hernandez,LA,3,1,0,0,0,0,0,0,0,0,0,0,0,0,0,0,0,0,0,0,0,0,0,0,0,0,0,0,0,0,0,0
ihernande,Isaiah,Hernandez,LA,4,1,1,0,0,0,0,0,1,1,0,0,0,2,1,28,0,0,1,1,9,1,0,0,729,0,1,1,1,1,0,28
ihernande,Isaiah,Hernandez,LA,6,1,0,0,0,0,0,0,0,0,0,0,0,0,0,0,0,0,0,0,0,0,0,0,0,0,0,0,1,1,0,28
ihernande,Isaiah,Hernandez,LA,7,1,0,0,0,0,0,0,0,0,0,0,0,0,0,0,0,0,0,0,0,0,0,0,0,0,0,0,1,1,0,28
ihernande,Isaiah,Hernandez,LA,9,2,0,0,0,0,0,0,0,0,0,0,0,0,0,0,0,0,0,0,0,0,0,0,0,0,0,0,1,1,0,28
ihernande,Isaiah,Hernandez,LA,11,1,0,0,0,0,0,0,0,0,0,0,0,0,0,0,0,0,0,0,0,0,0,0,0,0,0,0,1,1,0,28
ihernande,Isaiah,Hernandez,LA,12,2,0,0,0,0,0,0,0,0,0,0,0,0,0,0,0,0,0,0,0,0,0,0,0,0,0,0,1,1,0,28
ihernande,Isaiah,Hernandez,LA,13,1,0,0,0,0,0,0,0,0,0,0,0,0,0,0,0,0,0,0,0,0,0,0,0,0,0,0,1,1,0,28
sheyman,Scott,Heyman,PHI,1,1,1,5,2,2,0,0,33,37,3,0,0,38,233,334,2,3,20,14,0,0,0,0,1371,3,5,6,5,6,2,334
sheyman,Scott,Heyman,PHI,2,1,3,7,1,2,0,0,45,48,2,0,0,48,419,307,3,3,21,16,0,0,0,0,1420,2,10,10,15,16,4,641
sheyman,Scott,Heyman,PHI,3,1,3,3,9,1,0,0,36,38,1,0,0,41,588,323,6,6,22,18,1,0,0,0,1500,1,6,6,21,22,5,964
sheyman,Scott,Heyman,PHI,5,1,1,7,2,0,0,0,38,40,1,0,0,40,408,213,2,2,21,15,1,0,0,0,1502,1,7,8,28,30,5,1177
sheyman,Scott,Heyman,PHI,6,1,5,3,3,1,0,0,32,36,4,1,0,43,339,123,2,2,20,13,2,1,0,0,1790,5,4,8,32,38,6,1300
sheyman,Scott,Heyman,PHI,7,2,0,2,1,0,0,0,16,17,1,0,0,17,190,94,1,2,16,5,0,0,0,0,922,1,1,2,33,40,6,1394
sheyman,Scott,Heyman,PHI,8,1,1,2,2,0,0,0,20,21,1,0,0,21,174,224,2,2,16,11,2,0,0,0,1232,1,2,3,35,43,6,1618
sheyman,Scott,Heyman,PHI,10,1,0,0,0,0,0,0,0,0,0,0,0,0,0,0,0,0,0,0,0,0,0,0,0,0,0,0,35,43,6,1618
sheyman,Scott,Heyman,PHI,12,2,4,7,4,0,0,0,50,54,4,0,1,58,433,562,3,5,44,26,1,0,0,0,3139,5,6,11,41,54,6,2180
sheyman,Scott,Heyman,PHI,13,1,5,3,3,0,0,0,34,35,1,0,0,40,329,351,1,2,18,15,2,0,0,0,1195,1,7,8,48,62,6,2531
ahill1,Ashton,Hill,IND,2,1,0,0,0,0,0,0,0,0,0,0,0,0,0,0,0,0,0,0,0,0,0,0,0,0,0,0,0,0,0,0
ahill1,Ashton,Hill,IND,3,1,0,0,0,0,0,0,0,0,0,0,0,0,0,0,0,0,0,0,0,0,0,0,0,0,0,0,0,0,0,0
ahill1,Ashton,Hill,IND,5,1,0,0,0,0,0,0,0,0,0,0,0,0,0,0,0,0,0,0,0,0,0,0,0,0,0,0,0,0,0,0
ahill1,Ashton,Hill,IND,6,1,0,0,0,0,0,0,1,1,0,0,1,1,-9,52,0,0,0,0,7,2,0,0,482,1,-1,0,-1,0,0,52
ahill1,Ashton,Hill,IND,7,1,2,0,1,2,0,0,2,2,0,0,0,4,7,106,0,0,0,0,13,6,0,0,853,0,4,2,3,2,2,158
ahill1,Ashton,Hill,IND,8,1,0,0,0,0,0,0,0,0,0,0,0,0,0,0,0,0,0,0,0,0,0,0,0,0,0,0,3,2,2,158
ahill1,Ashton,Hill,IND,9,1,0,0,0,0,0,0,0,0,0,0,0,0,0,0,0,0,0,0,0,0,0,0,0,0,0,0,3,2,2,158
ahill1,Ashton,Hill,IND,10,2,0,0,0,2,0,0,3,3,0,0,3,3,14,34,0,0,6,1,9,1,0,0,1220,3,-1,0,2,2,4,192
ahill1,Ashton,Hill,IND,11,1,0,0,0,0,0,0,0,0,0,0,0,0,0,0,0,0,0,0,0,0,0,0,0,0,0,0,2,2,4,192
ahill1,Ashton,Hill,IND,12,1,0,0,0,0,0,0,0,0,0,0,0,0,0,0,0,0,0,0,0,0,0,0,0,0,0,0,2,2,4,192
ahill1,Ashton,Hill,IND,13,1,0,0,0,0,0,0,0,0,0,0,0,0,0,0,0,0,0,0,0,0,0,0,0,0,0,0,2,2,4,192
chill,Collin,Hill,DET,3,1,2,2,1,0,0,0,14,14,0,0,0,12,125,94,0,0,17,12,0,0,0,0,1077,0,4,4,4,4,0,94
chill,Collin,Hill,DET,5,1,0,2,0,1,0,0,32,35,3,0,1,28,266,131,0,1,19,11,0,0,0,0,1411,4,-1,2,3,6,1,225
chill,Collin,Hill,DET,7,1,0,2,1,0,0,0,28,31,3,0,0,26,268,29,1,2,20,11,0,0,0,0,1291,3,-1,2,2,8,1,254
chill,Collin,Hill,DET,8,1,0,1,2,0,0,0,31,33,2,0,0,28,225,179,1,1,28,15,0,0,0,0,1426,2,-1,1,1,9,1,433
chill,Collin,Hill,DET,9,2,2,1,3,3,0,0,66,74,7,0,1,59,283,167,1,3,44,24,0,0,0,0,3006,8,-2,3,-1,12,4,600
chill,Collin,Hill,DET,10,2,1,1,3,1,0,0,38,41,1,0,0,33,219,239,1,1,27,15,0,0,0,0,1420,1,2,2,1,14,5,839
chill,Collin,Hill,DET,11,1,1,0,0,1,0,0,9,11,0,0,0,8,28,46,0,0,21,9,0,0,0,0,1712,0,2,1,3,15,6,885
chill,Collin,Hill,DET,12,1,0,0,0,0,0,0,0,0,0,0,0,0,0,0,0,0,0,0,0,0,0,0,0,0,0,0,3,15,6,885
chill,Collin,Hill,DET,13,2,0,0,0,0,0,0,0,0,0,0,0,0,0,0,0,0,0,0,0,0,0,0,0,0,0,0,3,15,6,885
jhill,Jeremy,Hill,MTL,1,1,0,0,0,0,0,0,0,0,0,0,0,0,0,0,0,0,0,0,0,0,0,0,0,0,0,0,0,0,0,0
jhill,Jeremy,Hill,MTL,3,2,5,2,2,2,0,0,16,20,3,0,1,24,55,393,1,1,36,18,4,1,0,0,2769,4,5,7,5,7,2,393
jhill,Jeremy,Hill,MTL,4,1,2,2,1,0,0,0,13,14,1,0,0,16,140,197,1,1,26,20,1,0,0,0,1358,1,3,4,8,11,2,590
jhill,Jeremy,Hill,MTL,6,1,1,1,1,2,0,0,7,8,1,0,1,10,111,110,1,1,18,12,2,1,0,0,1210,2,2,2,10,13,4,700
jhill,Jeremy,Hill,MTL,7,2,2,1,2,1,0,0,20,20,0,0,1,22,121,285,1,1,42,25,3,1,0,0,2859,1,3,3,13,16,5,985
jhill,Jeremy,Hill,MTL,8,1,4,1,2,0,0,0,16,19,3,0,0,24,74,327,0,1,17,10,1,0,0,0,1248,3,2,5,15,21,5,1312
jhill,Jeremy,Hill,MTL,10,2,0,0,0,0,0,0,0,0,0,0,0,0,0,0,0,0,0,0,0,0,0,0,0,0,0,0,15,21,5,1312
jhill,Jeremy,Hill,MTL,11,1,0,0,1,0,0,0,12,12,0,0,0,12,18,52,0,0,19,13,0,0,0,0,1194,0,0,0,15,21,5,1364
jhill,Jeremy,Hill,MTL,13,1,0,0,0,0,0,0,0,0,0,0,0,0,0,0,0,0,0,0,0,0,0,0,0,0,0,0,15,21,5,1364
chines,Cedar,Hines,SEA,2,1,0,0,0,0,0,0,0,0,0,0,0,0,0,0,0,0,0,0,0,0,0,0,0,0,0,0,0,0,0,0
chines,Cedar,Hines,SEA,3,2,0,0,0,0,0,0,0,0,0,0,0,0,0,0,0,0,0,0,0,0,0,0,0,0,0,0,0,0,0,0
chines,Cedar,Hines,SEA,4,1,0,0,0,0,0,0,0,0,0,0,0,0,0,0,0,0,0,0,0,0,0,0,0,0,0,0,0,0,0,0
chines,Cedar,Hines,SEA,5,2,0,0,0,0,0,0,0,0,0,0,0,0,0,0,0,0,0,0,0,0,0,0,0,0,0,0,0,0,0,0
chines,Cedar,Hines,SEA,6,1,0,0,0,0,0,0,0,0,0,0,0,0,0,0,0,0,0,0,0,0,0,0,0,0,0,0,0,0,0,0
chines,Cedar,Hines,SEA,7,1,0,0,0,0,0,0,0,0,0,0,0,0,0,0,0,0,0,0,0,0,0,0,0,0,0,0,0,0,0,0
chines,Cedar,Hines,SEA,9,1,0,0,0,0,0,0,0,0,0,0,0,0,0,0,0,0,0,0,0,0,0,0,0,0,0,0,0,0,0,0
chines,Cedar,Hines,SEA,10,1,0,0,0,0,0,0,0,0,0,0,0,0,0,0,0,0,0,0,0,0,0,0,0,0,0,0,0,0,0,0
chines,Cedar,Hines,SEA,13,2,0,0,0,0,0,0,0,0,0,0,0,0,0,0,0,0,0,0,0,0,0,0,0,0,0,0,0,0,0,0
rhiser,Ryan,Hiser,LV,1,1,0,2,4,2,0,0,35,36,1,0,1,31,385,-42,3,3,27,9,2,1,0,0,1526,2,2,2,2,2,2,-42
rhiser,Ryan,Hiser,LV,2,1,0,2,1,0,0,0,26,29,3,0,0,21,159,39,1,3,9,6,6,1,5,0,1337,3,-1,2,1,4,2,-3
rhiser,Ryan,Hiser,LV,3,1,0,0,0,0,0,0,0,0,0,0,0,0,0,0,0,0,0,0,0,0,0,0,0,0,0,0,1,4,2,-3
rhiser,Ryan,Hiser,LV,5,1,0,1,1,2,0,0,26,31,5,0,0,27,231,170,2,5,16,9,0,0,0,0,1476,5,-2,1,-1,5,4,167
rhiser,Ryan,Hiser,LV,7,2,2,4,5,1,0,0,57,60,3,0,1,56,517,314,4,5,39,20,0,0,0,0,3105,4,3,6,2,11,5,481
rhiser,Ryan,Hiser,LV,8,1,0,3,5,1,0,0,44,49,4,0,1,39,372,148,4,4,21,11,0,0,0,0,1237,5,-1,3,1,14,6,629
rhiser,Ryan,Hiser,LV,9,2,0,0,0,0,0,0,0,0,0,0,0,0,0,0,0,0,0,0,0,0,0,0,0,0,0,0,1,14,6,629
rhiser,Ryan,Hiser,LV,11,1,0,0,0,0,0,0,0,0,0,0,0,0,0,0,0,0,0,0,0,0,0,0,0,0,0,0,1,14,6,629
rhiser,Ryan,Hiser,LV,12,1,1,3,1,1,0,0,22,29,6,0,0,26,130,209,2,5,24,8,0,0,0,0,1431,6,-1,4,0,18,7,838
rhiser,Ryan,Hiser,LV,13,1,0,5,2,1,0,0,33,34,1,0,1,22,340,67,4,4,17,10,1,1,0,0,1211,2,4,5,4,23,8,905
mhlavaty,Michael,Hlavaty,CHI,4,1,0,0,0,0,0,0,0,0,0,0,0,0,0,0,0,0,0,0,0,0,0,0,0,0,0,0,0,0,0,0
mhlavaty,Michael,Hlavaty,CHI,6,1,0,0,0,0,0,0,0,0,0,0,0,0,0,0,0,0,0,0,0,0,0,0,0,0,0,0,0,0,0,0
mhlavaty,Michael,Hlavaty,CHI,7,1,0,0,0,0,0,0,0,0,0,0,0,0,0,0,0,0,0,0,0,0,0,0,0,0,0,0,0,0,0,0
mhlavaty,Michael,Hlavaty,CHI,8,1,0,0,0,0,0,0,0,0,0,0,0,0,0,0,0,0,0,0,0,0,0,0,0,0,0,0,0,0,0,0
mhlavaty,Michael,Hlavaty,CHI,9,2,0,0,0,0,0,0,0,0,0,0,0,0,0,0,0,0,0,0,0,0,0,0,0,0,0,0,0,0,0,0
mhlavaty,Michael,Hlavaty,CHI,10,2,0,1,1,1,0,0,14,15,1,0,1,12,41,28,0,0,0,0,18,9,0,0,1437,2,0,1,0,1,1,28
mhlavaty,Michael,Hlavaty,CHI,11,2,0,0,0,0,0,0,0,0,0,0,0,0,0,0,0,0,0,0,0,0,0,0,0,0,0,0,0,1,1,28
mhlavaty,Michael,Hlavaty,CHI,13,2,0,0,0,0,0,0,0,0,0,0,0,0,0,0,0,0,0,0,0,0,0,0,0,0,0,0,0,1,1,28
dhobday,Danny,Hobday,MIN,3,1,0,0,0,0,0,0,0,0,0,0,0,0,0,0,0,0,0,0,0,0,0,0,0,0,0,0,0,0,0,0
dhobday,Danny,Hobday,MIN,4,1,0,0,0,0,0,0,0,0,0,0,0,0,0,0,0,0,0,0,0,0,0,0,0,0,0,0,0,0,0,0
dhobday,Danny,Hobday,MIN,5,1,0,0,0,0,0,0,0,0,0,0,0,0,0,0,0,0,0,0,0,0,0,0,0,0,0,0,0,0,0,0
dhobday,Danny,Hobday,MIN,6,1,0,0,0,0,0,0,0,0,0,0,0,0,0,0,0,0,0,0,0,0,0,0,0,0,0,0,0,0,0,0
dhobday,Danny,Hobday,MIN,7,1,0,0,0,0,0,0,0,0,0,0,0,0,0,0,0,0,0,0,0,0,0,0,0,0,0,0,0,0,0,0
dhobday,Danny,Hobday,MIN,8,1,0,0,0,0,0,0,0,0,0,0,0,0,0,0,0,0,0,0,0,0,0,0,0,0,0,0,0,0,0,0
dhobday,Danny,Hobday,MIN,9,1,0,0,0,0,0,0,0,0,0,0,0,0,0,0,0,0,0,0,0,0,0,0,0,0,0,0,0,0,0,0
dhobday,Danny,Hobday,MIN,11,2,0,0,0,0,0,0,0,0,0,0,0,0,0,0,0,0,0,0,0,0,0,0,0,0,0,0,0,0,0,0
dhobday,Danny,Hobday,MIN,12,1,0,0,0,0,0,0,0,0,0,0,0,0,0,0,0,0,0,0,0,0,0,0,0,0,0,0,0,0,0,0
dhobday,Danny,Hobday,MIN,13,2,4,0,0,1,0,0,0,0,0,0,0,4,0,59,0,0,1,1,17,13,0,0,1019,0,5,4,5,4,1,59
whoffenka,Will,Hoffenkamp,PIT,2,1,3,5,4,0,0,0,71,73,2,0,1,64,344,239,0,0,24,19,2,0,0,0,1249,3,5,8,5,8,0,239
whoffenka,Will,Hoffenkamp,PIT,3,1,1,4,6,0,0,0,90,92,2,0,0,86,431,39,0,1,23,19,1,0,0,0,1682,2,3,5,8,13,0,278
whoffenka,Will,Hoffenkamp,PIT,4,1,0,2,1,2,0,0,78,82,2,0,0,75,370,19,0,0,23,11,4,1,0,0,1952,2,2,2,10,15,2,297
whoffenka,Will,Hoffenkamp,PIT,5,1,2,2,2,0,0,0,74,84,8,0,2,73,382,173,1,4,33,12,2,0,0,0,2173,10,-6,4,4,19,2,470
whoffenka,Will,Hoffenkamp,PIT,6,1,0,0,2,0,0,0,25,29,4,0,1,29,66,122,0,0,13,4,0,0,0,0,1127,5,-5,0,-1,19,2,592
whoffenka,Will,Hoffenkamp,PIT,7,1,0,0,0,0,0,0,0,0,0,0,0,0,0,0,0,0,0,0,0,0,0,0,0,0,0,0,-1,19,2,592
whoffenka,Will,Hoffenkamp,PIT,8,1,0,0,0,0,0,0,2,2,0,0,0,1,7,7,0,0,2,1,5,0,1,0,413,0,0,0,-1,19,2,599
whoffenka,Will,Hoffenkamp,PIT,9,2,2,4,7,1,0,0,71,77,4,0,0,62,473,219,0,0,39,22,9,2,1,0,3002,4,3,6,2,25,3,818
whoffenka,Will,Hoffenkamp,PIT,10,1,4,4,4,1,0,0,38,42,3,0,0,40,302,102,2,3,23,14,1,1,0,0,1609,3,6,8,8,33,4,920
whoffenka,Will,Hoffenkamp,PIT,11,1,0,0,0,0,0,0,0,0,0,0,0,0,0,0,0,0,0,0,0,0,0,0,0,0,0,0,8,33,4,920
whoffenka,Will,Hoffenkamp,PIT,13,1,0,1,4,1,0,0,39,44,4,0,0,33,147,55,0,0,24,9,2,1,0,0,1426,4,-2,1,6,34,5,975
bhoffman,Ben,Hoffman,SLC,1,1,0,0,0,0,0,0,0,0,0,0,0,0,0,0,0,0,0,0,0,0,0,0,0,0,0,0,0,0,0,0
bhoffman,Ben,Hoffman,SLC,2,1,0,0,0,0,0,0,0,0,0,0,0,0,0,0,0,0,0,0,0,0,0,0,0,0,0,0,0,0,0,0
bhoffman,Ben,Hoffman,SLC,5,1,0,0,0,0,0,0,0,0,0,0,0,0,0,0,0,0,0,0,0,0,0,0,0,0,0,0,0,0,0,0
bhoffman,Ben,Hoffman,SLC,6,2,0,0,0,0,0,0,0,0,0,0,0,0,0,0,0,0,0,0,0,0,0,0,0,0,0,0,0,0,0,0
bhoffman,Ben,Hoffman,SLC,7,1,0,0,0,0,0,0,0,0,0,0,0,0,0,0,0,0,0,0,0,0,0,0,0,0,0,0,0,0,0,0
bhoffman,Ben,Hoffman,SLC,8,1,0,0,0,0,0,0,0,0,0,0,0,0,0,0,0,0,0,0,0,0,0,0,0,0,0,0,0,0,0,0
bhoffman,Ben,Hoffman,SLC,10,1,0,0,0,0,0,0,0,0,0,0,0,0,0,0,0,0,0,0,0,0,0,0,0,0,0,0,0,0,0,0
bhoffman,Ben,Hoffman,SLC,11,2,0,0,0,0,0,0,0,0,0,0,0,0,0,0,0,0,0,0,0,0,0,0,0,0,0,0,0,0,0,0
bhoffman,Ben,Hoffman,SLC,12,1,0,0,0,0,0,0,0,0,0,0,0,0,0,0,0,0,0,0,0,0,0,0,0,0,0,0,0,0,0,0
bhoffman,Ben,Hoffman,SLC,13,1,0,0,0,0,0,0,0,0,0,0,0,0,0,0,0,0,0,0,0,0,0,0,0,0,0,0,0,0,0,0
jhoffman,Jonny,Hoffman,SLC,1,1,0,0,0,0,0,0,0,0,0,0,0,0,0,0,0,0,0,0,0,0,0,0,0,0,0,0,0,0,0,0
jhoffman,Jonny,Hoffman,SLC,2,1,0,0,0,0,0,0,0,0,0,0,0,0,0,0,0,0,0,0,0,0,0,0,0,0,0,0,0,0,0,0
jhoffman,Jonny,Hoffman,SLC,5,1,0,0,0,0,0,0,0,0,0,0,0,0,0,0,0,0,0,0,0,0,0,0,0,0,0,0,0,0,0,0
jhoffman,Jonny,Hoffman,SLC,6,2,0,0,0,0,0,0,0,0,0,0,0,0,0,0,0,0,0,0,0,0,0,0,0,0,0,0,0,0,0,0
jhoffman,Jonny,Hoffman,SLC,7,1,0,0,0,0,0,0,0,0,0,0,0,0,0,0,0,0,0,0,0,0,0,0,0,0,0,0,0,0,0,0
jhoffman,Jonny,Hoffman,SLC,8,1,0,0,0,0,0,0,0,0,0,0,0,0,0,0,0,0,0,0,0,0,0,0,0,0,0,0,0,0,0,0
jhoffman,Jonny,Hoffman,SLC,10,1,0,0,0,0,0,0,0,0,0,0,0,0,0,0,0,0,0,0,0,0,0,0,0,0,0,0,0,0,0,0
jhoffman,Jonny,Hoffman,SLC,11,2,0,0,0,0,0,0,0,0,0,0,0,0,0,0,0,0,0,0,0,0,0,0,0,0,0,0,0,0,0,0
jhoffman,Jonny,Hoffman,SLC,12,1,0,0,0,0,0,0,0,0,0,0,0,0,0,0,0,0,0,0,0,0,0,0,0,0,0,0,0,0,0,0
jhoffman,Jonny,Hoffman,SLC,13,1,0,0,0,0,0,0,0,0,0,0,0,0,0,0,0,0,0,0,0,0,0,0,0,0,0,0,0,0,0,0
eholmgren,Ethan,Holmgren,PHI,1,1,0,1,2,0,0,0,6,7,1,0,0,7,49,35,0,1,1,1,17,5,11,0,1437,1,0,1,0,1,0,35
eholmgren,Ethan,Holmgren,PHI,2,1,1,1,1,0,0,0,9,9,0,0,0,7,73,-43,0,0,0,0,14,7,8,0,1217,0,2,2,2,3,0,-8
eholmgren,Ethan,Holmgren,PHI,3,1,0,1,0,0,0,0,5,6,0,0,0,6,19,25,0,0,1,0,23,5,18,1,1363,0,1,1,3,4,0,17
eholmgren,Ethan,Holmgren,PHI,5,1,0,0,1,0,0,0,3,3,0,0,0,2,32,-2,0,0,0,0,10,3,1,0,799,0,0,0,3,4,0,15
eholmgren,Ethan,Holmgren,PHI,6,1,1,0,0,1,0,0,1,1,0,0,0,1,14,8,0,0,0,0,13,1,7,0,982,0,2,1,5,5,1,23
eholmgren,Ethan,Holmgren,PHI,7,2,3,1,2,0,0,0,38,39,1,0,0,30,302,154,0,1,13,8,22,4,14,0,2258,1,3,4,8,9,1,177
eholmgren,Ethan,Holmgren,PHI,8,1,0,0,0,0,0,0,0,0,0,0,0,0,0,0,0,0,0,0,0,0,0,0,0,0,0,0,8,9,1,177
eholmgren,Ethan,Holmgren,PHI,10,1,3,2,5,0,0,0,27,28,0,0,0,19,65,116,0,1,2,2,21,8,15,0,1628,0,5,5,13,14,1,293
eholmgren,Ethan,Holmgren,PHI,12,2,0,0,0,0,0,1,6,8,2,0,0,5,3,32,0,1,2,1,27,4,21,3,2320,2,-2,0,11,14,1,325
eholmgren,Ethan,Holmgren,PHI,13,1,0,0,1,0,0,0,10,10,0,0,0,6,23,47,0,0,1,1,14,7,12,1,871,0,0,0,11,14,1,372
phooley,Paul,Hooley,MTL,1,1,1,0,0,1,0,0,2,2,0,0,0,3,-1,40,0,0,1,0,12,2,3,0,707,0,2,1,2,1,1,40
phooley,Paul,Hooley,MTL,3,2,0,0,0,2,0,0,16,17,1,0,0,13,85,21,0,0,1,1,16,4,14,1,1392,1,1,0,3,1,3,61
phooley,Paul,Hooley,MTL,4,1,0,0,0,0,0,0,0,0,0,0,0,0,0,0,0,0,0,0,11,0,10,0,849,0,0,0,3,1,3,61
phooley,Paul,Hooley,MTL,6,1,1,1,0,0,0,0,1,1,0,0,0,2,35,21,0,0,0,0,7,3,3,2,634,0,2,2,5,3,3,82
phooley,Paul,Hooley,MTL,7,2,0,0,0,0,0,0,0,0,0,0,0,0,0,0,0,0,0,0,0,0,0,0,0,0,0,0,5,3,3,82
phooley,Paul,Hooley,MTL,8,1,1,2,1,0,0,0,13,14,1,0,0,15,79,95,0,0,1,1,11,3,0,0,1122,1,2,3,7,6,3,177
phooley,Paul,Hooley,MTL,10,2,1,4,3,0,0,0,32,35,1,0,0,29,304,98,1,1,13,5,22,7,8,0,2242,1,4,5,11,11,3,275
phooley,Paul,Hooley,MTL,11,1,0,0,0,0,0,0,2,3,1,0,0,2,43,48,0,0,0,0,8,2,3,0,972,1,-1,0,10,11,3,323
phooley,Paul,Hooley,MTL,13,1,1,0,0,0,0,0,3,4,1,0,0,4,26,49,0,1,0,0,15,5,9,1,1080,1,0,1,10,12,3,372
bhorrisbe,Benjamin,Horrisberger,BOS,1,1,0,0,0,0,0,0,0,0,0,0,0,0,0,0,0,0,0,0,0,0,0,0,0,0,0,0,0,0,0,0
bhorrisbe,Benjamin,Horrisberger,BOS,3,1,0,0,0,0,0,0,0,0,0,0,0,0,0,0,0,0,0,0,0,0,0,0,0,0,0,0,0,0,0,0
bhorrisbe,Benjamin,Horrisberger,BOS,4,2,0,0,0,0,0,0,0,0,0,0,0,0,0,0,0,0,0,0,0,0,0,0,0,0,0,0,0,0,0,0
bhorrisbe,Benjamin,Horrisberger,BOS,7,1,0,0,0,0,0,0,0,0,0,0,0,0,0,0,0,0,0,0,0,0,0,0,0,0,0,0,0,0,0,0
bhorrisbe,Benjamin,Horrisberger,BOS,8,2,0,0,0,1,0,0,8,9,1,0,0,8,-5,76,0,0,0,0,34,5,0,0,2043,1,0,0,0,0,1,76
bhorrisbe,Benjamin,Horrisberger,BOS,9,1,1,1,1,3,0,0,13,14,0,0,1,13,38,153,0,0,0,0,14,8,0,0,1066,1,4,2,4,2,4,229
bhorrisbe,Benjamin,Horrisberger,BOS,11,1,0,1,0,0,0,0,8,9,1,0,0,9,10,17,0,0,0,0,14,5,0,0,1088,1,0,1,4,3,4,246
bhorrisbe,Benjamin,Horrisberger,BOS,12,2,0,0,0,0,0,0,2,2,0,0,0,3,-33,38,0,0,0,0,11,1,0,0,993,0,0,0,4,3,4,284
bhorrisbe,Benjamin,Horrisberger,BOS,13,1,0,0,0,0,0,0,0,0,0,0,0,0,0,0,0,0,0,0,0,0,0,0,0,0,0,0,4,3,4,284
ehotaling,Erik,Hotaling,COL,1,1,1,1,1,2,0,0,8,9,1,0,0,9,31,111,1,1,0,0,12,9,0,0,918,1,3,2,3,2,2,111
ehotaling,Erik,Hotaling,COL,4,2,0,1,1,1,0,0,11,12,1,0,0,10,90,43,0,0,2,1,23,4,0,0,2222,1,1,1,4,3,3,154
ehotaling,Erik,Hotaling,COL,5,1,0,0,0,0,0,0,0,0,0,0,0,0,0,0,0,0,0,0,0,0,0,0,0,0,0,0,4,3,3,154
ehotaling,Erik,Hotaling,COL,6,1,0,0,1,0,0,0,5,5,0,0,0,5,22,55,0,0,1,1,13,5,11,1,915,0,0,0,4,3,3,209
ehotaling,Erik,Hotaling,COL,9,1,0,0,0,0,0,0,0,0,0,0,0,0,0,0,0,0,0,0,0,0,0,0,0,0,0,0,4,3,3,209
ehotaling,Erik,Hotaling,COL,10,2,1,2,1,1,0,0,24,26,2,0,0,21,207,131,0,0,1,1,29,10,0,0,1818,2,2,3,6,6,4,340
ehotaling,Erik,Hotaling,COL,11,1,0,0,0,0,0,0,1,1,0,0,0,1,19,14,0,0,1,0,12,1,0,0,825,0,0,0,6,6,4,354
ehotaling,Erik,Hotaling,COL,12,2,1,1,0,1,0,0,8,8,0,0,0,7,70,59,0,0,4,3,10,3,0,0,858,0,3,2,9,8,5,413
ehotaling,Erik,Hotaling,COL,13,1,2,2,2,2,0,0,14,17,3,0,1,14,123,115,1,4,2,2,16,9,0,0,1509,4,2,4,11,12,7,528
nhsieh,Nathan,Hsieh,TOR,2,2,0,0,0,0,0,0,0,0,0,0,0,0,0,0,0,0,0,0,0,0,0,0,0,0,0,0,0,0,0,0
nhsieh,Nathan,Hsieh,TOR,3,1,0,0,0,0,0,0,0,0,0,0,0,0,0,0,0,0,0,0,0,0,0,0,0,0,0,0,0,0,0,0
nhsieh,Nathan,Hsieh,TOR,6,2,1,0,2,0,0,0,2,2,0,0,0,3,12,8,0,0,0,0,19,5,0,0,1261,0,1,1,1,1,0,8
nhsieh,Nathan,Hsieh,TOR,7,1,0,0,0,0,0,0,0,0,0,0,0,0,0,0,0,0,0,0,0,0,0,0,0,0,0,0,1,1,0,8
nhsieh,Nathan,Hsieh,TOR,8,1,0,0,0,0,0,0,2,3,1,0,0,3,2,17,0,0,1,0,17,3,0,0,1041,1,-1,0,0,1,0,25
nhsieh,Nathan,Hsieh,TOR,9,2,0,1,2,0,0,0,12,13,1,0,0,9,167,124,1,2,9,5,17,2,0,0,2043,1,0,1,0,2,0,149
nhsieh,Nathan,Hsieh,TOR,10,1,0,0,0,0,0,0,0,0,0,0,0,0,0,0,0,0,0,0,0,0,0,0,0,0,0,0,0,2,0,149
nhsieh,Nathan,Hsieh,TOR,11,1,5,1,2,0,0,0,12,14,1,0,0,20,129,191,1,1,19,15,0,0,0,0,1421,1,5,6,5,8,0,340
nhsieh,Nathan,Hsieh,TOR,13,1,0,0,0,0,0,0,0,0,0,0,0,0,0,0,0,0,0,0,0,0,0,0,0,0,0,0,5,8,0,340
ihsu,Isaac,Hsu,LA,2,2,0,0,0,0,0,0,0,0,0,0,0,0,0,0,0,0,0,0,0,0,0,0,0,0,0,0,0,0,0,0
ihsu,Isaac,Hsu,LA,3,1,0,0,0,0,0,0,0,0,0,0,0,0,0,0,0,0,0,0,0,0,0,0,0,0,0,0,0,0,0,0
ihsu,Isaac,Hsu,LA,4,1,0,1,0,1,0,0,10,11,1,0,0,6,32,3,1,1,1,1,8,1,7,0,667,1,1,1,1,1,1,3
ihsu,Isaac,Hsu,LA,6,1,0,0,0,0,0,0,0,0,0,0,0,0,0,0,0,0,0,0,0,0,0,0,0,0,0,0,1,1,1,3
ihsu,Isaac,Hsu,LA,7,1,0,0,0,0,0,0,0,0,0,0,0,0,0,0,0,0,0,0,0,0,0,0,0,0,0,0,1,1,1,3
ihsu,Isaac,Hsu,LA,9,2,0,0,0,0,0,0,0,0,0,0,0,0,0,0,0,0,0,0,0,0,0,0,0,0,0,0,1,1,1,3
ihsu,Isaac,Hsu,LA,11,1,0,0,0,0,0,0,1,1,0,0,0,1,8,14,0,0,0,0,13,1,5,0,743,0,0,0,1,1,1,17
ihsu,Isaac,Hsu,LA,12,2,0,0,0,0,0,0,0,0,0,0,0,0,0,0,0,0,0,0,0,0,0,0,0,0,0,0,1,1,1,17
ihsu,Isaac,Hsu,LA,13,1,0,0,0,2,0,0,9,10,1,0,0,4,34,10,0,0,0,0,13,4,7,0,1092,1,1,0,2,1,3,27
khuang,Kelvin,Huang,TOR,2,2,1,0,0,0,0,0,1,1,0,0,0,2,6,15,0,0,0,0,15,3,0,0,1011,0,1,1,1,1,0,15
khuang,Kelvin,Huang,TOR,3,1,0,0,1,0,0,0,2,2,0,0,0,2,8,31,0,0,1,1,10,3,0,0,812,0,0,0,1,1,0,46
khuang,Kelvin,Huang,TOR,6,2,1,0,0,0,0,0,0,0,0,0,0,1,0,39,0,0,0,0,19,5,0,0,1202,0,1,1,2,2,0,85
khuang,Kelvin,Huang,TOR,7,1,1,0,0,0,0,0,1,2,1,0,0,3,-8,8,0,0,0,0,14,5,0,0,879,1,0,1,2,3,0,93
khuang,Kelvin,Huang,TOR,8,1,0,0,0,1,0,0,0,1,1,0,0,1,0,9,0,0,1,0,9,1,0,0,714,1,0,0,2,3,1,102
khuang,Kelvin,Huang,TOR,9,2,0,0,0,0,0,0,5,6,1,0,0,6,21,47,0,1,1,1,11,1,0,0,940,1,-1,0,1,3,1,149
khuang,Kelvin,Huang,TOR,10,1,0,0,0,0,0,0,0,0,0,0,0,0,0,0,0,0,0,0,0,0,0,0,0,0,0,0,1,3,1,149
khuang,Kelvin,Huang,TOR,11,1,1,0,1,0,0,0,2,2,0,0,0,3,-3,9,0,0,1,1,11,3,0,0,835,0,1,1,2,4,1,158
khuang,Kelvin,Huang,TOR,13,1,1,0,1,0,0,0,14,16,2,0,0,17,57,46,0,0,8,6,0,0,0,0,549,2,-1,1,1,5,1,204
ehuber,Elijah,Huber,SLC,1,1,0,0,0,0,0,0,0,0,0,0,0,0,0,0,0,0,0,0,0,0,0,0,0,0,0,0,0,0,0,0
ehuber,Elijah,Huber,SLC,2,1,0,0,0,0,0,0,0,0,0,0,0,0,0,0,0,0,0,0,0,0,0,0,0,0,0,0,0,0,0,0
ehuber,Elijah,Huber,SLC,5,1,0,0,0,0,0,0,0,0,0,0,0,0,0,0,0,0,0,0,0,0,0,0,0,0,0,0,0,0,0,0
ehuber,Elijah,Huber,SLC,6,2,0,0,0,0,0,0,0,0,0,0,0,0,0,0,0,0,0,0,0,0,0,0,0,0,0,0,0,0,0,0
ehuber,Elijah,Huber,SLC,7,1,0,0,0,0,0,0,0,0,0,0,0,0,0,0,0,0,0,0,0,0,0,0,0,0,0,0,0,0,0,0
ehuber,Elijah,Huber,SLC,8,1,0,0,0,0,0,0,0,0,0,0,0,0,0,0,0,0,0,0,0,0,0,0,0,0,0,0,0,0,0,0
ehuber,Elijah,Huber,SLC,10,1,0,0,0,0,0,0,0,0,0,0,0,0,0,0,0,0,0,0,0,0,0,0,0,0,0,0,0,0,0,0
ehuber,Elijah,Huber,SLC,11,2,0,0,0,0,0,0,0,0,0,0,0,0,0,0,0,0,0,0,0,0,0,0,0,0,0,0,0,0,0,0
ehuber,Elijah,Huber,SLC,12,1,0,0,0,0,0,0,0,0,0,0,0,0,0,0,0,0,0,0,0,0,0,0,0,0,0,0,0,0,0,0
ehuber,Elijah,Huber,SLC,13,1,0,0,0,0,0,0,0,0,0,0,0,0,0,0,0,0,0,0,0,0,0,0,0,0,0,0,0,0,0,0
nhuff,Nathan,Huff,SLC,1,1,0,0,1,0,0,0,4,4,0,0,0,3,10,-11,0,0,1,0,14,2,0,0,984,0,0,0,0,0,0,-11
nhuff,Nathan,Huff,SLC,2,1,0,0,0,0,0,0,0,0,0,0,0,0,0,0,0,0,0,0,0,0,0,0,0,0,0,0,0,0,0,-11
nhuff,Nathan,Huff,SLC,5,1,0,0,0,0,0,0,0,0,0,0,0,0,0,0,0,0,0,0,0,0,0,0,0,0,0,0,0,0,0,-11
nhuff,Nathan,Huff,SLC,6,2,0,2,3,2,0,0,26,27,1,0,0,23,131,102,0,0,2,1,30,11,0,0,2282,1,3,2,3,2,2,91
nhuff,Nathan,Huff,SLC,7,1,2,2,2,0,0,0,11,11,0,0,0,13,48,104,0,0,3,3,21,7,0,0,1324,0,4,4,7,6,2,195
nhuff,Nathan,Huff,SLC,8,1,0,1,1,0,0,0,7,7,0,0,0,4,60,31,0,0,1,1,17,5,0,0,831,0,1,1,8,7,2,226
nhuff,Nathan,Huff,SLC,10,1,1,1,1,0,0,0,9,9,0,0,0,7,70,-10,0,0,2,2,17,2,0,0,950,0,2,2,10,9,2,216
nhuff,Nathan,Huff,SLC,11,2,0,2,3,3,0,0,23,25,2,0,0,17,142,145,1,1,1,1,32,14,0,0,2580,2,3,2,13,11,5,361
nhuff,Nathan,Huff,SLC,12,1,0,0,0,0,0,0,7,7,0,0,0,5,20,21,0,0,0,0,13,2,0,0,858,0,0,0,13,11,5,382
nhuff,Nathan,Huff,SLC,13,1,0,1,2,0,0,0,9,10,1,0,0,8,21,52,0,0,2,2,16,6,0,0,1132,1,0,1,13,12,5,434
bhulsmeye,Brett,Hulsmeyer,ATL,1,1,1,5,3,1,0,0,33,33,0,0,0,28,152,258,1,1,21,18,4,1,1,0,1499,0,7,6,7,6,1,258
bhulsmeye,Brett,Hulsmeyer,ATL,3,2,2,6,6,3,0,0,56,60,4,0,0,56,415,467,2,4,36,27,16,7,2,0,3099,4,7,8,14,14,4,725
bhulsmeye,Brett,Hulsmeyer,ATL,4,2,6,7,3,1,0,0,38,40,1,0,0,44,277,550,2,3,37,28,7,5,1,0,3183,1,13,13,27,27,5,1275
bhulsmeye,Brett,Hulsmeyer,ATL,5,1,3,1,3,1,0,0,25,27,2,0,0,22,42,333,0,0,21,17,3,1,1,0,1663,2,3,4,30,31,6,1608
bhulsmeye,Brett,Hulsmeyer,ATL,6,2,1,1,3,1,0,0,43,46,2,0,2,45,83,318,0,2,19,12,6,1,0,0,2137,4,-1,2,29,33,7,1926
bhulsmeye,Brett,Hulsmeyer,ATL,7,1,2,2,1,1,0,0,17,20,3,1,0,22,132,309,0,2,22,14,10,4,1,0,2082,4,1,4,30,37,8,2235
bhulsmeye,Brett,Hulsmeyer,ATL,9,1,0,2,5,0,0,0,20,20,0,0,0,19,184,251,1,1,12,11,11,4,0,0,1348,0,2,2,32,39,8,2486
bhulsmeye,Brett,Hulsmeyer,ATL,10,1,1,1,0,2,0,0,15,16,1,0,0,15,53,178,0,0,12,11,4,2,1,0,861,1,3,2,35,41,10,2664
bhulsmeye,Brett,Hulsmeyer,ATL,12,1,4,0,4,0,0,0,38,42,3,0,0,39,189,387,1,1,20,16,3,3,0,0,1776,3,1,4,36,45,10,3051
mhume,Maxwell,Hume,SD,2,2,1,0,0,1,0,0,5,9,4,0,1,9,14,65,0,0,2,1,25,8,0,0,2047,5,-3,1,-3,1,1,65
mhume,Maxwell,Hume,SD,3,1,1,0,1,0,0,0,3,3,0,0,0,3,-17,54,0,0,2,1,11,4,0,0,1020,0,1,1,-2,2,1,119
mhume,Maxwell,Hume,SD,4,1,0,0,0,0,0,0,0,0,0,0,0,0,0,0,0,0,0,0,0,0,0,0,0,0,0,0,-2,2,1,119
mhume,Maxwell,Hume,SD,5,2,1,0,1,0,0,0,4,4,0,0,0,6,16,21,0,0,1,1,31,8,0,0,2278,0,1,1,-1,3,1,140
mhume,Maxwell,Hume,SD,6,1,1,1,0,1,0,0,7,7,0,0,0,7,42,95,0,0,1,1,12,7,0,0,699,0,3,2,2,5,2,235
mhume,Maxwell,Hume,SD,7,1,0,0,0,1,0,0,3,3,0,0,0,2,-1,28,0,0,0,0,15,2,0,0,998,0,1,0,3,5,3,263
mhume,Maxwell,Hume,SD,8,1,1,1,0,1,0,0,2,2,0,0,0,2,17,11,0,0,0,0,16,6,0,0,1063,0,3,2,6,7,4,274
mhume,Maxwell,Hume,SD,10,1,1,0,0,0,0,0,8,9,1,0,1,10,45,112,0,0,3,2,13,1,0,0,1278,2,-1,1,5,8,4,386
mhume,Maxwell,Hume,SD,11,1,3,0,0,1,0,0,1,1,0,0,0,4,-3,36,0,0,0,0,12,4,0,0,716,0,4,3,9,11,5,422
mhume,Maxwell,Hume,SD,13,1,2,1,1,0,0,0,9,9,0,0,0,9,45,109,0,0,3,2,9,4,0,0,1218,0,3,3,12,14,5,531
nhutton,Nick,Hutton,IND,2,1,0,0,0,0,0,0,0,0,0,0,0,0,0,0,0,0,0,0,0,0,0,0,0,0,0,0,0,0,0,0
nhutton,Nick,Hutton,IND,3,1,0,0,0,0,0,0,0,0,0,0,0,0,0,0,0,0,0,0,0,0,0,0,0,0,0,0,0,0,0,0
nhutton,Nick,Hutton,IND,5,1,0,0,0,0,0,0,0,0,0,0,0,0,0,0,0,0,0,0,0,0,0,0,0,0,0,0,0,0,0,0
nhutton,Nick,Hutton,IND,6,1,0,0,0,0,0,0,0,0,0,0,0,0,0,0,0,0,0,0,0,0,0,0,0,0,0,0,0,0,0,0
nhutton,Nick,Hutton,IND,7,1,0,0,0,0,0,0,0,0,0,0,0,0,0,0,0,0,0,0,0,0,0,0,0,0,0,0,0,0,0,0
nhutton,Nick,Hutton,IND,8,1,0,0,0,0,0,0,0,0,0,0,0,0,0,0,0,0,0,0,0,0,0,0,0,0,0,0,0,0,0,0
nhutton,Nick,Hutton,IND,9,1,0,0,0,0,0,0,0,0,0,0,0,0,0,0,0,0,0,0,0,0,0,0,0,0,0,0,0,0,0,0
nhutton,Nick,Hutton,IND,10,2,0,1,3,1,0,0,15,20,4,0,1,11,269,5,3,5,7,4,9,2,7,0,1149,5,-3,1,-3,1,1,5
nhutton,Nick,Hutton,IND,11,1,0,0,0,0,0,0,0,0,0,0,0,0,0,0,0,0,0,0,0,0,0,0,0,0,0,0,-3,1,1,5
nhutton,Nick,Hutton,IND,12,1,0,0,0,0,0,0,0,0,0,0,0,0,0,0,0,0,0,0,0,0,0,0,0,0,0,0,-3,1,1,5
nhutton,Nick,Hutton,IND,13,1,0,0,0,0,0,0,0,0,0,0,0,0,0,0,0,0,0,0,0,0,0,0,0,0,0,0,-3,1,1,5
jhuynh,Jason,Huynh,TOR,2,2,0,0,0,0,0,0,0,0,0,0,0,0,0,0,0,0,0,0,0,0,0,0,0,0,0,0,0,0,0,0
jhuynh,Jason,Huynh,TOR,3,1,0,0,0,0,0,0,0,0,0,0,0,0,0,0,0,0,0,0,0,0,0,0,0,0,0,0,0,0,0,0
jhuynh,Jason,Huynh,TOR,6,2,0,0,0,0,0,0,0,0,0,0,0,0,0,0,0,0,0,0,0,0,0,0,0,0,0,0,0,0,0,0
jhuynh,Jason,Huynh,TOR,7,1,0,0,0,0,0,0,0,0,0,0,0,0,0,0,0,0,0,0,0,0,0,0,0,0,0,0,0,0,0,0
jhuynh,Jason,Huynh,TOR,8,1,0,0,0,0,0,0,0,0,0,0,0,0,0,0,0,0,0,0,0,0,0,0,0,0,0,0,0,0,0,0
jhuynh,Jason,Huynh,TOR,9,2,0,0,0,0,0,0,0,0,0,0,0,0,0,0,0,0,0,0,0,0,0,0,0,0,0,0,0,0,0,0
jhuynh,Jason,Huynh,TOR,10,1,2,0,0,0,0,0,17,18,1,0,1,19,37,150,0,1,9,4,5,3,0,0,1301,2,0,2,0,2,0,150
jhuynh,Jason,Huynh,TOR,11,1,0,0,0,0,0,0,0,0,0,0,0,0,0,0,0,0,0,0,0,0,0,0,0,0,0,0,0,2,0,150
jhuynh,Jason,Huynh,TOR,13,1,0,0,0,0,0,0,0,0,0,0,0,0,0,0,0,0,0,0,0,0,0,0,0,0,0,0,0,2,0,150
chyzer,Cole,Hyzer,IND,2,1,2,1,3,0,0,0,10,12,2,0,0,15,220,238,3,4,18,11,3,0,0,0,1246,2,1,3,1,3,0,238
chyzer,Cole,Hyzer,IND,3,1,2,3,1,0,0,0,19,22,2,0,0,24,238,369,2,2,23,9,1,0,0,0,1323,2,3,5,4,8,0,607
chyzer,Cole,Hyzer,IND,5,1,0,2,0,1,0,0,10,11,1,0,1,9,98,44,1,1,4,3,7,3,4,0,1402,2,1,2,5,10,1,651
chyzer,Cole,Hyzer,IND,6,1,0,1,0,1,0,0,24,27,2,0,0,25,254,136,2,2,19,4,0,0,0,0,1350,2,0,1,5,11,2,787
chyzer,Cole,Hyzer,IND,7,1,2,1,3,3,0,0,24,24,0,0,0,22,182,211,1,1,5,5,12,7,2,0,1368,0,6,3,11,14,5,998
chyzer,Cole,Hyzer,IND,8,1,0,3,1,2,0,0,48,52,4,0,0,46,336,224,0,0,23,13,0,0,0,0,1911,4,1,3,12,17,7,1222
chyzer,Cole,Hyzer,IND,9,1,1,4,0,1,0,0,22,28,4,0,0,24,228,127,1,2,22,9,0,0,0,0,1382,4,2,5,14,22,8,1349
chyzer,Cole,Hyzer,IND,10,2,1,3,0,3,0,0,24,30,5,0,0,27,121,190,0,2,19,7,9,2,1,0,2232,5,2,4,16,26,11,1539
chyzer,Cole,Hyzer,IND,11,1,1,2,1,0,0,0,25,30,3,0,0,30,96,254,1,4,22,6,0,0,0,0,1493,3,0,3,16,29,11,1793
chyzer,Cole,Hyzer,IND,12,1,5,3,3,0,0,0,30,33,2,0,0,36,230,387,2,3,21,18,0,0,0,0,1452,2,6,8,22,37,11,2180
chyzer,Cole,Hyzer,IND,13,1,0,5,0,1,0,0,22,24,2,0,0,21,179,138,2,3,19,13,3,1,0,0,1256,2,4,5,26,42,12,2318
oimpas,Orlando,Impas,ORE,1,1,0,0,0,0,0,0,0,0,0,0,0,0,0,0,0,0,0,0,0,0,0,0,0,0,0,0,0,0,0,0
oimpas,Orlando,Impas,ORE,2,1,0,0,0,0,0,0,0,0,0,0,2,0,0,0,0,0,1,0,6,0,0,0,365,2,-2,0,-2,0,0,0
oimpas,Orlando,Impas,ORE,4,1,0,0,0,0,0,0,0,0,0,0,0,0,0,0,0,0,0,0,0,0,0,0,0,0,0,0,-2,0,0,0
oimpas,Orlando,Impas,ORE,5,2,0,0,0,1,0,0,7,10,2,0,0,7,50,74,0,2,1,0,14,3,0,0,1434,2,-1,0,-3,0,1,74
oimpas,Orlando,Impas,ORE,6,1,0,0,0,0,0,0,0,0,0,0,0,0,0,0,0,0,0,0,0,0,0,0,0,0,0,0,-3,0,1,74
oimpas,Orlando,Impas,ORE,7,1,0,0,0,0,0,0,0,0,0,0,0,0,0,0,0,0,0,0,0,0,0,0,0,0,0,0,-3,0,1,74
oimpas,Orlando,Impas,ORE,8,2,0,0,0,0,0,0,0,0,0,0,0,0,0,0,0,0,0,0,0,0,0,0,0,0,0,0,-3,0,1,74
oimpas,Orlando,Impas,ORE,9,1,0,0,0,0,0,0,0,0,0,0,0,0,0,0,0,0,0,0,0,0,0,0,0,0,0,0,-3,0,1,74
oimpas,Orlando,Impas,ORE,10,1,0,1,1,0,0,0,3,3,0,0,0,4,55,49,1,1,0,0,7,3,0,0,522,0,1,1,-2,1,1,123
oimpas,Orlando,Impas,ORE,13,1,1,0,0,0,0,0,0,1,1,0,0,2,0,57,0,0,0,0,9,1,0,0,759,1,0,1,-2,2,1,180
singham,Samuel,Ingham,IND,2,1,0,0,0,0,0,0,2,2,0,0,0,2,1,6,0,0,1,0,14,2,0,0,735,0,0,0,0,0,0,6
singham,Samuel,Ingham,IND,3,1,0,0,0,0,0,0,0,0,0,0,0,0,0,0,0,0,0,0,0,0,0,0,0,0,0,0,0,0,0,6
singham,Samuel,Ingham,IND,5,1,0,0,0,1,0,0,6,6,0,0,0,6,24,30,0,0,0,0,10,5,0,0,1333,0,1,0,1,0,1,36
singham,Samuel,Ingham,IND,6,1,0,0,0,0,0,0,0,0,0,0,0,0,0,0,0,0,0,0,0,0,0,0,0,0,0,0,1,0,1,36
singham,Samuel,Ingham,IND,7,1,2,5,0,0,0,0,15,15,0,0,0,17,124,234,0,0,4,4,14,7,0,0,1477,0,7,7,8,7,1,270
singham,Samuel,Ingham,IND,8,1,4,5,1,0,0,0,36,38,2,0,0,41,260,378,0,1,24,14,1,0,0,0,1946,2,7,9,15,16,1,648
singham,Samuel,Ingham,IND,9,1,1,0,1,0,0,0,12,15,3,0,0,14,89,161,0,0,21,7,2,1,0,0,1452,3,-2,1,13,17,1,809
singham,Samuel,Ingham,IND,10,2,0,4,1,0,0,0,24,28,4,0,1,26,160,282,0,0,23,10,8,3,0,0,1870,5,-1,4,12,21,1,1091
singham,Samuel,Ingham,IND,11,1,1,1,0,0,0,0,14,17,3,0,1,18,99,199,0,2,18,5,2,1,0,0,1345,4,-2,2,10,23,1,1290
singham,Samuel,Ingham,IND,12,1,3,0,0,1,0,0,5,5,0,0,1,9,22,133,0,0,2,2,14,5,0,0,1104,1,3,3,13,26,2,1423
singham,Samuel,Ingham,IND,13,1,6,1,2,1,0,0,8,9,1,0,0,14,65,301,0,0,1,0,20,8,0,0,1182,1,7,7,20,33,3,1724
jivey,James,Ivey,LA,2,2,0,0,0,0,0,0,0,0,0,0,0,0,0,0,0,0,0,0,0,0,0,0,0,0,0,0,0,0,0,0
jivey,James,Ivey,LA,3,1,0,0,0,0,0,0,0,0,0,0,0,0,0,0,0,0,0,0,0,0,0,0,0,0,0,0,0,0,0,0
jivey,James,Ivey,LA,4,1,0,0,0,0,0,0,0,0,0,0,0,0,0,0,0,0,0,0,0,0,0,0,0,0,0,0,0,0,0,0
jivey,James,Ivey,LA,6,1,0,0,0,0,0,0,0,0,0,0,0,0,0,0,0,0,0,0,0,0,0,0,0,0,0,0,0,0,0,0
jivey,James,Ivey,LA,7,1,0,0,0,0,0,0,0,0,0,0,0,0,0,0,0,0,0,0,0,0,0,0,0,0,0,0,0,0,0,0
jivey,James,Ivey,LA,9,2,0,0,0,0,0,0,0,0,0,0,0,0,0,0,0,0,0,0,0,0,0,0,0,0,0,0,0,0,0,0
jivey,James,Ivey,LA,11,1,0,0,0,0,0,0,0,0,0,0,0,0,0,0,0,0,0,0,0,0,0,0,0,0,0,0,0,0,0,0
jivey,James,Ivey,LA,12,2,0,0,0,0,0,0,0,0,0,0,0,0,0,0,0,0,0,0,0,0,0,0,0,0,0,0,0,0,0,0
jivey,James,Ivey,LA,13,1,0,0,0,0,0,0,0,0,0,0,0,0,0,0,0,0,0,0,0,0,0,0,0,0,0,0,0,0,0,0
mjackson,Matt,Jackson,COL,1,1,1,2,3,0,0,0,7,7,0,0,0,8,76,10,0,0,0,0,12,9,0,0,759,0,3,3,3,3,0,10
mjackson,Matt,Jackson,COL,4,2,1,2,0,1,0,0,31,31,0,0,2,25,162,-2,0,0,13,8,11,2,0,0,2194,2,2,3,5,6,1,8
mjackson,Matt,Jackson,COL,5,1,0,1,2,2,0,0,18,19,1,0,0,15,67,6,0,0,0,0,14,7,0,0,1313,1,2,1,7,7,3,14
mjackson,Matt,Jackson,COL,6,1,0,1,1,0,0,0,5,5,0,0,0,5,54,-5,1,1,1,1,12,5,0,0,741,0,1,1,8,8,3,9
mjackson,Matt,Jackson,COL,9,1,0,1,1,0,0,0,10,10,0,0,0,8,83,35,1,1,0,0,14,7,0,0,1032,0,1,1,9,9,3,44
mjackson,Matt,Jackson,COL,10,2,1,2,2,1,0,0,28,28,0,0,0,27,138,14,0,0,5,3,23,10,0,0,2409,0,4,3,13,12,4,58
mjackson,Matt,Jackson,COL,11,1,0,1,0,0,0,0,3,3,0,0,0,3,6,32,0,0,2,0,10,1,0,0,549,0,1,1,14,13,4,90
mjackson,Matt,Jackson,COL,12,2,2,2,2,1,0,0,15,17,2,0,0,16,72,172,0,1,5,4,24,12,0,0,1877,2,3,4,17,17,5,262
mjackson,Matt,Jackson,COL,13,1,1,1,1,1,0,0,10,10,0,0,1,5,58,37,0,0,2,2,13,9,0,0,1191,1,2,2,19,19,6,299
djacobs,Dominic,Jacobs,SEA,2,1,0,0,0,1,0,0,0,0,0,0,0,0,0,0,0,0,0,0,10,0,0,0,423,0,1,0,1,0,1,0
djacobs,Dominic,Jacobs,SEA,3,2,2,1,0,1,0,0,5,6,1,0,0,9,69,95,0,0,3,2,26,8,0,0,1857,1,3,3,4,3,2,95
djacobs,Dominic,Jacobs,SEA,4,1,0,0,0,0,0,0,0,0,0,0,0,0,0,0,0,0,0,0,0,0,0,0,0,0,0,0,4,3,2,95
djacobs,Dominic,Jacobs,SEA,5,2,1,0,0,1,0,0,0,0,0,0,0,1,0,6,0,0,0,0,23,4,0,0,1553,0,2,1,6,4,3,101
djacobs,Dominic,Jacobs,SEA,6,1,1,0,0,1,0,0,1,1,0,0,0,2,-4,12,0,0,1,1,12,3,0,0,1109,0,2,1,8,5,4,113
djacobs,Dominic,Jacobs,SEA,7,1,0,0,0,1,0,0,3,3,0,0,1,4,0,37,0,0,0,0,13,4,0,0,1097,1,0,0,8,5,5,150
djacobs,Dominic,Jacobs,SEA,9,1,0,0,0,0,0,0,0,0,0,0,0,0,0,0,0,0,0,0,0,0,0,0,0,0,0,0,8,5,5,150
djacobs,Dominic,Jacobs,SEA,10,1,1,0,0,1,0,0,0,0,0,0,0,1,0,3,0,0,0,0,14,1,0,0,733,0,2,1,10,6,6,153
djacobs,Dominic,Jacobs,SEA,13,2,1,0,0,2,0,0,1,1,0,0,0,2,-2,61,0,0,1,1,15,4,0,0,908,0,3,1,13,7,8,214
bjagt,Ben,Jagt,NY,1,2,10,1,3,2,0,0,22,23,1,0,0,35,87,404,1,1,38,25,5,0,2,0,2349,1,12,11,12,11,2,404
bjagt,Ben,Jagt,NY,3,1,6,3,1,0,0,0,23,23,0,0,0,28,46,403,0,0,22,15,0,0,0,0,1484,0,9,9,21,20,2,807
bjagt,Ben,Jagt,NY,4,2,7,5,3,3,0,0,32,34,2,0,0,42,136,625,0,1,48,32,9,4,5,0,3833,2,13,12,34,32,5,1432
bjagt,Ben,Jagt,NY,5,1,4,1,2,0,0,0,21,22,1,0,0,26,-31,408,0,0,19,14,1,0,1,0,1438,1,4,5,38,37,5,1840
bjagt,Ben,Jagt,NY,6,1,2,3,3,2,0,0,13,14,0,0,0,16,51,311,0,0,24,18,9,2,8,0,2133,0,7,5,45,42,7,2151
bjagt,Ben,Jagt,NY,7,1,6,1,2,2,0,0,20,21,1,0,0,25,26,349,0,1,25,14,1,0,1,0,1762,1,8,7,53,49,9,2500
bjagt,Ben,Jagt,NY,8,1,2,0,4,0,0,0,16,21,5,0,1,23,103,316,0,1,21,16,6,1,5,1,1516,6,-4,2,49,51,9,2816
bjagt,Ben,Jagt,NY,9,1,2,2,1,0,0,0,11,12,0,0,0,14,60,245,0,0,24,20,5,0,4,0,1869,0,4,4,53,55,9,3061
bjagt,Ben,Jagt,NY,12,1,2,1,2,0,0,0,14,15,1,0,0,17,32,273,0,0,15,15,2,0,2,0,1146,1,2,3,55,58,9,3334
bjagt,Ben,Jagt,NY,13,1,4,1,0,0,0,0,10,10,0,0,0,14,37,190,0,0,25,16,2,1,2,0,1731,0,5,5,60,63,9,3524
gjagt,Gabe,Jagt,MIN,3,1,2,2,1,1,0,0,7,8,1,0,0,10,120,183,1,1,10,8,7,3,0,0,646,1,4,4,4,4,1,183
gjagt,Gabe,Jagt,MIN,4,1,0,0,0,0,0,0,1,1,0,0,0,1,11,10,0,0,0,0,5,3,0,0,211,0,0,0,4,4,1,193
gjagt,Gabe,Jagt,MIN,5,1,2,0,1,2,0,0,6,7,1,0,0,8,72,122,0,1,10,9,6,4,0,0,995,1,3,2,7,6,3,315
gjagt,Gabe,Jagt,MIN,6,1,1,0,0,0,0,0,0,0,0,0,0,1,0,3,0,0,2,1,4,1,0,0,418,0,1,1,8,7,3,318
gjagt,Gabe,Jagt,MIN,7,1,0,0,0,0,0,0,0,0,0,0,0,0,0,0,0,0,0,0,0,0,0,0,0,0,0,0,8,7,3,318
gjagt,Gabe,Jagt,MIN,8,1,0,0,0,0,0,0,0,0,0,0,0,0,0,0,0,0,0,0,0,0,0,0,0,0,0,0,8,7,3,318
gjagt,Gabe,Jagt,MIN,9,1,2,1,2,0,0,0,6,6,0,0,0,8,33,268,0,0,8,7,5,4,0,0,711,0,3,3,11,10,3,586
gjagt,Gabe,Jagt,MIN,11,2,0,0,0,0,0,0,0,0,0,0,0,0,0,0,0,0,0,0,0,0,0,0,0,0,0,0,11,10,3,586
gjagt,Gabe,Jagt,MIN,12,1,0,0,0,0,0,0,0,0,0,0,0,0,0,0,0,0,0,0,0,0,0,0,0,0,0,0,11,10,3,586
gjagt,Gabe,Jagt,MIN,13,2,2,3,2,0,0,0,10,10,0,0,0,12,60,109,0,0,10,6,11,8,0,0,931,0,5,5,16,15,3,695
ejaime,Elijah,Jaime,ATL,1,1,0,0,0,0,0,0,0,0,0,0,0,0,0,0,0,0,0,0,0,0,0,0,0,0,0,0,0,0,0,0
ejaime,Elijah,Jaime,ATL,3,2,0,0,1,0,0,0,6,6,0,0,0,6,-16,41,0,0,0,0,26,8,0,0,1854,0,0,0,0,0,0,41
ejaime,Elijah,Jaime,ATL,4,2,0,2,0,0,0,0,8,9,1,0,1,8,59,80,1,1,0,0,25,10,0,0,2203,2,0,2,0,2,0,121
ejaime,Elijah,Jaime,ATL,5,1,0,0,0,0,0,0,1,1,0,0,0,2,-14,35,0,0,0,0,16,4,0,0,910,0,0,0,0,2,0,156
ejaime,Elijah,Jaime,ATL,6,2,1,0,0,0,0,0,4,4,0,0,0,5,7,32,0,0,0,0,17,5,0,0,1129,0,1,1,1,3,0,188
ejaime,Elijah,Jaime,ATL,7,1,0,0,0,0,0,0,0,0,0,0,0,0,0,0,0,0,0,0,0,0,0,0,0,0,0,0,1,3,0,188
ejaime,Elijah,Jaime,ATL,9,1,0,1,1,0,0,0,6,7,1,0,0,7,42,101,0,1,0,0,14,6,0,0,1217,1,0,1,1,4,0,289
ejaime,Elijah,Jaime,ATL,10,1,0,0,0,0,0,0,0,0,0,0,0,0,0,0,0,0,0,0,0,0,0,0,0,0,0,0,1,4,0,289
ejaime,Elijah,Jaime,ATL,12,1,0,0,0,0,0,0,0,0,0,0,0,0,0,0,0,0,0,0,0,0,0,0,0,0,0,0,1,4,0,289
rjamieson,Rowan,Jamieson,TOR,2,2,0,0,0,0,0,0,0,0,0,0,0,0,0,0,0,0,0,0,0,0,0,0,0,0,0,0,0,0,0,0
rjamieson,Rowan,Jamieson,TOR,3,1,0,0,0,0,0,0,0,0,0,0,0,0,0,0,0,0,0,0,0,0,0,0,0,0,0,0,0,0,0,0
rjamieson,Rowan,Jamieson,TOR,6,2,0,0,0,0,0,0,0,0,0,0,0,0,0,0,0,0,0,0,0,0,0,0,0,0,0,0,0,0,0,0
rjamieson,Rowan,Jamieson,TOR,7,1,0,0,0,0,0,0,0,0,0,0,0,0,0,0,0,0,0,0,0,0,0,0,0,0,0,0,0,0,0,0
rjamieson,Rowan,Jamieson,TOR,8,1,0,0,0,0,0,0,0,0,0,0,0,0,0,0,0,0,0,0,9,1,0,0,626,0,0,0,0,0,0,0
rjamieson,Rowan,Jamieson,TOR,9,2,0,0,0,0,0,0,0,0,0,0,0,0,0,0,0,0,0,0,0,0,0,0,0,0,0,0,0,0,0,0
rjamieson,Rowan,Jamieson,TOR,10,1,2,0,1,1,0,0,4,4,0,0,1,5,-2,151,0,0,8,5,9,1,0,0,927,1,2,2,2,2,1,151
rjamieson,Rowan,Jamieson,TOR,11,1,2,0,0,0,0,0,2,2,0,0,0,4,-6,49,0,0,0,0,11,4,2,0,904,0,2,2,4,4,1,200
rjamieson,Rowan,Jamieson,TOR,13,1,1,0,0,0,0,0,1,1,0,0,0,2,-9,13,0,0,0,0,12,1,0,0,865,0,1,1,5,5,1,213
pjanas,Pawel,Janas,CHI,4,1,1,2,2,0,0,0,29,30,0,0,0,24,88,30,0,1,4,2,7,4,5,0,1228,0,3,3,3,3,0,30
pjanas,Pawel,Janas,CHI,6,1,0,4,0,0,0,0,27,27,0,0,0,27,166,14,1,1,4,3,7,2,4,1,1011,0,4,4,7,7,0,44
pjanas,Pawel,Janas,CHI,7,1,0,1,1,0,0,0,15,16,1,0,0,12,40,43,0,1,2,2,9,3,7,0,733,1,0,1,7,8,0,87
pjanas,Pawel,Janas,CHI,8,1,1,3,1,0,0,0,17,19,0,0,0,12,131,35,0,0,3,1,14,5,12,1,1119,0,4,4,11,12,0,122
pjanas,Pawel,Janas,CHI,9,2,0,5,3,0,0,0,29,31,0,0,0,23,296,51,1,1,3,1,16,11,10,1,1205,0,5,5,16,17,0,173
pjanas,Pawel,Janas,CHI,10,2,0,0,0,0,0,0,0,0,0,0,0,0,0,0,0,0,0,0,0,0,0,0,0,0,0,0,16,17,0,173
pjanas,Pawel,Janas,CHI,11,2,0,4,1,0,0,0,44,48,3,0,0,32,270,-5,1,3,3,2,32,14,23,2,2525,3,1,4,17,21,0,168
pjanas,Pawel,Janas,CHI,13,2,1,8,4,1,0,0,35,36,1,0,0,34,370,91,1,2,3,2,32,21,9,0,1996,1,9,9,26,30,1,259
ajanelle,Alex,Janelle,ATX,1,1,0,2,0,0,0,0,3,5,2,0,0,4,48,76,0,1,0,0,15,6,9,2,779,2,0,2,0,2,0,76
ajanelle,Alex,Janelle,ATX,2,1,0,0,0,0,0,0,0,0,0,0,0,0,0,0,0,0,0,0,0,0,0,0,0,0,0,0,0,2,0,76
ajanelle,Alex,Janelle,ATX,3,1,0,2,0,0,0,0,7,7,0,0,0,6,104,6,2,2,0,0,13,5,5,0,873,0,2,2,2,4,0,82
ajanelle,Alex,Janelle,ATX,4,1,0,0,1,1,0,0,8,8,0,0,0,8,52,18,0,0,0,0,9,4,5,0,827,0,1,0,3,4,1,100
ajanelle,Alex,Janelle,ATX,7,2,0,0,1,0,0,0,2,3,1,0,0,3,41,15,1,1,0,0,11,4,6,0,616,1,-1,0,2,4,1,115
ajanelle,Alex,Janelle,ATX,8,1,0,0,1,0,0,0,7,7,0,0,0,6,14,21,0,0,0,0,10,1,7,0,911,0,0,0,2,4,1,136
ajanelle,Alex,Janelle,ATX,10,2,0,0,0,0,0,0,0,0,0,0,0,0,0,0,0,0,0,0,0,0,0,0,0,0,0,0,2,4,1,136
ajanelle,Alex,Janelle,ATX,11,1,2,0,0,1,0,0,1,2,1,0,0,4,13,28,0,0,0,0,12,5,3,0,615,1,2,2,4,6,2,164
ajanelle,Alex,Janelle,ATX,12,1,0,0,1,5,0,0,7,9,2,1,0,8,23,30,0,1,0,0,10,3,0,0,780,3,2,0,6,6,7,194
ajanelle,Alex,Janelle,ATX,13,1,0,0,0,1,0,0,3,4,0,0,0,2,31,-1,0,0,0,0,10,2,7,0,510,0,1,0,7,6,8,193
kjay,Kevin,Jay,TOR,2,2,0,0,0,0,0,0,0,0,0,0,0,0,0,0,0,0,0,0,0,0,0,0,0,0,0,0,0,0,0,0
kjay,Kevin,Jay,TOR,3,1,0,0,0,0,0,0,6,7,1,0,0,4,52,-1,0,1,0,0,9,3,0,0,542,1,-1,0,-1,0,0,-1
kjay,Kevin,Jay,TOR,6,2,0,0,0,0,0,0,0,0,0,0,0,0,0,0,0,0,0,0,0,0,0,0,0,0,0,0,-1,0,0,-1
kjay,Kevin,Jay,TOR,7,1,1,0,1,0,0,0,5,5,0,0,0,3,39,23,0,0,0,0,14,5,0,0,879,0,1,1,0,1,0,22
kjay,Kevin,Jay,TOR,8,1,0,0,0,0,0,0,2,2,0,0,0,1,-2,0,0,0,0,0,7,0,2,0,550,0,0,0,0,1,0,22
kjay,Kevin,Jay,TOR,9,2,0,0,0,0,0,0,3,3,0,1,0,3,27,29,0,0,3,1,10,0,0,0,992,1,-1,0,-1,1,0,51
kjay,Kevin,Jay,TOR,10,1,0,0,0,0,0,0,0,0,0,0,0,0,0,0,0,0,0,0,0,0,0,0,0,0,0,0,-1,1,0,51
kjay,Kevin,Jay,TOR,11,1,0,0,0,0,0,0,0,0,0,0,0,0,0,0,0,0,0,0,7,2,0,0,572,0,0,0,-1,1,0,51
kjay,Kevin,Jay,TOR,13,1,0,1,0,1,0,0,6,6,0,0,0,5,12,19,0,0,9,2,3,1,0,0,543,0,2,1,1,2,1,70
ljay,Liam,Jay,OAK,1,1,0,0,0,0,0,0,0,0,0,0,0,0,0,0,0,0,0,0,0,0,0,0,0,0,0,0,0,0,0,0
ljay,Liam,Jay,OAK,2,2,0,0,0,0,0,0,9,9,0,0,0,8,99,-38,0,0,0,0,14,8,0,0,1361,0,0,0,0,0,0,-38
ljay,Liam,Jay,OAK,3,1,0,0,0,0,0,0,0,0,0,0,0,0,0,0,0,0,0,0,13,1,0,0,630,0,0,0,0,0,0,-38
ljay,Liam,Jay,OAK,5,1,1,1,0,0,0,0,10,10,0,0,0,12,38,13,0,0,0,0,11,6,0,0,1097,0,2,2,2,2,0,-25
ljay,Liam,Jay,OAK,6,1,0,0,0,0,0,0,0,1,1,0,0,1,0,0,0,0,0,0,11,2,0,0,775,1,-1,0,1,2,0,-25
ljay,Liam,Jay,OAK,7,1,0,1,0,0,0,0,1,1,0,0,0,1,30,-6,1,1,0,0,10,2,0,0,651,0,1,1,2,3,0,-31
ljay,Liam,Jay,OAK,8,1,0,4,1,0,0,0,23,23,0,0,0,20,170,-25,1,1,0,0,14,9,0,0,1266,0,4,4,6,7,0,-56
ljay,Liam,Jay,OAK,9,1,0,0,0,0,0,0,0,0,0,0,0,0,0,0,0,0,0,0,0,0,0,0,0,0,0,0,6,7,0,-56
ljay,Liam,Jay,OAK,10,2,0,1,0,0,0,0,2,2,0,0,0,0,48,0,0,0,0,0,17,2,0,0,1059,0,1,1,7,8,0,-56
ljay,Liam,Jay,OAK,13,1,1,1,0,1,0,0,16,16,0,0,0,13,74,39,0,0,0,0,11,4,0,0,1102,0,3,2,10,10,1,-17
djeng,Dyllon,Jeng,PHI,1,1,0,0,0,0,0,0,0,0,0,0,0,0,0,0,0,0,0,0,0,0,0,0,0,0,0,0,0,0,0,0
djeng,Dyllon,Jeng,PHI,2,1,0,0,0,0,0,0,0,0,0,0,0,0,0,0,0,0,0,0,0,0,0,0,0,0,0,0,0,0,0,0
djeng,Dyllon,Jeng,PHI,3,1,1,0,0,0,0,0,3,3,0,0,1,4,32,42,0,0,0,0,6,3,0,0,452,1,0,1,0,1,0,42
djeng,Dyllon,Jeng,PHI,5,1,0,0,0,0,0,0,0,0,0,0,0,0,0,0,0,0,0,0,0,0,0,0,0,0,0,0,0,1,0,42
djeng,Dyllon,Jeng,PHI,6,1,0,0,0,0,0,0,0,0,0,0,0,0,0,0,0,0,0,0,0,0,0,0,0,0,0,0,0,1,0,42
djeng,Dyllon,Jeng,PHI,7,2,0,0,0,0,0,0,0,0,0,0,0,0,0,0,0,0,0,0,0,0,0,0,0,0,0,0,0,1,0,42
djeng,Dyllon,Jeng,PHI,8,1,0,0,0,0,0,0,0,0,0,0,0,0,0,0,0,0,0,0,0,0,0,0,0,0,0,0,0,1,0,42
djeng,Dyllon,Jeng,PHI,10,1,0,0,0,0,0,0,0,0,0,0,0,0,0,0,0,0,0,0,0,0,0,0,0,0,0,0,0,1,0,42
djeng,Dyllon,Jeng,PHI,12,2,0,0,0,0,0,0,0,0,0,0,0,0,0,0,0,0,0,0,0,0,0,0,0,0,0,0,0,1,0,42
djeng,Dyllon,Jeng,PHI,13,1,0,0,0,0,0,0,0,0,0,0,0,0,0,0,0,0,0,0,0,0,0,0,0,0,0,0,0,1,0,42
bjensen,Brock,Jensen,LV,1,1,0,0,0,0,0,0,0,0,0,0,0,0,0,0,0,0,0,0,0,0,0,0,0,0,0,0,0,0,0,0
bjensen,Brock,Jensen,LV,2,1,0,0,0,0,0,0,0,0,0,0,0,0,0,0,0,0,0,0,0,0,0,0,0,0,0,0,0,0,0,0
bjensen,Brock,Jensen,LV,3,1,0,0,0,0,0,0,0,0,0,0,0,0,0,0,0,0,0,0,0,0,0,0,0,0,0,0,0,0,0,0
bjensen,Brock,Jensen,LV,5,1,0,0,0,0,0,0,0,0,0,0,0,0,0,0,0,0,0,0,0,0,0,0,0,0,0,0,0,0,0,0
bjensen,Brock,Jensen,LV,7,2,0,0,0,0,0,0,0,0,0,0,0,0,0,0,0,0,0,0,0,0,0,0,0,0,0,0,0,0,0,0
bjensen,Brock,Jensen,LV,8,1,0,0,0,0,0,0,6,7,1,0,0,6,27,-27,0,0,0,0,13,1,0,0,724,1,-1,0,-1,0,0,-27
bjensen,Brock,Jensen,LV,9,2,0,0,0,0,0,0,0,0,0,0,0,0,0,0,0,0,0,0,0,0,0,0,0,0,0,0,-1,0,0,-27
bjensen,Brock,Jensen,LV,11,1,0,0,0,0,0,0,5,5,0,0,0,4,18,24,0,0,3,1,8,1,0,0,558,0,0,0,-1,0,0,-3
bjensen,Brock,Jensen,LV,12,1,1,1,1,0,0,0,9,10,0,0,0,12,143,61,1,1,16,5,6,1,0,0,1206,0,2,2,1,2,0,58
bjensen,Brock,Jensen,LV,13,1,0,0,1,0,0,0,4,5,0,0,0,4,41,-8,0,0,1,0,10,1,1,0,644,0,0,0,1,2,0,50
djensen,David,Jensen,DET,3,1,0,0,0,0,0,0,0,0,0,0,0,0,0,0,0,0,0,0,0,0,0,0,0,0,0,0,0,0,0,0
djensen,David,Jensen,DET,5,1,0,0,0,0,0,0,0,0,0,0,0,0,0,0,0,0,0,0,0,0,0,0,0,0,0,0,0,0,0,0
djensen,David,Jensen,DET,7,1,0,0,0,0,0,0,0,0,0,0,0,0,0,0,0,0,0,0,0,0,0,0,0,0,0,0,0,0,0,0
djensen,David,Jensen,DET,8,1,0,0,0,0,0,0,0,0,0,0,0,0,0,0,0,0,0,0,0,0,0,0,0,0,0,0,0,0,0,0
djensen,David,Jensen,DET,9,2,0,0,0,0,0,0,0,0,0,0,0,0,0,0,0,0,0,0,0,0,0,0,0,0,0,0,0,0,0,0
djensen,David,Jensen,DET,10,2,0,0,0,0,0,0,0,0,0,0,0,0,0,0,0,0,0,0,0,0,0,0,0,0,0,0,0,0,0,0
djensen,David,Jensen,DET,11,1,0,0,0,0,0,0,0,0,0,0,0,0,0,0,0,0,0,0,0,0,0,0,0,0,0,0,0,0,0,0
djensen,David,Jensen,DET,12,1,0,0,0,0,0,0,0,0,0,0,0,0,0,0,0,0,0,0,0,0,0,0,0,0,0,0,0,0,0,0
djensen,David,Jensen,DET,13,2,0,0,0,0,0,0,0,0,0,0,0,0,0,0,0,0,0,0,0,0,0,0,0,0,0,0,0,0,0,0
djoens,Dillon,Joens,DET,3,1,0,0,0,0,0,0,0,0,0,0,0,0,0,0,0,0,0,0,0,0,0,0,0,0,0,0,0,0,0,0
djoens,Dillon,Joens,DET,5,1,0,0,0,0,0,0,0,0,0,0,0,0,0,0,0,0,0,0,0,0,0,0,0,0,0,0,0,0,0,0
djoens,Dillon,Joens,DET,7,1,0,0,0,0,0,0,0,0,0,0,0,0,0,0,0,0,0,0,0,0,0,0,0,0,0,0,0,0,0,0
djoens,Dillon,Joens,DET,8,1,0,0,0,0,0,0,0,0,0,0,0,0,0,0,0,0,0,0,0,0,0,0,0,0,0,0,0,0,0,0
djoens,Dillon,Joens,DET,9,2,0,0,0,0,0,0,0,0,0,0,0,0,0,0,0,0,0,0,0,0,0,0,0,0,0,0,0,0,0,0
djoens,Dillon,Joens,DET,10,2,0,0,0,0,0,0,0,0,0,0,0,0,0,0,0,0,0,0,0,0,0,0,0,0,0,0,0,0,0,0
djoens,Dillon,Joens,DET,11,1,0,0,0,0,0,0,0,0,0,0,0,0,0,0,0,0,0,0,0,0,0,0,0,0,0,0,0,0,0,0
djoens,Dillon,Joens,DET,12,1,0,0,0,0,0,0,0,0,0,0,0,0,0,0,0,0,0,0,0,0,0,0,0,0,0,0,0,0,0,0
djoens,Dillon,Joens,DET,13,2,0,0,0,0,0,0,0,0,0,0,0,0,0,0,0,0,0,0,0,0,0,0,0,0,0,0,0,0,0,0
cjohnson2,Carl,Johnson,PIT,2,1,0,0,0,0,0,0,0,0,0,0,0,0,0,0,0,0,0,0,0,0,0,0,0,0,0,0,0,0,0,0
cjohnson2,Carl,Johnson,PIT,3,1,1,1,1,0,0,0,8,8,0,0,0,9,51,84,0,0,22,19,1,0,0,0,1551,0,2,2,2,2,0,84
cjohnson2,Carl,Johnson,PIT,4,1,3,0,1,0,0,0,17,20,3,0,0,23,16,293,0,1,22,11,2,0,0,0,1746,3,0,3,2,5,0,377
cjohnson2,Carl,Johnson,PIT,5,1,1,1,1,1,0,0,7,8,1,0,0,8,60,142,0,1,20,8,2,0,0,0,1296,1,2,2,4,7,1,519
cjohnson2,Carl,Johnson,PIT,6,1,1,0,0,0,0,0,1,1,0,0,0,2,5,13,0,0,7,2,6,2,0,0,643,0,1,1,5,8,1,532
cjohnson2,Carl,Johnson,PIT,7,1,0,0,1,3,0,0,3,4,1,0,0,2,-1,13,0,1,4,1,7,2,0,0,976,1,2,0,7,8,4,545
cjohnson2,Carl,Johnson,PIT,8,1,1,0,0,0,0,0,2,2,0,0,0,3,11,39,0,0,4,1,9,1,4,0,624,0,1,1,8,9,4,584
cjohnson2,Carl,Johnson,PIT,9,2,0,0,0,0,0,0,0,0,0,0,0,0,0,0,0,0,0,0,0,0,0,0,0,0,0,0,8,9,4,584
cjohnson2,Carl,Johnson,PIT,10,1,2,0,0,0,0,0,3,3,0,0,0,5,31,74,0,0,3,2,9,4,0,0,810,0,2,2,10,11,4,658
cjohnson2,Carl,Johnson,PIT,11,1,0,0,0,0,0,0,0,0,0,0,0,0,0,0,0,0,0,0,0,0,0,0,0,0,0,0,10,11,4,658
cjohnson2,Carl,Johnson,PIT,13,1,0,0,0,0,0,0,0,0,0,0,0,0,0,0,0,0,0,0,0,0,0,0,0,0,0,0,10,11,4,658
cjohnson1,Christian,Johnson,DC,1,1,0,0,0,0,0,0,0,0,0,0,0,0,0,0,0,0,0,0,0,0,0,0,0,0,0,0,0,0,0,0
cjohnson1,Christian,Johnson,DC,2,1,0,0,0,0,0,0,0,0,0,0,0,0,0,0,0,0,0,0,0,0,0,0,0,0,0,0,0,0,0,0
cjohnson1,Christian,Johnson,DC,3,1,0,0,0,0,0,0,0,0,0,0,0,0,0,0,0,0,0,0,0,0,0,0,0,0,0,0,0,0,0,0
cjohnson1,Christian,Johnson,DC,4,1,0,0,0,0,0,0,0,0,0,0,0,0,0,0,0,0,0,0,0,0,0,0,0,0,0,0,0,0,0,0
cjohnson1,Christian,Johnson,DC,6,2,0,0,0,0,0,0,0,0,0,0,0,0,0,0,0,0,0,0,0,0,0,0,0,0,0,0,0,0,0,0
cjohnson1,Christian,Johnson,DC,7,1,0,0,0,0,0,0,0,0,0,0,0,0,0,0,0,0,0,0,0,0,0,0,0,0,0,0,0,0,0,0
cjohnson1,Christian,Johnson,DC,8,1,0,0,0,0,0,0,0,0,0,0,0,0,0,0,0,0,0,0,0,0,0,0,0,0,0,0,0,0,0,0
cjohnson1,Christian,Johnson,DC,10,1,0,0,0,0,0,0,0,0,0,0,0,0,0,0,0,0,0,0,0,0,0,0,0,0,0,0,0,0,0,0
cjohnson1,Christian,Johnson,DC,11,1,0,0,0,0,0,0,0,0,0,0,0,0,0,0,0,0,0,0,0,0,0,0,0,0,0,0,0,0,0,0
cjohnson1,Christian,Johnson,DC,12,1,0,0,0,0,0,0,0,0,0,0,0,0,0,0,0,0,0,0,0,0,0,0,0,0,0,0,0,0,0,0
cjohnson1,Christian,Johnson,DC,13,1,0,0,0,0,0,0,0,0,0,0,0,0,0,0,0,0,0,0,0,0,0,0,0,0,0,0,0,0,0,0
jjohnson,Jesse,Johnson,CHI,4,1,2,0,1,0,0,0,5,6,1,0,1,8,-5,59,0,0,0,0,11,6,0,0,1035,2,0,2,0,2,0,59
jjohnson,Jesse,Johnson,CHI,6,1,0,0,0,0,0,0,0,0,0,0,0,0,0,0,0,0,0,0,0,0,0,0,0,0,0,0,0,2,0,59
jjohnson,Jesse,Johnson,CHI,7,1,1,0,1,1,0,0,3,4,1,0,0,5,16,80,0,0,0,0,17,4,0,0,1022,1,1,1,1,3,1,139
jjohnson,Jesse,Johnson,CHI,8,1,1,1,1,1,0,0,5,6,1,0,1,7,-3,138,0,1,0,0,19,8,0,0,1573,2,1,2,2,5,2,277
jjohnson,Jesse,Johnson,CHI,9,2,2,1,1,2,0,0,8,8,0,0,1,10,28,157,0,0,0,0,14,8,0,0,771,1,4,3,6,8,4,434
jjohnson,Jesse,Johnson,CHI,10,2,0,0,0,0,0,0,0,0,0,0,0,0,0,0,0,0,0,0,0,0,0,0,0,0,0,0,6,8,4,434
jjohnson,Jesse,Johnson,CHI,11,2,3,1,2,3,0,0,7,8,1,0,1,9,48,102,0,0,1,0,29,10,0,0,2098,2,5,4,11,12,7,536
jjohnson,Jesse,Johnson,CHI,13,2,3,2,1,3,0,0,9,9,0,0,0,8,58,104,0,0,0,0,19,15,0,0,966,0,8,5,19,17,10,640
kjohnson1,Kristian,Johnson,MIN,3,1,2,0,3,0,0,0,9,11,2,0,0,9,80,47,0,1,1,0,17,10,0,0,1287,2,0,2,0,2,0,47
kjohnson1,Kristian,Johnson,MIN,4,1,0,0,0,0,0,0,0,0,0,0,0,0,0,0,0,0,0,0,0,0,0,0,0,0,0,0,0,2,0,47
kjohnson1,Kristian,Johnson,MIN,5,1,0,0,0,0,0,0,0,0,0,0,0,0,0,0,0,0,0,0,0,0,0,0,0,0,0,0,0,2,0,47
kjohnson1,Kristian,Johnson,MIN,6,1,0,0,0,0,0,0,0,0,0,0,0,0,0,0,0,0,0,0,0,0,0,0,0,0,0,0,0,2,0,47
kjohnson1,Kristian,Johnson,MIN,7,1,1,0,1,0,0,0,7,7,0,0,0,7,88,17,1,1,3,3,9,4,6,0,1212,0,1,1,1,3,0,64
kjohnson1,Kristian,Johnson,MIN,8,1,0,0,0,0,0,0,0,0,0,0,0,0,0,0,0,0,0,0,0,0,0,0,0,0,0,0,1,3,0,64
kjohnson1,Kristian,Johnson,MIN,9,1,0,0,0,0,0,0,0,0,0,0,0,0,0,0,0,0,0,0,0,0,0,0,0,0,0,0,1,3,0,64
kjohnson1,Kristian,Johnson,MIN,11,2,0,0,0,0,0,0,0,0,0,0,0,0,0,0,0,0,0,0,0,0,0,0,0,0,0,0,1,3,0,64
kjohnson1,Kristian,Johnson,MIN,12,1,1,0,1,0,0,0,11,11,0,0,0,9,49,50,0,0,3,3,4,0,0,0,438,0,1,1,2,4,0,114
kjohnson1,Kristian,Johnson,MIN,13,2,0,0,0,0,0,0,0,0,0,0,0,0,0,0,0,0,0,0,0,0,0,0,0,0,0,0,2,4,0,114
mjohnson,Matthew,Johnson,MIN,3,1,1,0,0,1,0,0,1,1,0,0,0,2,19,43,0,0,0,0,20,6,0,0,1110,0,2,1,2,1,1,43
mjohnson,Matthew,Johnson,MIN,4,1,0,0,0,0,0,0,0,0,0,0,0,0,0,0,0,0,0,0,0,0,0,0,0,0,0,0,2,1,1,43
mjohnson,Matthew,Johnson,MIN,5,1,1,0,2,0,0,0,2,2,0,0,0,3,0,70,0,0,0,0,17,10,0,0,1104,0,1,1,3,2,1,113
mjohnson,Matthew,Johnson,MIN,6,1,0,0,1,0,0,0,1,1,0,0,0,1,-2,64,0,0,0,0,8,3,0,0,733,0,0,0,3,2,1,177
mjohnson,Matthew,Johnson,MIN,7,1,0,1,3,0,0,0,5,5,0,0,0,4,67,66,0,0,0,0,12,5,0,0,753,0,1,1,4,3,1,243
mjohnson,Matthew,Johnson,MIN,8,1,0,0,1,1,0,0,1,1,0,0,0,1,11,0,0,0,0,0,13,7,0,0,912,0,1,0,5,3,2,243
mjohnson,Matthew,Johnson,MIN,9,1,1,1,0,3,0,0,4,5,0,0,0,4,17,31,0,0,0,0,14,7,0,0,1099,0,5,2,10,5,5,274
mjohnson,Matthew,Johnson,MIN,11,2,0,0,1,0,0,0,2,2,0,0,0,2,26,19,0,0,0,0,14,8,0,0,952,0,0,0,10,5,5,293
mjohnson,Matthew,Johnson,MIN,12,1,0,0,0,0,0,0,0,0,0,0,0,0,0,0,0,0,0,0,0,0,0,0,0,0,0,0,10,5,5,293
mjohnson,Matthew,Johnson,MIN,13,2,3,0,1,1,0,0,2,2,0,0,0,5,0,78,0,0,5,3,14,12,0,0,922,0,4,3,14,8,6,371
ojohnson,Owen,Johnson,ATX,1,1,1,0,0,1,0,0,2,3,1,0,0,2,2,28,0,0,0,0,17,6,0,0,985,1,1,1,1,1,1,28
ojohnson,Owen,Johnson,ATX,2,1,3,0,0,3,0,0,7,7,0,0,0,8,28,85,0,0,0,0,16,7,0,0,1139,0,6,3,7,4,4,113
ojohnson,Owen,Johnson,ATX,3,1,1,0,1,0,0,0,3,3,0,0,0,4,11,55,0,0,1,1,16,7,0,0,877,0,1,1,8,5,4,168
ojohnson,Owen,Johnson,ATX,4,1,1,0,0,0,0,0,4,4,0,0,0,5,24,19,0,0,1,1,11,4,0,0,1195,0,1,1,9,6,4,187
ojohnson,Owen,Johnson,ATX,7,2,0,2,0,2,0,0,5,5,0,0,0,3,12,80,0,0,0,0,24,7,0,0,1572,0,4,2,13,8,6,267
ojohnson,Owen,Johnson,ATX,8,1,0,0,0,0,0,0,0,0,0,0,0,0,0,0,0,0,0,0,0,0,0,0,0,0,0,0,13,8,6,267
ojohnson,Owen,Johnson,ATX,10,2,1,2,3,2,0,0,10,10,0,0,0,9,20,159,0,0,11,9,16,2,0,0,1499,0,5,3,18,11,8,426
ojohnson,Owen,Johnson,ATX,11,1,1,0,0,1,0,0,3,4,1,0,0,5,-4,70,0,0,1,0,18,7,0,0,1215,1,1,1,19,12,9,496
ojohnson,Owen,Johnson,ATX,12,1,2,0,2,2,0,0,13,14,1,0,0,14,18,148,0,0,2,2,13,7,0,0,961,1,3,2,22,14,11,644
ojohnson,Owen,Johnson,ATX,13,1,2,0,1,2,0,0,5,5,0,0,0,7,20,69,0,0,3,2,16,3,0,0,1122,0,4,2,26,16,13,713
wjohnson1,Walt,Johnson,PIT,2,1,0,0,1,0,0,0,8,8,0,0,0,8,60,58,0,0,0,0,18,6,0,0,1016,0,0,0,0,0,0,58
wjohnson1,Walt,Johnson,PIT,3,1,0,0,0,0,0,0,0,0,0,0,0,0,0,0,0,0,0,0,0,0,0,0,0,0,0,0,0,0,0,58
wjohnson1,Walt,Johnson,PIT,4,1,0,0,0,0,0,0,0,0,0,0,0,0,0,0,0,0,0,0,0,0,0,0,0,0,0,0,0,0,0,58
wjohnson1,Walt,Johnson,PIT,5,1,0,0,0,0,0,0,0,0,0,0,0,0,0,0,0,0,0,0,0,0,0,0,0,0,0,0,0,0,0,58
wjohnson1,Walt,Johnson,PIT,6,1,0,0,0,0,0,0,0,0,0,0,0,0,0,0,0,0,0,0,0,0,0,0,0,0,0,0,0,0,0,58
wjohnson1,Walt,Johnson,PIT,7,1,0,1,0,1,0,0,1,2,1,0,0,2,53,16,1,1,0,0,9,2,0,0,567,1,1,1,1,1,1,74
wjohnson1,Walt,Johnson,PIT,8,1,0,0,0,0,0,0,0,0,0,0,0,0,0,0,0,0,0,0,0,0,0,0,0,0,0,0,1,1,1,74
wjohnson1,Walt,Johnson,PIT,9,2,0,0,0,0,0,0,0,0,0,0,0,0,0,0,0,0,0,0,0,0,0,0,0,0,0,0,1,1,1,74
wjohnson1,Walt,Johnson,PIT,10,1,0,0,0,0,0,0,0,0,0,0,0,0,0,0,0,0,0,0,0,0,0,0,0,0,0,0,1,1,1,74
wjohnson1,Walt,Johnson,PIT,11,1,0,0,0,0,0,0,0,0,0,0,0,0,0,0,0,0,0,0,0,0,0,0,0,0,0,0,1,1,1,74
wjohnson1,Walt,Johnson,PIT,13,1,0,0,0,0,0,0,0,0,0,0,0,0,0,0,0,0,0,0,0,0,0,0,0,0,0,0,1,1,1,74
tjohnson1,Tannor,Johnson-Go,BOS,1,1,2,3,1,1,0,0,18,18,0,0,0,20,114,116,1,1,1,0,17,6,15,0,1111,0,6,5,6,5,1,116
tjohnson1,Tannor,Johnson-Go,BOS,3,1,0,3,0,1,0,0,9,9,0,0,0,9,29,144,0,0,2,1,15,5,10,1,1303,0,4,3,10,8,2,260
tjohnson1,Tannor,Johnson-Go,BOS,4,2,2,4,3,5,0,0,32,34,2,0,0,34,215,185,0,1,8,4,29,12,17,1,3074,2,9,6,19,14,7,445
tjohnson1,Tannor,Johnson-Go,BOS,7,1,1,3,3,1,0,0,37,38,1,0,0,37,206,113,1,1,1,1,15,7,14,0,1135,1,4,4,23,18,8,558
tjohnson1,Tannor,Johnson-Go,BOS,8,2,0,0,0,0,0,0,0,0,0,0,0,0,0,0,0,0,0,0,0,0,0,0,0,0,0,0,23,18,8,558
tjohnson1,Tannor,Johnson-Go,BOS,9,1,2,4,1,1,0,0,16,16,0,0,0,16,122,178,0,0,2,1,16,7,13,1,1406,0,7,6,30,24,9,736
tjohnson1,Tannor,Johnson-Go,BOS,11,1,1,1,1,1,0,0,19,20,1,0,0,21,65,147,0,1,3,1,17,4,12,1,1684,1,2,2,32,26,10,883
tjohnson1,Tannor,Johnson-Go,BOS,12,2,1,1,1,2,0,0,14,14,0,0,0,13,30,113,0,0,3,2,12,2,9,0,992,0,4,2,36,28,12,996
tjohnson1,Tannor,Johnson-Go,BOS,13,1,0,0,0,0,0,0,0,0,0,0,0,0,0,0,0,0,0,0,0,0,0,0,0,0,0,0,36,28,12,996
sjonas,Sam,Jonas,NY,1,2,1,3,2,3,0,0,33,33,0,0,0,27,192,87,1,1,2,1,24,13,0,0,1287,0,7,4,7,4,3,87
sjonas,Sam,Jonas,NY,3,1,0,0,0,3,0,0,7,7,0,0,1,4,25,-21,0,0,1,1,12,5,0,0,1183,1,2,0,9,4,6,66
sjonas,Sam,Jonas,NY,4,2,0,2,2,1,0,0,32,32,0,0,0,29,77,52,0,0,4,2,34,5,0,0,2590,0,3,2,12,6,7,118
sjonas,Sam,Jonas,NY,5,1,0,1,0,3,0,0,8,8,0,0,0,6,27,14,0,0,3,3,11,0,0,0,1111,0,4,1,16,7,10,132
sjonas,Sam,Jonas,NY,6,1,0,0,0,0,0,0,0,0,0,0,0,0,0,0,0,0,0,0,0,0,0,0,0,0,0,0,16,7,10,132
sjonas,Sam,Jonas,NY,7,1,1,0,0,0,0,0,8,8,0,0,1,8,64,6,0,0,2,1,14,2,0,0,907,1,0,1,16,8,10,138
sjonas,Sam,Jonas,NY,8,1,1,0,2,1,0,0,11,11,0,0,0,9,58,68,1,1,0,0,16,4,0,0,1360,0,2,1,18,9,11,206
sjonas,Sam,Jonas,NY,9,1,0,0,1,0,0,0,2,2,0,0,0,1,13,12,0,0,0,0,17,5,0,0,1142,0,0,0,18,9,11,218
sjonas,Sam,Jonas,NY,12,1,0,0,0,0,0,0,15,15,0,0,0,12,61,10,0,0,3,0,15,6,0,0,1344,0,0,0,18,9,11,228
sjonas,Sam,Jonas,NY,13,1,0,1,0,2,0,0,13,14,1,0,0,10,107,16,0,0,0,0,15,5,0,0,1228,1,2,1,20,10,13,244
sjones,Selim,Jones,OAK,1,1,0,0,0,0,0,0,0,0,0,0,0,0,0,0,0,0,0,0,0,0,0,0,0,0,0,0,0,0,0,0
sjones,Selim,Jones,OAK,2,2,0,0,0,0,0,0,0,0,0,0,0,0,0,0,0,0,0,0,0,0,0,0,0,0,0,0,0,0,0,0
sjones,Selim,Jones,OAK,3,1,0,0,0,0,0,0,0,0,0,0,0,0,0,0,0,0,0,0,0,0,0,0,0,0,0,0,0,0,0,0
sjones,Selim,Jones,OAK,5,1,0,0,0,0,0,0,0,0,0,0,0,0,0,0,0,0,0,0,0,0,0,0,0,0,0,0,0,0,0,0
sjones,Selim,Jones,OAK,6,1,0,0,0,0,0,0,0,0,0,0,0,0,0,0,0,0,0,0,0,0,0,0,0,0,0,0,0,0,0,0
sjones,Selim,Jones,OAK,7,1,0,0,0,0,0,0,0,0,0,0,0,0,0,0,0,0,0,0,0,0,0,0,0,0,0,0,0,0,0,0
sjones,Selim,Jones,OAK,8,1,0,0,0,0,0,0,0,0,0,0,0,0,0,0,0,0,0,0,0,0,0,0,0,0,0,0,0,0,0,0
sjones,Selim,Jones,OAK,9,1,0,0,0,0,0,0,0,0,0,0,0,0,0,0,0,0,0,0,0,0,0,0,0,0,0,0,0,0,0,0
sjones,Selim,Jones,OAK,10,2,0,0,0,0,0,0,0,0,0,0,0,0,0,0,0,0,0,0,0,0,0,0,0,0,0,0,0,0,0,0
sjones,Selim,Jones,OAK,13,1,0,0,0,0,0,0,0,0,0,0,0,0,0,0,0,0,0,0,0,0,0,0,0,0,0,0,0,0,0,0
bjordan1,Blake,Jordan,LV,1,1,0,0,0,0,0,0,0,0,0,0,0,0,0,0,0,0,0,0,0,0,0,0,0,0,0,0,0,0,0,0
bjordan1,Blake,Jordan,LV,2,1,0,0,0,0,0,0,0,0,0,0,0,0,0,0,0,0,0,0,0,0,0,0,0,0,0,0,0,0,0,0
bjordan1,Blake,Jordan,LV,3,1,0,0,0,0,0,0,0,0,0,0,0,0,0,0,0,0,0,0,0,0,0,0,0,0,0,0,0,0,0,0
bjordan1,Blake,Jordan,LV,5,1,0,0,0,0,0,0,0,0,0,0,0,0,0,0,0,0,0,0,0,0,0,0,0,0,0,0,0,0,0,0
bjordan1,Blake,Jordan,LV,7,2,0,0,0,0,0,0,0,0,0,0,0,0,0,0,0,0,0,0,0,0,0,0,0,0,0,0,0,0,0,0
bjordan1,Blake,Jordan,LV,8,1,0,0,0,0,0,0,0,0,0,0,0,0,0,0,0,0,0,0,0,0,0,0,0,0,0,0,0,0,0,0
bjordan1,Blake,Jordan,LV,9,2,0,0,0,0,0,0,0,0,0,0,0,0,0,0,0,0,0,0,0,0,0,0,0,0,0,0,0,0,0,0
bjordan1,Blake,Jordan,LV,11,1,0,0,0,0,0,0,4,7,3,0,0,4,26,30,0,0,8,0,7,2,6,0,925,3,-3,0,-3,0,0,30
bjordan1,Blake,Jordan,LV,12,1,0,1,1,2,0,0,24,24,0,0,0,19,224,20,1,1,10,3,12,2,7,0,1336,0,3,1,0,1,2,50
bjordan1,Blake,Jordan,LV,13,1,0,0,0,0,0,0,0,0,0,0,0,0,0,0,0,0,0,0,0,0,0,0,0,0,0,0,0,1,2,50
mjunga,Max,Junga,MAD,2,2,0,0,0,0,0,0,0,0,0,0,0,0,0,0,0,0,0,0,0,0,0,0,0,0,0,0,0,0,0,0
mjunga,Max,Junga,MAD,4,1,0,0,0,0,0,0,0,0,0,0,0,0,0,0,0,0,0,0,0,0,0,0,0,0,0,0,0,0,0,0
mjunga,Max,Junga,MAD,6,1,0,0,0,0,0,0,0,0,0,0,0,0,0,0,0,0,0,0,0,0,0,0,0,0,0,0,0,0,0,0
mjunga,Max,Junga,MAD,7,1,0,0,0,0,0,0,0,0,0,0,0,0,0,0,0,0,0,0,0,0,0,0,0,0,0,0,0,0,0,0
mjunga,Max,Junga,MAD,8,2,0,3,0,2,0,0,3,4,1,0,0,3,104,70,2,3,0,0,22,6,0,0,1153,1,4,3,4,3,2,70
mjunga,Max,Junga,MAD,10,2,0,0,1,0,0,0,3,4,1,0,0,3,55,13,1,1,1,1,28,7,0,0,1657,1,-1,0,3,3,2,83
mjunga,Max,Junga,MAD,11,1,0,0,0,0,0,0,0,0,0,0,0,0,0,0,0,0,0,0,0,0,0,0,0,0,0,0,3,3,2,83
mjunga,Max,Junga,MAD,12,1,0,0,0,0,0,0,0,0,0,0,0,0,0,0,0,0,0,0,4,0,0,0,162,0,0,0,3,3,2,83
mjunga,Max,Junga,MAD,13,1,0,0,0,0,0,0,0,0,0,0,0,0,0,0,0,0,0,0,0,0,0,0,0,0,0,0,3,3,2,83
cjurek,Cole,Jurek,DC,1,1,5,1,4,0,0,0,29,29,0,0,0,34,41,394,0,0,19,13,0,0,0,0,1416,0,6,6,6,6,0,394
cjurek,Cole,Jurek,DC,2,1,3,2,4,0,0,0,28,29,1,0,0,32,181,397,0,1,19,14,1,1,0,0,1502,1,4,5,10,11,0,791
cjurek,Cole,Jurek,DC,3,1,3,4,1,0,0,0,16,16,0,0,0,19,77,301,0,0,12,11,0,0,0,0,910,0,7,7,17,18,0,1092
cjurek,Cole,Jurek,DC,4,1,0,0,0,0,0,0,0,0,0,0,0,0,0,0,0,0,0,0,0,0,0,0,0,0,0,0,17,18,0,1092
cjurek,Cole,Jurek,DC,6,2,6,0,9,1,0,0,67,70,3,0,1,75,178,853,0,1,41,28,3,0,0,0,3040,4,3,6,20,24,1,1945
cjurek,Cole,Jurek,DC,7,1,6,1,2,0,0,0,34,34,0,0,1,40,106,267,0,0,18,15,2,0,0,0,1171,1,6,7,26,31,1,2212
cjurek,Cole,Jurek,DC,8,1,3,1,1,0,0,0,26,28,2,0,0,31,-14,328,0,2,18,13,1,0,0,0,1578,2,2,4,28,35,1,2540
cjurek,Cole,Jurek,DC,10,1,1,2,0,0,0,0,25,25,0,0,0,26,197,233,2,2,17,13,1,1,0,0,1234,0,3,3,31,38,1,2773
cjurek,Cole,Jurek,DC,11,1,0,0,0,0,0,0,0,0,0,0,0,0,0,0,0,0,0,0,0,0,0,0,0,0,0,0,31,38,1,2773
cjurek,Cole,Jurek,DC,12,1,0,0,0,0,0,0,0,0,0,0,0,0,0,0,0,0,0,0,0,0,0,0,0,0,0,0,31,38,1,2773
cjurek,Cole,Jurek,DC,13,1,0,0,0,0,0,0,0,0,0,0,0,0,0,0,0,0,0,0,0,0,0,0,0,0,0,0,31,38,1,2773
akabat,Alex,Kabat,SEA,2,1,0,0,0,0,0,0,0,0,0,0,0,0,0,0,0,0,0,0,5,0,0,0,206,0,0,0,0,0,0,0
akabat,Alex,Kabat,SEA,3,2,1,0,1,0,0,0,2,2,0,0,0,3,31,69,0,0,2,2,30,9,0,0,1629,0,1,1,1,1,0,69
akabat,Alex,Kabat,SEA,4,1,0,0,0,0,0,0,0,0,0,0,0,0,0,0,0,0,0,0,0,0,0,0,0,0,0,0,1,1,0,69
akabat,Alex,Kabat,SEA,5,2,0,0,0,0,0,0,0,0,0,0,0,0,0,0,0,0,0,0,0,0,0,0,0,0,0,0,1,1,0,69
akabat,Alex,Kabat,SEA,6,1,0,0,0,0,0,0,0,0,0,0,0,0,0,0,0,0,0,0,0,0,0,0,0,0,0,0,1,1,0,69
akabat,Alex,Kabat,SEA,7,1,0,0,0,0,0,0,0,0,0,0,0,0,0,0,0,0,0,0,0,0,0,0,0,0,0,0,1,1,0,69
akabat,Alex,Kabat,SEA,9,1,0,0,0,0,0,0,0,0,0,0,0,0,0,0,0,0,0,0,0,0,0,0,0,0,0,0,1,1,0,69
akabat,Alex,Kabat,SEA,10,1,0,0,0,0,0,0,0,0,0,0,0,0,0,0,0,0,0,0,0,0,0,0,0,0,0,0,1,1,0,69
akabat,Alex,Kabat,SEA,13,2,0,0,0,0,0,0,0,0,0,0,0,0,0,0,0,0,0,0,0,0,0,0,0,0,0,0,1,1,0,69
skaminsky,Sam,Kaminsky,CHI,4,1,1,1,2,0,0,0,10,10,0,0,0,9,78,56,0,0,7,4,0,0,0,0,403,0,2,2,2,2,0,56
skaminsky,Sam,Kaminsky,CHI,6,1,0,0,0,0,0,0,0,0,0,0,0,0,0,0,0,0,0,0,0,0,0,0,0,0,0,0,2,2,0,56
skaminsky,Sam,Kaminsky,CHI,7,1,0,0,0,0,0,0,0,0,0,0,0,0,0,0,0,0,0,0,0,0,0,0,0,0,0,0,2,2,0,56
skaminsky,Sam,Kaminsky,CHI,8,1,0,0,0,0,0,0,0,0,0,0,0,0,0,0,0,0,0,0,0,0,0,0,0,0,0,0,2,2,0,56
skaminsky,Sam,Kaminsky,CHI,9,2,1,5,3,0,0,0,32,32,0,0,1,27,190,84,0,0,25,20,2,2,0,0,1964,1,5,6,7,8,0,140
skaminsky,Sam,Kaminsky,CHI,10,2,1,2,2,1,0,0,40,40,0,0,1,25,278,112,0,0,27,22,1,0,0,0,1945,1,3,3,10,11,1,252
skaminsky,Sam,Kaminsky,CHI,11,2,1,1,4,0,0,0,26,26,0,0,0,23,176,105,0,0,21,19,0,0,0,0,1252,0,2,2,12,13,1,357
skaminsky,Sam,Kaminsky,CHI,13,2,2,0,1,0,0,0,23,23,0,0,0,17,101,89,0,0,15,13,5,3,1,0,875,0,2,2,14,15,1,446
akarklins,Arvids,Karklins,TOR,2,2,3,2,4,3,0,0,33,35,2,0,0,35,68,495,1,3,27,19,12,0,7,0,2676,2,6,5,6,5,3,495
akarklins,Arvids,Karklins,TOR,3,1,1,3,3,0,0,0,23,28,4,0,0,29,222,486,1,4,26,16,2,1,0,0,1763,4,0,4,6,9,3,981
akarklins,Arvids,Karklins,TOR,6,2,3,12,4,1,0,0,51,55,4,0,0,58,550,557,4,7,45,33,4,0,0,0,2719,4,12,15,18,24,4,1538
akarklins,Arvids,Karklins,TOR,7,1,0,0,0,0,0,0,0,0,0,0,0,0,0,0,0,0,0,0,0,0,0,0,0,0,0,0,18,24,4,1538
akarklins,Arvids,Karklins,TOR,8,1,3,6,2,1,0,0,23,23,0,0,1,25,300,399,2,2,29,21,4,1,1,0,1538,1,9,9,27,33,5,1937
akarklins,Arvids,Karklins,TOR,9,2,7,2,3,4,0,0,36,41,5,0,0,48,452,571,4,5,40,21,11,3,3,0,3178,5,8,9,35,42,9,2508
akarklins,Arvids,Karklins,TOR,10,1,0,0,0,0,0,0,0,0,0,0,0,0,0,0,0,0,0,0,0,0,0,0,0,0,0,0,35,42,9,2508
akarklins,Arvids,Karklins,TOR,11,1,0,0,0,0,0,0,0,0,0,0,0,0,0,0,0,0,0,0,0,0,0,0,0,0,0,0,35,42,9,2508
akarklins,Arvids,Karklins,TOR,13,1,0,0,0,0,0,0,0,0,0,0,0,0,0,0,0,0,0,0,0,0,0,0,0,0,0,0,35,42,9,2508
ikassim,Ismail,Kassim,HTX,1,1,0,1,0,0,0,0,2,2,0,0,0,2,26,57,0,0,0,0,8,1,0,0,365,0,1,1,1,1,0,57
ikassim,Ismail,Kassim,HTX,2,1,0,0,0,0,0,0,0,0,0,0,0,0,0,0,0,0,0,0,0,0,0,0,0,0,0,0,1,1,0,57
ikassim,Ismail,Kassim,HTX,3,1,0,0,0,0,0,0,0,0,0,0,0,0,0,0,0,0,0,0,0,0,0,0,0,0,0,0,1,1,0,57
ikassim,Ismail,Kassim,HTX,4,1,0,1,0,0,0,0,1,1,0,0,0,1,13,23,0,0,0,0,8,2,0,0,447,0,1,1,2,2,0,80
ikassim,Ismail,Kassim,HTX,6,2,1,0,0,0,0,0,1,2,0,0,0,3,-2,66,0,0,1,1,10,1,0,0,352,0,1,1,3,3,0,146
ikassim,Ismail,Kassim,HTX,8,1,0,0,0,0,0,0,2,2,0,0,0,2,-21,24,0,0,1,0,5,0,0,0,535,0,0,0,3,3,0,170
ikassim,Ismail,Kassim,HTX,9,2,1,0,0,0,0,0,4,4,0,0,0,5,8,25,0,0,5,2,7,0,0,0,601,0,1,1,4,4,0,195
ikassim,Ismail,Kassim,HTX,11,1,0,0,0,0,0,0,0,0,0,0,0,0,0,0,0,0,0,0,0,0,0,0,0,0,0,0,4,4,0,195
ikassim,Ismail,Kassim,HTX,12,1,0,0,0,0,0,0,0,0,0,0,0,0,0,0,0,0,0,0,0,0,0,0,0,0,0,0,4,4,0,195
ikassim,Ismail,Kassim,HTX,13,1,0,0,0,0,0,0,0,0,0,0,0,0,0,0,0,0,0,0,0,0,0,0,0,0,0,0,4,4,0,195
bkatz1,Ben,Katz,BOS,1,1,0,0,0,0,0,0,0,0,0,0,0,0,0,0,0,0,0,0,0,0,0,0,0,0,0,0,0,0,0,0
bkatz1,Ben,Katz,BOS,3,1,0,0,0,0,0,0,0,0,0,0,0,0,0,0,0,0,0,0,0,0,0,0,0,0,0,0,0,0,0,0
bkatz1,Ben,Katz,BOS,4,2,0,0,0,0,0,0,0,0,0,0,0,0,0,0,0,0,0,0,0,0,0,0,0,0,0,0,0,0,0,0
bkatz1,Ben,Katz,BOS,7,1,0,0,0,0,0,0,0,0,0,0,0,0,0,0,0,0,0,0,0,0,0,0,0,0,0,0,0,0,0,0
bkatz1,Ben,Katz,BOS,8,2,0,0,0,0,0,0,0,0,0,0,0,0,0,0,0,0,0,0,0,0,0,0,0,0,0,0,0,0,0,0
bkatz1,Ben,Katz,BOS,9,1,0,0,0,0,0,0,0,0,0,0,0,0,0,0,0,0,0,0,0,0,0,0,0,0,0,0,0,0,0,0
bkatz1,Ben,Katz,BOS,11,1,0,0,0,0,0,0,0,0,0,0,0,0,0,0,0,0,0,0,0,0,0,0,0,0,0,0,0,0,0,0
bkatz1,Ben,Katz,BOS,12,2,0,0,0,0,0,0,0,0,0,0,0,0,0,0,0,0,0,0,0,0,0,0,0,0,0,0,0,0,0,0
bkatz1,Ben,Katz,BOS,13,1,0,0,0,0,0,0,0,0,0,0,0,0,0,0,0,0,0,0,0,0,0,0,0,0,0,0,0,0,0,0
ikawaguch,Isamu,Kawaguchi,SD,2,2,1,0,0,1,0,0,3,3,0,0,0,2,-7,34,0,0,0,0,11,5,0,0,781,0,2,1,2,1,1,34
ikawaguch,Isamu,Kawaguchi,SD,3,1,1,0,0,0,0,0,2,2,0,0,0,3,2,8,0,0,0,0,9,1,0,0,486,0,1,1,3,2,1,42
ikawaguch,Isamu,Kawaguchi,SD,4,1,0,0,0,0,0,0,0,0,0,0,0,0,0,0,0,0,0,0,0,0,0,0,0,0,0,0,3,2,1,42
ikawaguch,Isamu,Kawaguchi,SD,5,2,0,0,0,0,0,0,0,0,0,0,0,0,0,0,0,0,0,0,22,3,0,0,1486,0,0,0,3,2,1,42
ikawaguch,Isamu,Kawaguchi,SD,6,1,0,0,0,0,0,0,0,0,0,0,0,0,0,0,0,0,0,0,0,0,0,0,0,0,0,0,3,2,1,42
ikawaguch,Isamu,Kawaguchi,SD,7,1,0,0,0,0,0,0,0,0,0,0,0,0,0,0,0,0,0,0,10,4,0,0,616,0,0,0,3,2,1,42
ikawaguch,Isamu,Kawaguchi,SD,8,1,0,0,0,0,0,0,0,0,0,0,0,0,0,0,0,0,0,0,0,0,0,0,0,0,0,0,3,2,1,42
ikawaguch,Isamu,Kawaguchi,SD,10,1,1,0,0,0,0,0,1,1,0,0,0,2,10,20,0,0,0,0,7,2,0,0,328,0,1,1,4,3,1,62
ikawaguch,Isamu,Kawaguchi,SD,11,1,0,0,0,0,0,0,0,0,0,0,0,0,0,0,0,0,0,0,0,0,0,0,0,0,0,0,4,3,1,62
ikawaguch,Isamu,Kawaguchi,SD,13,1,0,0,0,0,0,0,1,2,1,0,0,2,5,-12,0,0,1,1,8,1,0,0,357,1,-1,0,3,3,1,50
jkeller,Justin,Keller,PHI,1,1,0,0,0,1,0,0,13,13,0,0,0,12,63,17,0,0,1,1,17,5,0,0,1437,0,1,0,1,0,1,17
jkeller,Justin,Keller,PHI,2,1,0,1,0,0,0,0,4,4,0,0,0,2,-2,15,0,0,0,0,14,7,0,0,1217,0,1,1,2,1,1,32
jkeller,Justin,Keller,PHI,3,1,0,0,0,0,0,0,5,5,0,0,0,5,-11,15,0,0,1,0,20,4,0,0,1139,0,0,0,2,1,1,47
jkeller,Justin,Keller,PHI,5,1,0,0,0,0,0,0,3,3,0,0,0,3,-6,-4,0,0,1,1,9,1,0,0,798,0,0,0,2,1,1,43
jkeller,Justin,Keller,PHI,6,1,0,0,0,0,0,0,1,1,0,0,0,1,-7,-4,0,0,0,0,8,0,0,0,798,0,0,0,2,1,1,39
jkeller,Justin,Keller,PHI,7,2,0,0,0,0,0,0,11,11,0,0,0,11,50,33,0,0,6,3,7,1,0,0,976,0,0,0,2,1,1,72
jkeller,Justin,Keller,PHI,8,1,0,2,2,0,0,0,8,8,0,0,0,6,131,8,1,1,0,0,20,10,0,0,1287,0,2,2,4,3,1,80
jkeller,Justin,Keller,PHI,10,1,0,0,0,0,0,0,0,0,0,0,0,0,0,0,0,0,0,0,0,0,0,0,0,0,0,0,4,3,1,80
jkeller,Justin,Keller,PHI,12,2,0,0,1,0,0,0,7,7,0,0,0,7,18,-12,0,0,0,0,10,2,0,0,1305,0,0,0,4,3,1,68
jkeller,Justin,Keller,PHI,13,1,1,0,1,0,0,0,8,8,0,0,0,8,61,-9,0,0,0,0,9,3,0,0,709,0,1,1,5,4,1,59
tkelley,Trevor,Kelley,SLC,1,1,0,0,0,0,0,0,0,0,0,0,0,0,0,0,0,0,0,0,0,0,0,0,0,0,0,0,0,0,0,0
tkelley,Trevor,Kelley,SLC,2,1,1,1,1,0,0,0,10,10,0,0,0,10,117,76,1,1,0,0,16,6,0,0,1398,0,2,2,2,2,0,76
tkelley,Trevor,Kelley,SLC,5,1,0,0,0,0,0,0,0,0,0,0,0,0,0,0,0,0,0,0,0,0,0,0,0,0,0,0,2,2,0,76
tkelley,Trevor,Kelley,SLC,6,2,2,0,2,0,0,0,11,12,1,0,0,13,92,79,0,0,0,0,24,10,0,0,1376,1,1,2,3,4,0,155
tkelley,Trevor,Kelley,SLC,7,1,0,0,0,0,0,0,0,0,0,0,0,0,0,0,0,0,0,0,0,0,0,0,0,0,0,0,3,4,0,155
tkelley,Trevor,Kelley,SLC,8,1,0,2,2,0,0,0,7,8,1,0,0,7,66,27,0,0,0,0,13,5,0,0,781,1,1,2,4,6,0,182
tkelley,Trevor,Kelley,SLC,10,1,0,0,0,0,0,0,0,0,0,0,0,0,0,0,0,0,0,0,0,0,0,0,0,0,0,0,4,6,0,182
tkelley,Trevor,Kelley,SLC,11,2,0,0,0,0,0,0,0,0,0,0,0,0,0,0,0,0,0,0,0,0,0,0,0,0,0,0,4,6,0,182
tkelley,Trevor,Kelley,SLC,12,1,0,0,0,0,0,0,0,0,0,0,0,0,0,0,0,0,0,0,0,0,0,0,0,0,0,0,4,6,0,182
tkelley,Trevor,Kelley,SLC,13,1,0,0,0,0,0,0,0,0,0,0,0,0,0,0,0,0,0,0,0,0,0,0,0,0,0,0,4,6,0,182
wkellman,Wyatt,Kellman,BOS,1,1,0,0,0,0,0,0,0,0,0,0,0,0,0,0,0,0,0,0,0,0,0,0,0,0,0,0,0,0,0,0
wkellman,Wyatt,Kellman,BOS,3,1,0,0,0,0,0,0,0,0,0,0,0,0,0,0,0,0,0,0,0,0,0,0,0,0,0,0,0,0,0,0
wkellman,Wyatt,Kellman,BOS,4,2,0,0,0,0,0,0,0,0,0,0,0,0,0,0,0,0,0,0,0,0,0,0,0,0,0,0,0,0,0,0
wkellman,Wyatt,Kellman,BOS,7,1,0,0,0,0,0,0,0,0,0,0,0,0,0,0,0,0,0,0,0,0,0,0,0,0,0,0,0,0,0,0
wkellman,Wyatt,Kellman,BOS,8,2,0,0,0,0,0,0,0,0,0,0,0,0,0,0,0,0,0,0,0,0,0,0,0,0,0,0,0,0,0,0
wkellman,Wyatt,Kellman,BOS,9,1,2,6,1,0,0,0,19,22,2,0,0,24,106,256,2,4,17,13,0,0,0,0,1163,2,6,8,6,8,0,256
wkellman,Wyatt,Kellman,BOS,11,1,2,1,2,2,0,0,13,18,4,0,0,18,89,138,1,1,18,10,0,0,0,0,1347,4,1,3,7,11,2,394
wkellman,Wyatt,Kellman,BOS,12,2,0,0,0,0,0,0,0,0,0,0,0,0,0,0,0,0,0,0,0,0,0,0,0,0,0,0,7,11,2,394
wkellman,Wyatt,Kellman,BOS,13,1,1,3,2,0,0,0,18,19,1,0,0,20,163,140,0,1,12,8,5,0,0,0,1249,1,3,4,10,15,2,534
akelly,Austin,Kelly,ORE,1,1,0,2,0,0,0,0,41,45,2,0,0,34,257,12,2,2,17,6,0,0,0,0,1248,2,0,2,0,2,0,12
akelly,Austin,Kelly,ORE,2,1,0,4,0,0,0,0,43,48,3,0,1,30,459,-56,3,5,23,11,0,0,0,0,1571,4,0,4,0,6,0,-44
akelly,Austin,Kelly,ORE,4,1,0,0,0,0,0,0,8,9,1,0,0,7,70,-25,0,0,3,1,0,0,0,0,262,1,-1,0,-1,6,0,-69
akelly,Austin,Kelly,ORE,5,2,0,3,3,2,0,0,87,94,7,0,0,76,691,113,1,3,36,20,1,0,0,0,2845,7,-2,3,-3,9,2,44
akelly,Austin,Kelly,ORE,6,1,0,0,0,0,0,0,11,13,2,0,1,10,99,17,0,1,8,4,0,0,0,0,510,3,-3,0,-6,9,2,61
akelly,Austin,Kelly,ORE,7,1,1,2,0,0,0,0,25,27,2,0,0,25,172,-2,1,2,13,7,0,0,0,0,1094,2,1,3,-5,12,2,59
akelly,Austin,Kelly,ORE,8,2,0,1,2,0,0,0,35,41,6,1,0,30,352,61,2,3,29,14,0,0,0,0,1980,7,-6,1,-11,13,2,120
akelly,Austin,Kelly,ORE,9,1,0,0,0,0,0,0,0,0,0,0,0,0,0,0,0,0,0,0,0,0,0,0,0,0,0,0,-11,13,2,120
akelly,Austin,Kelly,ORE,10,1,0,3,1,0,0,0,31,34,1,0,0,24,428,38,2,3,15,7,0,0,0,0,1051,1,2,3,-9,16,2,158
akelly,Austin,Kelly,ORE,13,1,0,0,0,0,0,0,18,21,3,0,0,20,112,30,0,1,14,6,0,0,0,0,854,3,-3,0,-12,16,2,188
skelly,Steven,Kelly,HTX,1,1,1,0,0,0,0,0,2,2,0,0,0,3,5,13,0,0,7,2,13,2,0,0,814,0,1,1,1,1,0,13
skelly,Steven,Kelly,HTX,2,1,1,0,0,0,0,0,2,3,1,0,0,5,-10,45,0,0,4,3,2,1,0,0,543,1,0,1,1,2,0,58
skelly,Steven,Kelly,HTX,3,1,0,0,0,0,0,0,1,1,0,0,0,1,-8,12,0,0,4,2,13,1,0,0,910,0,0,0,1,2,0,70
skelly,Steven,Kelly,HTX,4,1,2,0,1,0,0,0,5,6,1,0,0,8,20,75,0,0,5,3,6,2,0,0,932,1,1,2,2,4,0,145
skelly,Steven,Kelly,HTX,6,2,0,0,0,2,0,0,5,5,0,0,0,4,-21,31,0,0,6,3,19,2,1,0,1361,0,2,0,4,4,2,176
skelly,Steven,Kelly,HTX,8,1,0,2,0,1,0,0,5,5,0,0,1,6,26,78,0,0,7,5,5,0,0,0,807,1,2,2,6,6,3,254
skelly,Steven,Kelly,HTX,9,2,0,0,0,0,0,0,17,21,2,0,0,18,81,91,0,1,12,5,20,0,1,0,2172,2,-2,0,4,6,3,345
skelly,Steven,Kelly,HTX,11,1,2,1,2,0,0,0,9,10,1,0,0,12,15,162,0,0,8,3,10,1,0,0,1051,1,2,3,6,9,3,507
skelly,Steven,Kelly,HTX,12,1,3,0,0,2,0,0,1,3,2,0,0,6,-3,132,0,0,5,4,13,2,0,0,1232,2,3,3,9,12,5,639
skelly,Steven,Kelly,HTX,13,1,1,0,0,0,0,0,4,4,0,0,1,5,5,47,0,0,7,3,11,3,0,0,1121,1,0,1,9,13,5,686
jkempe1,Jack,Kempe,IND,2,1,0,0,0,0,0,0,0,0,0,0,0,0,0,0,0,0,0,0,0,0,0,0,0,0,0,0,0,0,0,0
jkempe1,Jack,Kempe,IND,3,1,0,1,0,0,0,0,16,16,0,0,0,15,90,74,0,0,10,3,7,0,0,0,961,0,1,1,1,1,0,74
jkempe1,Jack,Kempe,IND,5,1,0,0,0,0,0,0,0,0,0,0,0,0,0,0,0,0,0,0,0,0,0,0,0,0,0,0,1,1,0,74
jkempe1,Jack,Kempe,IND,6,1,0,0,0,0,0,0,0,0,0,0,0,0,0,0,0,0,0,0,0,0,0,0,0,0,0,0,1,1,0,74
jkempe1,Jack,Kempe,IND,7,1,1,1,1,0,0,0,10,10,0,0,0,7,119,32,1,1,3,3,13,7,0,0,1040,0,2,2,3,3,0,106
jkempe1,Jack,Kempe,IND,8,1,0,0,0,0,0,0,0,0,0,0,0,0,0,0,0,0,0,0,0,0,0,0,0,0,0,0,3,3,0,106
jkempe1,Jack,Kempe,IND,9,1,0,0,1,0,0,0,8,9,1,0,0,7,40,-14,0,0,8,0,8,2,0,0,933,1,-1,0,2,3,0,92
jkempe1,Jack,Kempe,IND,10,2,0,0,1,0,0,0,14,14,0,0,0,11,140,34,0,0,8,5,9,2,0,0,1068,0,0,0,2,3,0,126
jkempe1,Jack,Kempe,IND,11,1,0,1,1,2,0,0,15,18,2,0,0,15,56,77,0,1,9,2,6,2,0,0,1195,2,1,1,3,4,2,203
jkempe1,Jack,Kempe,IND,12,1,0,0,0,0,0,0,0,0,0,0,0,0,0,0,0,0,0,0,0,0,0,0,0,0,0,0,3,4,2,203
jkempe1,Jack,Kempe,IND,13,1,0,0,0,0,0,0,0,0,0,0,0,0,0,0,0,0,0,0,0,0,0,0,0,0,0,0,3,4,2,203
jkempe,Jason,Kempe,IND,2,1,1,0,1,0,0,0,6,6,0,0,0,7,45,5,0,0,0,0,16,2,0,0,891,0,1,1,1,1,0,5
jkempe,Jason,Kempe,IND,3,1,1,0,1,2,0,0,9,9,0,0,0,8,74,86,0,0,4,2,11,2,0,0,830,0,3,1,4,2,2,91
jkempe,Jason,Kempe,IND,5,1,1,1,1,3,0,0,11,11,0,0,0,9,76,62,0,0,3,1,14,5,0,0,1243,0,5,2,9,4,5,153
jkempe,Jason,Kempe,IND,6,1,0,0,1,0,0,0,30,33,2,0,0,28,130,108,0,0,5,2,9,2,0,0,1137,2,-2,0,7,4,5,261
jkempe,Jason,Kempe,IND,7,1,0,3,4,1,0,0,29,29,0,0,1,28,164,110,0,0,16,11,3,1,0,0,1514,1,3,3,10,7,6,371
jkempe,Jason,Kempe,IND,8,1,4,1,1,0,0,0,50,55,5,0,0,51,243,190,0,0,24,14,0,0,0,0,1942,5,0,5,10,12,6,561
jkempe,Jason,Kempe,IND,9,1,0,0,0,0,0,0,0,0,0,0,0,0,0,0,0,0,0,0,0,0,0,0,0,0,0,0,10,12,6,561
jkempe,Jason,Kempe,IND,10,2,2,2,1,2,0,0,26,28,2,0,0,27,140,94,0,1,21,7,10,2,0,0,2244,2,4,4,14,16,8,655
jkempe,Jason,Kempe,IND,11,1,0,1,0,2,0,0,15,16,1,0,0,14,81,69,0,0,5,2,11,2,0,0,1117,1,2,1,16,17,10,724
jkempe,Jason,Kempe,IND,12,1,0,0,1,1,0,0,10,10,0,0,0,7,58,85,0,0,0,0,16,6,0,0,1189,0,1,0,17,17,11,809
jkempe,Jason,Kempe,IND,13,1,0,3,2,7,0,0,21,24,2,0,0,16,125,40,0,1,4,2,16,8,0,0,1329,2,8,3,25,20,18,849
bkennis,Bradley,Kennis,IND,2,1,0,0,0,0,0,0,0,0,0,0,0,0,0,0,0,0,0,0,0,0,0,0,0,0,0,0,0,0,0,0
bkennis,Bradley,Kennis,IND,3,1,0,0,0,0,0,0,0,0,0,0,0,0,0,0,0,0,0,0,0,0,0,0,0,0,0,0,0,0,0,0
bkennis,Bradley,Kennis,IND,5,1,0,0,0,0,0,0,0,0,0,0,0,0,0,0,0,0,0,0,0,0,0,0,0,0,0,0,0,0,0,0
bkennis,Bradley,Kennis,IND,6,1,0,0,0,0,0,0,0,0,0,0,0,0,0,0,0,0,0,0,0,0,0,0,0,0,0,0,0,0,0,0
bkennis,Bradley,Kennis,IND,7,1,0,0,0,0,0,0,0,0,0,0,0,0,0,0,0,0,0,0,0,0,0,0,0,0,0,0,0,0,0,0
bkennis,Bradley,Kennis,IND,8,1,0,0,0,0,0,0,0,0,0,0,0,0,0,0,0,0,0,0,0,0,0,0,0,0,0,0,0,0,0,0
bkennis,Bradley,Kennis,IND,9,1,0,0,0,0,0,0,0,0,0,0,0,0,0,0,0,0,0,0,0,0,0,0,0,0,0,0,0,0,0,0
bkennis,Bradley,Kennis,IND,10,2,1,2,0,0,0,0,8,8,0,0,0,9,23,139,0,0,7,4,9,2,0,0,1014,0,3,3,3,3,0,139
bkennis,Bradley,Kennis,IND,11,1,0,0,0,0,0,0,0,0,0,0,0,0,0,0,0,0,0,0,0,0,0,0,0,0,0,0,3,3,0,139
bkennis,Bradley,Kennis,IND,12,1,0,0,0,0,0,0,0,0,0,0,0,0,0,0,0,0,0,0,0,0,0,0,0,0,0,0,3,3,0,139
bkennis,Bradley,Kennis,IND,13,1,0,0,0,0,0,0,0,1,1,0,1,0,0,0,0,0,2,1,5,1,0,0,572,2,-2,0,1,3,0,139
ekerns,Eli,Kerns,OAK,1,1,0,1,2,1,0,0,21,23,2,0,0,14,267,17,2,4,3,2,21,7,17,3,1452,2,0,1,0,1,1,17
ekerns,Eli,Kerns,OAK,2,2,0,0,0,0,0,0,0,0,0,0,0,0,0,0,0,0,0,0,0,0,0,0,0,0,0,0,0,1,1,17
ekerns,Eli,Kerns,OAK,3,1,0,4,1,1,0,0,19,20,1,0,0,17,154,66,2,3,3,2,21,7,18,2,1292,1,4,4,4,5,2,83
ekerns,Eli,Kerns,OAK,5,1,1,2,1,1,0,0,13,17,2,0,0,9,110,-16,1,3,1,0,19,6,17,0,1628,2,2,3,6,8,3,67
ekerns,Eli,Kerns,OAK,6,1,0,0,0,0,0,0,0,0,0,0,0,0,0,0,0,0,0,0,0,0,0,0,0,0,0,0,6,8,3,67
ekerns,Eli,Kerns,OAK,7,1,0,3,1,1,0,0,17,20,2,0,0,14,199,24,3,5,5,1,19,4,17,1,1220,2,2,3,8,11,4,91
ekerns,Eli,Kerns,OAK,8,1,0,0,0,0,0,0,0,0,0,0,0,0,0,0,0,0,0,0,0,0,0,0,0,0,0,0,8,11,4,91
ekerns,Eli,Kerns,OAK,9,1,2,2,2,0,0,0,33,34,1,0,0,32,112,-31,1,1,1,1,22,11,20,0,1205,1,3,4,11,15,4,60
ekerns,Eli,Kerns,OAK,10,2,0,0,0,0,0,0,0,0,0,0,0,0,0,0,0,0,0,0,0,0,0,0,0,0,0,0,11,15,4,60
ekerns,Eli,Kerns,OAK,13,1,0,0,0,0,0,0,0,0,0,0,0,0,0,0,0,0,0,0,0,0,0,0,0,0,0,0,11,15,4,60
jkerr,Jordan,Kerr,SLC,1,1,2,3,0,0,0,0,14,14,0,0,0,14,104,71,0,0,22,18,1,1,0,0,1396,0,5,5,5,5,0,71
jkerr,Jordan,Kerr,SLC,2,1,1,4,1,0,0,0,19,20,0,0,0,20,170,186,0,0,14,12,0,0,0,0,808,0,5,5,10,10,0,257
jkerr,Jordan,Kerr,SLC,5,1,3,3,1,1,0,0,28,29,1,0,0,29,229,216,1,1,21,14,0,0,0,0,1237,1,6,6,16,16,1,473
jkerr,Jordan,Kerr,SLC,6,2,3,6,2,1,0,0,44,47,2,0,1,46,330,319,0,0,39,28,2,0,0,0,2956,3,7,9,23,25,2,792
jkerr,Jordan,Kerr,SLC,7,1,1,2,3,0,0,0,31,31,0,0,0,32,245,67,2,2,25,19,1,0,0,0,1561,0,3,3,26,28,2,859
jkerr,Jordan,Kerr,SLC,8,1,3,5,4,0,0,0,28,30,2,0,0,33,276,357,1,2,21,19,0,0,0,0,1114,2,6,8,32,36,2,1216
jkerr,Jordan,Kerr,SLC,10,1,0,4,3,1,0,0,22,23,1,0,0,23,300,249,4,5,22,16,0,0,0,0,1296,1,4,4,36,40,3,1465
jkerr,Jordan,Kerr,SLC,11,2,2,5,7,1,0,0,31,31,0,0,1,32,422,247,2,2,35,30,0,0,0,0,1650,1,7,7,43,47,4,1712
jkerr,Jordan,Kerr,SLC,12,1,1,5,0,0,0,0,20,23,2,0,0,23,169,156,1,3,20,14,1,0,0,0,1173,2,4,6,47,53,4,1868
jkerr,Jordan,Kerr,SLC,13,1,1,4,0,0,0,0,18,19,1,0,0,18,140,40,1,1,17,11,0,0,0,0,1029,1,4,5,51,58,4,1908
dkervick,Declan,Kervick,BOS,1,1,0,0,0,0,0,0,0,0,0,0,0,0,0,0,0,0,0,0,0,0,0,0,0,0,0,0,0,0,0,0
dkervick,Declan,Kervick,BOS,3,1,0,0,0,0,0,0,0,0,0,0,0,0,0,0,0,0,0,0,0,0,0,0,0,0,0,0,0,0,0,0
dkervick,Declan,Kervick,BOS,4,2,0,0,0,0,0,0,0,0,0,0,0,0,0,0,0,0,0,0,0,0,0,0,0,0,0,0,0,0,0,0
dkervick,Declan,Kervick,BOS,7,1,0,0,0,0,0,0,0,0,0,0,0,0,0,0,0,0,0,0,0,0,0,0,0,0,0,0,0,0,0,0
dkervick,Declan,Kervick,BOS,8,2,0,0,0,0,0,0,0,0,0,0,0,0,0,0,0,0,0,0,0,0,0,0,0,0,0,0,0,0,0,0
dkervick,Declan,Kervick,BOS,9,1,0,0,0,0,0,0,0,0,0,0,0,0,0,0,0,0,0,0,0,0,0,0,0,0,0,0,0,0,0,0
dkervick,Declan,Kervick,BOS,11,1,0,0,0,0,0,0,0,0,0,0,0,0,0,0,0,0,0,0,0,0,0,0,0,0,0,0,0,0,0,0
dkervick,Declan,Kervick,BOS,12,2,0,1,1,0,0,0,8,8,0,0,1,6,28,36,0,0,3,3,8,1,0,0,872,1,0,1,0,1,0,36
dkervick,Declan,Kervick,BOS,13,1,0,0,0,0,0,0,0,0,0,0,0,0,0,0,0,0,0,0,0,0,0,0,0,0,0,0,0,1,0,36
rkindell,Ryan,Kindell,PIT,2,1,1,1,2,4,0,0,4,6,2,0,1,6,16,70,0,1,0,0,21,7,0,0,1156,3,3,2,3,2,4,70
rkindell,Ryan,Kindell,PIT,3,1,0,0,0,1,0,0,3,4,1,0,0,4,16,33,0,1,0,0,16,5,6,0,1358,1,0,0,3,2,5,103
rkindell,Ryan,Kindell,PIT,4,1,0,0,0,0,0,0,5,6,1,0,0,6,-9,75,0,1,1,0,11,3,0,0,1087,1,-1,0,2,2,5,178
rkindell,Ryan,Kindell,PIT,5,1,0,0,0,0,0,0,0,0,0,0,0,0,0,0,0,0,0,0,0,0,0,0,0,0,0,0,2,2,5,178
rkindell,Ryan,Kindell,PIT,6,1,0,0,0,0,0,0,0,0,0,0,0,0,0,0,0,0,0,0,0,0,0,0,0,0,0,0,2,2,5,178
rkindell,Ryan,Kindell,PIT,7,1,0,0,0,1,0,0,0,0,0,0,0,0,0,0,0,0,3,0,11,5,1,0,897,0,1,0,3,2,6,178
rkindell,Ryan,Kindell,PIT,8,1,0,0,0,0,0,0,0,0,0,0,0,0,0,0,0,0,0,0,0,0,0,0,0,0,0,0,3,2,6,178
rkindell,Ryan,Kindell,PIT,9,2,0,0,0,2,0,0,2,3,1,0,0,2,3,9,0,0,3,2,15,5,1,0,1206,1,1,0,4,2,8,187
rkindell,Ryan,Kindell,PIT,10,1,0,0,0,0,0,0,0,0,0,0,0,0,0,0,0,0,0,0,0,0,0,0,0,0,0,0,4,2,8,187
rkindell,Ryan,Kindell,PIT,11,1,0,0,0,0,0,0,0,0,0,0,0,0,0,0,0,0,0,0,12,1,0,0,925,0,0,0,4,2,8,187
rkindell,Ryan,Kindell,PIT,13,1,0,0,0,0,0,0,1,1,0,0,0,1,18,19,0,0,0,0,10,3,4,0,743,0,0,0,4,2,8,206
mkiyoi,Michael,Kiyoi,LA,2,2,0,0,0,0,0,0,0,0,0,0,0,0,0,0,0,0,0,0,0,0,0,0,0,0,0,0,0,0,0,0
mkiyoi,Michael,Kiyoi,LA,3,1,1,3,1,0,0,0,33,34,1,0,0,31,305,36,2,2,19,13,1,1,0,0,1185,1,3,4,3,4,0,36
mkiyoi,Michael,Kiyoi,LA,4,1,0,0,0,0,0,0,0,0,0,0,0,0,0,0,0,0,0,0,0,0,0,0,0,0,0,0,3,4,0,36
mkiyoi,Michael,Kiyoi,LA,6,1,2,1,3,0,0,0,21,23,2,0,0,25,120,195,1,1,22,16,0,0,0,0,1540,2,1,3,4,7,0,231
mkiyoi,Michael,Kiyoi,LA,7,1,1,2,1,0,0,0,18,18,0,0,0,19,207,87,1,1,15,9,0,0,0,0,1350,0,3,3,7,10,0,318
mkiyoi,Michael,Kiyoi,LA,9,2,0,0,6,0,0,0,35,35,0,0,0,35,338,176,1,1,38,24,0,0,0,0,2284,0,0,0,7,10,0,494
mkiyoi,Michael,Kiyoi,LA,11,1,1,1,4,0,0,0,23,24,1,0,0,26,194,141,0,0,19,12,0,0,0,0,1136,1,1,2,8,12,0,635
mkiyoi,Michael,Kiyoi,LA,12,2,3,1,2,0,0,0,22,24,2,0,2,27,142,117,0,0,29,16,0,0,0,0,2076,4,0,4,8,16,0,752
mkiyoi,Michael,Kiyoi,LA,13,1,3,1,1,0,0,0,15,17,2,0,1,20,55,154,0,0,17,12,0,0,0,0,1091,3,1,4,9,20,0,906
jklane,Josh,Klane,MIN,3,1,1,3,3,0,0,0,26,26,0,0,0,19,297,98,1,1,19,17,0,0,0,0,949,0,4,4,4,4,0,98
jklane,Josh,Klane,MIN,4,1,1,3,2,0,0,0,37,41,3,0,0,33,285,111,1,2,13,5,0,0,0,0,1295,3,1,4,5,8,0,209
jklane,Josh,Klane,MIN,5,1,0,3,2,0,0,0,19,20,1,0,0,12,181,82,1,2,14,10,2,1,0,0,646,1,2,3,7,11,0,291
jklane,Josh,Klane,MIN,6,1,1,2,2,0,0,0,19,19,0,0,1,16,163,62,1,1,17,12,0,0,0,0,1253,1,2,3,9,14,0,353
jklane,Josh,Klane,MIN,7,1,1,2,0,0,0,0,16,18,1,0,0,15,143,95,0,0,17,10,0,0,0,0,1088,1,2,3,11,17,0,448
jklane,Josh,Klane,MIN,8,1,1,3,0,0,0,0,22,24,1,0,0,20,120,98,1,3,19,12,0,0,0,0,1536,1,3,4,14,21,0,546
jklane,Josh,Klane,MIN,9,1,0,2,2,0,0,0,23,24,1,0,0,12,263,39,3,3,16,12,4,1,0,0,1148,1,1,2,15,23,0,585
jklane,Josh,Klane,MIN,11,2,0,0,1,0,0,0,23,25,2,0,1,22,151,118,0,1,19,8,0,0,0,0,1167,3,-3,0,12,23,0,703
jklane,Josh,Klane,MIN,12,1,2,4,1,2,0,0,32,35,2,0,0,32,279,96,2,3,15,9,0,0,0,0,1444,2,6,6,18,29,2,799
jklane,Josh,Klane,MIN,13,2,0,2,0,1,0,0,25,27,2,0,0,15,290,96,2,4,18,11,1,0,1,0,1108,2,1,2,19,31,3,895
jkloss,James,Kloss,DET,3,1,0,0,0,0,0,0,0,0,0,0,0,0,0,0,0,0,0,0,0,0,0,0,0,0,0,0,0,0,0,0
jkloss,James,Kloss,DET,5,1,0,0,0,0,0,0,0,0,0,0,0,0,0,0,0,0,0,0,0,0,0,0,0,0,0,0,0,0,0,0
jkloss,James,Kloss,DET,7,1,0,0,0,0,0,0,0,0,0,0,0,0,0,0,0,0,0,0,0,0,0,0,0,0,0,0,0,0,0,0
jkloss,James,Kloss,DET,8,1,0,0,0,0,0,0,0,0,0,0,0,0,0,0,0,0,0,0,0,0,0,0,0,0,0,0,0,0,0,0
jkloss,James,Kloss,DET,9,2,0,0,0,0,0,0,0,0,0,0,0,0,0,0,0,0,0,0,0,0,0,0,0,0,0,0,0,0,0,0
jkloss,James,Kloss,DET,10,2,0,0,0,0,0,0,0,0,0,0,0,0,0,0,0,0,0,0,0,0,0,0,0,0,0,0,0,0,0,0
jkloss,James,Kloss,DET,11,1,0,0,0,0,0,0,0,0,0,0,0,0,0,0,0,0,0,0,0,0,0,0,0,0,0,0,0,0,0,0
jkloss,James,Kloss,DET,12,1,0,0,0,0,0,0,0,0,0,0,0,0,0,0,0,0,0,0,0,0,0,0,0,0,0,0,0,0,0,0
jkloss,James,Kloss,DET,13,2,0,0,0,0,0,0,0,0,0,0,0,0,0,0,0,0,0,0,0,0,0,0,0,0,0,0,0,0,0,0
cknarr,CJ,Knarr,IND,2,1,0,0,0,0,0,0,0,0,0,0,0,0,0,0,0,0,0,0,0,0,0,0,0,0,0,0,0,0,0,0
cknarr,CJ,Knarr,IND,3,1,0,0,1,0,0,0,11,12,1,0,0,12,50,62,0,0,3,2,8,1,0,0,724,1,-1,0,-1,0,0,62
cknarr,CJ,Knarr,IND,5,1,0,0,0,0,0,0,0,0,0,0,0,0,0,0,0,0,0,0,0,0,0,0,0,0,0,0,-1,0,0,62
cknarr,CJ,Knarr,IND,6,1,0,0,0,0,0,0,0,0,0,0,0,0,0,0,0,0,0,0,0,0,0,0,0,0,0,0,-1,0,0,62
cknarr,CJ,Knarr,IND,7,1,0,0,1,0,0,0,8,8,0,0,0,9,66,27,1,1,0,0,14,7,0,0,909,0,0,0,-1,0,0,89
cknarr,CJ,Knarr,IND,8,1,0,0,0,0,0,0,0,0,0,0,0,0,0,0,0,0,0,0,0,0,0,0,0,0,0,0,-1,0,0,89
cknarr,CJ,Knarr,IND,9,1,0,0,0,0,0,0,0,0,0,0,0,0,0,0,0,0,0,0,0,0,0,0,0,0,0,0,-1,0,0,89
cknarr,CJ,Knarr,IND,10,2,0,0,0,0,0,0,0,0,0,0,0,0,0,0,0,0,0,0,0,0,0,0,0,0,0,0,-1,0,0,89
cknarr,CJ,Knarr,IND,11,1,0,0,0,0,0,0,0,0,0,0,0,0,0,0,0,0,0,0,0,0,0,0,0,0,0,0,-1,0,0,89
cknarr,CJ,Knarr,IND,12,1,0,0,0,0,0,0,0,0,0,0,0,0,0,0,0,0,0,0,0,0,0,0,0,0,0,0,-1,0,0,89
cknarr,CJ,Knarr,IND,13,1,0,0,0,0,0,0,0,0,0,0,0,0,0,0,0,0,0,0,0,0,0,0,0,0,0,0,-1,0,0,89
dknighton,Derik,Knighton,SLC,1,1,0,0,0,0,0,0,0,0,0,0,0,0,0,0,0,0,0,0,0,0,0,0,0,0,0,0,0,0,0,0
dknighton,Derik,Knighton,SLC,2,1,0,0,0,0,0,0,0,0,0,0,0,0,0,0,0,0,0,0,0,0,0,0,0,0,0,0,0,0,0,0
dknighton,Derik,Knighton,SLC,5,1,0,1,0,0,0,0,4,4,0,0,0,3,9,14,0,0,2,2,14,4,0,0,958,0,1,1,1,1,0,14
dknighton,Derik,Knighton,SLC,6,2,0,0,1,1,0,0,3,3,0,0,0,3,24,37,0,0,0,0,25,10,0,0,1452,0,1,0,2,1,1,51
dknighton,Derik,Knighton,SLC,7,1,0,0,0,0,0,0,0,0,0,0,0,1,0,-6,0,0,0,0,7,1,0,0,408,0,0,0,2,1,1,45
dknighton,Derik,Knighton,SLC,8,1,1,2,0,1,0,0,6,6,0,0,0,5,78,47,1,1,0,0,17,7,0,0,853,0,4,3,6,4,2,92
dknighton,Derik,Knighton,SLC,10,1,0,0,0,0,0,0,0,0,0,0,0,0,0,0,0,0,0,0,0,0,0,0,0,0,0,0,6,4,2,92
dknighton,Derik,Knighton,SLC,11,2,0,0,0,0,0,0,0,0,0,0,0,0,0,0,0,0,0,0,0,0,0,0,0,0,0,0,6,4,2,92
dknighton,Derik,Knighton,SLC,12,1,0,0,0,0,0,0,0,0,0,0,0,0,0,0,0,0,0,0,0,0,0,0,0,0,0,0,6,4,2,92
dknighton,Derik,Knighton,SLC,13,1,0,0,0,0,0,0,0,0,0,0,0,0,0,0,0,0,0,0,0,0,0,0,0,0,0,0,6,4,2,92
sknoche,Sterling,Knoche,MAD,2,2,0,0,0,0,0,0,0,0,0,0,0,0,0,0,0,0,0,0,0,0,0,0,0,0,0,0,0,0,0,0
sknoche,Sterling,Knoche,MAD,4,1,0,0,0,0,0,0,0,0,0,0,0,0,0,0,0,0,0,0,0,0,0,0,0,0,0,0,0,0,0,0
sknoche,Sterling,Knoche,MAD,6,1,0,0,0,0,0,0,0,0,0,0,0,0,0,0,0,0,0,0,0,0,0,0,0,0,0,0,0,0,0,0
sknoche,Sterling,Knoche,MAD,7,1,0,0,0,0,0,0,0,0,0,0,0,0,0,0,0,0,0,0,0,0,0,0,0,0,0,0,0,0,0,0
sknoche,Sterling,Knoche,MAD,8,2,0,0,0,0,0,0,0,0,0,0,0,0,0,0,0,0,0,0,0,0,0,0,0,0,0,0,0,0,0,0
sknoche,Sterling,Knoche,MAD,10,2,0,0,0,0,0,0,0,0,0,0,0,0,0,0,0,0,0,0,0,0,0,0,0,0,0,0,0,0,0,0
sknoche,Sterling,Knoche,MAD,11,1,0,0,0,0,0,0,0,0,0,0,0,0,0,0,0,0,0,0,0,0,0,0,0,0,0,0,0,0,0,0
sknoche,Sterling,Knoche,MAD,12,1,0,0,0,0,0,0,0,0,0,0,0,0,0,0,0,0,0,0,0,0,0,0,0,0,0,0,0,0,0,0
sknoche,Sterling,Knoche,MAD,13,1,0,0,0,0,0,0,0,0,0,0,0,0,0,0,0,0,0,0,0,0,0,0,0,0,0,0,0,0,0,0
jknopf,Jeremy,Knopf,COL,1,1,0,0,0,0,0,0,3,3,0,0,0,3,7,-13,0,0,0,0,12,4,0,0,956,0,0,0,0,0,0,-13
jknopf,Jeremy,Knopf,COL,4,2,1,0,1,0,0,0,12,12,0,0,0,10,61,-33,0,0,5,4,17,7,0,0,1269,0,1,1,1,1,0,-46
jknopf,Jeremy,Knopf,COL,5,1,0,1,0,0,0,0,5,5,0,0,0,3,72,-22,1,1,1,1,13,5,0,0,811,0,1,1,2,2,0,-68
jknopf,Jeremy,Knopf,COL,6,1,0,0,0,0,0,0,2,2,0,0,0,1,21,-2,0,0,0,0,13,2,0,0,649,0,0,0,2,2,0,-70
jknopf,Jeremy,Knopf,COL,9,1,1,1,1,1,0,0,27,28,1,0,0,25,142,105,1,1,13,12,0,0,0,0,944,1,2,2,4,4,1,35
jknopf,Jeremy,Knopf,COL,10,2,1,3,0,0,0,0,58,59,1,0,0,47,216,169,1,1,42,25,0,0,0,0,2619,1,3,4,7,8,1,204
jknopf,Jeremy,Knopf,COL,11,1,0,0,0,0,0,0,2,2,0,0,0,2,-3,-12,0,0,1,0,10,1,0,0,722,0,0,0,7,8,1,192
jknopf,Jeremy,Knopf,COL,12,2,3,1,0,0,0,0,5,5,0,0,0,7,12,1,0,0,0,0,30,14,0,0,1865,0,4,4,11,12,1,193
jknopf,Jeremy,Knopf,COL,13,1,0,0,0,0,0,0,2,2,0,0,0,1,-21,-4,0,0,0,0,13,5,0,0,932,0,0,0,11,12,1,189
nknutson,Nate,Knutson,ORE,1,1,2,1,1,0,0,0,23,25,1,0,0,27,120,231,0,0,21,7,2,0,0,0,1575,1,2,3,2,3,0,231
nknutson,Nate,Knutson,ORE,2,1,3,0,4,2,0,0,14,15,0,0,0,18,21,205,0,0,20,8,2,0,0,0,1504,0,5,3,7,6,2,436
nknutson,Nate,Knutson,ORE,4,1,2,0,2,1,0,0,9,10,1,0,0,12,12,176,0,0,17,10,3,1,0,0,1569,1,2,2,9,8,3,612
nknutson,Nate,Knutson,ORE,5,2,7,2,2,1,0,0,39,41,1,0,1,42,80,386,0,0,38,21,1,0,0,0,3172,2,8,9,17,17,4,998
nknutson,Nate,Knutson,ORE,6,1,2,1,1,0,0,0,12,13,1,0,0,14,35,137,0,0,20,8,5,1,0,0,1632,1,2,3,19,20,4,1135
nknutson,Nate,Knutson,ORE,7,1,1,2,1,0,0,0,13,14,1,0,1,15,17,236,0,0,12,8,1,0,0,0,900,2,1,3,20,23,4,1371
nknutson,Nate,Knutson,ORE,8,2,10,3,3,2,0,0,23,24,0,0,1,33,71,453,0,0,44,22,3,0,0,0,3272,1,14,13,34,36,6,1824
nknutson,Nate,Knutson,ORE,9,1,3,0,1,1,0,0,10,10,0,0,1,13,-4,138,0,0,15,6,2,0,0,0,1589,1,3,3,37,39,7,1962
nknutson,Nate,Knutson,ORE,10,1,0,0,0,0,0,0,0,0,0,0,0,0,0,0,0,0,0,0,0,0,0,0,0,0,0,0,37,39,7,1962
nknutson,Nate,Knutson,ORE,13,1,0,0,0,0,0,0,0,0,0,0,0,0,0,0,0,0,0,0,0,0,0,0,0,0,0,0,37,39,7,1962
mkobyra,Mike,Kobyra,ATL,1,1,0,0,1,0,0,0,1,1,0,0,0,1,6,41,0,0,0,0,17,3,2,1,875,0,0,0,0,0,0,41
mkobyra,Mike,Kobyra,ATL,3,2,0,1,1,0,0,0,4,4,0,0,0,3,44,20,0,0,0,0,25,8,6,0,1573,0,1,1,1,1,0,61
mkobyra,Mike,Kobyra,ATL,4,2,2,0,0,2,0,0,2,2,0,0,0,3,-11,31,0,0,0,0,23,11,1,0,1966,0,4,2,5,3,2,92
mkobyra,Mike,Kobyra,ATL,5,1,0,1,0,0,0,0,4,4,0,0,0,4,33,86,0,0,0,0,11,2,1,0,894,0,1,1,6,4,2,178
mkobyra,Mike,Kobyra,ATL,6,2,1,0,0,0,0,0,0,0,0,0,0,1,0,22,0,0,0,0,14,3,0,0,986,0,1,1,7,5,2,200
mkobyra,Mike,Kobyra,ATL,7,1,0,0,0,0,0,0,0,0,0,0,0,0,0,0,0,0,0,0,0,0,0,0,0,0,0,0,7,5,2,200
mkobyra,Mike,Kobyra,ATL,9,1,0,0,0,0,0,0,1,1,0,0,0,1,-2,15,0,0,0,0,14,5,2,0,1091,0,0,0,7,5,2,215
mkobyra,Mike,Kobyra,ATL,10,1,0,0,0,0,0,0,0,0,0,0,0,0,0,0,0,0,0,0,10,3,0,0,668,0,0,0,7,5,2,215
mkobyra,Mike,Kobyra,ATL,12,1,0,0,1,1,0,0,3,3,0,0,0,2,33,16,0,0,0,0,13,2,0,0,731,0,1,0,8,5,3,231
tkoch,Trey,Koch,DET,3,1,2,0,0,0,0,0,2,2,0,0,0,4,7,70,0,0,7,2,3,1,0,0,748,0,2,2,2,2,0,70
tkoch,Trey,Koch,DET,5,1,0,0,2,0,0,0,7,7,0,0,0,7,36,87,0,0,8,6,1,0,0,0,518,0,0,0,2,2,0,157
tkoch,Trey,Koch,DET,7,1,0,1,0,0,0,0,1,1,0,0,0,1,11,14,0,0,1,1,7,3,0,0,832,0,1,1,3,3,0,171
tkoch,Trey,Koch,DET,8,1,3,0,0,1,0,0,4,5,1,0,0,8,27,99,0,0,4,2,14,3,0,0,1132,1,3,3,6,6,1,270
tkoch,Trey,Koch,DET,9,2,1,1,0,1,0,0,6,6,0,0,0,7,3,50,0,0,6,2,15,2,0,0,1454,0,3,2,9,8,2,320
tkoch,Trey,Koch,DET,10,2,3,2,1,1,0,0,16,17,1,0,2,19,73,319,0,0,42,17,0,0,0,0,2731,3,3,5,12,13,3,639
tkoch,Trey,Koch,DET,11,1,0,0,0,0,0,0,0,0,0,0,0,0,0,0,0,0,0,0,0,0,0,0,0,0,0,0,12,13,3,639
tkoch,Trey,Koch,DET,12,1,0,0,0,2,0,0,0,1,1,0,0,1,0,10,0,0,2,1,15,0,0,0,1142,1,1,0,13,13,5,649
tkoch,Trey,Koch,DET,13,2,3,0,0,0,0,0,10,12,1,0,1,14,14,221,0,0,41,12,5,0,0,0,2363,2,1,3,14,16,5,870
kkolafa,Kyle,Kolafa,HTX,1,1,3,1,0,1,0,0,6,6,0,0,0,9,36,184,1,1,11,7,4,1,0,0,923,0,5,4,5,4,1,184
kkolafa,Kyle,Kolafa,HTX,2,1,1,1,0,0,0,0,2,2,0,0,1,3,10,70,0,0,6,4,1,0,0,0,602,1,1,2,6,6,1,254
kkolafa,Kyle,Kolafa,HTX,3,1,0,0,0,0,0,0,0,0,0,0,0,0,0,0,0,0,0,0,0,0,0,0,0,0,0,0,6,6,1,254
kkolafa,Kyle,Kolafa,HTX,4,1,2,0,2,1,0,0,8,8,0,0,0,10,13,122,0,0,11,8,7,3,0,0,1164,0,3,2,9,8,2,376
kkolafa,Kyle,Kolafa,HTX,6,2,0,0,0,0,0,0,0,0,0,0,0,0,0,0,0,0,0,0,0,0,0,0,0,0,0,0,9,8,2,376
kkolafa,Kyle,Kolafa,HTX,8,1,0,0,0,0,0,0,0,0,0,0,0,0,0,0,0,0,0,0,0,0,0,0,0,0,0,0,9,8,2,376
kkolafa,Kyle,Kolafa,HTX,9,2,0,0,0,0,0,0,0,0,0,0,0,0,0,0,0,0,0,0,0,0,0,0,0,0,0,0,9,8,2,376
kkolafa,Kyle,Kolafa,HTX,11,1,1,0,0,1,0,0,2,2,0,0,0,3,15,59,0,0,4,2,9,0,0,0,891,0,2,1,11,9,3,435
kkolafa,Kyle,Kolafa,HTX,12,1,5,0,2,1,0,0,10,10,0,0,0,14,40,157,0,0,11,10,10,2,0,0,1402,0,6,5,17,14,4,592
kkolafa,Kyle,Kolafa,HTX,13,1,4,2,0,1,0,0,6,9,1,0,0,12,57,207,0,0,15,9,7,3,1,1,1175,1,6,6,23,20,5,799
tkonogeri,Thomas,Konogeris,SD,2,2,0,0,0,0,0,0,0,0,0,0,0,0,0,0,0,0,0,0,0,0,0,0,0,0,0,0,0,0,0,0
tkonogeri,Thomas,Konogeris,SD,3,1,0,0,0,0,0,0,0,0,0,0,0,0,0,0,0,0,0,0,0,0,0,0,0,0,0,0,0,0,0,0
tkonogeri,Thomas,Konogeris,SD,4,1,0,0,1,1,0,0,3,3,0,0,0,3,9,58,0,0,6,4,5,1,0,0,929,0,1,0,1,0,1,58
tkonogeri,Thomas,Konogeris,SD,5,2,0,0,0,0,0,0,0,0,0,0,0,0,0,0,0,0,0,0,0,0,0,0,0,0,0,0,1,0,1,58
tkonogeri,Thomas,Konogeris,SD,6,1,0,0,0,0,0,0,0,0,0,0,0,0,0,0,0,0,0,0,0,0,0,0,0,0,0,0,1,0,1,58
tkonogeri,Thomas,Konogeris,SD,7,1,0,0,0,0,0,0,0,0,0,0,0,0,0,0,0,0,0,0,0,0,0,0,0,0,0,0,1,0,1,58
tkonogeri,Thomas,Konogeris,SD,8,1,0,0,0,0,0,0,0,0,0,0,0,0,0,0,0,0,0,0,0,0,0,0,0,0,0,0,1,0,1,58
tkonogeri,Thomas,Konogeris,SD,10,1,0,0,0,0,0,0,0,0,0,0,0,0,0,0,0,0,0,0,0,0,0,0,0,0,0,0,1,0,1,58
tkonogeri,Thomas,Konogeris,SD,11,1,0,0,0,0,0,0,0,0,0,0,0,0,0,0,0,0,0,0,0,0,0,0,0,0,0,0,1,0,1,58
tkonogeri,Thomas,Konogeris,SD,13,1,0,0,0,0,0,0,0,0,0,0,0,0,0,0,0,0,0,0,6,1,0,0,202,0,0,0,1,0,1,58
kkoo,KJ,Koo,SD,2,2,2,1,3,3,0,0,32,32,0,0,0,27,218,238,0,0,26,20,6,3,0,0,2335,0,6,3,6,3,3,238
kkoo,KJ,Koo,SD,3,1,1,1,1,1,0,0,21,21,0,0,0,19,89,217,0,0,12,7,9,1,0,0,1410,0,3,2,9,5,4,455
kkoo,KJ,Koo,SD,4,1,2,1,0,1,0,0,8,9,1,0,0,10,47,141,1,1,6,5,12,3,0,0,1377,1,3,3,12,8,5,596
kkoo,KJ,Koo,SD,5,2,4,2,6,2,0,0,50,53,3,0,0,55,285,324,1,2,41,31,8,1,0,0,3072,3,5,6,17,14,7,920
kkoo,KJ,Koo,SD,6,1,2,2,2,0,0,0,18,21,3,0,0,22,159,278,2,2,15,13,5,1,0,0,965,3,1,4,18,18,7,1198
kkoo,KJ,Koo,SD,7,1,1,1,3,1,0,0,20,21,1,0,0,20,270,112,2,2,13,8,5,1,1,0,1198,1,2,2,20,20,8,1310
kkoo,KJ,Koo,SD,8,1,4,1,3,1,0,0,22,24,2,0,0,23,175,163,1,1,10,8,11,4,0,0,1411,2,4,5,24,25,9,1473
kkoo,KJ,Koo,SD,10,1,0,0,0,0,0,0,0,0,0,0,0,0,0,0,0,0,0,0,0,0,0,0,0,0,0,0,24,25,9,1473
kkoo,KJ,Koo,SD,11,1,2,1,0,1,0,0,20,20,0,0,1,22,183,116,0,0,17,12,1,0,0,0,1019,1,3,3,27,28,10,1589
kkoo,KJ,Koo,SD,13,1,0,0,0,0,0,0,0,0,0,0,0,0,0,0,0,0,0,0,0,0,0,0,0,0,0,0,27,28,10,1589
pkorolog,Phillip,Korolog,SEA,2,1,0,0,0,0,0,0,0,0,0,0,0,0,0,0,0,0,0,0,5,0,1,0,217,0,0,0,0,0,0,0
pkorolog,Phillip,Korolog,SEA,3,2,1,3,2,0,0,0,8,8,0,0,0,9,64,85,1,1,16,12,0,0,0,0,959,0,4,4,4,4,0,85
pkorolog,Phillip,Korolog,SEA,4,1,0,0,0,0,0,0,0,0,0,0,0,0,0,0,0,0,0,0,0,0,0,0,0,0,0,0,4,4,0,85
pkorolog,Phillip,Korolog,SEA,5,2,0,0,0,0,0,0,0,0,0,0,0,0,0,0,0,0,0,0,0,0,0,0,0,0,0,0,4,4,0,85
pkorolog,Phillip,Korolog,SEA,6,1,0,0,0,0,0,0,0,0,0,0,0,0,0,0,0,0,0,0,0,0,0,0,0,0,0,0,4,4,0,85
pkorolog,Phillip,Korolog,SEA,7,1,0,0,0,0,0,0,0,0,0,0,0,0,0,0,0,0,0,0,0,0,0,0,0,0,0,0,4,4,0,85
pkorolog,Phillip,Korolog,SEA,9,1,0,0,0,0,0,0,0,0,0,0,0,0,0,0,0,0,0,0,0,0,0,0,0,0,0,0,4,4,0,85
pkorolog,Phillip,Korolog,SEA,10,1,0,0,0,1,0,1,0,1,1,0,0,0,0,0,0,0,1,0,8,0,1,0,561,1,0,0,4,4,1,85
pkorolog,Phillip,Korolog,SEA,13,2,2,1,1,1,0,0,17,17,0,0,0,17,39,119,0,0,8,3,34,10,1,0,2439,0,4,3,8,7,2,204
pkotz,Peter,Kotz,BOS,1,1,0,0,0,0,0,0,0,0,0,0,0,0,0,0,0,0,0,0,0,0,0,0,0,0,0,0,0,0,0,0
pkotz,Peter,Kotz,BOS,3,1,0,0,0,0,0,0,0,0,0,0,0,0,0,0,0,0,0,0,0,0,0,0,0,0,0,0,0,0,0,0
pkotz,Peter,Kotz,BOS,4,2,0,0,0,0,0,0,0,0,0,0,0,0,0,0,0,0,0,0,0,0,0,0,0,0,0,0,0,0,0,0
pkotz,Peter,Kotz,BOS,7,1,0,0,0,0,0,0,1,1,0,0,0,2,0,22,0,0,0,0,12,4,0,0,877,0,0,0,0,0,0,22
pkotz,Peter,Kotz,BOS,8,2,0,0,0,0,0,0,1,1,0,0,0,1,6,5,0,0,0,0,11,0,0,0,952,0,0,0,0,0,0,27
pkotz,Peter,Kotz,BOS,9,1,0,0,0,0,0,0,0,0,0,0,0,0,0,0,0,0,0,0,0,0,0,0,0,0,0,0,0,0,0,27
pkotz,Peter,Kotz,BOS,11,1,0,0,0,0,0,0,1,1,0,0,0,1,2,16,0,0,0,0,13,6,0,0,1071,0,0,0,0,0,0,43
pkotz,Peter,Kotz,BOS,12,2,0,0,0,0,0,0,0,0,0,0,0,0,0,0,0,0,0,0,3,0,0,0,236,0,0,0,0,0,0,43
pkotz,Peter,Kotz,BOS,13,1,0,0,1,0,0,0,1,1,0,0,0,1,5,11,0,0,0,0,16,3,0,0,1005,0,0,0,0,0,0,54
bkrapfl,Blake,Krapfl,MIN,3,1,1,0,0,0,0,0,0,0,0,0,0,2,0,10,0,0,0,0,19,8,0,0,1256,0,1,1,1,1,0,10
bkrapfl,Blake,Krapfl,MIN,4,1,1,0,0,1,0,0,0,0,0,0,0,1,0,28,0,0,0,0,9,3,0,0,831,0,2,1,3,2,1,38
bkrapfl,Blake,Krapfl,MIN,5,1,2,1,1,0,0,0,2,2,0,0,0,4,43,38,1,1,0,0,21,9,0,0,1314,0,3,3,6,5,1,76
bkrapfl,Blake,Krapfl,MIN,6,1,0,1,0,0,0,0,1,1,0,0,0,1,3,-2,0,0,0,0,12,4,0,0,1008,0,1,1,7,6,1,74
bkrapfl,Blake,Krapfl,MIN,7,1,0,0,0,0,0,0,0,0,0,0,0,0,0,0,0,0,0,0,0,0,0,0,0,0,0,0,7,6,1,74
bkrapfl,Blake,Krapfl,MIN,8,1,2,0,0,1,0,0,1,1,0,0,0,3,0,73,0,0,0,0,16,7,0,0,1198,0,3,2,10,8,2,147
bkrapfl,Blake,Krapfl,MIN,9,1,0,1,0,3,0,0,1,2,1,0,0,2,9,35,0,0,0,0,18,10,0,0,1225,1,3,1,13,9,5,182
bkrapfl,Blake,Krapfl,MIN,11,2,0,2,1,1,0,0,4,5,1,0,0,6,57,56,1,1,0,0,17,7,0,0,1090,1,2,2,15,11,6,238
bkrapfl,Blake,Krapfl,MIN,12,1,1,0,0,2,0,0,1,1,0,0,0,2,1,16,0,0,0,0,10,3,0,0,956,0,3,1,18,12,8,254
bkrapfl,Blake,Krapfl,MIN,13,2,2,0,3,4,1,0,5,5,0,0,0,5,58,100,0,0,0,0,25,15,0,0,1610,0,6,2,24,14,12,354
pkrenik,Paul,Krenik,MIN,3,1,1,3,2,0,0,0,15,16,1,0,0,16,159,176,0,1,13,12,7,2,0,0,887,1,3,4,3,4,0,176
pkrenik,Paul,Krenik,MIN,4,1,0,0,0,1,0,0,6,7,0,0,1,7,13,32,0,0,10,2,3,0,0,0,1376,1,0,0,3,4,1,208
pkrenik,Paul,Krenik,MIN,5,1,3,1,1,1,0,0,15,15,0,0,0,18,102,161,0,0,13,10,7,5,0,0,876,0,5,4,8,8,2,369
pkrenik,Paul,Krenik,MIN,6,1,4,1,1,0,0,0,7,7,0,0,0,11,56,128,0,0,13,11,1,0,0,0,1092,0,5,5,13,13,2,497
pkrenik,Paul,Krenik,MIN,7,1,3,1,0,0,0,0,18,20,1,0,0,23,102,290,0,0,15,9,3,1,0,0,1193,1,3,4,16,17,2,787
pkrenik,Paul,Krenik,MIN,8,1,0,0,1,0,0,0,10,11,1,0,1,9,77,75,0,0,17,10,3,1,0,0,1524,2,-2,0,14,17,2,862
pkrenik,Paul,Krenik,MIN,9,1,0,0,0,0,0,0,0,0,0,0,0,0,0,0,0,0,0,0,0,0,0,0,0,0,0,0,14,17,2,862
pkrenik,Paul,Krenik,MIN,11,2,5,3,0,0,0,0,28,29,1,0,0,33,173,300,1,1,30,18,4,1,0,0,2520,1,7,8,21,25,2,1162
pkrenik,Paul,Krenik,MIN,12,1,3,1,1,0,0,0,19,20,1,0,0,22,60,160,0,0,14,8,3,3,0,0,1668,1,3,4,24,29,2,1322
pkrenik,Paul,Krenik,MIN,13,2,2,0,1,3,0,0,23,24,1,0,0,24,112,133,0,0,12,5,24,12,0,0,2234,1,4,2,28,31,5,1455
wkrisky,Wyatt,Krisky,PIT,2,1,0,0,0,0,0,0,0,0,0,0,0,0,0,0,0,0,0,0,0,0,0,0,0,0,0,0,0,0,0,0
wkrisky,Wyatt,Krisky,PIT,3,1,0,0,0,0,0,0,0,0,0,0,0,0,0,0,0,0,0,0,0,0,0,0,0,0,0,0,0,0,0,0
wkrisky,Wyatt,Krisky,PIT,4,1,0,0,0,0,0,0,0,0,0,0,0,0,0,0,0,0,0,0,0,0,0,0,0,0,0,0,0,0,0,0
wkrisky,Wyatt,Krisky,PIT,5,1,0,0,0,0,0,0,0,0,0,0,0,0,0,0,0,0,0,0,0,0,0,0,0,0,0,0,0,0,0,0
wkrisky,Wyatt,Krisky,PIT,6,1,0,0,0,0,0,0,0,0,0,0,0,0,0,0,0,0,0,0,0,0,0,0,0,0,0,0,0,0,0,0
wkrisky,Wyatt,Krisky,PIT,7,1,0,0,0,0,0,0,0,0,0,0,0,0,0,0,0,0,0,0,0,0,0,0,0,0,0,0,0,0,0,0
wkrisky,Wyatt,Krisky,PIT,8,1,0,0,0,0,0,0,0,0,0,0,0,0,0,0,0,0,0,0,0,0,0,0,0,0,0,0,0,0,0,0
wkrisky,Wyatt,Krisky,PIT,9,2,0,0,0,0,0,0,0,0,0,0,0,0,0,0,0,0,0,0,0,0,0,0,0,0,0,0,0,0,0,0
wkrisky,Wyatt,Krisky,PIT,10,1,1,1,0,1,0,0,8,8,0,0,0,9,22,146,0,0,0,0,16,6,0,0,1131,0,3,2,3,2,1,146
wkrisky,Wyatt,Krisky,PIT,11,1,0,0,0,1,0,0,0,0,0,0,0,0,0,0,0,0,0,0,10,1,0,0,427,0,1,0,4,2,2,146
wkrisky,Wyatt,Krisky,PIT,13,1,2,0,0,0,0,0,6,7,1,0,1,9,26,115,0,0,6,5,10,3,0,0,943,2,0,2,4,4,2,261
elheureux,Eugene,L'Heureux,SLC,1,1,0,0,1,0,0,0,6,7,1,0,0,6,63,25,1,1,0,0,9,2,0,0,768,1,-1,0,-1,0,0,25
elheureux,Eugene,L'Heureux,SLC,2,1,0,1,2,0,0,0,12,12,0,0,0,7,122,31,1,1,0,0,12,5,11,1,1123,0,1,1,0,1,0,56
elheureux,Eugene,L'Heureux,SLC,5,1,0,1,0,0,0,0,2,2,0,0,0,0,45,0,0,0,0,0,10,3,6,1,677,0,1,1,1,2,0,56
elheureux,Eugene,L'Heureux,SLC,6,2,1,2,0,1,0,0,7,8,1,1,0,9,89,88,1,1,0,0,33,13,27,1,2252,2,2,3,3,5,1,144
elheureux,Eugene,L'Heureux,SLC,7,1,0,1,0,0,0,0,4,4,0,0,0,4,35,39,0,0,3,3,9,2,8,0,772,0,1,1,4,6,1,183
elheureux,Eugene,L'Heureux,SLC,8,1,0,1,1,0,0,0,4,4,0,0,0,4,41,13,0,0,0,0,15,6,15,3,875,0,1,1,5,7,1,196
elheureux,Eugene,L'Heureux,SLC,10,1,0,0,2,1,0,0,3,3,0,0,0,3,38,6,0,0,0,0,13,6,13,1,791,0,1,0,6,7,2,202
elheureux,Eugene,L'Heureux,SLC,11,2,1,2,0,1,0,0,11,12,1,0,0,12,167,103,1,1,0,0,29,13,28,2,2197,1,3,3,9,10,3,305
elheureux,Eugene,L'Heureux,SLC,12,1,0,0,1,0,0,0,6,6,0,0,0,5,47,-4,0,0,0,0,12,5,11,3,898,0,0,0,9,10,3,301
elheureux,Eugene,L'Heureux,SLC,13,1,0,1,0,1,0,0,3,3,0,0,1,2,6,80,0,0,0,0,11,4,10,3,670,1,1,1,10,11,4,381
mlabar,Matt,LaBar,NY,1,2,2,2,5,2,0,0,48,51,3,0,0,53,255,371,1,1,35,25,0,0,0,0,2136,3,3,4,3,4,2,371
mlabar,Matt,LaBar,NY,3,1,1,2,0,0,0,0,9,10,1,0,2,11,65,121,1,1,12,8,4,0,0,0,1272,3,0,3,3,7,2,492
mlabar,Matt,LaBar,NY,4,2,5,7,2,0,0,0,40,42,2,0,0,47,175,534,1,1,47,32,3,1,0,0,3539,2,10,12,13,19,2,1026
mlabar,Matt,LaBar,NY,5,1,2,2,1,0,0,0,20,21,1,0,0,23,108,235,0,0,18,14,0,0,0,0,1369,1,3,4,16,23,2,1261
mlabar,Matt,LaBar,NY,6,1,4,3,1,0,0,0,23,25,2,0,0,29,99,305,0,1,24,19,2,1,0,0,1702,2,5,7,21,30,2,1566
mlabar,Matt,LaBar,NY,7,1,1,3,4,0,0,0,27,28,1,0,0,29,210,296,2,3,23,13,1,0,0,0,1661,1,3,4,24,34,2,1862
mlabar,Matt,LaBar,NY,8,1,5,2,2,0,0,0,15,16,1,0,0,21,72,180,1,1,22,16,0,0,0,0,1378,1,6,7,30,41,2,2042
mlabar,Matt,LaBar,NY,9,1,8,1,6,0,0,0,37,37,0,0,0,45,163,519,1,1,23,20,0,0,0,0,1639,0,9,9,39,50,2,2561
mlabar,Matt,LaBar,NY,12,1,2,4,3,2,0,0,21,22,0,0,0,25,220,193,1,2,15,15,0,0,0,0,1138,0,8,6,47,56,4,2754
mlabar,Matt,LaBar,NY,13,1,4,1,1,0,0,0,15,16,1,0,1,20,108,306,1,2,24,15,0,0,0,0,1624,2,3,5,50,61,4,3060
clacy,Cameron,Lacy,MIN,3,1,0,0,1,1,0,0,10,11,1,0,0,7,76,17,0,1,1,1,19,11,15,1,1195,1,0,0,0,0,1,17
clacy,Cameron,Lacy,MIN,4,1,0,1,0,0,0,0,3,3,0,0,0,2,36,2,0,0,0,0,13,5,7,0,1015,0,1,1,1,1,1,19
clacy,Cameron,Lacy,MIN,5,1,1,2,2,1,0,0,8,8,0,0,0,6,55,78,0,0,0,0,18,11,15,2,1350,0,4,3,5,4,2,97
clacy,Cameron,Lacy,MIN,6,1,0,0,0,1,0,0,6,9,2,1,0,6,76,9,1,2,1,1,14,3,6,0,1507,3,-2,0,3,4,3,106
clacy,Cameron,Lacy,MIN,7,1,1,2,0,1,0,0,5,7,1,0,0,6,63,69,1,1,0,0,15,7,13,1,909,1,3,3,6,7,4,175
clacy,Cameron,Lacy,MIN,8,1,1,0,1,1,0,0,8,9,1,0,0,8,34,19,0,0,0,0,20,8,12,2,1754,1,1,1,7,8,5,194
clacy,Cameron,Lacy,MIN,9,1,1,2,2,0,0,0,16,17,1,0,0,10,94,24,0,1,0,0,13,10,13,0,986,1,2,3,9,11,5,218
clacy,Cameron,Lacy,MIN,11,2,2,0,1,1,0,0,19,22,2,0,0,16,114,46,1,1,0,0,25,11,18,3,2421,2,1,2,10,13,6,264
clacy,Cameron,Lacy,MIN,12,1,0,1,0,0,0,0,8,8,0,0,0,8,8,38,0,0,0,0,9,3,6,0,1115,0,1,1,11,14,6,302
clacy,Cameron,Lacy,MIN,13,2,2,5,4,1,0,0,26,27,1,0,0,23,232,67,1,2,4,3,24,15,12,1,1723,1,7,7,18,21,7,369
dlaird,Drew,Laird,ATL,1,1,0,0,0,0,0,0,0,0,0,0,0,0,0,0,0,0,0,0,0,0,0,0,0,0,0,0,0,0,0,0
dlaird,Drew,Laird,ATL,3,2,0,0,0,0,0,0,0,0,0,0,0,0,0,0,0,0,0,0,0,0,0,0,0,0,0,0,0,0,0,0
dlaird,Drew,Laird,ATL,4,2,0,0,0,1,0,0,0,1,0,0,0,1,0,2,0,0,0,0,8,3,0,0,616,0,1,0,1,0,1,2
dlaird,Drew,Laird,ATL,5,1,0,0,0,0,0,0,0,0,0,0,0,0,0,0,0,0,0,0,8,2,0,0,570,0,0,0,1,0,1,2
dlaird,Drew,Laird,ATL,6,2,0,0,0,1,0,0,0,0,0,0,0,0,0,0,0,0,0,0,7,1,0,0,211,0,1,0,2,0,2,2
dlaird,Drew,Laird,ATL,7,1,0,0,0,0,0,0,1,1,0,0,0,1,19,12,0,0,0,0,8,1,0,0,841,0,0,0,2,0,2,14
dlaird,Drew,Laird,ATL,9,1,0,0,0,0,0,0,0,0,0,0,0,0,0,0,0,0,0,0,0,0,0,0,0,0,0,0,2,0,2,14
dlaird,Drew,Laird,ATL,10,1,1,0,0,0,0,0,2,2,0,0,0,3,0,24,0,0,0,0,6,1,0,0,345,0,1,1,3,1,2,38
dlaird,Drew,Laird,ATL,12,1,0,0,0,0,0,0,0,0,0,0,0,0,0,0,0,0,0,0,0,0,0,0,0,0,0,0,3,1,2,38
rlalondel,Raphaël,Lalonde-Landry,MTL,1,1,0,0,0,1,0,0,4,4,0,0,0,4,-12,2,0,0,4,3,11,2,0,0,873,0,1,0,1,0,1,2
rlalondel,Raphaël,Lalonde-Landry,MTL,3,2,3,1,2,1,0,0,15,17,1,0,0,19,11,145,0,0,6,6,24,3,0,0,2373,1,4,4,5,4,2,147
rlalondel,Raphaël,Lalonde-Landry,MTL,4,1,0,0,0,0,0,0,4,4,0,0,0,5,-32,34,0,0,1,0,19,6,0,0,1030,0,0,0,5,4,2,181
rlalondel,Raphaël,Lalonde-Landry,MTL,6,1,0,0,0,0,0,0,8,8,0,0,0,8,11,37,0,0,1,1,15,4,0,0,1211,0,0,0,5,4,2,218
rlalondel,Raphaël,Lalonde-Landry,MTL,7,2,0,2,1,2,0,0,14,15,1,0,0,15,57,65,0,0,8,4,28,9,0,0,2548,1,3,2,8,6,4,283
rlalondel,Raphaël,Lalonde-Landry,MTL,8,1,1,0,0,2,0,0,11,11,0,0,0,12,36,78,0,0,1,1,12,3,0,0,1130,0,3,1,11,7,6,361
rlalondel,Raphaël,Lalonde-Landry,MTL,10,2,1,1,1,4,0,0,20,21,1,0,2,20,14,121,0,0,14,6,25,7,0,0,2388,3,3,2,14,9,10,482
rlalondel,Raphaël,Lalonde-Landry,MTL,11,1,0,0,0,0,0,0,5,6,1,0,0,6,1,20,0,0,3,2,12,1,0,0,840,1,-1,0,13,9,10,502
rlalondel,Raphaël,Lalonde-Landry,MTL,13,1,0,0,1,1,0,0,6,6,0,0,0,6,-12,0,0,0,1,1,14,4,0,0,846,0,1,0,14,9,11,502
tlalondel,Thomas,Lalonde-Landry,MTL,1,1,1,0,0,0,0,0,5,5,0,0,0,6,-17,35,0,0,4,3,14,2,0,0,1035,0,1,1,1,1,0,35
tlalondel,Thomas,Lalonde-Landry,MTL,3,2,2,1,3,1,0,0,21,23,1,0,0,21,160,119,0,0,6,6,27,6,0,0,2725,1,3,3,4,4,1,154
tlalondel,Thomas,Lalonde-Landry,MTL,4,1,1,1,1,1,0,0,6,7,0,0,0,8,21,18,0,0,2,1,21,6,0,0,1378,0,3,2,7,6,2,172
tlalondel,Thomas,Lalonde-Landry,MTL,6,1,0,0,0,0,0,0,6,7,1,0,0,5,51,15,0,0,2,1,22,7,0,0,1666,1,-1,0,6,6,2,187
tlalondel,Thomas,Lalonde-Landry,MTL,7,2,2,3,0,1,0,0,14,16,2,0,0,16,140,107,1,1,9,5,30,12,0,0,2778,2,4,5,10,11,3,294
tlalondel,Thomas,Lalonde-Landry,MTL,8,1,1,1,1,0,0,0,5,5,0,0,0,6,30,-6,0,0,1,1,16,4,0,0,1457,0,2,2,12,13,3,288
tlalondel,Thomas,Lalonde-Landry,MTL,10,2,0,1,1,3,0,0,24,25,1,0,0,24,95,92,0,0,11,4,31,9,0,0,2643,1,3,1,15,14,6,380
tlalondel,Thomas,Lalonde-Landry,MTL,11,1,2,0,0,0,0,0,3,5,2,0,0,5,7,36,0,0,3,2,13,1,0,0,980,2,0,2,15,16,6,416
tlalondel,Thomas,Lalonde-Landry,MTL,13,1,0,1,0,1,0,0,6,7,1,0,0,6,51,57,0,0,1,1,13,4,0,0,820,1,1,1,16,17,7,473
jlam,Jason,Lam,TOR,2,2,0,0,0,0,0,0,0,0,0,0,0,0,0,0,0,0,0,0,0,0,0,0,0,0,0,0,0,0,0,0
jlam,Jason,Lam,TOR,3,1,0,0,0,0,0,0,0,0,0,0,0,0,0,0,0,0,0,0,0,0,0,0,0,0,0,0,0,0,0,0
jlam,Jason,Lam,TOR,6,2,0,0,0,0,0,0,0,0,0,0,0,0,0,0,0,0,0,0,0,0,0,0,0,0,0,0,0,0,0,0
jlam,Jason,Lam,TOR,7,1,0,0,0,0,0,0,0,0,0,0,0,0,0,0,0,0,0,0,0,0,0,0,0,0,0,0,0,0,0,0
jlam,Jason,Lam,TOR,8,1,0,0,0,0,0,0,0,0,0,0,0,0,0,0,0,0,0,0,0,0,0,0,0,0,0,0,0,0,0,0
jlam,Jason,Lam,TOR,9,2,0,0,0,0,0,0,0,0,0,0,0,0,0,0,0,0,0,0,0,0,0,0,0,0,0,0,0,0,0,0
jlam,Jason,Lam,TOR,10,1,0,1,0,1,0,0,10,11,1,0,0,9,89,66,0,0,5,4,8,2,0,0,604,1,1,1,1,1,1,66
jlam,Jason,Lam,TOR,11,1,0,0,0,0,0,0,0,0,0,0,0,0,0,0,0,0,0,0,0,0,0,0,0,0,0,0,1,1,1,66
jlam,Jason,Lam,TOR,13,1,0,0,0,0,0,0,0,0,0,0,0,0,0,0,0,0,0,0,0,0,0,0,0,0,0,0,1,1,1,66
blamberty,Brandon,Lamberty,DC,1,1,0,0,0,1,0,0,4,5,1,0,0,3,3,22,0,1,0,0,7,2,5,0,562,1,0,0,0,0,1,22
blamberty,Brandon,Lamberty,DC,2,1,0,0,0,0,0,0,3,4,1,0,0,3,21,-3,0,1,1,0,8,2,6,0,714,1,-1,0,-1,0,1,19
blamberty,Brandon,Lamberty,DC,3,1,0,0,0,0,0,0,0,0,0,0,0,0,0,0,0,0,0,0,0,0,0,0,0,0,0,0,-1,0,1,19
blamberty,Brandon,Lamberty,DC,4,1,0,0,0,1,0,0,2,2,0,0,0,2,18,-17,0,0,0,0,3,0,2,0,537,0,1,0,0,0,2,2
blamberty,Brandon,Lamberty,DC,6,2,0,0,0,0,0,0,0,0,0,0,0,0,0,0,0,0,1,0,12,3,10,0,668,0,0,0,0,0,2,2
blamberty,Brandon,Lamberty,DC,7,1,0,0,0,0,0,0,0,0,0,0,0,0,0,0,0,0,0,0,0,0,0,0,0,0,0,0,0,0,2,2
blamberty,Brandon,Lamberty,DC,8,1,0,0,0,0,0,0,2,2,0,0,0,1,50,6,0,0,0,0,4,1,2,0,255,0,0,0,0,0,2,8
blamberty,Brandon,Lamberty,DC,10,1,0,0,0,0,0,0,0,0,0,0,0,0,0,0,0,0,0,0,0,0,0,0,0,0,0,0,0,0,2,8
blamberty,Brandon,Lamberty,DC,11,1,0,0,0,0,0,0,0,0,0,0,0,0,0,0,0,0,0,0,0,0,0,0,0,0,0,0,0,0,2,8
blamberty,Brandon,Lamberty,DC,12,1,0,0,0,0,0,0,0,0,0,0,0,0,0,0,0,0,0,0,0,0,0,0,0,0,0,0,0,0,2,8
blamberty,Brandon,Lamberty,DC,13,1,0,0,0,0,0,0,0,0,0,0,0,0,0,0,0,0,0,0,0,0,0,0,0,0,0,0,0,0,2,8
kland,Kevin,Land,HTX,1,1,0,0,0,0,0,0,0,0,0,0,0,0,0,0,0,0,0,0,0,0,0,0,0,0,0,0,0,0,0,0
kland,Kevin,Land,HTX,2,1,0,0,0,0,0,0,0,0,0,0,0,0,0,0,0,0,0,0,0,0,0,0,0,0,0,0,0,0,0,0
kland,Kevin,Land,HTX,3,1,0,0,0,0,0,0,0,0,0,0,0,0,0,0,0,0,0,0,0,0,0,0,0,0,0,0,0,0,0,0
kland,Kevin,Land,HTX,4,1,0,0,0,0,0,0,0,0,0,0,0,0,0,0,0,0,0,0,0,0,0,0,0,0,0,0,0,0,0,0
kland,Kevin,Land,HTX,6,2,0,0,1,0,0,0,4,4,0,0,0,4,61,28,0,0,0,0,13,3,0,0,1114,0,0,0,0,0,0,28
kland,Kevin,Land,HTX,8,1,0,0,0,0,0,0,0,0,0,0,0,0,0,0,0,0,0,0,0,0,0,0,0,0,0,0,0,0,0,28
kland,Kevin,Land,HTX,9,2,0,0,0,0,0,0,0,0,0,0,0,0,0,0,0,0,0,0,0,0,0,0,0,0,0,0,0,0,0,28
kland,Kevin,Land,HTX,11,1,0,0,1,0,0,0,2,2,0,0,1,2,13,34,0,0,4,3,8,0,0,0,562,1,-1,0,-1,0,0,62
kland,Kevin,Land,HTX,12,1,0,0,0,0,0,0,7,7,0,0,0,6,27,38,0,0,3,2,6,2,0,0,664,0,0,0,-1,0,0,100
kland,Kevin,Land,HTX,13,1,0,0,0,0,0,0,0,0,0,0,0,0,0,0,0,0,0,0,0,0,0,0,0,0,0,0,-1,0,0,100
sland,Spencer,Land,SEA,2,1,0,0,0,0,0,0,0,0,0,0,0,0,0,0,0,0,0,0,0,0,0,0,0,0,0,0,0,0,0,0
sland,Spencer,Land,SEA,3,2,0,1,2,2,0,0,7,7,0,0,0,3,60,29,0,0,0,0,17,10,0,0,915,0,3,1,3,1,2,29
sland,Spencer,Land,SEA,4,1,0,0,0,0,0,0,4,6,1,0,0,5,27,12,0,0,0,0,9,2,1,0,780,1,-1,0,2,1,2,41
sland,Spencer,Land,SEA,5,2,0,0,0,0,0,0,0,0,0,0,0,0,0,0,0,0,0,0,0,0,0,0,0,0,0,0,2,1,2,41
sland,Spencer,Land,SEA,6,1,0,0,0,0,0,0,0,0,0,0,0,0,0,0,0,0,0,0,0,0,0,0,0,0,0,0,2,1,2,41
sland,Spencer,Land,SEA,7,1,0,0,0,0,0,0,0,0,0,0,0,0,0,0,0,0,0,0,0,0,0,0,0,0,0,0,2,1,2,41
sland,Spencer,Land,SEA,9,1,0,0,0,0,0,0,0,0,0,0,0,0,0,0,0,0,0,0,0,0,0,0,0,0,0,0,2,1,2,41
sland,Spencer,Land,SEA,10,1,0,0,0,0,0,0,0,0,0,0,0,0,0,0,0,0,0,0,0,0,0,0,0,0,0,0,2,1,2,41
sland,Spencer,Land,SEA,13,2,0,0,0,0,0,0,0,0,0,0,0,0,0,0,0,0,0,0,0,0,0,0,0,0,0,0,2,1,2,41
dlandesma,Danny,Landesman,COL,1,1,0,0,1,0,0,0,24,24,0,0,0,18,59,30,0,0,13,11,1,0,0,0,1108,0,0,0,0,0,0,30
dlandesma,Danny,Landesman,COL,4,2,0,0,0,0,0,0,10,11,1,0,0,6,20,56,0,0,18,8,0,0,0,0,1142,1,-1,0,-1,0,0,86
dlandesma,Danny,Landesman,COL,5,1,0,0,0,0,0,0,0,0,0,0,0,0,0,0,0,0,0,0,0,0,0,0,0,0,0,0,-1,0,0,86
dlandesma,Danny,Landesman,COL,6,1,0,0,0,0,0,0,0,0,0,0,0,0,0,0,0,0,0,0,0,0,0,0,0,0,0,0,-1,0,0,86
dlandesma,Danny,Landesman,COL,9,1,0,0,0,0,0,0,0,0,0,0,0,0,0,0,0,0,0,0,0,0,0,0,0,0,0,0,-1,0,0,86
dlandesma,Danny,Landesman,COL,10,2,0,0,0,0,0,0,0,0,0,0,0,0,0,0,0,0,0,0,0,0,0,0,0,0,0,0,-1,0,0,86
dlandesma,Danny,Landesman,COL,11,1,0,0,0,0,0,0,0,0,0,0,0,0,0,0,0,0,0,0,0,0,0,0,0,0,0,0,-1,0,0,86
dlandesma,Danny,Landesman,COL,12,2,0,0,0,0,0,0,0,0,0,0,0,0,0,0,0,0,0,0,0,0,0,0,0,0,0,0,-1,0,0,86
dlandesma,Danny,Landesman,COL,13,1,0,0,0,0,0,0,0,0,0,0,0,0,0,0,0,0,0,0,0,0,0,0,0,0,0,0,-1,0,0,86
alandis,Aiden,Landis,PIT,2,1,1,5,3,0,0,0,20,21,1,0,1,22,201,239,2,3,24,19,0,0,0,0,1217,2,4,6,4,6,0,239
alandis,Aiden,Landis,PIT,3,1,0,0,0,0,0,0,0,0,0,0,0,0,0,0,0,0,0,0,0,0,0,0,0,0,0,0,4,6,0,239
alandis,Aiden,Landis,PIT,4,1,0,0,0,0,0,0,0,0,0,0,0,0,0,0,0,0,0,0,0,0,0,0,0,0,0,0,4,6,0,239
alandis,Aiden,Landis,PIT,5,1,0,0,0,0,0,0,0,0,0,0,0,0,0,0,0,0,0,0,0,0,0,0,0,0,0,0,4,6,0,239
alandis,Aiden,Landis,PIT,6,1,1,3,2,0,0,0,18,21,2,0,0,16,350,53,4,5,14,5,9,2,1,0,1352,2,2,4,6,10,0,292
alandis,Aiden,Landis,PIT,7,1,1,3,1,0,0,0,39,44,5,0,0,43,233,256,3,7,24,14,1,0,1,0,2132,5,-1,4,5,14,0,548
alandis,Aiden,Landis,PIT,8,1,0,0,0,0,0,0,0,0,0,0,0,0,0,0,0,0,0,0,0,0,0,0,0,0,0,0,5,14,0,548
alandis,Aiden,Landis,PIT,9,2,1,5,1,1,0,0,44,59,14,0,0,46,480,173,2,5,37,14,11,3,7,0,2771,14,-7,6,-2,20,1,721
alandis,Aiden,Landis,PIT,10,1,0,3,1,3,0,0,21,24,3,0,0,16,298,6,2,3,0,0,24,10,20,2,1704,3,3,3,1,23,4,727
alandis,Aiden,Landis,PIT,11,1,0,0,1,0,0,0,13,17,4,0,0,11,113,23,0,1,5,3,20,1,8,0,1694,4,-4,0,-3,23,4,750
alandis,Aiden,Landis,PIT,13,1,0,2,0,0,0,0,14,18,3,0,0,13,160,27,0,1,2,0,10,3,0,0,809,3,-1,2,-4,25,4,777
blandry,Ben,Landry,IND,2,1,0,2,1,0,0,0,29,32,3,1,0,32,192,244,0,2,16,10,2,0,0,0,1054,4,-2,2,-2,2,0,244
blandry,Ben,Landry,IND,3,1,0,0,0,0,0,0,0,0,0,0,0,0,0,0,0,0,0,0,0,0,0,0,0,0,0,0,-2,2,0,244
blandry,Ben,Landry,IND,5,1,0,0,0,0,0,0,0,0,0,0,0,0,0,0,0,0,0,0,0,0,0,0,0,0,0,0,-2,2,0,244
blandry,Ben,Landry,IND,6,1,0,0,0,0,0,0,0,0,0,0,0,0,0,0,0,0,0,0,0,0,0,0,0,0,0,0,-2,2,0,244
blandry,Ben,Landry,IND,7,1,0,0,0,0,0,0,0,0,0,0,0,0,0,0,0,0,0,0,0,0,0,0,0,0,0,0,-2,2,0,244
blandry,Ben,Landry,IND,8,1,0,0,0,0,0,0,0,0,0,0,0,0,0,0,0,0,0,0,0,0,0,0,0,0,0,0,-2,2,0,244
blandry,Ben,Landry,IND,9,1,0,0,0,0,0,0,0,0,0,0,0,0,0,0,0,0,0,0,0,0,0,0,0,0,0,0,-2,2,0,244
blandry,Ben,Landry,IND,10,2,0,1,1,1,0,0,37,40,3,0,0,35,224,22,1,2,16,7,4,1,0,0,1432,3,-1,1,-3,3,1,266
blandry,Ben,Landry,IND,11,1,0,0,0,0,0,0,0,0,0,0,0,0,0,0,0,0,0,0,0,0,0,0,0,0,0,0,-3,3,1,266
blandry,Ben,Landry,IND,12,1,1,0,3,1,0,0,12,14,2,0,0,12,121,34,0,0,0,0,14,4,0,0,730,2,0,1,-3,4,2,300
blandry,Ben,Landry,IND,13,1,1,1,1,0,0,0,21,22,1,0,0,16,182,2,1,1,7,5,11,6,0,0,1203,1,1,2,-2,6,2,302
jlaney1,John,Laney,CAR,3,1,0,0,0,0,0,0,0,0,0,0,0,0,0,0,0,0,0,0,0,0,0,0,0,0,0,0,0,0,0,0
jlaney1,John,Laney,CAR,4,2,0,0,0,1,0,0,0,0,0,0,0,0,0,0,0,0,0,0,3,1,0,0,86,0,1,0,1,0,1,0
jlaney1,John,Laney,CAR,5,1,0,0,0,0,0,0,0,0,0,0,0,0,0,0,0,0,0,0,0,0,0,0,0,0,0,0,1,0,1,0
jlaney1,John,Laney,CAR,6,2,0,0,0,0,0,0,0,0,0,0,0,0,0,0,0,0,0,0,0,0,0,0,0,0,0,0,1,0,1,0
jlaney1,John,Laney,CAR,7,1,0,0,0,0,0,0,0,0,0,0,0,0,0,0,0,0,0,0,0,0,0,0,0,0,0,0,1,0,1,0
jlaney1,John,Laney,CAR,9,1,0,0,0,0,0,0,0,0,0,0,0,0,0,0,0,0,0,0,1,1,0,0,193,0,0,0,1,0,1,0
jlaney1,John,Laney,CAR,10,1,0,0,0,0,0,0,0,0,0,0,0,0,0,0,0,0,0,0,5,0,0,0,272,0,0,0,1,0,1,0
jlaney1,John,Laney,CAR,12,1,0,0,0,0,0,0,0,0,0,0,0,0,0,0,0,0,0,0,0,0,0,0,0,0,0,0,1,0,1,0
jlaney1,John,Laney,CAR,13,2,0,0,0,0,0,0,0,0,0,0,0,0,0,0,0,0,0,0,0,0,0,0,0,0,0,0,1,0,1,0
jlangdon,Jeremy,Langdon,ATL,1,1,2,2,2,0,0,0,10,11,0,0,0,13,89,206,1,1,14,11,0,0,0,0,1023,0,4,4,4,4,0,206
jlangdon,Jeremy,Langdon,ATL,3,2,5,3,2,0,0,0,33,33,0,0,0,37,105,386,0,0,32,26,7,1,1,0,2520,0,8,8,12,12,0,592
jlangdon,Jeremy,Langdon,ATL,4,2,4,2,1,0,0,0,11,11,0,0,1,15,70,177,0,0,11,9,6,2,2,0,946,1,5,6,17,18,0,769
jlangdon,Jeremy,Langdon,ATL,5,1,0,0,0,0,0,0,0,0,0,0,0,0,0,0,0,0,0,0,0,0,0,0,0,0,0,0,17,18,0,769
jlangdon,Jeremy,Langdon,ATL,6,2,0,0,0,0,0,0,0,0,0,0,0,0,0,0,0,0,0,0,0,0,0,0,0,0,0,0,17,18,0,769
jlangdon,Jeremy,Langdon,ATL,7,1,1,3,3,2,0,0,18,18,0,0,0,19,238,110,1,1,17,12,3,0,0,0,1146,0,6,4,23,22,2,879
jlangdon,Jeremy,Langdon,ATL,9,1,4,4,1,0,0,0,11,12,1,0,0,16,136,146,0,0,13,12,5,3,1,0,1039,1,7,8,30,30,2,1025
jlangdon,Jeremy,Langdon,ATL,10,1,1,2,4,0,0,0,10,10,0,0,1,11,74,119,0,0,9,7,2,1,0,0,587,1,2,3,32,33,2,1144
jlangdon,Jeremy,Langdon,ATL,12,1,0,0,0,0,0,0,0,0,0,0,0,0,0,0,0,0,0,0,0,0,0,0,0,0,0,0,32,33,2,1144
clankford,Carter,Lankford,OAK,1,1,0,0,0,2,0,0,3,3,0,0,0,2,8,38,0,0,0,0,12,3,0,0,656,0,2,0,2,0,2,38
clankford,Carter,Lankford,OAK,2,2,0,0,0,0,0,0,0,0,0,0,0,0,0,0,0,0,0,0,0,0,0,0,0,0,0,0,2,0,2,38
clankford,Carter,Lankford,OAK,3,1,0,0,0,0,0,0,0,0,0,0,0,0,0,0,0,0,0,0,0,0,0,0,0,0,0,0,2,0,2,38
clankford,Carter,Lankford,OAK,5,1,0,0,0,0,0,0,0,0,0,0,0,0,0,0,0,0,0,0,0,0,0,0,0,0,0,0,2,0,2,38
clankford,Carter,Lankford,OAK,6,1,0,0,0,1,0,0,1,3,2,0,0,2,6,36,0,0,1,0,13,2,0,0,1059,2,-1,0,1,0,3,74
clankford,Carter,Lankford,OAK,7,1,0,0,0,0,0,0,0,0,0,0,0,0,0,0,0,0,2,0,10,2,0,0,661,0,0,0,1,0,3,74
clankford,Carter,Lankford,OAK,8,1,3,0,1,4,0,0,9,9,0,0,0,11,39,82,0,0,0,0,13,8,0,0,1133,0,7,3,8,3,7,156
clankford,Carter,Lankford,OAK,9,1,3,0,1,2,0,0,16,17,1,0,0,20,78,235,0,0,1,1,18,9,0,0,1012,1,4,3,12,6,9,391
clankford,Carter,Lankford,OAK,10,2,3,2,1,4,0,0,8,9,1,0,0,11,-1,210,0,0,4,2,31,9,1,0,2148,1,8,5,20,11,13,601
clankford,Carter,Lankford,OAK,13,1,2,0,2,1,0,0,5,5,0,0,1,7,29,58,0,0,4,3,10,4,0,0,1140,1,2,2,22,13,14,659
alantz,Asher,Lantz,SEA,2,1,1,0,0,0,0,0,1,1,0,0,0,2,6,65,0,0,3,0,17,4,0,0,1347,0,1,1,1,1,0,65
alantz,Asher,Lantz,SEA,3,2,1,2,1,4,0,0,6,6,0,0,0,6,49,140,0,0,2,1,41,14,0,0,2616,0,7,3,8,4,4,205
alantz,Asher,Lantz,SEA,4,1,1,0,0,0,0,0,2,2,0,0,1,3,3,33,0,0,2,1,13,4,0,0,1307,1,0,1,8,5,4,238
alantz,Asher,Lantz,SEA,5,2,0,1,0,0,0,0,2,2,0,0,0,2,-5,98,0,0,3,0,31,4,0,0,2307,0,1,1,9,6,4,336
alantz,Asher,Lantz,SEA,6,1,0,0,0,1,0,0,0,0,0,0,0,0,0,0,0,0,1,0,17,2,0,0,1111,0,1,0,10,6,5,336
alantz,Asher,Lantz,SEA,7,1,1,0,3,0,0,0,9,9,0,1,0,11,79,153,0,0,0,0,17,10,0,0,1363,1,0,1,10,7,5,489
alantz,Asher,Lantz,SEA,9,1,0,0,0,0,0,0,0,0,0,0,0,0,0,0,0,0,0,0,0,0,0,0,0,0,0,0,10,7,5,489
alantz,Asher,Lantz,SEA,10,1,1,0,1,3,0,0,8,8,0,0,0,7,30,76,0,0,4,2,20,7,0,0,1648,0,4,1,14,8,8,565
alantz,Asher,Lantz,SEA,13,2,0,1,0,0,0,0,6,6,0,0,0,6,29,46,0,0,9,2,16,5,1,0,1535,0,1,1,15,9,8,611
glarson,Gordon,Larson,MIN,3,1,0,6,2,0,0,0,15,16,1,0,0,15,253,163,2,3,15,14,3,1,0,0,894,1,5,6,5,6,0,163
glarson,Gordon,Larson,MIN,4,1,0,1,1,0,0,0,15,17,2,0,1,16,98,93,0,0,14,6,0,0,0,0,1364,3,-2,1,3,7,0,256
glarson,Gordon,Larson,MIN,5,1,2,2,0,1,0,0,11,12,1,0,0,13,111,87,1,1,14,10,3,2,0,0,871,1,4,4,7,11,1,343
glarson,Gordon,Larson,MIN,6,1,0,3,4,0,0,0,24,26,1,0,0,25,249,135,1,1,16,11,0,0,0,0,1170,1,2,3,9,14,1,478
glarson,Gordon,Larson,MIN,7,1,1,1,3,0,0,0,21,22,1,0,1,22,167,139,0,0,14,7,2,1,0,0,1015,2,0,2,9,16,1,617
glarson,Gordon,Larson,MIN,8,1,2,3,3,2,0,0,29,30,1,0,0,30,272,179,0,0,19,13,0,0,0,0,1504,1,6,5,15,21,3,796
glarson,Gordon,Larson,MIN,9,1,4,2,2,0,0,0,14,15,0,0,0,19,113,130,0,0,15,11,4,3,0,0,1135,0,6,6,21,27,3,926
glarson,Gordon,Larson,MIN,11,2,2,2,2,0,0,0,54,58,4,0,0,54,331,238,0,0,31,18,6,2,0,0,2423,4,0,4,21,31,3,1164
glarson,Gordon,Larson,MIN,12,1,1,0,3,0,0,0,28,29,1,0,1,28,105,101,0,0,13,8,3,1,0,0,1584,2,-1,1,20,32,3,1265
glarson,Gordon,Larson,MIN,13,2,3,6,5,1,0,0,47,50,2,0,0,51,313,158,1,1,27,16,7,6,0,0,1856,2,8,9,28,41,4,1423
klaurence,Keenan,Laurence,COL,1,1,0,0,0,0,0,0,0,0,0,0,0,0,0,0,0,0,0,0,0,0,0,0,0,0,0,0,0,0,0,0
klaurence,Keenan,Laurence,COL,4,2,3,4,0,1,0,0,16,20,4,0,2,23,133,449,1,3,39,20,1,0,0,0,3122,6,2,7,2,7,1,449
klaurence,Keenan,Laurence,COL,5,1,1,3,1,0,0,0,13,14,1,0,0,14,149,137,1,2,15,12,0,0,0,0,904,1,3,4,5,11,1,586
klaurence,Keenan,Laurence,COL,6,1,1,1,2,1,0,0,17,20,2,0,1,21,65,227,0,1,25,19,2,0,0,0,1914,3,0,2,5,13,2,813
klaurence,Keenan,Laurence,COL,9,1,0,0,0,0,0,0,0,0,0,0,0,0,0,0,0,0,0,0,0,0,0,0,0,0,0,0,5,13,2,813
klaurence,Keenan,Laurence,COL,10,2,0,0,0,0,0,0,0,0,0,0,0,0,0,0,0,0,0,0,0,0,0,0,0,0,0,0,5,13,2,813
klaurence,Keenan,Laurence,COL,11,1,0,0,0,0,0,0,0,0,0,0,0,0,0,0,0,0,0,0,0,0,0,0,0,0,0,0,5,13,2,813
klaurence,Keenan,Laurence,COL,12,2,0,0,0,0,0,0,0,0,0,0,0,0,0,0,0,0,0,0,0,0,0,0,0,0,0,0,5,13,2,813
klaurence,Keenan,Laurence,COL,13,1,1,0,2,1,0,0,3,5,2,0,0,4,77,56,1,2,0,0,14,4,9,1,893,2,0,1,5,14,3,869
alaviolet,Allan,Laviolette,CAR,3,1,2,6,3,0,0,0,42,46,4,0,0,45,343,261,2,4,20,14,0,0,0,0,1636,4,4,8,4,8,0,261
alaviolet,Allan,Laviolette,CAR,4,2,3,7,3,0,0,0,73,79,5,0,0,69,745,204,5,5,41,25,0,0,0,0,2976,5,5,10,9,18,0,465
alaviolet,Allan,Laviolette,CAR,5,1,2,9,1,0,0,0,45,46,0,0,1,39,449,204,5,6,25,20,0,0,0,0,1475,1,10,11,19,29,0,669
alaviolet,Allan,Laviolette,CAR,6,2,4,14,3,2,0,0,83,85,2,0,0,74,858,183,6,6,34,28,0,0,0,0,2832,2,18,18,37,47,2,852
alaviolet,Allan,Laviolette,CAR,7,1,2,7,3,1,0,0,44,45,1,0,0,43,281,195,2,3,20,17,0,0,0,0,1391,1,9,9,46,56,3,1047
alaviolet,Allan,Laviolette,CAR,9,1,0,0,0,0,0,0,0,0,0,0,0,0,0,0,0,0,0,0,0,0,0,0,0,0,0,0,46,56,3,1047
alaviolet,Allan,Laviolette,CAR,10,1,3,9,0,0,0,0,45,47,2,0,0,43,543,168,6,6,25,19,0,0,0,0,1455,2,10,12,56,68,3,1215
alaviolet,Allan,Laviolette,CAR,12,1,3,4,1,0,0,0,16,16,0,0,0,17,183,127,2,2,17,12,0,0,0,0,1017,0,7,7,63,75,3,1342
alaviolet,Allan,Laviolette,CAR,13,2,3,11,1,3,0,0,45,50,2,0,1,42,552,364,4,5,46,30,1,0,0,0,2902,3,14,14,77,89,6,1706
plebourda,Philippe,Le Bourdais,MTL,1,1,1,1,1,0,0,0,2,2,0,0,0,3,31,51,0,0,9,4,2,0,0,0,653,0,2,2,2,2,0,51
plebourda,Philippe,Le Bourdais,MTL,3,2,0,3,2,0,0,0,18,18,0,0,0,18,111,169,2,2,30,17,4,0,0,0,2470,0,3,3,5,5,0,220
plebourda,Philippe,Le Bourdais,MTL,4,1,5,1,2,0,0,0,10,11,1,0,0,16,53,206,0,0,25,20,0,0,0,0,1352,1,5,6,10,11,0,426
plebourda,Philippe,Le Bourdais,MTL,6,1,2,3,2,0,0,0,12,13,1,0,0,15,62,300,1,1,18,13,0,0,0,0,1207,1,4,5,14,16,0,726
plebourda,Philippe,Le Bourdais,MTL,7,2,5,2,2,0,0,0,12,13,1,0,0,18,50,439,0,0,39,25,2,1,0,0,2459,1,6,7,20,23,0,1165
plebourda,Philippe,Le Bourdais,MTL,8,1,1,1,1,1,0,0,7,8,1,0,1,9,29,142,0,0,17,10,0,0,0,0,1240,2,1,2,21,25,1,1307
plebourda,Philippe,Le Bourdais,MTL,10,2,1,0,2,0,0,0,11,11,0,0,0,12,51,135,0,0,13,6,1,1,0,0,1106,0,1,1,22,26,1,1442
plebourda,Philippe,Le Bourdais,MTL,11,1,0,0,0,0,0,0,0,0,0,0,0,0,0,0,0,0,0,0,0,0,0,0,0,0,0,0,22,26,1,1442
plebourda,Philippe,Le Bourdais,MTL,13,1,2,1,0,0,0,0,8,8,0,0,0,10,87,114,0,0,15,12,0,0,0,0,819,0,3,3,25,29,1,1556
gleahy,Gavin,Leahy,SEA,2,1,0,0,0,0,0,0,0,0,0,0,0,0,0,0,0,0,0,0,0,0,0,0,0,0,0,0,0,0,0,0
gleahy,Gavin,Leahy,SEA,3,2,0,1,1,0,0,0,1,1,0,0,0,1,18,22,0,0,5,5,0,0,0,0,271,0,1,1,1,1,0,22
gleahy,Gavin,Leahy,SEA,4,1,0,0,0,0,0,0,0,0,0,0,0,0,0,0,0,0,0,0,0,0,0,0,0,0,0,0,1,1,0,22
gleahy,Gavin,Leahy,SEA,5,2,0,0,0,0,0,0,0,0,0,0,0,0,0,0,0,0,0,0,0,0,0,0,0,0,0,0,1,1,0,22
gleahy,Gavin,Leahy,SEA,6,1,0,0,0,0,0,0,0,0,0,0,0,0,0,0,0,0,0,0,0,0,0,0,0,0,0,0,1,1,0,22
gleahy,Gavin,Leahy,SEA,7,1,0,2,0,0,0,0,5,5,0,0,0,5,53,52,0,0,6,5,0,0,0,0,493,0,2,2,3,3,0,74
gleahy,Gavin,Leahy,SEA,9,1,1,1,0,0,0,0,3,3,0,0,0,3,16,11,0,0,0,0,9,4,1,0,752,0,2,2,5,5,0,85
gleahy,Gavin,Leahy,SEA,10,1,0,0,0,0,0,0,0,0,0,0,0,0,0,0,0,0,0,0,0,0,0,0,0,0,0,0,5,5,0,85
gleahy,Gavin,Leahy,SEA,13,2,0,0,0,0,0,0,0,0,0,0,0,0,0,0,0,0,0,0,0,0,0,0,0,0,0,0,5,5,0,85
ilee,Isaac,Lee,DC,1,1,0,0,0,0,0,0,0,0,0,0,0,0,0,0,0,0,0,0,0,0,0,0,0,0,0,0,0,0,0,0
ilee,Isaac,Lee,DC,2,1,0,1,0,0,0,0,16,18,2,0,0,14,84,40,0,1,0,0,11,3,0,0,1088,2,-1,1,-1,1,0,40
ilee,Isaac,Lee,DC,3,1,0,0,0,0,0,0,3,3,0,0,0,2,0,3,0,0,0,0,11,0,1,0,774,0,0,0,-1,1,0,43
ilee,Isaac,Lee,DC,4,1,1,0,0,1,0,0,8,8,0,0,1,8,7,24,0,0,0,0,9,4,3,0,622,1,1,1,0,2,1,67
ilee,Isaac,Lee,DC,6,2,1,1,0,1,0,0,15,16,1,0,0,10,158,13,2,2,0,0,24,7,0,0,1538,1,2,2,2,4,2,80
ilee,Isaac,Lee,DC,7,1,0,0,0,0,0,0,3,3,0,0,0,2,-5,-6,0,0,0,0,13,4,0,0,1133,0,0,0,2,4,2,74
ilee,Isaac,Lee,DC,8,1,0,0,0,0,0,0,0,0,0,0,0,0,0,0,0,0,0,0,0,0,0,0,0,0,0,0,2,4,2,74
ilee,Isaac,Lee,DC,10,1,0,0,0,0,0,0,0,0,0,0,0,0,0,0,0,0,0,0,0,0,0,0,0,0,0,0,2,4,2,74
ilee,Isaac,Lee,DC,11,1,0,0,0,0,0,0,0,0,0,0,0,0,0,0,0,0,0,0,0,0,0,0,0,0,0,0,2,4,2,74
ilee,Isaac,Lee,DC,12,1,0,0,0,0,0,0,0,0,0,0,0,0,0,0,0,0,0,0,0,0,0,0,0,0,0,0,2,4,2,74
ilee,Isaac,Lee,DC,13,1,0,1,1,0,0,0,12,12,0,0,0,11,92,43,1,1,2,1,11,2,0,0,935,0,1,1,3,5,2,117
jlee2,Jason,Lee,LA,2,2,0,0,0,1,0,0,3,3,0,0,0,2,4,29,0,0,1,0,10,0,0,0,1059,0,1,0,1,0,1,29
jlee2,Jason,Lee,LA,3,1,0,0,0,0,0,0,3,3,0,0,0,3,-21,40,0,0,3,1,9,1,0,0,1015,0,0,0,1,0,1,69
jlee2,Jason,Lee,LA,4,1,0,0,0,1,0,0,3,3,0,0,0,3,6,23,0,0,3,1,13,2,0,0,1361,0,1,0,2,0,2,92
jlee2,Jason,Lee,LA,6,1,0,0,0,0,0,0,2,2,0,0,0,2,4,18,0,0,3,1,8,2,0,0,1215,0,0,0,2,0,2,110
jlee2,Jason,Lee,LA,7,1,1,0,0,1,0,0,6,6,0,0,0,7,7,46,0,0,0,0,8,4,0,0,916,0,2,1,4,1,3,156
jlee2,Jason,Lee,LA,9,2,0,0,0,0,0,0,0,0,0,0,0,0,0,0,0,0,0,0,0,0,0,0,0,0,0,0,4,1,3,156
jlee2,Jason,Lee,LA,11,1,0,0,0,0,0,0,0,0,0,0,0,0,0,0,0,0,0,0,0,0,0,0,0,0,0,0,4,1,3,156
jlee2,Jason,Lee,LA,12,2,0,0,0,0,0,0,0,0,0,0,0,0,0,0,0,0,0,0,0,0,0,0,0,0,0,0,4,1,3,156
jlee2,Jason,Lee,LA,13,1,0,0,0,0,0,0,0,0,0,0,0,0,0,0,0,0,0,0,0,0,0,0,0,0,0,0,4,1,3,156
jlee,Jonathan,Lee,ORE,1,1,0,0,0,0,0,0,0,0,0,0,0,0,0,0,0,0,0,0,0,0,0,0,0,0,0,0,0,0,0,0
jlee,Jonathan,Lee,ORE,2,1,0,0,0,0,0,0,2,3,0,0,0,3,5,3,0,0,1,0,7,1,0,0,520,0,0,0,0,0,0,3
jlee,Jonathan,Lee,ORE,4,1,0,0,0,0,0,0,4,4,0,0,0,5,11,19,0,0,4,2,3,1,0,0,665,0,0,0,0,0,0,22
jlee,Jonathan,Lee,ORE,5,2,0,0,0,0,0,0,0,0,0,0,0,0,0,0,0,0,0,0,0,0,0,0,0,0,0,0,0,0,0,22
jlee,Jonathan,Lee,ORE,6,1,0,0,0,0,0,0,0,0,0,0,0,0,0,0,0,0,0,0,0,0,0,0,0,0,0,0,0,0,0,22
jlee,Jonathan,Lee,ORE,7,1,1,1,1,0,0,0,6,6,0,0,0,7,54,31,0,0,2,2,13,7,0,0,959,0,2,2,2,2,0,53
jlee,Jonathan,Lee,ORE,8,2,0,0,0,0,0,0,0,0,0,0,0,0,0,0,0,0,0,0,0,0,0,0,0,0,0,0,2,2,0,53
jlee,Jonathan,Lee,ORE,9,1,1,2,0,0,0,0,6,6,0,0,0,7,57,40,0,0,4,4,5,1,0,0,547,0,3,3,5,5,0,93
jlee,Jonathan,Lee,ORE,10,1,0,0,0,0,0,0,0,0,0,0,0,0,0,0,0,0,0,0,0,0,0,0,0,0,0,0,5,5,0,93
jlee,Jonathan,Lee,ORE,13,1,0,0,0,0,0,0,0,0,0,0,0,0,0,0,0,0,0,0,0,0,0,0,0,0,0,0,5,5,0,93
mlee2,Marcus,Lee,DC,1,1,0,0,0,0,0,0,0,0,0,0,0,0,0,0,0,0,0,0,0,0,0,0,0,0,0,0,0,0,0,0
mlee2,Marcus,Lee,DC,2,1,0,0,0,0,0,0,0,0,0,0,0,0,0,0,0,0,0,0,0,0,0,0,0,0,0,0,0,0,0,0
mlee2,Marcus,Lee,DC,3,1,0,0,0,0,0,0,0,0,0,0,0,0,0,0,0,0,0,0,0,0,0,0,0,0,0,0,0,0,0,0
mlee2,Marcus,Lee,DC,4,1,0,0,0,0,0,0,0,0,0,0,0,0,0,0,0,0,0,0,0,0,0,0,0,0,0,0,0,0,0,0
mlee2,Marcus,Lee,DC,6,2,0,0,1,0,0,0,4,5,1,0,0,4,26,-18,0,0,1,0,28,6,0,0,1724,1,-1,0,-1,0,0,-18
mlee2,Marcus,Lee,DC,7,1,0,0,2,0,0,0,9,11,2,0,0,10,23,-35,0,0,0,0,13,3,0,0,865,2,-2,0,-3,0,0,-53
mlee2,Marcus,Lee,DC,8,1,1,1,0,0,0,0,5,6,1,0,0,4,25,12,0,0,0,0,17,2,0,0,1258,1,1,2,-2,2,0,-41
mlee2,Marcus,Lee,DC,10,1,0,0,0,0,0,0,0,0,0,0,0,0,0,0,0,0,0,0,0,0,0,0,0,0,0,0,-2,2,0,-41
mlee2,Marcus,Lee,DC,11,1,0,0,0,0,0,0,0,0,0,0,0,0,0,0,0,0,0,0,0,0,0,0,0,0,0,0,-2,2,0,-41
mlee2,Marcus,Lee,DC,12,1,0,0,0,0,0,0,0,0,0,0,0,0,0,0,0,0,0,0,0,0,0,0,0,0,0,0,-2,2,0,-41
mlee2,Marcus,Lee,DC,13,1,1,0,0,0,0,0,1,1,0,0,0,2,4,2,0,0,0,0,10,1,0,0,460,0,1,1,-1,3,0,-39
mlee1,Michael,Lee,CAR,3,1,0,0,0,0,0,0,0,0,0,0,0,0,0,0,0,0,0,0,0,0,0,0,0,0,0,0,0,0,0,0
mlee1,Michael,Lee,CAR,4,2,0,1,0,0,0,0,3,3,0,0,0,2,23,7,0,0,0,0,16,2,0,0,910,0,1,1,1,1,0,7
mlee1,Michael,Lee,CAR,5,1,0,0,0,0,0,0,0,0,0,0,0,0,0,0,0,0,0,0,10,1,0,0,462,0,0,0,1,1,0,7
mlee1,Michael,Lee,CAR,6,2,0,1,0,0,0,0,7,7,0,0,0,7,-27,84,0,0,0,0,21,10,0,0,2184,0,1,1,2,2,0,91
mlee1,Michael,Lee,CAR,7,1,0,0,0,0,0,0,0,0,0,0,0,0,0,0,0,0,0,0,0,0,0,0,0,0,0,0,2,2,0,91
mlee1,Michael,Lee,CAR,9,1,0,0,0,0,0,0,0,0,0,0,0,0,0,0,0,0,0,0,0,0,0,0,0,0,0,0,2,2,0,91
mlee1,Michael,Lee,CAR,10,1,0,0,0,0,0,0,0,0,0,0,0,0,0,0,0,0,0,0,0,0,0,0,0,0,0,0,2,2,0,91
mlee1,Michael,Lee,CAR,12,1,0,0,0,0,0,0,0,0,0,0,0,0,0,0,0,0,0,0,0,0,0,0,0,0,0,0,2,2,0,91
mlee1,Michael,Lee,CAR,13,2,0,0,0,0,0,0,0,0,0,0,0,0,0,0,0,0,0,0,0,0,0,0,0,0,0,0,2,2,0,91
jleibfort,Joe,Leibforth,MAD,2,2,0,1,0,1,0,0,1,3,1,0,0,3,9,-2,0,0,0,0,21,6,0,0,1198,1,1,1,1,1,1,-2
jleibfort,Joe,Leibforth,MAD,4,1,0,0,0,0,0,0,6,8,0,0,0,6,-23,68,0,0,0,0,24,10,0,0,1732,0,0,0,1,1,1,66
jleibfort,Joe,Leibforth,MAD,6,1,3,1,0,1,0,0,5,6,0,0,0,8,47,81,0,0,0,0,19,11,0,0,1290,0,5,4,6,5,2,147
jleibfort,Joe,Leibforth,MAD,7,1,0,0,0,0,0,0,2,2,0,0,0,2,30,83,0,0,0,0,13,3,0,0,923,0,0,0,6,5,2,230
jleibfort,Joe,Leibforth,MAD,8,2,1,2,2,2,0,0,7,8,1,0,0,7,62,80,0,0,0,0,45,14,0,0,2849,1,4,3,10,8,4,310
jleibfort,Joe,Leibforth,MAD,10,2,0,0,0,0,0,0,0,0,0,0,0,0,0,0,0,0,0,0,0,0,0,0,0,0,0,0,10,8,4,310
jleibfort,Joe,Leibforth,MAD,11,1,0,0,0,0,0,0,0,0,0,0,0,0,0,0,0,0,0,0,0,0,0,0,0,0,0,0,10,8,4,310
jleibfort,Joe,Leibforth,MAD,12,1,1,0,0,1,0,0,0,1,1,0,0,2,0,41,0,0,0,0,9,3,0,0,1049,1,1,1,11,9,5,351
jleibfort,Joe,Leibforth,MAD,13,1,0,0,0,1,0,0,0,1,1,0,0,0,0,0,0,1,0,0,15,6,0,0,1051,1,0,0,11,9,6,351
plenz,Peter,Lenz,SD,2,2,0,0,0,1,0,0,9,9,0,0,0,7,56,20,0,0,10,9,0,0,0,0,536,0,1,0,1,0,1,20
plenz,Peter,Lenz,SD,3,1,0,0,0,0,0,0,0,0,0,0,0,0,0,0,0,0,0,0,0,0,0,0,0,0,0,0,1,0,1,20
plenz,Peter,Lenz,SD,4,1,1,3,1,2,0,0,21,22,1,0,0,14,294,34,2,2,11,8,0,0,0,0,755,1,5,4,6,4,3,54
plenz,Peter,Lenz,SD,5,2,0,0,0,0,0,0,0,0,0,0,0,0,0,0,0,0,0,0,0,0,0,0,0,0,0,0,6,4,3,54
plenz,Peter,Lenz,SD,6,1,1,0,0,0,0,0,9,10,1,0,0,5,68,42,0,0,11,9,3,0,0,0,771,1,0,1,6,5,3,96
plenz,Peter,Lenz,SD,7,1,1,0,1,1,0,0,9,9,0,0,1,9,26,82,0,0,5,3,6,2,0,0,615,1,1,1,7,6,4,178
plenz,Peter,Lenz,SD,8,1,0,1,0,1,0,0,10,10,0,0,0,8,42,49,0,0,1,1,11,5,5,0,746,0,2,1,9,7,5,227
plenz,Peter,Lenz,SD,10,1,1,0,0,0,0,0,13,14,1,0,0,12,91,54,0,0,11,7,0,0,0,0,809,1,0,1,9,8,5,281
plenz,Peter,Lenz,SD,11,1,0,0,0,0,0,0,0,0,0,0,0,0,0,0,0,0,0,0,0,0,0,0,0,0,0,0,9,8,5,281
plenz,Peter,Lenz,SD,13,1,1,1,0,0,0,0,17,19,2,0,0,18,131,66,1,1,12,7,0,0,0,0,1207,2,0,2,9,10,5,347
blevinsky,Ben,Levinsky,SD,2,2,2,0,2,0,0,0,3,3,0,0,0,4,9,100,0,0,0,0,10,6,0,0,913,0,2,2,2,2,0,100
blevinsky,Ben,Levinsky,SD,3,1,0,0,0,2,0,0,1,1,0,0,0,0,1,0,0,0,0,0,12,1,1,0,893,0,2,0,4,2,2,100
blevinsky,Ben,Levinsky,SD,4,1,0,1,1,1,0,0,4,4,0,0,0,4,16,86,0,0,0,0,16,7,4,0,1225,0,2,1,6,3,3,186
blevinsky,Ben,Levinsky,SD,5,2,0,0,0,0,0,0,0,0,0,0,0,0,0,0,0,0,0,0,0,0,0,0,0,0,0,0,6,3,3,186
blevinsky,Ben,Levinsky,SD,6,1,0,2,0,1,0,0,7,7,0,0,0,6,83,24,1,1,0,0,16,7,0,0,965,0,3,2,9,5,4,210
blevinsky,Ben,Levinsky,SD,7,1,0,0,0,1,0,0,2,2,0,0,0,2,17,16,0,0,0,0,15,2,0,0,979,0,1,0,10,5,5,226
blevinsky,Ben,Levinsky,SD,8,1,1,1,0,1,0,0,11,11,0,0,1,10,57,103,0,0,0,0,17,6,0,0,949,1,2,2,12,7,6,329
blevinsky,Ben,Levinsky,SD,10,1,0,0,0,0,0,0,0,2,2,0,0,3,0,-8,0,0,0,0,12,1,0,0,1053,2,-2,0,10,7,6,321
blevinsky,Ben,Levinsky,SD,11,1,0,0,0,1,0,0,2,2,0,0,0,2,-8,9,0,0,0,0,13,5,0,0,971,0,1,0,11,7,7,330
blevinsky,Ben,Levinsky,SD,13,1,0,0,0,0,0,0,1,2,1,0,0,2,4,1,0,0,1,1,8,1,0,0,632,1,-1,0,10,7,7,331
blevy,Ben,Levy,NY,1,2,1,0,0,0,0,0,16,18,2,0,0,19,72,12,0,0,1,0,24,13,0,0,1142,2,-1,1,-1,1,0,12
blevy,Ben,Levy,NY,3,1,0,0,0,0,0,0,0,0,0,0,0,0,0,0,0,0,0,0,0,0,0,0,0,0,0,0,-1,1,0,12
blevy,Ben,Levy,NY,4,2,0,0,0,1,0,0,9,9,0,0,0,10,20,20,0,0,0,0,17,4,0,0,1085,0,1,0,0,1,1,32
blevy,Ben,Levy,NY,5,1,0,0,0,0,0,0,0,1,1,0,0,1,0,-4,0,0,0,0,9,0,0,0,627,1,-1,0,-1,1,1,28
blevy,Ben,Levy,NY,6,1,0,0,0,0,0,0,0,0,0,0,0,0,0,0,0,0,0,0,0,0,0,0,0,0,0,0,-1,1,1,28
blevy,Ben,Levy,NY,7,1,0,0,0,0,0,0,0,0,0,0,0,0,0,0,0,0,0,0,0,0,0,0,0,0,0,0,-1,1,1,28
blevy,Ben,Levy,NY,8,1,0,0,0,0,0,0,0,0,0,0,0,0,0,0,0,0,0,0,0,0,0,0,0,0,0,0,-1,1,1,28
blevy,Ben,Levy,NY,9,1,0,0,0,0,0,0,0,0,0,0,0,0,0,0,0,0,0,0,0,0,0,0,0,0,0,0,-1,1,1,28
blevy,Ben,Levy,NY,12,1,0,0,0,0,0,0,0,0,0,0,0,0,0,0,0,0,0,0,0,0,0,0,0,0,0,0,-1,1,1,28
blevy,Ben,Levy,NY,13,1,0,0,0,0,0,0,0,0,0,0,0,0,0,0,0,0,0,0,0,0,0,0,0,0,0,0,-1,1,1,28
blewis,Ben,Lewis,HTX,1,1,1,1,3,0,0,0,14,15,1,0,0,16,118,191,1,2,24,16,5,2,0,0,1552,1,1,2,1,2,0,191
blewis,Ben,Lewis,HTX,2,1,2,0,1,1,0,0,10,10,0,0,0,12,45,117,0,0,9,4,5,3,0,0,1200,0,3,2,4,4,1,308
blewis,Ben,Lewis,HTX,3,1,2,1,3,0,0,0,21,22,1,0,1,24,152,263,1,1,19,13,8,0,0,0,1156,2,1,3,5,7,1,571
blewis,Ben,Lewis,HTX,4,1,3,1,2,0,0,0,18,21,0,0,0,24,114,218,1,1,16,11,9,4,0,0,1550,0,4,4,9,11,1,789
blewis,Ben,Lewis,HTX,6,2,8,4,1,3,0,0,39,41,2,0,2,49,307,666,1,1,36,20,9,4,0,0,3573,4,11,12,20,23,4,1455
blewis,Ben,Lewis,HTX,8,1,0,0,0,0,0,0,0,0,0,0,0,0,0,0,0,0,0,0,0,0,0,0,0,0,0,0,20,23,4,1455
blewis,Ben,Lewis,HTX,9,2,0,0,0,0,0,0,0,0,0,0,0,0,0,0,0,0,0,0,0,0,0,0,0,0,0,0,20,23,4,1455
blewis,Ben,Lewis,HTX,11,1,0,0,0,0,0,0,0,0,0,0,0,0,0,0,0,0,0,0,0,0,0,0,0,0,0,0,20,23,4,1455
blewis,Ben,Lewis,HTX,12,1,0,0,0,0,0,0,0,0,0,0,0,0,0,0,0,0,0,0,0,0,0,0,0,0,0,0,20,23,4,1455
blewis,Ben,Lewis,HTX,13,1,0,0,0,0,0,0,0,0,0,0,0,0,0,0,0,0,0,0,0,0,0,0,0,0,0,0,20,23,4,1455
jlewis,James,Lewis,TOR,2,2,4,4,6,0,0,0,60,61,1,0,0,65,391,354,0,0,38,25,7,0,0,0,3140,1,7,8,7,8,0,354
jlewis,James,Lewis,TOR,3,1,5,3,2,3,0,0,27,30,3,0,0,33,170,282,0,0,25,15,3,2,0,0,1787,3,8,8,15,16,3,636
jlewis,James,Lewis,TOR,6,2,4,4,6,1,0,0,48,50,1,0,0,53,361,652,1,2,44,33,3,1,1,0,2504,1,8,8,23,24,4,1288
jlewis,James,Lewis,TOR,7,1,3,3,2,2,0,0,26,27,1,0,0,29,160,395,0,0,19,14,3,1,0,0,1278,1,7,6,30,30,6,1683
jlewis,James,Lewis,TOR,8,1,6,3,3,0,0,0,22,23,1,0,0,29,211,404,1,1,29,21,2,0,0,0,1511,1,8,9,38,39,6,2087
jlewis,James,Lewis,TOR,9,2,7,0,5,0,0,0,44,48,3,0,1,55,320,577,0,1,41,22,6,2,0,0,2923,4,3,7,41,46,6,2664
jlewis,James,Lewis,TOR,10,1,0,0,0,0,0,0,0,0,0,0,0,0,0,0,0,0,0,0,0,0,0,0,0,0,0,0,41,46,6,2664
jlewis,James,Lewis,TOR,11,1,2,5,1,2,0,0,40,43,2,0,0,45,150,291,2,3,19,15,4,2,0,0,1735,2,7,7,48,53,8,2955
jlewis,James,Lewis,TOR,13,1,1,0,2,1,0,0,20,23,3,0,0,23,137,299,0,0,18,8,4,0,0,0,1343,3,-1,1,47,54,9,3254
wlewis,Wilkie,Lewis,TOR,2,2,2,3,1,0,0,0,27,27,0,0,0,29,174,258,1,1,37,24,3,0,0,0,2876,0,5,5,5,5,0,258
wlewis,Wilkie,Lewis,TOR,3,1,1,1,1,0,0,0,14,14,0,0,0,15,136,101,0,0,26,16,0,0,0,0,1761,0,2,2,7,7,0,359
wlewis,Wilkie,Lewis,TOR,6,2,3,1,1,0,0,0,26,27,1,0,2,29,51,230,0,1,44,34,0,0,0,0,2333,3,1,4,8,11,0,589
wlewis,Wilkie,Lewis,TOR,7,1,1,0,3,0,0,0,10,11,1,0,0,12,32,78,0,0,19,13,0,0,0,0,1182,1,0,1,8,12,0,667
wlewis,Wilkie,Lewis,TOR,8,1,0,0,1,0,0,0,4,5,1,0,0,4,14,5,0,0,4,1,17,3,0,0,1120,1,-1,0,7,12,0,672
wlewis,Wilkie,Lewis,TOR,9,2,3,1,2,0,0,0,20,21,1,0,2,24,144,241,1,1,34,21,3,0,0,0,2657,3,1,4,8,16,0,913
wlewis,Wilkie,Lewis,TOR,10,1,0,0,0,0,0,0,0,0,0,0,0,0,0,0,0,0,0,0,0,0,0,0,0,0,0,0,8,16,0,913
wlewis,Wilkie,Lewis,TOR,11,1,3,1,2,0,0,0,24,25,1,0,1,28,66,253,0,1,19,15,2,1,0,0,1652,2,2,4,10,20,0,1166
wlewis,Wilkie,Lewis,TOR,13,1,2,0,1,0,0,0,15,18,3,0,0,20,117,173,0,1,18,8,3,0,0,0,1317,3,-1,2,9,22,0,1339
ali,Andrew,Li,CAR,3,1,0,0,0,0,0,0,2,2,0,0,0,2,18,12,0,0,0,0,11,2,1,0,728,0,0,0,0,0,0,12
ali,Andrew,Li,CAR,4,2,0,1,2,0,0,0,36,39,3,0,1,33,186,79,0,0,5,4,24,5,2,0,2540,4,-3,1,-3,1,0,91
ali,Andrew,Li,CAR,5,1,0,0,0,0,0,0,0,0,0,0,0,0,0,0,0,0,0,0,0,0,0,0,0,0,0,0,-3,1,0,91
ali,Andrew,Li,CAR,6,2,1,3,3,0,0,0,45,47,2,0,0,40,304,42,1,1,1,0,25,12,6,0,2274,2,2,4,-1,5,0,133
ali,Andrew,Li,CAR,7,1,0,0,2,1,0,0,26,27,1,0,0,22,69,-72,0,0,2,0,14,4,0,0,1045,1,0,0,-1,5,1,61
ali,Andrew,Li,CAR,9,1,4,0,0,1,1,0,11,13,2,0,0,15,56,5,0,1,0,0,13,5,6,0,985,2,3,4,2,9,2,66
ali,Andrew,Li,CAR,10,1,0,0,0,0,0,0,0,0,0,0,0,0,0,0,0,0,0,0,0,0,0,0,0,0,0,0,2,9,2,66
ali,Andrew,Li,CAR,12,1,0,0,0,1,0,0,7,8,1,0,1,6,23,19,0,0,2,0,8,0,1,0,671,2,-1,0,1,9,3,85
ali,Andrew,Li,CAR,13,2,2,1,4,1,0,0,23,24,1,0,0,18,113,55,0,0,3,3,26,8,10,0,1752,1,3,3,4,12,4,140
bli,Brandon,Li,SEA,2,1,0,0,0,0,0,0,0,0,0,0,0,0,0,0,0,0,0,0,0,0,0,0,0,0,0,0,0,0,0,0
bli,Brandon,Li,SEA,3,2,0,1,1,4,0,0,5,6,1,0,0,5,30,65,1,1,1,1,23,8,1,0,1177,1,4,1,4,1,4,65
bli,Brandon,Li,SEA,4,1,0,1,0,0,0,0,1,3,1,0,0,3,5,31,0,0,9,6,7,3,0,0,1295,1,0,1,4,2,4,96
bli,Brandon,Li,SEA,5,2,1,2,1,0,0,0,10,11,1,0,0,12,61,211,0,0,17,10,2,1,0,0,1560,1,2,3,6,5,4,307
bli,Brandon,Li,SEA,6,1,0,0,0,0,0,0,0,0,0,0,0,0,0,0,0,0,0,0,0,0,0,0,0,0,0,0,6,5,4,307
bli,Brandon,Li,SEA,7,1,0,0,0,0,0,0,0,0,0,0,0,0,0,0,0,0,0,0,0,0,0,0,0,0,0,0,6,5,4,307
bli,Brandon,Li,SEA,9,1,0,1,0,0,0,0,7,7,0,0,0,6,8,55,0,0,1,1,11,3,0,0,646,0,1,1,7,6,4,362
bli,Brandon,Li,SEA,10,1,2,0,0,0,0,0,2,2,0,0,0,4,23,72,0,0,14,9,2,0,0,0,1065,0,2,2,9,8,4,434
bli,Brandon,Li,SEA,13,2,4,0,0,1,0,0,24,26,1,0,1,31,77,409,0,0,38,23,2,0,0,0,2930,2,3,4,12,12,5,843
eli,Ethan,Li,SD,2,2,0,0,0,3,0,0,2,4,2,0,0,4,23,-2,0,0,0,0,15,7,0,0,1484,2,1,0,1,0,3,-2
eli,Ethan,Li,SD,3,1,0,0,0,0,0,0,0,0,0,0,0,0,0,0,0,0,0,0,0,0,0,0,0,0,0,0,1,0,3,-2
eli,Ethan,Li,SD,4,1,2,0,1,2,0,0,9,10,1,0,0,7,23,117,0,0,1,1,13,5,0,0,1223,1,3,2,4,2,5,115
eli,Ethan,Li,SD,5,2,0,0,0,0,0,0,0,0,0,0,0,0,0,0,0,0,0,0,0,0,0,0,0,0,0,0,4,2,5,115
eli,Ethan,Li,SD,6,1,1,0,3,0,0,0,8,8,0,0,0,9,61,50,0,0,0,0,13,7,0,0,935,0,1,1,5,3,5,165
eli,Ethan,Li,SD,7,1,0,0,0,0,0,0,0,0,0,0,0,0,0,0,0,0,0,0,0,0,0,0,0,0,0,0,5,3,5,165
eli,Ethan,Li,SD,8,1,0,0,0,0,0,0,0,0,0,0,0,0,0,0,0,0,0,0,0,0,0,0,0,0,0,0,5,3,5,165
eli,Ethan,Li,SD,10,1,0,0,1,0,0,0,4,4,0,0,0,4,17,23,0,0,0,0,7,2,0,0,328,0,0,0,5,3,5,188
eli,Ethan,Li,SD,11,1,0,0,0,0,0,0,0,0,0,0,0,0,0,0,0,0,0,0,0,0,0,0,0,0,0,0,5,3,5,188
eli,Ethan,Li,SD,13,1,2,0,0,0,0,0,3,3,0,0,0,5,8,24,0,0,0,0,9,3,0,0,428,0,2,2,7,5,5,212
tli,Tommy,Li,SEA,2,1,0,4,4,0,0,0,17,18,0,0,0,18,279,161,3,4,23,19,0,0,0,0,1388,0,4,4,4,4,0,161
tli,Tommy,Li,SEA,3,2,4,1,5,0,0,0,25,31,6,0,0,34,184,314,1,1,42,29,0,0,0,0,2363,6,-1,5,3,9,0,475
tli,Tommy,Li,SEA,4,1,2,1,2,1,0,0,16,19,3,0,1,21,81,177,0,0,20,13,0,0,0,0,1596,4,0,3,3,12,1,652
tli,Tommy,Li,SEA,5,2,4,2,3,1,0,0,18,19,1,0,1,22,112,234,1,2,30,19,0,0,0,0,2071,2,5,6,8,18,2,886
tli,Tommy,Li,SEA,6,1,1,2,2,0,0,0,19,19,0,0,0,20,151,195,2,2,22,14,0,0,0,0,1359,0,3,3,11,21,2,1081
tli,Tommy,Li,SEA,7,1,3,0,0,1,0,0,9,9,0,0,0,11,26,119,0,0,13,11,0,0,0,0,921,0,4,3,15,24,3,1200
tli,Tommy,Li,SEA,9,1,1,2,1,0,0,0,17,17,0,0,0,18,-24,179,0,0,17,13,0,0,0,0,1416,0,3,3,18,27,3,1379
tli,Tommy,Li,SEA,10,1,2,1,2,0,0,0,9,9,0,0,0,11,65,118,1,1,21,10,0,0,0,0,1608,0,3,3,21,30,3,1497
tli,Tommy,Li,SEA,13,2,2,1,4,1,0,0,33,39,6,0,0,40,198,289,0,2,42,24,0,0,0,0,3099,6,-2,3,19,33,4,1786
rliao,Ryan,Liao,SEA,2,1,0,0,0,0,0,0,0,0,0,0,0,0,0,0,0,0,0,0,0,0,0,0,0,0,0,0,0,0,0,0
rliao,Ryan,Liao,SEA,3,2,0,0,0,0,0,0,0,0,0,0,0,0,0,0,0,0,0,0,0,0,0,0,0,0,0,0,0,0,0,0
rliao,Ryan,Liao,SEA,4,1,0,0,0,0,0,0,0,0,0,0,0,0,0,0,0,0,0,0,9,2,0,0,780,0,0,0,0,0,0,0
rliao,Ryan,Liao,SEA,5,2,3,0,0,0,0,0,1,1,0,0,0,4,12,23,0,0,1,1,19,6,0,0,1351,0,3,3,3,3,0,23
rliao,Ryan,Liao,SEA,6,1,0,0,0,0,0,0,1,1,0,0,0,1,-6,9,0,0,0,0,10,2,0,0,490,0,0,0,3,3,0,32
rliao,Ryan,Liao,SEA,7,1,0,0,0,1,0,0,4,5,1,0,0,6,49,58,0,0,0,0,11,3,0,0,1068,1,0,0,3,3,1,90
rliao,Ryan,Liao,SEA,9,1,0,0,0,0,0,0,1,1,0,0,0,1,13,9,0,0,2,0,12,3,0,0,1188,0,0,0,3,3,1,99
rliao,Ryan,Liao,SEA,10,1,1,0,1,0,0,0,2,2,0,0,0,2,49,41,0,0,2,2,9,0,0,0,681,0,1,1,4,4,1,140
rliao,Ryan,Liao,SEA,13,2,1,1,3,0,0,0,12,15,2,0,0,16,49,114,0,0,22,10,2,1,0,0,1826,2,0,2,4,6,1,254
elieman,Ethan,Lieman,NY,1,2,0,0,0,0,0,0,0,0,0,0,0,0,0,0,0,0,0,0,0,0,0,0,0,0,0,0,0,0,0,0
elieman,Ethan,Lieman,NY,3,1,0,0,0,0,0,0,0,0,0,0,0,0,0,0,0,0,0,0,0,0,0,0,0,0,0,0,0,0,0,0
elieman,Ethan,Lieman,NY,4,2,0,0,0,0,0,0,0,0,0,0,0,0,0,0,0,0,0,0,0,0,0,0,0,0,0,0,0,0,0,0
elieman,Ethan,Lieman,NY,5,1,0,0,0,0,0,0,0,0,0,0,0,0,0,0,0,0,0,0,0,0,0,0,0,0,0,0,0,0,0,0
elieman,Ethan,Lieman,NY,6,1,0,0,0,0,0,0,0,0,0,0,0,0,0,0,0,0,0,0,8,0,0,0,421,0,0,0,0,0,0,0
elieman,Ethan,Lieman,NY,7,1,0,0,0,0,0,0,0,0,0,0,0,0,0,0,0,0,0,0,3,0,0,0,228,0,0,0,0,0,0,0
elieman,Ethan,Lieman,NY,8,1,0,0,0,0,0,0,0,1,1,0,0,1,0,49,0,0,1,1,7,2,0,0,495,1,-1,0,-1,0,0,49
elieman,Ethan,Lieman,NY,9,1,0,0,0,0,0,0,0,0,0,0,0,0,0,0,0,0,0,0,0,0,0,0,0,0,0,0,-1,0,0,49
elieman,Ethan,Lieman,NY,12,1,0,0,1,1,0,0,5,5,0,0,0,4,15,48,0,0,1,0,12,4,0,0,851,0,1,0,0,0,1,97
elieman,Ethan,Lieman,NY,13,1,0,2,2,1,0,0,10,10,0,0,0,8,15,14,0,0,0,0,13,4,0,0,863,0,3,2,3,2,2,111
tlin,Tommy,Lin,SEA,2,1,1,0,0,0,0,0,4,5,1,0,1,5,6,5,0,0,0,0,16,3,0,0,958,2,-1,1,-1,1,0,5
tlin,Tommy,Lin,SEA,3,2,1,1,1,0,0,0,12,14,1,0,1,11,84,93,0,0,1,0,34,9,1,0,1608,2,0,2,-1,3,0,98
tlin,Tommy,Lin,SEA,4,1,1,1,0,0,0,0,10,12,1,0,1,11,37,54,0,0,2,1,15,5,0,0,1665,2,0,2,-1,5,0,152
tlin,Tommy,Lin,SEA,5,2,0,2,0,0,0,0,6,8,2,0,1,7,74,33,1,2,0,0,32,6,0,0,2271,3,-1,2,-2,7,0,185
tlin,Tommy,Lin,SEA,6,1,1,0,0,0,0,0,8,9,1,0,0,9,18,45,0,1,1,1,17,3,0,0,1165,1,0,1,-2,8,0,230
tlin,Tommy,Lin,SEA,7,1,0,0,1,2,0,0,8,9,1,0,0,8,47,53,0,1,0,0,16,10,0,0,1125,1,1,0,-1,8,2,283
tlin,Tommy,Lin,SEA,9,1,1,0,1,0,0,0,2,2,0,0,0,3,19,-20,0,0,0,0,13,3,0,0,549,0,1,1,0,9,2,263
tlin,Tommy,Lin,SEA,10,1,0,0,0,0,0,0,0,0,0,0,0,0,0,0,0,0,0,0,13,1,0,0,691,0,0,0,0,9,2,263
tlin,Tommy,Lin,SEA,13,2,1,1,3,0,0,0,14,17,2,0,0,10,135,60,2,2,4,1,27,9,0,0,1829,2,0,2,0,11,2,323
rlinehan,Rocco,Linehan,BOS,1,1,0,1,0,0,0,0,7,7,0,0,0,5,65,6,0,0,0,0,16,4,6,0,936,0,1,1,1,1,0,6
rlinehan,Rocco,Linehan,BOS,3,1,0,0,0,1,0,0,3,3,0,0,0,2,24,13,0,0,0,0,11,3,3,0,897,0,1,0,2,1,1,19
rlinehan,Rocco,Linehan,BOS,4,2,0,0,0,1,0,0,5,6,1,0,0,5,26,28,0,0,0,0,20,4,4,0,1617,1,0,0,2,1,2,47
rlinehan,Rocco,Linehan,BOS,7,1,0,0,0,0,0,0,0,0,0,0,0,0,0,0,0,0,0,0,0,0,0,0,0,0,0,0,2,1,2,47
rlinehan,Rocco,Linehan,BOS,8,2,0,0,0,0,0,0,0,0,0,0,0,0,0,0,0,0,0,0,0,0,0,0,0,0,0,0,2,1,2,47
rlinehan,Rocco,Linehan,BOS,9,1,0,0,0,0,0,0,0,0,0,0,0,0,0,0,0,0,0,0,0,0,0,0,0,0,0,0,2,1,2,47
rlinehan,Rocco,Linehan,BOS,11,1,0,0,0,0,0,0,0,0,0,0,0,0,0,0,0,0,0,0,0,0,0,0,0,0,0,0,2,1,2,47
rlinehan,Rocco,Linehan,BOS,12,2,0,0,0,0,0,0,0,0,0,0,0,0,0,0,0,0,0,0,0,0,0,0,0,0,0,0,2,1,2,47
rlinehan,Rocco,Linehan,BOS,13,1,0,0,0,0,0,0,0,0,0,0,0,0,0,0,0,0,0,0,0,0,0,0,0,0,0,0,2,1,2,47
nlittle,Nate,Little,PHI,1,1,0,1,0,2,0,0,4,5,1,0,0,5,37,98,0,0,0,0,19,5,0,0,1378,1,2,1,2,1,2,98
nlittle,Nate,Little,PHI,2,1,2,0,1,2,0,0,3,3,0,0,0,5,67,48,1,1,2,0,15,7,0,0,1297,0,4,2,6,3,4,146
nlittle,Nate,Little,PHI,3,1,1,2,0,2,0,0,5,5,0,0,0,5,44,21,0,0,0,0,24,5,0,0,1385,0,5,3,11,6,6,167
nlittle,Nate,Little,PHI,5,1,0,0,1,2,0,0,1,1,0,0,0,1,-3,11,0,0,1,1,14,3,0,0,1057,0,2,0,13,6,8,178
nlittle,Nate,Little,PHI,6,1,1,0,0,0,0,0,2,4,2,0,0,5,6,66,0,0,3,2,15,2,0,0,1174,2,-1,1,12,7,8,244
nlittle,Nate,Little,PHI,7,2,2,3,2,1,0,0,21,24,2,0,1,26,106,270,0,1,19,11,19,3,0,0,2137,3,3,5,15,12,9,514
nlittle,Nate,Little,PHI,8,1,0,3,0,2,0,0,10,10,0,0,0,8,77,89,2,2,2,2,21,10,0,0,1375,0,5,3,20,15,11,603
nlittle,Nate,Little,PHI,10,1,2,3,1,2,0,0,9,9,0,0,0,11,169,136,2,2,7,4,15,6,0,0,1259,0,7,5,27,20,13,739
nlittle,Nate,Little,PHI,12,2,2,0,1,1,0,0,6,8,1,0,0,11,72,109,0,0,10,2,25,3,0,0,2374,1,2,2,29,22,14,848
nlittle,Nate,Little,PHI,13,1,1,1,1,2,0,0,9,10,1,0,0,10,45,158,0,1,3,3,17,7,0,0,1059,1,3,2,32,24,16,1006
mlloyd,Mark,Lloyd,TOR,2,2,0,0,0,0,0,0,0,0,0,0,0,0,0,0,0,0,0,0,0,0,0,0,0,0,0,0,0,0,0,0
mlloyd,Mark,Lloyd,TOR,3,1,0,0,0,0,0,0,0,0,0,0,0,0,0,0,0,0,0,0,0,0,0,0,0,0,0,0,0,0,0,0
mlloyd,Mark,Lloyd,TOR,6,2,0,0,1,1,0,0,8,10,2,0,1,7,-15,57,0,1,5,3,36,5,0,0,2730,3,-2,0,-2,0,1,57
mlloyd,Mark,Lloyd,TOR,7,1,2,3,2,1,0,0,11,12,1,0,0,12,166,120,2,3,7,4,13,8,0,0,896,1,5,5,3,5,2,177
mlloyd,Mark,Lloyd,TOR,8,1,0,0,0,0,0,0,0,0,0,0,0,0,0,0,0,0,0,0,0,0,0,0,0,0,0,0,3,5,2,177
mlloyd,Mark,Lloyd,TOR,9,2,0,0,0,0,0,0,0,0,0,0,0,0,0,0,0,0,0,0,0,0,0,0,0,0,0,0,3,5,2,177
mlloyd,Mark,Lloyd,TOR,10,1,0,0,0,0,0,0,0,0,0,0,0,0,0,0,0,0,0,0,0,0,0,0,0,0,0,0,3,5,2,177
mlloyd,Mark,Lloyd,TOR,11,1,0,0,0,0,0,0,0,0,0,0,0,0,0,0,0,0,0,0,0,0,0,0,0,0,0,0,3,5,2,177
mlloyd,Mark,Lloyd,TOR,13,1,0,0,0,0,0,0,0,0,0,0,0,0,0,0,0,0,0,0,0,0,0,0,0,0,0,0,3,5,2,177
slofink,Spencer,Lofink,SEA,2,1,0,0,0,0,0,0,0,0,0,0,0,0,0,0,0,0,0,0,0,0,0,0,0,0,0,0,0,0,0,0
slofink,Spencer,Lofink,SEA,3,2,0,0,0,0,0,0,0,0,0,0,0,0,0,0,0,0,0,0,0,0,0,0,0,0,0,0,0,0,0,0
slofink,Spencer,Lofink,SEA,4,1,0,0,0,0,0,0,0,0,0,0,0,0,0,0,0,0,0,0,0,0,0,0,0,0,0,0,0,0,0,0
slofink,Spencer,Lofink,SEA,5,2,0,0,0,0,0,0,0,0,0,0,0,0,0,0,0,0,0,0,0,0,0,0,0,0,0,0,0,0,0,0
slofink,Spencer,Lofink,SEA,6,1,0,0,0,0,0,0,0,0,0,0,0,0,0,0,0,0,0,0,0,0,0,0,0,0,0,0,0,0,0,0
slofink,Spencer,Lofink,SEA,7,1,0,0,0,0,0,0,0,0,0,0,0,0,0,0,0,0,0,0,0,0,0,0,0,0,0,0,0,0,0,0
slofink,Spencer,Lofink,SEA,9,1,0,1,4,0,0,0,28,29,1,0,0,26,198,3,1,1,9,8,1,0,0,0,921,1,0,1,0,1,0,3
slofink,Spencer,Lofink,SEA,10,1,0,0,0,0,0,0,0,0,0,0,0,0,0,0,0,0,0,0,0,0,0,0,0,0,0,0,0,1,0,3
slofink,Spencer,Lofink,SEA,13,2,0,0,0,0,0,0,0,0,0,0,0,0,0,0,0,0,0,0,0,0,0,0,0,0,0,0,0,1,0,3
alomen,Aiden,Lomen,LV,1,1,0,0,0,0,0,0,0,1,1,0,0,1,0,14,0,1,6,0,8,1,0,0,689,1,-1,0,-1,0,0,14
alomen,Aiden,Lomen,LV,2,1,0,0,0,0,0,0,0,0,0,0,0,0,0,0,0,0,0,0,0,0,0,0,0,0,0,0,-1,0,0,14
alomen,Aiden,Lomen,LV,3,1,0,0,0,0,0,0,0,0,0,0,0,0,0,0,0,0,0,0,0,0,0,0,0,0,0,0,-1,0,0,14
alomen,Aiden,Lomen,LV,5,1,0,0,0,0,0,0,0,0,0,0,0,0,0,0,0,0,0,0,0,0,0,0,0,0,0,0,-1,0,0,14
alomen,Aiden,Lomen,LV,7,2,0,0,1,0,0,0,5,5,0,0,0,5,45,43,0,0,4,1,8,1,0,0,730,0,0,0,-1,0,0,57
alomen,Aiden,Lomen,LV,8,1,0,0,0,0,0,0,0,0,0,0,0,0,0,0,0,0,0,0,0,0,0,0,0,0,0,0,-1,0,0,57
alomen,Aiden,Lomen,LV,9,2,0,0,0,0,0,0,0,0,0,0,0,0,0,0,0,0,0,0,0,0,0,0,0,0,0,0,-1,0,0,57
alomen,Aiden,Lomen,LV,11,1,0,0,0,0,0,0,0,0,0,0,0,0,0,0,0,0,0,0,0,0,0,0,0,0,0,0,-1,0,0,57
alomen,Aiden,Lomen,LV,12,1,0,0,0,0,0,0,0,0,0,0,0,0,0,0,0,0,0,0,0,0,0,0,0,0,0,0,-1,0,0,57
alomen,Aiden,Lomen,LV,13,1,0,0,0,0,0,0,0,0,0,0,0,0,0,0,0,0,0,0,0,0,0,0,0,0,0,0,-1,0,0,57
elong,Elijah,Long,CAR,3,1,0,0,0,0,0,0,0,0,0,0,0,0,0,0,0,0,0,0,0,0,0,0,0,0,0,0,0,0,0,0
elong,Elijah,Long,CAR,4,2,0,0,0,0,0,0,0,0,0,0,0,0,0,0,0,0,0,0,0,0,0,0,0,0,0,0,0,0,0,0
elong,Elijah,Long,CAR,5,1,0,0,0,0,0,0,0,0,0,0,0,0,0,0,0,0,0,0,0,0,0,0,0,0,0,0,0,0,0,0
elong,Elijah,Long,CAR,6,2,0,0,0,0,0,0,0,0,0,0,0,0,0,0,0,0,0,0,0,0,0,0,0,0,0,0,0,0,0,0
elong,Elijah,Long,CAR,7,1,0,0,0,0,0,0,0,0,0,0,0,0,0,0,0,0,0,0,0,0,0,0,0,0,0,0,0,0,0,0
elong,Elijah,Long,CAR,9,1,0,0,0,0,0,0,0,0,0,0,0,0,0,0,0,0,0,0,0,0,0,0,0,0,0,0,0,0,0,0
elong,Elijah,Long,CAR,10,1,0,0,0,0,0,0,0,0,0,0,0,0,0,0,0,0,0,0,0,0,0,0,0,0,0,0,0,0,0,0
elong,Elijah,Long,CAR,12,1,0,0,0,0,0,0,6,7,1,0,0,7,37,30,0,0,3,1,7,1,0,0,798,1,-1,0,-1,0,0,30
elong,Elijah,Long,CAR,13,2,0,0,0,0,0,0,0,0,0,0,0,0,0,0,0,0,0,0,0,0,0,0,0,0,0,0,-1,0,0,30
nlong,Nate,Long,PHI,1,1,0,2,1,1,0,0,38,42,1,0,0,26,293,-4,0,1,20,14,0,0,0,0,1371,1,2,2,2,2,1,-4
nlong,Nate,Long,PHI,2,1,0,0,0,0,0,0,3,3,0,0,1,1,32,16,0,0,3,2,5,0,5,1,600,1,-1,0,1,2,1,12
nlong,Nate,Long,PHI,3,1,0,0,0,0,0,0,0,0,0,0,0,0,0,0,0,0,0,0,0,0,0,0,0,0,0,0,1,2,1,12
nlong,Nate,Long,PHI,5,1,0,0,0,0,0,0,0,0,0,0,0,0,0,0,0,0,0,0,0,0,0,0,0,0,0,0,1,2,1,12
nlong,Nate,Long,PHI,6,1,1,1,2,0,0,0,20,21,1,0,0,11,194,62,0,0,10,6,2,0,1,0,1168,1,1,2,2,4,1,74
nlong,Nate,Long,PHI,7,2,0,0,0,0,0,0,0,0,0,0,0,0,0,0,0,0,0,0,0,0,0,0,0,0,0,0,2,4,1,74
nlong,Nate,Long,PHI,8,1,0,0,2,0,0,0,7,7,0,0,0,5,120,-7,0,0,1,1,7,2,2,1,495,0,0,0,2,4,1,67
nlong,Nate,Long,PHI,10,1,0,1,2,0,0,0,3,3,0,0,0,3,51,12,1,1,1,1,7,3,7,1,530,0,1,1,3,5,1,79
nlong,Nate,Long,PHI,12,2,0,0,0,0,0,0,0,0,0,0,0,0,0,0,0,0,0,0,0,0,0,0,0,0,0,0,3,5,1,79
nlong,Nate,Long,PHI,13,1,0,0,0,0,0,0,0,0,0,0,0,0,0,0,0,0,0,0,0,0,0,0,0,0,0,0,3,5,1,79
dloughnan,Drew,Loughnane,PHI,1,1,0,0,0,0,0,0,0,0,0,0,0,0,0,0,0,0,0,0,0,0,0,0,0,0,0,0,0,0,0,0
dloughnan,Drew,Loughnane,PHI,2,1,0,0,0,0,0,0,0,0,0,0,0,0,0,0,0,0,0,0,0,0,0,0,0,0,0,0,0,0,0,0
dloughnan,Drew,Loughnane,PHI,3,1,0,0,0,0,0,0,0,0,0,0,0,0,0,0,0,0,0,0,0,0,0,0,0,0,0,0,0,0,0,0
dloughnan,Drew,Loughnane,PHI,5,1,0,0,0,0,0,0,0,0,0,0,0,0,0,0,0,0,0,0,0,0,0,0,0,0,0,0,0,0,0,0
dloughnan,Drew,Loughnane,PHI,6,1,0,0,0,0,0,0,0,0,0,0,0,0,0,0,0,0,0,0,0,0,0,0,0,0,0,0,0,0,0,0
dloughnan,Drew,Loughnane,PHI,7,2,0,0,0,0,0,0,0,0,0,0,0,0,0,0,0,0,0,0,0,0,0,0,0,0,0,0,0,0,0,0
dloughnan,Drew,Loughnane,PHI,8,1,0,0,0,0,0,0,0,0,0,0,0,0,0,0,0,0,0,0,0,0,0,0,0,0,0,0,0,0,0,0
dloughnan,Drew,Loughnane,PHI,10,1,1,0,0,0,0,0,0,0,0,0,0,1,0,23,0,0,0,0,16,5,0,0,1094,0,1,1,1,1,0,23
dloughnan,Drew,Loughnane,PHI,12,2,1,0,0,1,0,0,0,1,1,0,0,2,0,69,0,0,0,0,19,3,0,0,1504,1,1,1,2,2,1,92
dloughnan,Drew,Loughnane,PHI,13,1,1,0,2,1,0,0,5,5,0,0,0,5,20,62,0,0,1,1,11,5,0,0,935,0,2,1,4,3,2,154
nloughran,Nick,Loughran,IND,2,1,3,0,2,0,0,0,7,11,4,0,1,13,52,203,0,3,8,6,8,1,4,0,832,5,-2,3,-2,3,0,203
nloughran,Nick,Loughran,IND,3,1,1,0,0,0,0,0,5,6,1,0,0,6,3,50,0,0,4,1,9,1,1,0,671,1,0,1,-2,4,0,253
nloughran,Nick,Loughran,IND,5,1,0,0,0,0,0,0,0,0,0,0,0,0,0,0,0,0,0,0,0,0,0,0,0,0,0,0,-2,4,0,253
nloughran,Nick,Loughran,IND,6,1,0,1,0,0,0,0,5,5,0,0,0,4,50,19,0,0,1,1,6,2,3,0,434,0,1,1,-1,5,0,272
nloughran,Nick,Loughran,IND,7,1,0,1,0,2,0,0,12,14,2,0,0,8,101,33,1,2,0,0,12,6,7,0,1070,2,1,1,0,6,2,305
nloughran,Nick,Loughran,IND,8,1,0,0,0,0,0,0,0,0,0,0,0,0,0,0,0,0,0,0,0,0,0,0,0,0,0,0,0,6,2,305
nloughran,Nick,Loughran,IND,9,1,0,2,0,0,0,0,5,6,0,0,0,6,97,66,1,1,8,1,9,1,7,0,1136,0,2,2,2,8,2,371
nloughran,Nick,Loughran,IND,10,2,0,0,0,0,0,0,0,0,0,0,0,0,0,0,0,0,0,0,0,0,0,0,0,0,0,0,2,8,2,371
nloughran,Nick,Loughran,IND,11,1,0,0,0,0,0,0,0,0,0,0,0,0,0,0,0,0,0,0,0,0,0,0,0,0,0,0,2,8,2,371
nloughran,Nick,Loughran,IND,12,1,0,0,0,0,0,0,0,0,0,0,0,0,0,0,0,0,0,0,0,0,0,0,0,0,0,0,2,8,2,371
nloughran,Nick,Loughran,IND,13,1,0,0,0,0,0,0,0,0,0,0,0,0,0,0,0,0,0,0,0,0,0,0,0,0,0,0,2,8,2,371
cloverane,Coby,Loveranes,DC,1,1,0,0,0,0,0,0,0,0,0,0,0,0,0,0,0,0,0,0,0,0,0,0,0,0,0,0,0,0,0,0
cloverane,Coby,Loveranes,DC,2,1,0,0,0,0,0,0,0,0,0,0,0,0,0,0,0,0,0,0,0,0,0,0,0,0,0,0,0,0,0,0
cloverane,Coby,Loveranes,DC,3,1,0,0,0,0,0,0,0,0,0,0,0,0,0,0,0,0,0,0,0,0,0,0,0,0,0,0,0,0,0,0
cloverane,Coby,Loveranes,DC,4,1,0,0,0,0,0,0,0,0,0,0,0,0,0,0,0,0,0,0,0,0,0,0,0,0,0,0,0,0,0,0
cloverane,Coby,Loveranes,DC,6,2,0,0,0,0,0,0,0,0,0,0,0,0,0,0,0,0,0,0,0,0,0,0,0,0,0,0,0,0,0,0
cloverane,Coby,Loveranes,DC,7,1,3,0,1,0,0,0,4,4,0,0,0,7,-7,114,0,0,14,11,0,0,0,0,876,0,3,3,3,3,0,114
cloverane,Coby,Loveranes,DC,8,1,2,0,3,0,0,0,13,13,0,0,0,15,7,176,0,0,16,12,0,0,0,0,1317,0,2,2,5,5,0,290
cloverane,Coby,Loveranes,DC,10,1,2,0,0,0,0,0,6,6,0,0,0,9,51,170,0,0,6,4,0,0,0,0,364,0,2,2,7,7,0,460
cloverane,Coby,Loveranes,DC,11,1,3,0,1,0,0,0,4,6,2,0,0,9,32,127,0,0,10,6,0,0,0,0,505,2,1,3,8,10,0,587
cloverane,Coby,Loveranes,DC,12,1,3,0,1,0,0,0,10,11,0,0,0,14,0,205,0,0,9,8,2,0,0,0,604,0,3,3,11,13,0,792
cloverane,Coby,Loveranes,DC,13,1,1,0,1,3,0,0,12,13,1,0,1,13,63,159,0,0,15,9,4,0,0,0,1076,2,2,1,13,14,3,951
blozinski,Bryce,Lozinski,SD,2,2,0,0,3,2,0,0,15,16,1,0,0,13,62,24,0,0,1,0,31,12,2,0,2361,1,1,0,1,0,2,24
blozinski,Bryce,Lozinski,SD,3,1,0,1,0,0,0,0,10,10,0,0,0,7,119,14,1,1,3,2,15,4,0,0,1486,0,1,1,2,1,2,38
blozinski,Bryce,Lozinski,SD,4,1,0,0,0,0,0,0,0,0,0,0,0,0,0,0,0,0,0,0,0,0,0,0,0,0,0,0,2,1,2,38
blozinski,Bryce,Lozinski,SD,5,2,0,1,0,0,0,0,14,14,0,0,0,13,40,-17,0,0,2,1,34,5,0,0,2262,0,1,1,3,2,2,21
blozinski,Bryce,Lozinski,SD,6,1,0,1,0,2,0,0,9,10,1,0,0,7,78,32,1,1,1,0,14,7,0,0,1178,1,2,1,5,3,4,53
blozinski,Bryce,Lozinski,SD,7,1,0,0,1,0,0,0,6,6,0,1,0,6,39,4,0,0,0,0,19,5,0,0,1245,1,-1,0,4,3,4,57
blozinski,Bryce,Lozinski,SD,8,1,0,0,1,0,0,0,13,14,0,0,1,9,93,58,0,0,0,0,18,7,2,0,993,1,-1,0,3,3,4,115
blozinski,Bryce,Lozinski,SD,10,1,0,0,0,0,0,0,9,9,0,0,0,9,56,43,0,0,3,3,14,2,0,0,1426,0,0,0,3,3,4,158
blozinski,Bryce,Lozinski,SD,11,1,0,2,0,0,0,0,15,15,0,0,0,14,87,54,0,0,2,2,17,6,0,0,1183,0,2,2,5,5,4,212
blozinski,Bryce,Lozinski,SD,13,1,1,1,2,0,0,0,16,16,0,0,0,15,92,33,0,0,5,3,13,4,0,0,1365,0,2,2,7,7,4,245
mlun,Michael,Lun,COL,1,1,0,0,0,0,0,0,0,0,0,0,0,0,0,0,0,0,0,0,0,0,0,0,0,0,0,0,0,0,0,0
mlun,Michael,Lun,COL,4,2,0,0,0,0,0,0,0,0,0,0,0,0,0,0,0,0,0,0,0,0,0,0,0,0,0,0,0,0,0,0
mlun,Michael,Lun,COL,5,1,0,0,0,0,0,0,0,0,0,0,0,0,0,0,0,0,0,0,0,0,0,0,0,0,0,0,0,0,0,0
mlun,Michael,Lun,COL,6,1,0,0,0,0,0,0,0,0,0,0,0,0,0,0,0,0,0,0,0,0,0,0,0,0,0,0,0,0,0,0
mlun,Michael,Lun,COL,9,1,0,0,0,0,0,0,0,0,0,0,0,0,0,0,0,0,0,0,0,0,0,0,0,0,0,0,0,0,0,0
mlun,Michael,Lun,COL,10,2,0,0,0,0,0,0,0,0,0,0,0,0,0,0,0,0,0,0,0,0,0,0,0,0,0,0,0,0,0,0
mlun,Michael,Lun,COL,11,1,0,0,0,0,0,0,0,0,0,0,0,0,0,0,0,0,0,0,0,0,0,0,0,0,0,0,0,0,0,0
mlun,Michael,Lun,COL,12,2,2,0,1,0,0,0,3,5,1,0,0,6,14,37,0,0,0,0,16,10,0,0,1002,1,1,2,1,2,0,37
mlun,Michael,Lun,COL,13,1,0,0,0,0,0,0,0,0,0,0,0,0,0,0,0,0,0,0,0,0,0,0,0,0,0,0,1,2,0,37
vluo,Victor,Luo,CHI,4,1,0,0,0,0,0,0,0,0,0,0,0,0,0,0,0,0,0,0,0,0,0,0,0,0,0,0,0,0,0,0
vluo,Victor,Luo,CHI,6,1,0,1,1,0,0,0,11,11,0,0,0,10,7,20,0,0,2,1,10,5,0,0,789,0,1,1,1,1,0,20
vluo,Victor,Luo,CHI,7,1,0,0,2,0,0,0,10,10,0,0,0,9,-18,25,0,0,1,1,9,2,0,0,674,0,0,0,1,1,0,45
vluo,Victor,Luo,CHI,8,1,0,0,0,0,0,0,0,0,0,0,0,0,0,0,0,0,0,0,0,0,0,0,0,0,0,0,1,1,0,45
vluo,Victor,Luo,CHI,9,2,1,2,2,0,0,0,21,23,1,0,0,18,228,42,2,2,0,0,31,18,2,0,1937,1,2,3,3,4,0,87
vluo,Victor,Luo,CHI,10,2,1,0,1,0,0,0,12,14,1,0,1,13,47,69,0,1,2,1,13,8,3,0,1160,2,-1,1,2,5,0,156
vluo,Victor,Luo,CHI,11,2,1,3,1,0,0,0,16,18,2,0,0,16,104,-5,0,1,3,3,17,8,6,1,1457,2,2,4,4,9,0,151
vluo,Victor,Luo,CHI,13,2,1,0,2,0,0,0,12,13,1,0,0,11,116,20,0,0,3,2,14,4,0,0,1076,1,0,1,4,10,0,171
mlutz,Mitch,Lutz,HTX,1,1,0,0,0,0,0,0,1,1,0,0,0,0,6,0,0,0,3,1,0,0,0,0,244,0,0,0,0,0,0,0
mlutz,Mitch,Lutz,HTX,2,1,0,0,0,0,0,0,0,0,0,0,0,0,0,0,0,0,0,0,0,0,0,0,0,0,0,0,0,0,0,0
mlutz,Mitch,Lutz,HTX,3,1,0,0,0,0,0,0,0,0,0,0,0,0,0,0,0,0,0,0,0,0,0,0,0,0,0,0,0,0,0,0
mlutz,Mitch,Lutz,HTX,4,1,0,0,0,0,0,0,0,0,0,0,0,0,0,0,0,0,0,0,0,0,0,0,0,0,0,0,0,0,0,0
mlutz,Mitch,Lutz,HTX,6,2,0,0,0,0,0,0,0,0,0,0,0,0,0,0,0,0,0,0,0,0,0,0,0,0,0,0,0,0,0,0
mlutz,Mitch,Lutz,HTX,8,1,0,0,0,0,0,0,0,0,0,0,0,0,0,0,0,0,0,0,0,0,0,0,0,0,0,0,0,0,0,0
mlutz,Mitch,Lutz,HTX,9,2,0,0,0,0,0,0,0,0,0,0,0,0,0,0,0,0,0,0,0,0,0,0,0,0,0,0,0,0,0,0
mlutz,Mitch,Lutz,HTX,11,1,0,0,0,0,0,0,0,0,0,0,0,0,0,0,0,0,0,0,0,0,0,0,0,0,0,0,0,0,0,0
mlutz,Mitch,Lutz,HTX,12,1,0,0,0,0,0,0,0,0,0,0,0,0,0,0,0,0,0,0,0,0,0,0,0,0,0,0,0,0,0,0
mlutz,Mitch,Lutz,HTX,13,1,0,0,0,0,0,0,0,0,0,0,0,0,0,0,0,0,0,0,0,0,0,0,0,0,0,0,0,0,0,0
jlyle,Jonathan,Lyle,LA,2,2,2,2,6,2,0,0,47,49,1,0,1,49,362,439,2,2,39,19,0,0,0,0,2988,2,4,4,4,4,2,439
jlyle,Jonathan,Lyle,LA,3,1,3,4,5,0,0,0,34,36,2,0,0,37,294,246,4,5,24,16,1,1,0,0,1375,2,5,7,9,11,2,685
jlyle,Jonathan,Lyle,LA,4,1,4,3,4,0,0,0,33,35,2,0,1,39,194,317,1,2,21,14,0,0,0,0,1625,3,4,7,13,18,2,1002
jlyle,Jonathan,Lyle,LA,6,1,4,6,1,0,0,0,32,36,4,0,0,40,239,315,3,5,23,17,1,1,0,0,1768,4,6,10,19,28,2,1317
jlyle,Jonathan,Lyle,LA,7,1,2,1,1,0,0,0,23,25,2,0,0,26,99,209,0,1,19,9,0,0,0,0,1361,2,1,3,20,31,2,1526
jlyle,Jonathan,Lyle,LA,9,2,3,10,3,0,0,0,48,53,4,0,0,58,446,472,6,8,42,24,0,0,0,0,2671,4,9,13,29,44,2,1998
jlyle,Jonathan,Lyle,LA,11,1,6,4,0,0,0,0,29,30,1,0,1,33,185,295,1,1,19,12,0,0,0,0,1136,2,8,10,37,54,2,2293
jlyle,Jonathan,Lyle,LA,12,2,1,7,4,0,0,0,23,24,1,0,1,26,260,413,2,2,21,12,1,0,0,0,1333,2,6,8,43,62,2,2706
jlyle,Jonathan,Lyle,LA,13,1,0,5,4,0,0,0,24,26,1,0,0,26,257,223,2,2,17,12,1,0,0,0,1145,1,4,5,47,67,2,2929
mlyle,Matt,Lyle,HTX,1,1,0,0,0,0,0,0,0,0,0,0,0,0,0,0,0,0,0,0,0,0,0,0,0,0,0,0,0,0,0,0
mlyle,Matt,Lyle,HTX,2,1,0,0,0,0,0,0,0,0,0,0,0,0,0,0,0,0,0,0,0,0,0,0,0,0,0,0,0,0,0,0
mlyle,Matt,Lyle,HTX,3,1,0,0,0,0,0,0,0,0,0,0,0,0,0,0,0,0,0,0,0,0,0,0,0,0,0,0,0,0,0,0
mlyle,Matt,Lyle,HTX,4,1,0,0,0,0,0,0,0,0,0,0,0,0,0,0,0,0,0,0,0,0,0,0,0,0,0,0,0,0,0,0
mlyle,Matt,Lyle,HTX,6,2,0,0,0,0,0,0,0,0,0,0,0,0,0,0,0,0,0,0,0,0,0,0,0,0,0,0,0,0,0,0
mlyle,Matt,Lyle,HTX,8,1,0,0,0,0,0,0,0,0,0,0,0,0,0,0,0,0,0,0,0,0,0,0,0,0,0,0,0,0,0,0
mlyle,Matt,Lyle,HTX,9,2,0,0,0,0,0,0,0,0,0,0,0,0,0,0,0,0,0,0,0,0,0,0,0,0,0,0,0,0,0,0
mlyle,Matt,Lyle,HTX,11,1,0,0,0,0,0,0,0,0,0,0,0,0,0,0,0,0,0,0,0,0,0,0,0,0,0,0,0,0,0,0
mlyle,Matt,Lyle,HTX,12,1,0,0,0,0,0,0,3,3,0,0,0,3,-3,0,0,0,1,1,3,0,0,0,236,0,0,0,0,0,0,0
mlyle,Matt,Lyle,HTX,13,1,0,0,0,0,0,0,0,0,0,0,0,0,0,0,0,0,0,0,0,0,0,0,0,0,0,0,0,0,0,0
tlynch,Trevor,Lynch,CAR,3,1,3,0,0,0,0,0,8,8,0,0,0,10,149,19,1,1,4,2,19,3,10,1,1386,0,3,3,3,3,0,19
tlynch,Trevor,Lynch,CAR,4,2,0,1,0,1,0,0,14,18,4,0,0,17,24,132,0,1,3,1,16,2,1,1,1537,4,-2,1,1,4,1,151
tlynch,Trevor,Lynch,CAR,5,1,0,0,0,0,0,0,0,0,0,0,0,0,0,0,0,0,0,0,0,0,0,0,0,0,0,0,1,4,1,151
tlynch,Trevor,Lynch,CAR,6,2,0,0,0,0,0,0,0,0,0,0,0,0,0,0,0,0,0,0,0,0,0,0,0,0,0,0,1,4,1,151
tlynch,Trevor,Lynch,CAR,7,1,0,0,0,0,0,0,0,0,0,0,0,0,0,0,0,0,0,0,0,0,0,0,0,0,0,0,1,4,1,151
tlynch,Trevor,Lynch,CAR,9,1,2,3,3,0,0,0,20,21,0,0,0,23,237,251,2,3,15,15,3,0,0,0,930,0,5,5,6,9,1,402
tlynch,Trevor,Lynch,CAR,10,1,1,3,0,1,0,0,20,20,0,0,1,16,117,92,0,0,2,1,21,6,3,0,1508,1,4,4,10,13,2,494
tlynch,Trevor,Lynch,CAR,12,1,1,3,1,0,0,0,20,21,1,0,0,22,158,201,1,1,18,13,1,0,0,0,1242,1,3,4,13,17,2,695
tlynch,Trevor,Lynch,CAR,13,2,4,0,2,0,0,0,8,8,0,0,0,12,23,231,0,0,11,8,0,0,0,0,750,0,4,4,17,21,2,926
amacisaac,AJ,MacIsaac,LV,1,1,1,0,2,0,0,0,20,20,0,0,0,19,79,65,0,0,20,8,0,0,0,0,1096,0,1,1,1,1,0,65
amacisaac,AJ,MacIsaac,LV,2,1,0,1,2,0,0,0,18,20,1,0,0,13,184,46,2,2,9,4,5,1,0,0,1176,1,0,1,1,2,0,111
amacisaac,AJ,MacIsaac,LV,3,1,0,0,0,0,0,0,0,0,0,0,0,0,0,0,0,0,0,0,0,0,0,0,0,0,0,0,1,2,0,111
amacisaac,AJ,MacIsaac,LV,5,1,0,1,0,2,0,0,20,21,1,0,0,13,217,53,1,1,15,9,0,0,0,0,1302,1,2,1,3,3,2,164
amacisaac,AJ,MacIsaac,LV,7,2,2,1,3,0,0,0,51,53,2,0,0,46,391,264,2,3,40,19,3,0,0,0,3170,2,1,3,4,6,2,428
amacisaac,AJ,MacIsaac,LV,8,1,1,0,0,1,0,0,24,30,5,0,0,26,114,92,0,1,20,11,0,0,0,0,1196,5,-3,1,1,7,3,520
amacisaac,AJ,MacIsaac,LV,9,2,1,2,5,0,0,0,57,66,7,0,0,54,212,301,1,2,37,11,3,1,0,0,2703,7,-4,3,-3,10,3,821
amacisaac,AJ,MacIsaac,LV,11,1,0,0,0,0,0,0,0,0,0,0,0,0,0,0,0,0,0,0,0,0,0,0,0,0,0,0,-3,10,3,821
amacisaac,AJ,MacIsaac,LV,12,1,1,0,0,0,0,0,27,28,1,0,1,26,208,249,0,0,24,8,0,0,0,0,1431,2,-1,1,-4,11,3,1070
amacisaac,AJ,MacIsaac,LV,13,1,1,1,1,1,0,0,22,24,2,0,0,20,234,146,2,3,19,10,0,0,0,0,1233,2,1,2,-3,13,4,1216
nmachak,Nate,Machak,HTX,1,1,0,0,0,0,0,0,0,0,0,0,0,0,0,0,0,0,0,0,0,0,0,0,0,0,0,0,0,0,0,0
nmachak,Nate,Machak,HTX,2,1,0,0,0,0,0,0,0,0,0,0,0,0,0,0,0,0,0,0,0,0,0,0,0,0,0,0,0,0,0,0
nmachak,Nate,Machak,HTX,3,1,0,0,0,0,0,0,0,0,0,0,0,0,0,0,0,0,0,0,0,0,0,0,0,0,0,0,0,0,0,0
nmachak,Nate,Machak,HTX,4,1,0,0,0,0,0,0,0,0,0,0,0,0,0,0,0,0,0,0,0,0,0,0,0,0,0,0,0,0,0,0
nmachak,Nate,Machak,HTX,6,2,0,0,0,0,0,0,0,0,0,0,0,0,0,0,0,0,0,0,0,0,0,0,0,0,0,0,0,0,0,0
nmachak,Nate,Machak,HTX,8,1,0,0,0,0,0,0,0,0,0,0,0,0,0,0,0,0,0,0,0,0,0,0,0,0,0,0,0,0,0,0
nmachak,Nate,Machak,HTX,9,2,1,0,0,0,0,0,8,8,0,0,0,8,41,64,0,0,4,1,8,1,1,0,653,0,1,1,1,1,0,64
nmachak,Nate,Machak,HTX,11,1,0,0,0,0,0,0,0,0,0,0,0,0,0,0,0,0,0,0,0,0,0,0,0,0,0,0,1,1,0,64
nmachak,Nate,Machak,HTX,12,1,0,0,0,0,0,0,0,0,0,0,0,0,0,0,0,0,0,0,0,0,0,0,0,0,0,0,1,1,0,64
nmachak,Nate,Machak,HTX,13,1,0,0,0,0,0,0,6,6,0,0,0,6,81,24,0,0,3,2,4,1,0,0,692,0,0,0,1,1,0,88
mmackenzi,Mike,Mackenzie,TOR,2,2,3,1,3,1,0,0,16,17,1,0,0,20,134,218,1,1,9,7,30,4,11,2,2778,1,4,4,4,4,1,218
mmackenzi,Mike,Mackenzie,TOR,3,1,0,0,0,0,0,0,0,0,0,0,0,0,0,0,0,0,0,0,0,0,0,0,0,0,0,0,4,4,1,218
mmackenzi,Mike,Mackenzie,TOR,6,2,4,0,2,2,0,0,19,22,3,0,0,25,134,229,0,0,7,6,40,7,1,0,2858,3,3,4,7,8,3,447
mmackenzi,Mike,Mackenzie,TOR,7,1,1,2,2,1,0,0,9,10,1,0,1,11,107,116,0,1,3,1,22,11,9,2,1470,2,2,3,9,11,4,563
mmackenzi,Mike,Mackenzie,TOR,8,1,0,0,0,0,0,0,0,0,0,0,0,0,0,0,0,0,0,0,0,0,0,0,0,0,0,0,9,11,4,563
mmackenzi,Mike,Mackenzie,TOR,9,2,0,0,0,0,0,0,0,0,0,0,0,0,0,0,0,0,0,0,0,0,0,0,0,0,0,0,9,11,4,563
mmackenzi,Mike,Mackenzie,TOR,10,1,0,0,0,0,0,0,0,0,0,0,0,0,0,0,0,0,0,0,0,0,0,0,0,0,0,0,9,11,4,563
mmackenzi,Mike,Mackenzie,TOR,11,1,0,0,0,0,0,0,0,0,0,0,0,0,0,0,0,0,0,0,0,0,0,0,0,0,0,0,9,11,4,563
mmackenzi,Mike,Mackenzie,TOR,13,1,0,0,0,0,0,0,0,0,0,0,0,0,0,0,0,0,0,0,0,0,0,0,0,0,0,0,9,11,4,563
tmackey,Tyler,Mackey,NY,1,2,0,0,0,0,0,0,0,0,0,0,0,0,0,0,0,0,0,0,0,0,0,0,0,0,0,0,0,0,0,0
tmackey,Tyler,Mackey,NY,3,1,0,0,0,0,0,0,0,0,0,0,0,0,0,0,0,0,0,0,0,0,0,0,0,0,0,0,0,0,0,0
tmackey,Tyler,Mackey,NY,4,2,0,0,0,0,0,0,0,0,0,0,0,0,0,0,0,0,0,0,0,0,0,0,0,0,0,0,0,0,0,0
tmackey,Tyler,Mackey,NY,5,1,0,0,0,0,0,0,0,0,0,0,0,0,0,0,0,0,0,0,0,0,0,0,0,0,0,0,0,0,0,0
tmackey,Tyler,Mackey,NY,6,1,0,0,0,0,0,0,0,0,0,0,0,0,0,0,0,0,0,0,0,0,0,0,0,0,0,0,0,0,0,0
tmackey,Tyler,Mackey,NY,7,1,0,0,0,0,0,0,0,0,0,0,0,0,0,0,0,0,0,0,0,0,0,0,0,0,0,0,0,0,0,0
tmackey,Tyler,Mackey,NY,8,1,0,0,0,0,0,0,0,0,0,0,0,0,0,0,0,0,0,0,0,0,0,0,0,0,0,0,0,0,0,0
tmackey,Tyler,Mackey,NY,9,1,0,0,0,0,0,0,0,0,0,0,0,0,0,0,0,0,0,0,0,0,0,0,0,0,0,0,0,0,0,0
tmackey,Tyler,Mackey,NY,12,1,0,0,0,0,0,0,0,0,0,0,0,0,0,0,0,0,0,0,0,0,0,0,0,0,0,0,0,0,0,0
tmackey,Tyler,Mackey,NY,13,1,0,0,0,0,0,0,0,0,0,0,0,0,0,0,0,0,0,0,0,0,0,0,0,0,0,0,0,0,0,0
vmader,Vance,Mader,ATX,1,1,0,0,0,0,0,0,0,0,0,0,0,0,0,0,0,0,0,0,0,0,0,0,0,0,0,0,0,0,0,0
vmader,Vance,Mader,ATX,2,1,0,0,0,0,0,0,0,0,0,0,0,0,0,0,0,0,0,0,0,0,0,0,0,0,0,0,0,0,0,0
vmader,Vance,Mader,ATX,3,1,0,0,0,0,0,0,0,0,0,0,0,0,0,0,0,0,0,0,0,0,0,0,0,0,0,0,0,0,0,0
vmader,Vance,Mader,ATX,4,1,0,0,0,0,0,0,0,0,0,0,0,0,0,0,0,0,0,0,0,0,0,0,0,0,0,0,0,0,0,0
vmader,Vance,Mader,ATX,7,2,0,0,0,0,0,0,0,0,0,0,0,0,0,0,0,0,0,0,0,0,0,0,0,0,0,0,0,0,0,0
vmader,Vance,Mader,ATX,8,1,0,0,0,0,0,0,0,0,0,0,0,0,0,0,0,0,0,0,0,0,0,0,0,0,0,0,0,0,0,0
vmader,Vance,Mader,ATX,10,2,3,1,0,0,0,0,7,8,1,0,1,11,41,155,0,0,25,14,6,1,0,0,2097,2,2,4,2,4,0,155
vmader,Vance,Mader,ATX,11,1,1,0,3,0,0,0,6,6,0,0,0,7,49,86,0,0,0,0,15,6,0,0,797,0,1,1,3,5,0,241
vmader,Vance,Mader,ATX,12,1,1,0,0,0,0,0,2,2,0,0,0,3,10,8,0,0,0,0,10,3,0,0,780,0,1,1,4,6,0,249
vmader,Vance,Mader,ATX,13,1,0,0,0,0,0,0,0,0,0,0,0,0,0,0,0,0,0,0,0,0,0,0,0,0,0,0,4,6,0,249
smadiraju1,Suhas,Madiraju,CAR,3,1,0,0,0,0,0,0,2,2,0,0,0,2,6,-19,0,0,2,2,15,1,0,0,1171,0,0,0,0,0,0,-19
smadiraju1,Suhas,Madiraju,CAR,4,2,1,0,0,1,0,0,15,16,0,0,0,16,47,103,0,0,5,3,22,6,0,0,2165,0,2,1,2,1,1,84
smadiraju1,Suhas,Madiraju,CAR,5,1,0,0,1,1,0,0,10,11,1,0,0,10,13,5,0,0,0,0,23,5,0,0,1440,1,0,0,2,1,2,89
smadiraju1,Suhas,Madiraju,CAR,6,2,0,1,0,0,0,0,32,32,0,0,0,30,119,-16,1,1,1,0,28,14,0,0,2808,0,1,1,3,2,2,73
smadiraju1,Suhas,Madiraju,CAR,7,1,2,1,0,1,1,0,17,18,1,0,0,19,94,-53,0,0,2,0,15,5,0,0,1116,1,3,3,6,5,3,20
smadiraju1,Suhas,Madiraju,CAR,9,1,1,0,1,0,0,0,3,4,1,0,0,4,6,44,0,0,0,0,17,7,1,0,1327,1,0,1,6,6,3,64
smadiraju1,Suhas,Madiraju,CAR,10,1,0,0,0,0,0,0,0,0,0,0,0,0,0,0,0,0,0,0,0,0,0,0,0,0,0,0,6,6,3,64
smadiraju1,Suhas,Madiraju,CAR,12,1,0,0,0,0,0,0,0,0,0,0,0,0,0,0,0,0,0,0,0,0,0,0,0,0,0,0,6,6,3,64
smadiraju1,Suhas,Madiraju,CAR,13,2,0,1,2,0,0,0,29,29,0,0,0,27,111,44,0,0,5,4,29,11,0,0,2210,0,1,1,7,7,3,108
smadiraju,Suraj,Madiraju,CAR,3,1,0,0,0,0,0,0,0,0,0,0,0,0,0,0,0,0,0,0,0,0,0,0,0,0,0,0,0,0,0,0
smadiraju,Suraj,Madiraju,CAR,4,2,0,0,1,0,0,0,12,14,2,0,0,10,47,52,0,0,1,1,31,4,0,0,2189,2,-2,0,-2,0,0,52
smadiraju,Suraj,Madiraju,CAR,5,1,0,2,0,1,0,0,9,9,0,0,0,8,42,8,1,1,0,0,25,5,0,0,1580,0,3,2,1,2,1,60
smadiraju,Suraj,Madiraju,CAR,6,2,4,0,2,0,0,0,15,16,1,0,0,18,83,127,0,0,1,0,29,13,0,0,2614,1,3,4,4,6,1,187
smadiraju,Suraj,Madiraju,CAR,7,1,0,0,0,0,0,0,5,5,0,0,0,4,8,8,0,0,0,0,12,2,0,0,696,0,0,0,4,6,1,195
smadiraju,Suraj,Madiraju,CAR,9,1,1,4,0,1,0,0,19,19,0,0,0,15,122,49,0,0,0,0,21,8,0,0,1226,0,6,5,10,11,2,244
smadiraju,Suraj,Madiraju,CAR,10,1,0,0,0,0,0,0,0,0,0,0,0,0,0,0,0,0,0,0,0,0,0,0,0,0,0,0,10,11,2,244
smadiraju,Suraj,Madiraju,CAR,12,1,0,1,0,0,0,0,3,4,0,0,0,2,48,22,0,0,3,1,13,2,0,0,1152,0,1,1,11,12,2,266
smadiraju,Suraj,Madiraju,CAR,13,2,1,1,3,0,0,0,27,28,1,0,0,23,74,47,0,0,5,4,41,13,0,0,2784,1,1,2,12,14,2,313
amagee,Aidan,Magee,PHI,1,1,0,0,0,0,0,0,0,0,0,0,0,0,0,0,0,0,0,0,0,0,0,0,0,0,0,0,0,0,0,0
amagee,Aidan,Magee,PHI,2,1,0,0,0,0,0,0,0,0,0,0,0,0,0,0,0,0,0,0,0,0,0,0,0,0,0,0,0,0,0,0
amagee,Aidan,Magee,PHI,3,1,0,0,0,0,0,0,0,0,0,0,0,0,0,0,0,0,0,0,0,0,0,0,0,0,0,0,0,0,0,0
amagee,Aidan,Magee,PHI,5,1,0,0,0,0,0,0,0,0,0,0,0,0,0,0,0,0,0,0,0,0,0,0,0,0,0,0,0,0,0,0
amagee,Aidan,Magee,PHI,6,1,0,0,0,0,0,0,0,0,0,0,0,0,0,0,0,0,0,0,0,0,0,0,0,0,0,0,0,0,0,0
amagee,Aidan,Magee,PHI,7,2,0,0,0,0,0,0,0,0,0,0,0,0,0,0,0,0,0,0,0,0,0,0,0,0,0,0,0,0,0,0
amagee,Aidan,Magee,PHI,8,1,0,0,0,0,0,0,0,0,0,0,0,0,0,0,0,0,0,0,0,0,0,0,0,0,0,0,0,0,0,0
amagee,Aidan,Magee,PHI,10,1,0,0,0,0,0,0,0,0,0,0,0,0,0,0,0,0,0,0,0,0,0,0,0,0,0,0,0,0,0,0
amagee,Aidan,Magee,PHI,12,2,0,0,0,0,0,0,0,0,0,0,0,0,0,0,0,0,0,0,0,0,0,0,0,0,0,0,0,0,0,0
amagee,Aidan,Magee,PHI,13,1,0,0,0,0,0,0,0,0,0,0,0,0,0,0,0,0,0,0,0,0,0,0,0,0,0,0,0,0,0,0
emagsig,Evan,Magsig,OAK,1,1,2,1,1,0,0,0,28,31,3,0,0,18,86,16,0,1,19,14,0,0,0,0,1229,3,0,3,0,3,0,16
emagsig,Evan,Magsig,OAK,2,2,5,5,12,1,0,0,81,83,2,0,0,75,713,388,3,3,40,33,3,2,0,0,2692,2,9,10,9,13,1,404
emagsig,Evan,Magsig,OAK,3,1,1,4,4,2,0,0,60,60,0,0,0,52,433,81,2,2,23,19,2,1,1,0,1264,0,7,5,16,18,3,485
emagsig,Evan,Magsig,OAK,5,1,1,7,2,0,0,0,59,62,3,0,0,54,449,243,4,6,20,17,0,0,0,0,1639,3,5,8,21,26,3,728
emagsig,Evan,Magsig,OAK,6,1,1,7,2,0,0,0,53,55,2,0,0,45,662,212,2,3,27,17,2,0,0,0,1622,2,6,8,27,34,3,940
emagsig,Evan,Magsig,OAK,7,1,3,2,1,1,0,0,46,53,7,0,1,41,302,168,1,3,29,19,1,0,0,0,1518,8,-2,5,25,39,4,1108
emagsig,Evan,Magsig,OAK,8,1,0,3,0,1,0,0,45,45,0,0,0,38,226,84,0,0,12,10,0,0,0,0,613,0,4,3,29,42,5,1192
emagsig,Evan,Magsig,OAK,9,1,1,3,3,0,0,0,45,45,0,1,0,43,292,116,0,0,14,14,1,0,0,0,967,1,3,4,32,46,5,1308
emagsig,Evan,Magsig,OAK,10,2,2,7,7,1,0,0,130,135,5,0,0,112,837,83,4,5,45,33,3,1,0,0,2889,5,5,9,37,55,6,1391
emagsig,Evan,Magsig,OAK,13,1,0,1,0,0,0,0,40,44,3,0,0,37,106,119,1,2,14,7,1,0,0,0,1138,3,-2,1,35,56,6,1510
rmaillard,Robin,Maillard,PIT,2,1,0,0,0,0,0,0,0,0,0,0,0,0,0,0,0,0,0,0,0,0,0,0,0,0,0,0,0,0,0,0
rmaillard,Robin,Maillard,PIT,3,1,0,1,0,0,0,0,3,4,1,0,0,4,16,37,0,0,0,0,7,1,0,0,344,1,0,1,0,1,0,37
rmaillard,Robin,Maillard,PIT,4,1,0,0,0,0,0,0,0,0,0,0,0,0,0,0,0,0,0,0,0,0,0,0,0,0,0,0,0,1,0,37
rmaillard,Robin,Maillard,PIT,5,1,0,0,0,0,0,0,0,0,0,0,0,0,0,0,0,0,0,0,0,0,0,0,0,0,0,0,0,1,0,37
rmaillard,Robin,Maillard,PIT,6,1,0,0,0,0,0,0,0,0,0,0,0,0,0,0,0,0,0,0,0,0,0,0,0,0,0,0,0,1,0,37
rmaillard,Robin,Maillard,PIT,7,1,0,0,0,0,0,0,0,0,0,0,0,0,0,0,0,0,0,0,0,0,0,0,0,0,0,0,0,1,0,37
rmaillard,Robin,Maillard,PIT,8,1,0,0,0,0,0,0,0,0,0,0,0,0,0,0,0,0,0,0,0,0,0,0,0,0,0,0,0,1,0,37
rmaillard,Robin,Maillard,PIT,9,2,0,0,0,0,0,0,1,2,1,0,1,1,14,-6,0,0,2,0,7,1,0,0,744,2,-2,0,-2,1,0,31
rmaillard,Robin,Maillard,PIT,10,1,0,0,0,0,0,0,0,0,0,0,0,0,0,0,0,0,0,0,0,0,0,0,0,0,0,0,-2,1,0,31
rmaillard,Robin,Maillard,PIT,11,1,0,0,0,0,0,0,0,0,0,0,0,0,0,0,0,0,0,0,0,0,0,0,0,0,0,0,-2,1,0,31
rmaillard,Robin,Maillard,PIT,13,1,0,0,0,0,0,0,0,0,0,0,0,0,0,0,0,0,0,0,0,0,0,0,0,0,0,0,-2,1,0,31
pmans,Peter,Mans,MIN,3,1,0,0,0,0,0,0,0,0,0,0,0,0,0,0,0,0,0,0,0,0,0,0,0,0,0,0,0,0,0,0
pmans,Peter,Mans,MIN,4,1,0,0,0,0,0,0,0,0,0,0,0,0,0,0,0,0,0,0,0,0,0,0,0,0,0,0,0,0,0,0
pmans,Peter,Mans,MIN,5,1,0,2,0,0,0,0,6,6,0,0,0,6,32,55,0,0,0,0,16,9,0,0,986,0,2,2,2,2,0,55
pmans,Peter,Mans,MIN,6,1,0,0,0,0,0,0,0,0,0,0,0,0,0,0,0,0,0,0,0,0,0,0,0,0,0,0,2,2,0,55
pmans,Peter,Mans,MIN,7,1,1,0,1,0,0,0,1,2,1,0,0,3,27,32,0,1,0,0,8,4,0,0,731,1,0,1,2,3,0,87
pmans,Peter,Mans,MIN,8,1,0,0,0,0,0,0,0,0,0,0,0,0,0,0,0,0,0,0,0,0,0,0,0,0,0,0,2,3,0,87
pmans,Peter,Mans,MIN,9,1,0,0,1,0,0,0,1,1,0,0,1,1,0,8,0,0,0,0,14,10,0,0,1046,1,-1,0,1,3,0,95
pmans,Peter,Mans,MIN,11,2,0,0,0,0,0,0,0,0,0,0,0,0,0,0,0,0,0,0,0,0,0,0,0,0,0,0,1,3,0,95
pmans,Peter,Mans,MIN,12,1,0,0,0,0,0,0,0,0,0,0,0,0,0,0,0,0,0,0,0,0,0,0,0,0,0,0,1,3,0,95
pmans,Peter,Mans,MIN,13,2,2,1,0,4,0,0,16,17,1,0,0,14,68,114,0,0,8,5,11,9,0,0,1137,1,6,3,7,6,4,209
kmarcus,Kai,Marcus,MAD,2,2,0,5,1,0,0,0,31,39,7,0,0,23,470,157,3,6,26,16,0,0,0,0,2187,7,-2,5,-2,5,0,157
kmarcus,Kai,Marcus,MAD,4,1,0,0,0,0,0,0,19,20,0,0,0,14,108,18,0,1,12,7,0,0,0,0,1090,0,0,0,-2,5,0,175
kmarcus,Kai,Marcus,MAD,6,1,0,3,0,0,0,0,13,14,1,0,0,8,66,50,0,0,11,7,0,0,0,0,744,1,2,3,0,8,0,225
kmarcus,Kai,Marcus,MAD,7,1,1,4,3,0,0,0,39,40,1,0,0,39,306,142,1,1,17,12,0,0,0,0,1075,1,4,5,4,13,0,367
kmarcus,Kai,Marcus,MAD,8,2,0,3,2,0,0,0,31,35,3,0,0,31,146,121,0,3,19,11,0,0,0,0,1683,3,0,3,4,16,0,488
kmarcus,Kai,Marcus,MAD,10,2,0,6,2,1,0,0,29,33,3,0,0,26,427,-43,4,4,32,23,0,0,0,0,2335,3,4,6,8,22,1,445
kmarcus,Kai,Marcus,MAD,11,1,0,0,1,0,0,0,5,5,0,0,0,4,48,57,0,0,3,1,0,0,0,0,231,0,0,0,8,22,1,502
kmarcus,Kai,Marcus,MAD,12,1,0,0,0,0,0,0,0,0,0,0,0,0,0,0,0,0,0,0,0,0,0,0,0,0,0,0,8,22,1,502
kmarcus,Kai,Marcus,MAD,13,1,0,0,0,0,0,0,0,0,0,0,0,0,0,0,0,0,0,0,0,0,0,0,0,0,0,0,8,22,1,502
lmarks,Luke,Marks,MAD,2,2,1,1,0,2,0,0,2,2,0,0,2,2,2,9,0,0,1,0,15,5,0,0,983,2,2,2,2,2,2,9
lmarks,Luke,Marks,MAD,4,1,0,2,0,0,0,0,3,3,0,0,0,2,37,-22,0,0,1,1,15,5,5,0,988,0,2,2,4,4,2,-13
lmarks,Luke,Marks,MAD,6,1,0,0,0,6,0,0,4,5,1,0,0,4,13,38,0,0,0,0,16,9,0,0,1136,1,5,0,9,4,8,25
lmarks,Luke,Marks,MAD,7,1,1,0,0,1,0,0,6,6,0,0,0,7,-23,56,0,0,0,0,11,3,0,0,832,0,2,1,11,5,9,81
lmarks,Luke,Marks,MAD,8,2,0,1,0,2,0,0,3,5,2,0,0,4,13,34,0,1,0,0,16,3,0,0,1239,2,1,1,12,6,11,115
lmarks,Luke,Marks,MAD,10,2,1,3,0,3,0,0,16,16,0,0,1,15,174,119,1,1,2,0,46,16,8,0,2759,1,6,4,18,10,14,234
lmarks,Luke,Marks,MAD,11,1,1,2,1,3,0,0,6,7,1,0,0,7,21,79,0,0,0,0,22,14,2,0,1102,1,5,3,23,13,17,313
lmarks,Luke,Marks,MAD,12,1,0,0,0,2,0,0,0,0,0,0,0,0,0,0,0,0,0,0,8,3,0,0,1049,0,2,0,25,13,19,313
lmarks,Luke,Marks,MAD,13,1,0,1,0,2,0,0,3,4,1,0,0,1,95,-5,1,2,0,0,16,5,4,0,1036,1,2,1,27,14,21,308
mmaroon,Michael,Maroon,PHI,1,1,0,0,0,0,0,0,0,0,0,0,0,0,0,0,0,0,0,0,0,0,0,0,0,0,0,0,0,0,0,0
mmaroon,Michael,Maroon,PHI,2,1,0,0,0,0,0,0,0,0,0,0,0,0,0,0,0,0,0,0,0,0,0,0,0,0,0,0,0,0,0,0
mmaroon,Michael,Maroon,PHI,3,1,0,0,0,0,0,0,0,0,0,0,0,0,0,0,0,0,0,0,0,0,0,0,0,0,0,0,0,0,0,0
mmaroon,Michael,Maroon,PHI,5,1,0,0,0,0,0,0,0,0,0,0,0,0,0,0,0,0,0,0,0,0,0,0,0,0,0,0,0,0,0,0
mmaroon,Michael,Maroon,PHI,6,1,0,0,0,0,0,0,0,0,0,0,0,0,0,0,0,0,0,0,0,0,0,0,0,0,0,0,0,0,0,0
mmaroon,Michael,Maroon,PHI,7,2,1,3,1,0,0,0,19,23,4,0,0,24,-2,259,0,0,22,11,3,1,0,0,1726,4,0,4,0,4,0,259
mmaroon,Michael,Maroon,PHI,8,1,3,2,0,0,0,0,8,8,0,0,0,11,-25,167,0,0,11,7,2,1,0,0,862,0,5,5,5,9,0,426
mmaroon,Michael,Maroon,PHI,10,1,4,0,2,0,0,0,8,8,0,0,0,12,7,153,0,0,20,9,3,2,0,0,1592,0,4,4,9,13,0,579
mmaroon,Michael,Maroon,PHI,12,2,5,1,3,1,0,0,12,12,0,0,0,17,37,212,0,0,27,18,2,0,0,0,2156,0,7,6,16,19,1,791
mmaroon,Michael,Maroon,PHI,13,1,4,0,1,1,0,0,15,15,0,0,0,19,32,233,0,0,16,13,1,0,0,0,1107,0,5,4,21,23,2,1024
jmarsh1,John,Marsh,CHI,4,1,0,0,0,0,0,0,0,0,0,0,0,0,0,0,0,0,0,0,0,0,0,0,0,0,0,0,0,0,0,0
jmarsh1,John,Marsh,CHI,6,1,0,0,0,0,0,0,0,0,0,0,0,0,0,0,0,0,0,0,0,0,0,0,0,0,0,0,0,0,0,0
jmarsh1,John,Marsh,CHI,7,1,0,0,0,0,0,0,0,0,0,0,0,0,0,0,0,0,0,0,0,0,0,0,0,0,0,0,0,0,0,0
jmarsh1,John,Marsh,CHI,8,1,0,0,0,0,0,0,0,0,0,0,0,0,0,0,0,0,0,0,0,0,0,0,0,0,0,0,0,0,0,0
jmarsh1,John,Marsh,CHI,9,2,1,1,2,2,0,0,14,15,0,0,0,7,170,37,1,1,0,0,14,8,0,0,1111,0,4,2,4,2,2,37
jmarsh1,John,Marsh,CHI,10,2,2,1,2,0,0,0,26,29,3,0,1,29,50,146,0,0,2,1,24,10,0,0,2432,4,-1,3,3,5,2,183
jmarsh1,John,Marsh,CHI,11,2,0,0,0,0,0,0,1,1,0,0,0,1,3,3,0,0,0,0,10,2,0,0,687,0,0,0,3,5,2,186
jmarsh1,John,Marsh,CHI,13,2,1,1,1,0,0,0,11,12,0,0,0,11,65,112,0,1,0,0,18,10,0,0,1025,0,2,2,5,7,2,298
kmarshall,Kai,Marshall,COL,1,1,0,0,1,1,0,0,7,7,0,0,0,7,41,24,0,0,3,1,15,6,0,0,1394,0,1,0,1,0,1,24
kmarshall,Kai,Marshall,COL,4,2,1,1,0,2,0,0,8,9,0,0,0,10,30,72,0,0,10,5,16,6,0,0,1500,0,4,2,5,2,3,96
kmarshall,Kai,Marshall,COL,5,1,1,0,2,0,0,0,3,3,0,0,0,3,17,76,0,0,2,2,13,5,0,0,862,0,1,1,6,3,3,172
kmarshall,Kai,Marshall,COL,6,1,0,0,0,1,0,0,3,3,0,0,0,4,19,14,0,0,0,0,16,2,0,0,702,0,1,0,7,3,4,186
kmarshall,Kai,Marshall,COL,9,1,2,0,0,0,0,0,3,4,1,0,1,6,26,119,0,0,1,0,15,9,0,0,1022,2,0,2,7,5,4,305
kmarshall,Kai,Marshall,COL,10,2,0,0,0,1,0,0,8,8,0,0,0,8,24,98,0,0,2,0,28,9,0,0,1676,0,1,0,8,5,5,403
kmarshall,Kai,Marshall,COL,11,1,0,0,0,0,0,0,0,0,0,0,0,0,0,0,0,0,2,0,11,1,0,0,850,0,0,0,8,5,5,403
kmarshall,Kai,Marshall,COL,12,2,0,0,2,2,0,0,6,7,1,0,0,5,95,44,1,1,1,0,39,15,0,0,2288,1,1,0,9,5,7,447
kmarshall,Kai,Marshall,COL,13,1,0,1,0,1,0,0,3,3,0,0,0,3,5,70,0,0,0,0,16,5,0,0,1042,0,2,1,11,6,8,517
mmarshall,Malachi,Marshall,PIT,2,1,0,0,0,0,0,0,9,11,2,0,0,9,98,-19,0,0,2,1,9,0,0,0,678,2,-2,0,-2,0,0,-19
mmarshall,Malachi,Marshall,PIT,3,1,0,0,1,0,0,0,13,14,1,0,0,11,49,29,0,1,2,1,14,4,0,0,1374,1,-1,0,-3,0,0,10
mmarshall,Malachi,Marshall,PIT,4,1,0,0,0,0,0,0,0,0,0,0,0,0,0,0,0,0,0,0,0,0,0,0,0,0,0,0,-3,0,0,10
mmarshall,Malachi,Marshall,PIT,5,1,0,0,0,0,0,0,0,0,0,0,0,0,0,0,0,0,0,0,0,0,0,0,0,0,0,0,-3,0,0,10
mmarshall,Malachi,Marshall,PIT,6,1,0,0,0,1,0,0,2,4,2,0,0,3,12,17,0,0,2,0,6,2,0,0,596,2,-1,0,-4,0,1,27
mmarshall,Malachi,Marshall,PIT,7,1,1,1,1,0,0,0,7,7,0,0,0,5,71,36,0,0,3,0,11,5,0,0,897,0,2,2,-2,2,1,63
mmarshall,Malachi,Marshall,PIT,8,1,0,0,0,0,0,0,4,4,0,0,0,2,34,9,0,0,1,0,9,1,0,0,548,0,0,0,-2,2,1,72
mmarshall,Malachi,Marshall,PIT,9,2,1,1,1,0,0,0,11,11,0,0,0,6,117,80,2,2,11,5,13,2,0,0,1477,0,2,2,0,4,1,152
mmarshall,Malachi,Marshall,PIT,10,1,0,0,0,0,0,0,8,8,0,0,0,8,64,45,0,0,0,0,14,7,0,0,1319,0,0,0,0,4,1,197
mmarshall,Malachi,Marshall,PIT,11,1,0,0,3,1,0,0,31,31,0,0,0,21,202,50,0,0,22,16,0,0,0,0,1663,0,1,0,1,4,2,247
mmarshall,Malachi,Marshall,PIT,13,1,1,0,1,0,0,0,14,15,1,0,0,8,139,34,0,0,21,8,0,0,0,0,1326,1,0,1,1,5,2,281
gmartin1,Garrett,Martin,SEA,2,1,2,5,2,1,0,0,22,24,2,0,1,26,144,222,0,0,23,19,1,0,0,0,1429,3,5,7,5,7,1,222
gmartin1,Garrett,Martin,SEA,3,2,4,6,3,1,0,0,33,34,1,0,1,37,286,561,2,2,47,33,0,0,0,0,2509,2,9,10,14,17,2,783
gmartin1,Garrett,Martin,SEA,4,1,3,4,3,1,0,0,30,32,1,0,1,33,275,350,3,3,21,14,1,1,0,0,1990,2,6,7,20,24,3,1133
gmartin1,Garrett,Martin,SEA,5,2,8,1,3,0,0,0,21,24,3,0,0,32,60,277,1,1,40,26,0,0,0,0,2793,3,6,9,26,33,3,1410
gmartin1,Garrett,Martin,SEA,6,1,5,3,1,0,0,0,18,19,1,0,2,24,128,334,0,0,25,16,1,0,0,0,1715,3,5,8,31,41,3,1744
gmartin1,Garrett,Martin,SEA,7,1,5,2,3,0,0,0,18,20,2,0,0,26,68,325,0,1,12,9,7,5,0,0,1331,2,5,7,36,48,3,2069
gmartin1,Garrett,Martin,SEA,9,1,2,4,2,1,0,0,12,12,0,0,0,14,182,101,2,2,15,13,3,1,0,0,1274,0,7,6,43,54,4,2170
gmartin1,Garrett,Martin,SEA,10,1,1,5,1,0,0,0,25,26,1,0,0,27,108,281,0,1,21,12,3,1,0,0,1898,1,5,6,48,60,4,2451
gmartin1,Garrett,Martin,SEA,13,2,7,1,5,0,0,0,25,26,1,0,1,32,222,282,1,1,20,16,4,2,0,0,1606,2,6,8,54,68,4,2733
gmartin,Greg,Martin,PHI,1,1,3,1,1,1,0,0,13,17,4,0,1,20,50,155,0,1,20,14,0,0,0,0,1371,5,0,4,0,4,1,155
gmartin,Greg,Martin,PHI,2,1,1,0,1,0,0,0,15,16,1,0,0,17,31,183,0,0,16,12,2,1,1,1,1102,1,0,1,0,5,1,338
gmartin,Greg,Martin,PHI,3,1,0,0,0,0,0,0,0,0,0,0,0,0,0,0,0,0,0,0,0,0,0,0,0,0,0,0,0,5,1,338
gmartin,Greg,Martin,PHI,5,1,0,0,0,0,0,0,0,0,0,0,0,0,0,0,0,0,0,0,0,0,0,0,0,0,0,0,0,5,1,338
gmartin,Greg,Martin,PHI,6,1,0,0,0,0,0,0,0,0,0,0,0,0,0,0,0,0,0,0,0,0,0,0,0,0,0,0,0,5,1,338
gmartin,Greg,Martin,PHI,7,2,0,0,0,0,0,0,0,0,0,0,0,0,0,0,0,0,0,0,0,0,0,0,0,0,0,0,0,5,1,338
gmartin,Greg,Martin,PHI,8,1,0,0,0,0,0,0,0,0,0,0,0,0,0,0,0,0,0,0,0,0,0,0,0,0,0,0,0,5,1,338
gmartin,Greg,Martin,PHI,10,1,2,2,0,0,0,0,12,17,5,0,0,19,62,263,1,2,16,9,1,0,0,0,1170,5,-1,4,-1,9,1,601
gmartin,Greg,Martin,PHI,12,2,0,0,0,0,0,0,0,0,0,0,0,0,0,0,0,0,0,0,0,0,0,0,0,0,0,0,-1,9,1,601
gmartin,Greg,Martin,PHI,13,1,0,0,0,0,0,0,0,0,0,0,0,0,0,0,0,0,0,0,0,0,0,0,0,0,0,0,-1,9,1,601
rmartin1,Ryan,Martin,LV,1,1,0,0,0,0,0,0,0,0,0,0,0,0,0,0,0,0,0,0,0,0,0,0,0,0,0,0,0,0,0,0
rmartin1,Ryan,Martin,LV,2,1,0,0,0,0,0,0,0,0,0,0,0,0,0,0,0,0,0,0,0,0,0,0,0,0,0,0,0,0,0,0
rmartin1,Ryan,Martin,LV,3,1,0,0,0,0,0,0,0,0,0,0,0,0,0,0,0,0,0,0,0,0,0,0,0,0,0,0,0,0,0,0
rmartin1,Ryan,Martin,LV,5,1,0,0,0,0,0,0,0,0,0,0,0,0,0,0,0,0,0,0,0,0,0,0,0,0,0,0,0,0,0,0
rmartin1,Ryan,Martin,LV,7,2,1,0,0,1,0,0,14,15,1,0,1,10,86,135,1,1,12,5,13,4,0,0,2069,2,0,1,0,1,1,135
rmartin1,Ryan,Martin,LV,8,1,0,0,0,0,0,0,0,0,0,0,0,0,0,0,0,0,0,0,0,0,0,0,0,0,0,0,0,1,1,135
rmartin1,Ryan,Martin,LV,9,2,0,0,0,0,0,0,9,10,0,0,0,7,11,3,0,0,8,2,16,1,3,0,1685,0,0,0,0,1,1,138
rmartin1,Ryan,Martin,LV,11,1,0,0,0,0,0,0,1,1,0,0,0,0,-9,0,0,0,2,0,5,1,0,0,366,0,0,0,0,1,1,138
rmartin1,Ryan,Martin,LV,12,1,1,0,0,1,0,0,2,2,0,0,0,3,6,34,0,0,0,0,13,2,0,0,757,0,2,1,2,2,2,172
rmartin1,Ryan,Martin,LV,13,1,0,0,0,0,0,0,0,0,0,0,0,0,0,0,0,0,0,0,0,0,0,0,0,0,0,0,2,2,2,172
zmassi,Zakarie,Massi,MTL,1,1,0,1,0,0,0,0,2,5,2,0,0,2,53,11,1,2,1,0,11,1,0,0,656,2,-1,1,-1,1,0,11
zmassi,Zakarie,Massi,MTL,3,2,0,0,0,0,0,0,0,1,0,0,0,1,0,-6,0,0,0,0,9,0,0,0,730,0,0,0,-1,1,0,5
zmassi,Zakarie,Massi,MTL,4,1,0,0,0,0,0,0,0,0,0,0,0,0,0,0,0,0,0,0,10,0,0,0,783,0,0,0,-1,1,0,5
zmassi,Zakarie,Massi,MTL,6,1,0,0,0,0,0,0,0,0,0,0,0,0,0,0,0,0,0,0,0,0,0,0,0,0,0,0,-1,1,0,5
zmassi,Zakarie,Massi,MTL,7,2,1,1,0,1,0,0,3,4,0,0,0,4,12,59,0,1,1,1,15,6,0,0,1056,0,3,2,2,3,1,64
zmassi,Zakarie,Massi,MTL,8,1,0,0,0,0,0,0,0,0,0,0,0,0,0,0,0,0,0,0,0,0,0,0,0,0,0,0,2,3,1,64
zmassi,Zakarie,Massi,MTL,10,2,0,0,0,0,0,0,0,0,0,0,0,0,0,0,0,0,0,0,0,0,0,0,0,0,0,0,2,3,1,64
zmassi,Zakarie,Massi,MTL,11,1,0,0,0,0,0,0,0,0,0,0,0,0,0,0,0,0,0,0,0,0,0,0,0,0,0,0,2,3,1,64
zmassi,Zakarie,Massi,MTL,13,1,2,1,0,0,0,0,3,3,0,0,0,2,22,32,0,0,0,0,14,5,0,0,1019,0,3,3,5,6,1,96
jmast,Jonathan,Mast,PIT,2,1,1,2,6,0,0,0,59,60,1,0,0,54,342,209,0,0,24,19,0,0,0,0,1217,1,2,3,2,3,0,209
jmast,Jonathan,Mast,PIT,3,1,1,6,1,0,0,0,58,60,2,0,0,49,401,70,2,3,22,19,0,0,0,0,1551,2,5,7,7,10,0,279
jmast,Jonathan,Mast,PIT,4,1,1,1,2,0,0,0,57,59,1,0,1,49,310,132,0,0,23,11,0,0,0,0,1766,2,0,2,7,12,0,411
jmast,Jonathan,Mast,PIT,5,1,0,3,1,0,0,0,40,42,0,0,0,36,204,36,1,1,26,9,0,0,0,0,1509,0,3,3,10,15,0,447
jmast,Jonathan,Mast,PIT,6,1,1,1,0,0,0,0,25,25,0,0,0,19,174,-15,1,1,17,7,0,0,0,0,1350,0,2,2,12,17,0,432
jmast,Jonathan,Mast,PIT,7,1,0,2,4,0,0,0,48,51,3,0,0,42,470,-85,0,2,22,13,0,0,0,0,1820,3,-1,2,11,19,0,347
jmast,Jonathan,Mast,PIT,8,1,1,4,4,0,0,0,43,47,4,0,0,42,379,48,1,2,20,10,0,0,0,0,1319,4,1,5,12,24,0,395
jmast,Jonathan,Mast,PIT,9,2,1,2,2,1,0,0,21,23,2,0,1,14,194,93,2,2,21,8,0,0,0,0,1211,3,1,3,13,27,1,488
jmast,Jonathan,Mast,PIT,10,1,0,0,0,0,0,0,0,0,0,0,0,0,0,0,0,0,0,0,0,0,0,0,0,0,0,0,13,27,1,488
jmast,Jonathan,Mast,PIT,11,1,1,6,1,0,0,0,47,50,2,0,0,45,385,177,3,5,21,16,0,0,0,0,1630,2,5,7,18,34,1,665
jmast,Jonathan,Mast,PIT,13,1,0,1,1,0,0,0,32,34,2,0,0,31,292,201,1,1,21,8,0,0,0,0,1326,2,-1,1,17,35,1,866
bmathie,Becker,Mathie,MIN,3,1,0,0,0,0,0,0,0,0,0,0,0,0,0,0,0,0,0,0,0,0,0,0,0,0,0,0,0,0,0,0
bmathie,Becker,Mathie,MIN,4,1,0,0,0,0,0,0,0,0,0,0,0,0,0,0,0,0,0,0,0,0,0,0,0,0,0,0,0,0,0,0
bmathie,Becker,Mathie,MIN,5,1,2,0,2,2,0,0,7,7,0,0,0,5,21,59,0,0,2,2,16,10,0,0,1016,0,4,2,4,2,2,59
bmathie,Becker,Mathie,MIN,6,1,0,0,0,0,0,0,0,0,0,0,0,0,0,0,0,0,0,0,0,0,0,0,0,0,0,0,4,2,2,59
bmathie,Becker,Mathie,MIN,7,1,0,0,0,0,0,0,0,0,0,0,0,0,0,0,0,0,0,0,0,0,0,0,0,0,0,0,4,2,2,59
bmathie,Becker,Mathie,MIN,8,1,0,0,0,0,0,0,0,0,0,0,0,0,0,0,0,0,0,0,0,0,0,0,0,0,0,0,4,2,2,59
bmathie,Becker,Mathie,MIN,9,1,0,0,0,0,0,0,0,0,0,0,0,0,0,0,0,0,0,0,0,0,0,0,0,0,0,0,4,2,2,59
bmathie,Becker,Mathie,MIN,11,2,0,0,0,0,0,0,0,0,0,0,0,0,0,0,0,0,0,0,0,0,0,0,0,0,0,0,4,2,2,59
bmathie,Becker,Mathie,MIN,12,1,0,0,0,0,0,0,0,0,0,0,0,0,0,0,0,0,0,0,0,0,0,0,0,0,0,0,4,2,2,59
bmathie,Becker,Mathie,MIN,13,2,0,0,0,0,0,0,0,0,0,0,0,0,0,0,0,0,0,0,0,0,0,0,0,0,0,0,4,2,2,59
bmatis,Brandon,Matis,MIN,3,1,0,0,0,0,0,0,0,0,0,0,0,0,0,0,0,0,0,0,0,0,0,0,0,0,0,0,0,0,0,0
bmatis,Brandon,Matis,MIN,4,1,0,0,0,0,0,0,0,0,0,0,0,0,0,0,0,0,0,0,0,0,0,0,0,0,0,0,0,0,0,0
bmatis,Brandon,Matis,MIN,5,1,0,0,0,0,0,0,0,0,0,0,0,0,0,0,0,0,0,0,0,0,0,0,0,0,0,0,0,0,0,0
bmatis,Brandon,Matis,MIN,6,1,0,0,0,0,0,0,0,0,0,0,0,0,0,0,0,0,0,0,0,0,0,0,0,0,0,0,0,0,0,0
bmatis,Brandon,Matis,MIN,7,1,0,0,0,0,0,0,0,0,0,0,0,0,0,0,0,0,0,0,0,0,0,0,0,0,0,0,0,0,0,0
bmatis,Brandon,Matis,MIN,8,1,0,0,0,0,0,0,0,0,0,0,0,0,0,0,0,0,0,0,0,0,0,0,0,0,0,0,0,0,0,0
bmatis,Brandon,Matis,MIN,9,1,0,0,0,0,0,0,0,0,0,0,0,0,0,0,0,0,0,0,0,0,0,0,0,0,0,0,0,0,0,0
bmatis,Brandon,Matis,MIN,11,2,0,0,0,0,0,0,0,0,0,0,0,0,0,0,0,0,0,0,0,0,0,0,0,0,0,0,0,0,0,0
bmatis,Brandon,Matis,MIN,12,1,0,0,0,0,0,0,0,0,0,0,0,0,0,0,0,0,0,0,0,0,0,0,0,0,0,0,0,0,0,0
bmatis,Brandon,Matis,MIN,13,2,0,0,0,0,0,0,0,0,0,0,0,0,0,0,0,0,0,0,0,0,0,0,0,0,0,0,0,0,0,0
wmatthews,Walker,Matthews,CAR,3,1,0,0,0,0,0,0,0,0,0,0,0,0,0,0,0,0,0,0,0,0,0,0,0,0,0,0,0,0,0,0
wmatthews,Walker,Matthews,CAR,4,2,2,1,1,1,0,0,6,6,0,0,0,8,25,105,0,0,2,2,15,4,7,1,1179,0,4,3,4,3,1,105
wmatthews,Walker,Matthews,CAR,5,1,0,0,0,0,0,0,0,0,0,0,0,0,0,0,0,0,0,0,0,0,0,0,0,0,0,0,4,3,1,105
wmatthews,Walker,Matthews,CAR,6,2,0,3,0,0,0,0,9,11,2,0,0,11,115,113,2,2,1,0,21,9,11,3,1727,2,1,3,5,6,1,218
wmatthews,Walker,Matthews,CAR,7,1,0,0,0,0,0,0,3,3,0,0,0,3,5,67,0,0,2,0,8,1,3,0,552,0,0,0,5,6,1,285
wmatthews,Walker,Matthews,CAR,9,1,0,0,0,0,0,0,0,0,0,0,0,0,0,0,0,0,0,0,0,0,0,0,0,0,0,0,5,6,1,285
wmatthews,Walker,Matthews,CAR,10,1,0,0,0,0,0,0,0,0,0,0,0,0,0,0,0,0,0,0,0,0,0,0,0,0,0,0,5,6,1,285
wmatthews,Walker,Matthews,CAR,12,1,0,0,0,0,0,0,0,0,0,0,0,0,0,0,0,0,0,0,0,0,0,0,0,0,0,0,5,6,1,285
wmatthews,Walker,Matthews,CAR,13,2,0,0,0,0,0,0,0,0,0,0,0,0,0,0,0,0,0,0,0,0,0,0,0,0,0,0,5,6,1,285
wmatthews1,Wilson,Matthews,CHI,4,1,1,0,1,0,0,0,6,6,0,0,0,7,-6,60,0,0,11,6,0,0,0,0,993,0,1,1,1,1,0,60
wmatthews1,Wilson,Matthews,CHI,6,1,5,0,2,0,0,0,14,14,0,0,0,19,-17,317,0,0,20,14,0,0,0,0,1452,0,5,5,6,6,0,377
wmatthews1,Wilson,Matthews,CHI,7,1,2,1,0,0,0,0,8,8,0,0,0,10,-7,188,0,0,15,10,0,0,0,0,1286,0,3,3,9,9,0,565
wmatthews1,Wilson,Matthews,CHI,8,1,3,0,0,0,0,0,4,4,0,0,1,7,-18,134,0,0,10,9,1,0,0,0,657,1,2,3,11,12,0,699
wmatthews1,Wilson,Matthews,CHI,9,2,0,0,4,2,0,0,13,14,1,0,0,13,50,185,0,0,25,20,4,4,0,0,2048,1,1,0,12,12,2,884
wmatthews1,Wilson,Matthews,CHI,10,2,3,0,0,0,0,0,7,7,0,0,0,10,43,183,0,0,15,12,1,0,0,0,1131,0,3,3,15,15,2,1067
wmatthews1,Wilson,Matthews,CHI,11,2,2,0,0,0,0,0,5,6,1,0,0,8,-13,103,0,0,13,10,1,0,0,0,1122,1,1,2,16,17,2,1170
wmatthews1,Wilson,Matthews,CHI,13,2,2,0,1,0,0,0,8,8,0,0,0,10,6,175,0,0,16,9,1,0,0,0,1139,0,2,2,18,19,2,1345
rmauntel,Ray,Mauntel,CHI,4,1,0,0,0,0,0,0,0,0,0,0,0,0,0,0,0,0,0,0,0,0,0,0,0,0,0,0,0,0,0,0
rmauntel,Ray,Mauntel,CHI,6,1,0,0,0,0,0,0,0,0,0,0,0,0,0,0,0,0,0,0,0,0,0,0,0,0,0,0,0,0,0,0
rmauntel,Ray,Mauntel,CHI,7,1,0,0,0,0,0,0,0,0,0,0,0,0,0,0,0,0,0,0,0,0,0,0,0,0,0,0,0,0,0,0
rmauntel,Ray,Mauntel,CHI,8,1,1,0,1,1,0,0,5,6,1,0,0,7,0,113,0,0,0,0,21,6,0,0,1608,1,1,1,1,1,1,113
rmauntel,Ray,Mauntel,CHI,9,2,1,2,1,1,0,0,5,5,0,0,0,6,29,172,0,0,0,0,20,10,5,0,1723,0,4,3,5,4,2,285
rmauntel,Ray,Mauntel,CHI,10,2,3,2,1,1,0,0,11,12,0,0,1,15,75,156,0,1,0,0,34,19,0,0,2551,1,5,5,10,9,3,441
rmauntel,Ray,Mauntel,CHI,11,2,0,0,0,0,0,0,2,2,0,0,1,3,13,31,0,0,0,0,12,2,0,0,890,1,-1,0,9,9,3,472
rmauntel,Ray,Mauntel,CHI,13,2,0,1,2,1,0,0,8,8,0,0,0,7,70,77,0,0,0,0,19,9,1,0,1186,0,2,1,11,10,4,549
gmay,Gavin,May,NY,1,2,0,0,0,0,0,0,0,0,0,0,0,0,0,0,0,0,0,0,0,0,0,0,0,0,0,0,0,0,0,0
gmay,Gavin,May,NY,3,1,0,0,0,0,0,0,0,0,0,0,0,0,0,0,0,0,0,0,0,0,0,0,0,0,0,0,0,0,0,0
gmay,Gavin,May,NY,4,2,0,0,0,0,0,0,0,0,0,0,0,0,0,0,0,0,0,0,0,0,0,0,0,0,0,0,0,0,0,0
gmay,Gavin,May,NY,5,1,0,0,0,0,0,0,0,0,0,0,0,0,0,0,0,0,0,0,3,2,0,0,174,0,0,0,0,0,0,0
gmay,Gavin,May,NY,6,1,0,0,0,0,0,0,0,0,0,0,0,0,0,0,0,0,2,0,8,0,0,0,496,0,0,0,0,0,0,0
gmay,Gavin,May,NY,7,1,0,0,0,0,0,0,0,0,0,0,0,0,0,0,0,0,0,0,0,0,0,0,0,0,0,0,0,0,0,0
gmay,Gavin,May,NY,8,1,0,0,0,0,0,0,1,1,0,0,0,1,13,8,0,0,0,0,5,2,0,0,411,0,0,0,0,0,0,8
gmay,Gavin,May,NY,9,1,0,0,0,0,0,0,0,0,0,0,0,0,0,0,0,0,0,0,0,0,0,0,0,0,0,0,0,0,0,8
gmay,Gavin,May,NY,12,1,0,0,0,0,0,0,0,0,0,0,0,0,0,0,0,0,0,0,0,0,0,0,0,0,0,0,0,0,0,8
gmay,Gavin,May,NY,13,1,0,0,0,0,0,0,0,0,0,0,0,0,0,0,0,0,0,0,0,0,0,0,0,0,0,0,0,0,0,8
hmay,Hunter,May,COL,1,1,3,2,0,2,0,0,2,2,0,0,0,4,12,129,0,0,1,0,13,9,0,0,665,0,7,5,7,5,2,129
hmay,Hunter,May,COL,4,2,1,0,0,1,0,0,2,3,0,0,0,5,-1,108,0,0,2,1,22,4,0,0,2160,0,2,1,9,6,3,237
hmay,Hunter,May,COL,5,1,1,0,0,2,0,0,1,1,0,0,1,2,2,101,0,0,0,0,12,6,0,0,1005,1,2,1,11,7,5,338
hmay,Hunter,May,COL,6,1,2,0,0,0,0,0,1,1,0,0,0,3,-4,68,0,0,0,0,16,5,0,0,927,0,2,2,13,9,5,406
hmay,Hunter,May,COL,9,1,3,0,0,2,0,0,1,1,0,0,0,3,-2,126,0,0,0,0,15,7,0,0,1072,0,5,3,18,12,7,532
hmay,Hunter,May,COL,10,2,2,2,3,3,0,0,10,10,0,0,1,12,9,215,0,0,8,4,27,11,0,0,2602,1,6,4,24,16,10,747
hmay,Hunter,May,COL,11,1,0,0,0,1,0,0,0,1,1,0,0,1,0,9,0,0,3,0,11,1,0,0,677,1,0,0,24,16,11,756
hmay,Hunter,May,COL,12,2,0,0,0,0,0,0,0,0,0,0,0,0,0,0,0,0,0,0,2,0,0,0,64,0,0,0,24,16,11,756
hmay,Hunter,May,COL,13,1,0,0,0,0,0,0,0,0,0,0,0,0,0,0,0,0,0,0,0,0,0,0,0,0,0,0,24,16,11,756
rmccabe,Robby,McCabe,OAK,1,1,0,0,0,0,0,0,0,0,0,0,0,0,0,0,0,0,0,0,0,0,0,0,0,0,0,0,0,0,0,0
rmccabe,Robby,McCabe,OAK,2,2,0,0,0,0,0,0,0,0,0,0,0,0,0,0,0,0,0,0,0,0,0,0,0,0,0,0,0,0,0,0
rmccabe,Robby,McCabe,OAK,3,1,0,0,0,0,0,0,0,0,0,0,0,0,0,0,0,0,0,0,0,0,0,0,0,0,0,0,0,0,0,0
rmccabe,Robby,McCabe,OAK,5,1,0,0,0,0,0,0,0,0,0,0,0,0,0,0,0,0,0,0,0,0,0,0,0,0,0,0,0,0,0,0
rmccabe,Robby,McCabe,OAK,6,1,0,0,0,0,0,0,0,0,0,0,0,0,0,0,0,0,0,0,0,0,0,0,0,0,0,0,0,0,0,0
rmccabe,Robby,McCabe,OAK,7,1,0,0,0,0,0,0,0,0,0,0,0,0,0,0,0,0,0,0,0,0,0,0,0,0,0,0,0,0,0,0
rmccabe,Robby,McCabe,OAK,8,1,0,0,0,0,0,0,0,0,0,0,0,0,0,0,0,0,0,0,0,0,0,0,0,0,0,0,0,0,0,0
rmccabe,Robby,McCabe,OAK,9,1,0,0,0,0,0,0,0,0,0,0,0,0,0,0,0,0,0,0,0,0,0,0,0,0,0,0,0,0,0,0
rmccabe,Robby,McCabe,OAK,10,2,0,0,0,0,0,0,0,0,0,0,0,0,0,0,0,0,0,0,0,0,0,0,0,0,0,0,0,0,0,0
rmccabe,Robby,McCabe,OAK,13,1,0,0,0,0,0,0,0,0,0,0,0,0,0,0,0,0,0,0,0,0,0,0,0,0,0,0,0,0,0,0
smccall1,Stefan,McCall,OAK,1,1,0,0,0,0,0,0,0,0,0,0,0,0,0,0,0,0,0,0,0,0,0,0,0,0,0,0,0,0,0,0
smccall1,Stefan,McCall,OAK,2,2,0,0,0,0,0,0,0,0,0,0,0,0,0,0,0,0,0,0,0,0,0,0,0,0,0,0,0,0,0,0
smccall1,Stefan,McCall,OAK,3,1,0,0,0,0,0,0,0,0,0,0,0,0,0,0,0,0,0,0,0,0,0,0,0,0,0,0,0,0,0,0
smccall1,Stefan,McCall,OAK,5,1,0,1,0,1,0,0,4,5,1,0,1,5,38,60,1,1,0,0,11,6,0,0,1097,2,0,1,0,1,1,60
smccall1,Stefan,McCall,OAK,6,1,1,1,0,0,0,0,4,4,0,0,0,5,104,63,1,1,3,1,17,4,0,0,1530,0,2,2,2,3,1,123
smccall1,Stefan,McCall,OAK,7,1,0,1,0,2,0,0,6,6,0,0,0,6,10,48,1,1,1,0,17,3,0,0,1048,0,3,1,5,4,3,171
smccall1,Stefan,McCall,OAK,8,1,0,3,1,2,0,0,15,17,2,0,0,15,72,128,0,0,0,0,14,8,0,0,1308,2,3,3,8,7,5,299
smccall1,Stefan,McCall,OAK,9,1,3,2,2,1,0,0,31,32,1,0,0,32,112,185,0,1,0,0,19,12,0,0,1174,1,5,5,13,12,6,484
smccall1,Stefan,McCall,OAK,10,2,1,3,0,1,0,0,9,9,0,0,0,10,57,75,0,0,4,2,33,10,0,0,2320,0,5,4,18,16,7,559
smccall1,Stefan,McCall,OAK,13,1,0,0,0,1,0,0,8,9,1,0,0,8,3,63,0,1,3,3,12,5,0,0,1351,1,0,0,18,16,8,622
bmccann,Brendan,McCann,BOS,1,1,0,1,0,0,0,0,13,14,0,0,0,12,123,-11,1,1,0,0,15,6,0,0,1028,0,1,1,1,1,0,-11
bmccann,Brendan,McCann,BOS,3,1,0,0,1,2,0,0,14,14,0,0,1,11,233,-54,3,3,0,0,13,6,5,0,1135,1,1,0,2,1,2,-65
bmccann,Brendan,McCann,BOS,4,2,3,1,0,0,0,0,14,15,1,0,0,16,169,7,1,1,0,0,24,9,8,1,2449,1,3,4,5,5,2,-58
bmccann,Brendan,McCann,BOS,7,1,0,0,1,0,0,0,5,7,1,0,0,5,17,-14,0,1,0,0,14,5,1,0,789,1,-1,0,4,5,2,-72
bmccann,Brendan,McCann,BOS,8,2,0,0,0,1,0,0,22,26,4,0,0,23,80,-41,0,1,1,0,37,7,17,0,2248,4,-3,0,1,5,3,-113
bmccann,Brendan,McCann,BOS,9,1,0,1,1,0,0,0,10,10,0,0,0,9,48,20,0,0,0,0,15,7,7,0,1027,0,1,1,2,6,3,-93
bmccann,Brendan,McCann,BOS,11,1,0,0,1,0,0,0,15,16,0,0,0,14,83,-10,0,0,0,0,15,3,1,1,1199,0,0,0,2,6,3,-103
bmccann,Brendan,McCann,BOS,12,2,1,0,1,0,0,0,25,25,0,0,0,20,193,-6,1,1,2,1,27,2,9,0,2138,0,1,1,3,7,3,-109
bmccann,Brendan,McCann,BOS,13,1,1,1,1,0,0,0,18,18,0,0,0,13,119,98,1,1,3,2,18,7,12,1,1396,0,2,2,5,9,3,-11
mmccarthy,Mitchell,McCarthy,MAD,2,2,0,3,0,2,0,0,11,15,3,0,0,12,186,127,1,3,8,4,16,5,13,0,1585,3,2,3,2,3,2,127
mmccarthy,Mitchell,McCarthy,MAD,4,1,2,2,1,2,0,0,14,15,1,0,1,15,183,83,1,1,4,3,12,4,4,1,1008,2,4,4,6,7,4,210
mmccarthy,Mitchell,McCarthy,MAD,6,1,5,1,2,0,0,0,9,11,2,0,0,14,108,92,1,1,4,4,12,7,0,0,1248,2,4,6,10,13,4,302
mmccarthy,Mitchell,McCarthy,MAD,7,1,0,0,0,0,0,0,12,13,1,1,0,12,198,59,1,2,4,1,10,3,0,0,1081,2,-2,0,8,13,4,361
mmccarthy,Mitchell,McCarthy,MAD,8,2,4,0,3,3,0,0,18,19,1,0,0,14,67,46,0,0,11,8,28,11,8,0,2541,1,6,4,14,17,7,407
mmccarthy,Mitchell,McCarthy,MAD,10,2,3,3,2,4,0,0,25,31,6,0,0,28,162,240,1,1,4,4,31,14,3,0,2386,6,4,6,18,23,11,647
mmccarthy,Mitchell,McCarthy,MAD,11,1,2,1,0,1,0,0,9,11,1,0,0,11,73,63,1,2,3,2,17,10,0,0,969,1,3,3,21,26,12,710
mmccarthy,Mitchell,McCarthy,MAD,12,1,0,1,0,0,0,0,12,12,0,0,0,8,149,23,1,1,3,2,7,3,3,0,1254,0,1,1,22,27,12,733
mmccarthy,Mitchell,McCarthy,MAD,13,1,2,0,2,0,0,0,10,11,1,0,0,13,52,30,0,0,6,2,12,5,2,0,1099,1,1,2,23,29,12,763
lmcclamro,Lukas,McClamrock,ATL,1,1,0,1,0,0,0,0,7,8,1,0,0,6,13,35,0,0,0,0,15,2,0,0,824,1,0,1,0,1,0,35
lmcclamro,Lukas,McClamrock,ATL,3,2,4,1,2,4,0,0,15,16,1,0,0,15,151,56,0,0,0,0,31,9,0,0,2216,1,8,5,8,6,4,91
lmcclamro,Lukas,McClamrock,ATL,4,2,1,0,2,3,0,0,18,21,3,0,0,15,92,94,0,0,0,0,25,10,0,0,1567,3,1,1,9,7,7,185
lmcclamro,Lukas,McClamrock,ATL,5,1,1,0,1,2,1,0,8,8,0,0,0,7,35,20,0,0,0,0,16,5,0,0,918,0,3,1,12,8,9,205
lmcclamro,Lukas,McClamrock,ATL,6,2,0,5,1,3,0,0,25,27,1,0,0,24,165,36,0,0,2,1,35,8,0,0,2873,1,7,5,19,13,12,241
lmcclamro,Lukas,McClamrock,ATL,7,1,0,0,3,1,0,0,9,11,2,0,0,8,71,20,0,0,1,1,17,3,0,0,1208,2,-1,0,18,13,13,261
lmcclamro,Lukas,McClamrock,ATL,9,1,0,1,1,1,0,0,6,7,1,0,0,5,121,78,1,1,0,0,19,6,0,0,1359,1,1,1,19,14,14,339
lmcclamro,Lukas,McClamrock,ATL,10,1,0,0,0,0,0,0,0,0,0,0,0,0,0,0,0,0,0,0,0,0,0,0,0,0,0,0,19,14,14,339
lmcclamro,Lukas,McClamrock,ATL,12,1,0,0,0,0,0,0,0,0,0,0,0,0,0,0,0,0,0,0,0,0,0,0,0,0,0,0,19,14,14,339
jmcclean,James,McClean,TOR,2,2,0,0,0,0,0,0,1,1,0,0,0,1,-7,2,0,0,0,0,8,3,0,0,478,0,0,0,0,0,0,2
jmcclean,James,McClean,TOR,3,1,0,0,0,0,0,0,1,1,0,0,0,1,15,22,0,0,0,0,7,1,0,0,362,0,0,0,0,0,0,24
jmcclean,James,McClean,TOR,6,2,0,0,0,0,0,0,0,0,0,0,0,0,0,0,0,0,0,0,0,0,0,0,0,0,0,0,0,0,0,24
jmcclean,James,McClean,TOR,7,1,0,0,0,0,0,0,0,0,0,0,0,0,0,0,0,0,0,0,0,0,0,0,0,0,0,0,0,0,0,24
jmcclean,James,McClean,TOR,8,1,0,0,0,0,0,0,0,0,0,0,0,0,0,0,0,0,0,0,0,0,0,0,0,0,0,0,0,0,0,24
jmcclean,James,McClean,TOR,9,2,0,0,0,0,0,0,1,1,0,0,0,0,14,0,0,0,1,0,10,0,0,0,956,0,0,0,0,0,0,24
jmcclean,James,McClean,TOR,10,1,0,0,0,0,0,0,0,0,0,0,0,0,0,0,0,0,0,0,0,0,0,0,0,0,0,0,0,0,0,24
jmcclean,James,McClean,TOR,11,1,0,0,0,0,0,0,4,5,1,0,0,5,1,6,0,0,1,1,14,5,0,0,965,1,-1,0,-1,0,0,30
jmcclean,James,McClean,TOR,13,1,0,0,0,0,0,0,0,0,0,0,0,0,0,0,0,0,0,0,0,0,0,0,0,0,0,0,-1,0,0,30
imccosky,Ian,McCosky,MAD,2,2,0,0,0,0,0,0,0,0,0,0,0,0,0,0,0,0,0,0,0,0,0,0,0,0,0,0,0,0,0,0
imccosky,Ian,McCosky,MAD,4,1,0,0,0,0,0,0,11,11,0,0,0,12,22,16,0,0,3,3,14,4,0,0,1032,0,0,0,0,0,0,16
imccosky,Ian,McCosky,MAD,6,1,0,3,0,1,0,0,14,14,0,0,0,10,134,-7,1,1,3,3,11,6,0,0,818,0,4,3,4,3,1,9
imccosky,Ian,McCosky,MAD,7,1,0,0,0,0,0,0,0,0,0,0,0,0,0,0,0,0,0,0,0,0,0,0,0,0,0,0,4,3,1,9
imccosky,Ian,McCosky,MAD,8,2,0,1,1,0,0,0,14,17,2,0,0,15,120,28,0,1,7,4,10,3,0,0,1406,2,-1,1,3,4,1,37
imccosky,Ian,McCosky,MAD,10,2,0,0,0,0,0,0,0,0,0,0,0,0,0,0,0,0,0,0,0,0,0,0,0,0,0,0,3,4,1,37
imccosky,Ian,McCosky,MAD,11,1,0,0,0,0,0,0,0,0,0,0,0,0,0,0,0,0,0,0,0,0,0,0,0,0,0,0,3,4,1,37
imccosky,Ian,McCosky,MAD,12,1,0,0,0,0,0,0,0,0,0,0,0,0,0,0,0,0,0,0,0,0,0,0,0,0,0,0,3,4,1,37
imccosky,Ian,McCosky,MAD,13,1,1,0,0,0,0,0,10,11,1,0,0,11,61,55,0,1,6,2,11,4,0,0,918,1,0,1,3,5,1,92
kmccracke,Kobi,McCracken,SD,2,2,1,4,1,1,0,0,20,21,1,0,0,14,170,83,0,0,2,2,33,13,0,0,2703,1,5,5,5,5,1,83
kmccracke,Kobi,McCracken,SD,3,1,0,1,1,0,0,0,5,5,0,0,0,6,85,4,1,1,1,0,11,2,0,0,1179,0,1,1,6,6,1,87
kmccracke,Kobi,McCracken,SD,4,1,0,0,1,2,0,0,7,7,0,0,0,6,1,19,0,0,1,1,18,8,0,0,1397,0,2,0,8,6,3,106
kmccracke,Kobi,McCracken,SD,5,2,0,0,1,0,0,0,11,11,0,0,0,8,14,58,0,0,6,5,26,5,0,0,2021,0,0,0,8,6,3,164
kmccracke,Kobi,McCracken,SD,6,1,0,0,0,0,0,0,2,3,1,0,0,3,17,22,0,1,1,0,15,4,0,0,1343,1,-1,0,7,6,3,186
kmccracke,Kobi,McCracken,SD,7,1,1,0,2,0,0,0,3,3,0,0,0,3,12,27,0,0,1,1,11,4,0,0,755,0,1,1,8,7,3,213
kmccracke,Kobi,McCracken,SD,8,1,0,2,0,1,0,0,13,15,0,0,0,13,181,72,2,2,1,1,16,6,0,0,971,0,3,2,11,9,4,285
kmccracke,Kobi,McCracken,SD,10,1,0,1,0,0,0,0,1,1,0,0,0,1,25,4,0,0,2,1,8,2,0,0,517,0,1,1,12,10,4,289
kmccracke,Kobi,McCracken,SD,11,1,0,2,0,1,0,0,10,10,0,0,0,8,37,34,0,0,1,1,11,4,0,0,762,0,3,2,15,12,5,323
kmccracke,Kobi,McCracken,SD,13,1,0,1,0,0,0,0,8,9,1,0,0,8,57,73,0,0,11,6,4,0,0,0,1242,1,0,1,15,13,5,396
smccrory,Samuel,McCrory,NY,1,2,0,0,0,0,0,0,0,0,0,0,0,1,0,-10,0,0,1,0,8,3,0,0,492,0,0,0,0,0,0,-10
smccrory,Samuel,McCrory,NY,3,1,0,0,0,0,0,0,0,0,0,0,0,0,0,0,0,0,0,0,0,0,0,0,0,0,0,0,0,0,0,-10
smccrory,Samuel,McCrory,NY,4,2,0,0,0,0,0,0,0,0,0,0,0,0,0,0,0,0,0,0,0,0,0,0,0,0,0,0,0,0,0,-10
smccrory,Samuel,McCrory,NY,5,1,0,0,0,0,0,0,0,0,0,0,0,0,0,0,0,0,0,0,0,0,0,0,0,0,0,0,0,0,0,-10
smccrory,Samuel,McCrory,NY,6,1,0,0,0,1,0,0,0,1,1,0,0,0,0,0,0,0,0,0,8,0,0,0,421,1,0,0,0,0,1,-10
smccrory,Samuel,McCrory,NY,7,1,0,0,0,0,0,0,0,0,0,0,0,0,0,0,0,0,0,0,0,0,0,0,0,0,0,0,0,0,1,-10
smccrory,Samuel,McCrory,NY,8,1,0,0,0,0,0,0,0,0,0,0,0,0,0,0,0,0,0,0,0,0,0,0,0,0,0,0,0,0,1,-10
smccrory,Samuel,McCrory,NY,9,1,0,0,0,0,0,0,0,0,0,0,0,0,0,0,0,0,0,0,0,0,0,0,0,0,0,0,0,0,1,-10
smccrory,Samuel,McCrory,NY,12,1,0,0,0,0,0,0,0,0,0,0,0,0,0,0,0,0,0,0,0,0,0,0,0,0,0,0,0,0,1,-10
smccrory,Samuel,McCrory,NY,13,1,0,0,0,0,0,0,0,0,0,0,0,0,0,0,0,0,0,0,0,0,0,0,0,0,0,0,0,0,1,-10
cmccutche,Charlie,McCutcheon,DC,1,1,0,0,0,0,0,0,3,3,0,0,0,3,-24,37,0,0,0,0,16,3,0,0,1104,0,0,0,0,0,0,37
cmccutche,Charlie,McCutcheon,DC,2,1,0,0,0,0,0,0,2,2,0,0,0,2,-17,21,0,0,1,0,16,2,0,0,1217,0,0,0,0,0,0,58
cmccutche,Charlie,McCutcheon,DC,3,1,0,0,0,1,0,0,8,8,0,0,0,8,21,-1,0,0,0,0,15,4,0,0,1183,0,1,0,1,0,1,57
cmccutche,Charlie,McCutcheon,DC,4,1,0,0,0,0,0,0,13,14,1,0,0,14,25,-1,0,0,1,0,6,2,0,0,1124,1,-1,0,0,0,1,56
cmccutche,Charlie,McCutcheon,DC,6,2,0,0,0,0,0,0,1,1,0,0,0,2,5,-6,0,0,0,0,13,3,0,0,873,0,0,0,0,0,1,50
cmccutche,Charlie,McCutcheon,DC,7,1,0,0,0,0,0,0,0,0,0,0,0,0,0,0,0,0,0,0,0,0,0,0,0,0,0,0,0,0,1,50
cmccutche,Charlie,McCutcheon,DC,8,1,0,0,0,0,0,0,0,0,0,0,0,0,0,0,0,0,0,0,0,0,0,0,0,0,0,0,0,0,1,50
cmccutche,Charlie,McCutcheon,DC,10,1,0,0,4,0,0,0,10,10,0,0,0,10,55,53,0,0,0,0,16,6,0,0,924,0,0,0,0,0,1,103
cmccutche,Charlie,McCutcheon,DC,11,1,0,0,0,0,0,0,6,7,1,0,0,7,0,16,0,0,1,1,13,3,0,0,1189,1,-1,0,-1,0,1,119
cmccutche,Charlie,McCutcheon,DC,12,1,0,0,0,1,0,0,17,17,0,0,0,17,81,-17,0,0,0,0,16,6,0,0,1287,0,1,0,0,0,2,102
cmccutche,Charlie,McCutcheon,DC,13,1,0,0,0,0,0,0,0,0,0,0,0,0,0,0,0,0,0,0,0,0,0,0,0,0,0,0,0,0,2,102
smcdonald,Sean,McDonald,SLC,1,1,0,0,0,0,0,0,0,0,0,0,0,0,0,0,0,0,0,0,0,0,0,0,0,0,0,0,0,0,0,0
smcdonald,Sean,McDonald,SLC,2,1,2,0,1,0,0,0,7,7,0,0,0,8,59,32,0,0,1,0,14,6,0,0,1276,0,2,2,2,2,0,32
smcdonald,Sean,McDonald,SLC,5,1,0,0,0,0,0,0,0,0,0,0,0,0,0,0,0,0,0,0,0,0,0,0,0,0,0,0,2,2,0,32
smcdonald,Sean,McDonald,SLC,6,2,0,0,0,0,0,0,0,0,0,0,0,0,0,0,0,0,0,0,0,0,0,0,0,0,0,0,2,2,0,32
smcdonald,Sean,McDonald,SLC,7,1,0,0,0,0,0,0,0,0,0,0,0,0,0,0,0,0,0,0,0,0,0,0,0,0,0,0,2,2,0,32
smcdonald,Sean,McDonald,SLC,8,1,0,0,0,0,0,0,0,0,0,0,0,0,0,0,0,0,0,0,0,0,0,0,0,0,0,0,2,2,0,32
smcdonald,Sean,McDonald,SLC,10,1,0,0,0,0,0,0,0,0,0,0,0,0,0,0,0,0,0,0,0,0,0,0,0,0,0,0,2,2,0,32
smcdonald,Sean,McDonald,SLC,11,2,0,0,0,0,0,0,0,0,0,0,0,0,0,0,0,0,0,0,0,0,0,0,0,0,0,0,2,2,0,32
smcdonald,Sean,McDonald,SLC,12,1,0,0,0,0,0,0,0,0,0,0,0,0,0,0,0,0,0,0,0,0,0,0,0,0,0,0,2,2,0,32
smcdonald,Sean,McDonald,SLC,13,1,0,0,0,0,0,0,0,0,0,0,0,0,0,0,0,0,0,0,0,0,0,0,0,0,0,0,2,2,0,32
wmcdonald,Will,McDonald,SEA,2,1,0,0,0,0,0,0,0,0,0,0,0,0,0,0,0,0,0,0,0,0,0,0,0,0,0,0,0,0,0,0
wmcdonald,Will,McDonald,SEA,3,2,0,0,0,0,0,0,0,0,0,0,0,0,0,0,0,0,0,0,0,0,0,0,0,0,0,0,0,0,0,0
wmcdonald,Will,McDonald,SEA,4,1,0,0,0,0,0,0,0,0,0,0,0,0,0,0,0,0,0,0,0,0,0,0,0,0,0,0,0,0,0,0
wmcdonald,Will,McDonald,SEA,5,2,0,0,0,0,0,0,0,0,0,0,0,0,0,0,0,0,0,0,0,0,0,0,0,0,0,0,0,0,0,0
wmcdonald,Will,McDonald,SEA,6,1,0,0,0,0,0,0,0,0,0,0,0,0,0,0,0,0,0,0,0,0,0,0,0,0,0,0,0,0,0,0
wmcdonald,Will,McDonald,SEA,7,1,0,0,0,0,0,0,0,0,0,0,0,0,0,0,0,0,0,0,0,0,0,0,0,0,0,0,0,0,0,0
wmcdonald,Will,McDonald,SEA,9,1,0,0,0,0,0,0,0,0,0,0,0,0,0,0,0,0,0,0,0,0,0,0,0,0,0,0,0,0,0,0
wmcdonald,Will,McDonald,SEA,10,1,0,0,0,0,0,0,0,0,0,0,0,0,0,0,0,0,0,0,0,0,0,0,0,0,0,0,0,0,0,0
wmcdonald,Will,McDonald,SEA,13,2,2,0,0,0,0,0,1,2,1,0,1,4,-4,90,0,0,5,1,9,3,1,0,1005,2,0,2,0,2,0,90
jmcdonnel,John,McDonnell,CAR,3,1,2,1,4,0,0,0,63,66,3,0,0,55,400,-105,0,1,22,15,0,0,0,0,1669,3,0,3,0,3,0,-105
jmcdonnel,John,McDonnell,CAR,4,2,1,3,7,0,0,0,104,111,5,1,0,103,484,82,0,0,43,24,0,0,0,0,2730,6,-2,4,-2,7,0,-23
jmcdonnel,John,McDonnell,CAR,5,1,0,5,4,1,0,0,88,93,4,0,0,79,640,-60,1,2,30,23,0,0,0,0,1680,4,2,5,0,12,1,-83
jmcdonnel,John,McDonnell,CAR,6,2,0,0,8,0,0,0,149,152,3,0,0,135,1163,-340,2,2,35,29,0,0,0,0,2904,3,-3,0,-3,12,1,-423
jmcdonnel,John,McDonnell,CAR,7,1,0,3,3,0,0,0,61,63,1,0,0,49,499,5,1,1,20,17,0,0,0,0,1391,1,2,3,-1,15,1,-418
jmcdonnel,John,McDonnell,CAR,9,1,1,2,3,0,0,0,43,44,1,0,0,36,415,36,0,0,18,18,0,0,0,0,1114,1,2,3,1,18,1,-382
jmcdonnel,John,McDonnell,CAR,10,1,0,0,0,0,0,0,0,0,0,0,0,0,0,0,0,0,0,0,0,0,0,0,0,0,0,0,1,18,1,-382
jmcdonnel,John,McDonnell,CAR,12,1,0,0,6,0,0,0,46,47,1,0,0,36,209,42,0,1,19,15,0,0,0,0,1294,1,-1,0,0,18,1,-340
jmcdonnel,John,McDonnell,CAR,13,2,0,1,6,1,0,0,59,64,3,0,0,40,367,117,1,1,42,28,1,0,0,0,2774,3,-1,1,-1,19,2,-223
mmcdonnel,Rowan,McDonnell,DC,1,1,0,3,1,0,0,0,21,24,3,0,1,24,89,170,0,3,20,13,0,0,0,0,1469,4,-1,3,-1,3,0,170
mmcdonnel,Rowan,McDonnell,DC,2,1,2,2,2,0,0,0,30,31,1,0,0,33,86,47,0,0,19,14,1,1,0,0,1390,1,3,4,2,7,0,217
mmcdonnel,Rowan,McDonnell,DC,3,1,1,2,2,0,0,0,18,19,1,0,1,19,84,90,0,1,20,15,0,0,0,0,1383,2,1,3,3,10,0,307
mmcdonnel,Rowan,McDonnell,DC,4,1,2,1,2,0,0,0,16,17,1,0,0,19,106,129,1,2,15,8,0,0,0,0,1388,1,2,3,5,13,0,436
mmcdonnel,Rowan,McDonnell,DC,6,2,6,3,1,2,0,0,30,32,2,0,1,37,70,239,0,0,42,28,0,0,0,0,3225,3,8,9,13,22,2,675
mmcdonnel,Rowan,McDonnell,DC,7,1,1,8,1,0,0,0,31,33,2,0,0,34,269,146,3,3,19,16,0,0,0,0,1295,2,7,9,20,31,2,821
mmcdonnel,Rowan,McDonnell,DC,8,1,3,2,0,0,0,0,18,20,2,0,0,23,56,217,0,0,20,13,0,0,0,0,1691,2,3,5,23,36,2,1038
mmcdonnel,Rowan,McDonnell,DC,10,1,1,4,1,0,0,0,24,27,3,0,0,27,157,128,0,1,16,11,3,2,1,0,1177,3,2,5,25,41,2,1166
mmcdonnel,Rowan,McDonnell,DC,11,1,1,3,2,1,0,0,24,26,2,0,0,27,145,272,1,1,21,13,0,0,0,0,1739,2,3,4,28,45,3,1438
mmcdonnel,Rowan,McDonnell,DC,12,1,1,3,2,0,0,0,27,29,2,0,0,30,200,246,2,2,18,15,0,0,0,0,1436,2,2,4,30,49,3,1684
mmcdonnel,Rowan,McDonnell,DC,13,1,2,5,0,0,0,0,28,31,3,0,0,31,177,237,1,2,21,11,0,0,0,0,1358,3,4,7,34,56,3,1921
smcdougal,Sean,McDougall,LA,2,2,6,2,4,3,0,0,28,31,3,0,0,37,160,362,0,2,40,19,3,0,0,0,2970,3,8,8,8,8,3,362
smcdougal,Sean,McDougall,LA,3,1,1,4,0,2,0,0,26,26,0,0,0,25,174,203,1,1,23,15,3,1,0,0,1301,0,7,5,15,13,5,565
smcdougal,Sean,McDougall,LA,4,1,0,0,0,0,0,0,0,0,0,0,0,0,0,0,0,0,0,0,0,0,0,0,0,0,0,0,15,13,5,565
smcdougal,Sean,McDougall,LA,6,1,4,4,1,2,0,0,24,24,0,0,0,28,293,324,5,5,22,16,1,1,0,0,1630,0,10,8,25,21,7,889
smcdougal,Sean,McDougall,LA,7,1,1,1,1,1,0,0,12,13,1,0,0,13,40,36,0,1,18,8,5,1,0,0,1561,1,2,2,27,23,8,925
smcdougal,Sean,McDougall,LA,9,2,4,6,3,3,0,0,35,38,3,0,0,40,124,499,0,1,39,23,4,2,0,0,2536,3,10,10,37,33,11,1424
smcdougal,Sean,McDougall,LA,11,1,1,2,1,1,0,0,14,15,1,0,0,16,64,175,1,1,19,12,2,0,0,0,1161,1,3,3,40,36,12,1599
smcdougal,Sean,McDougall,LA,12,2,0,0,0,0,0,0,0,0,0,0,0,0,0,0,0,0,0,0,0,0,0,0,0,0,0,0,40,36,12,1599
smcdougal,Sean,McDougall,LA,13,1,0,0,0,0,0,0,0,0,0,0,0,0,0,0,0,0,0,0,0,0,0,0,0,0,0,0,40,36,12,1599
cmchale,Connor,McHale,TOR,2,2,0,2,3,0,0,0,42,46,3,0,0,40,265,150,1,2,16,11,19,3,6,0,2642,3,-1,2,-1,2,0,150
cmchale,Connor,McHale,TOR,3,1,0,0,0,0,0,0,0,0,0,0,0,0,0,0,0,0,0,0,0,0,0,0,0,0,0,0,-1,2,0,150
cmchale,Connor,McHale,TOR,6,2,0,0,0,0,0,0,0,0,0,0,0,0,0,0,0,0,0,0,0,0,0,0,0,0,0,0,-1,2,0,150
cmchale,Connor,McHale,TOR,7,1,0,0,0,0,0,0,0,0,0,0,0,0,0,0,0,0,0,0,0,0,0,0,0,0,0,0,-1,2,0,150
cmchale,Connor,McHale,TOR,8,1,0,0,0,0,0,0,0,0,0,0,0,0,0,0,0,0,0,0,0,0,0,0,0,0,0,0,-1,2,0,150
cmchale,Connor,McHale,TOR,9,2,0,3,1,0,0,0,32,37,4,0,1,29,304,364,3,3,18,6,23,3,12,0,3019,5,-2,3,-3,5,0,514
cmchale,Connor,McHale,TOR,10,1,1,2,2,1,0,0,48,54,5,0,0,47,245,159,0,2,14,6,7,3,2,0,1735,5,-1,3,-4,8,1,673
cmchale,Connor,McHale,TOR,11,1,0,2,3,2,0,0,21,23,1,0,0,15,221,32,2,2,1,1,22,6,10,1,1487,1,3,2,-1,10,3,705
cmchale,Connor,McHale,TOR,13,1,0,5,1,0,0,0,28,31,2,0,0,27,209,169,2,3,9,6,8,1,3,0,1141,2,3,5,2,15,3,874
gmckee,Griffin,McKee,TOR,2,2,0,0,0,0,0,0,0,0,0,0,0,0,0,0,0,0,0,0,0,0,0,0,0,0,0,0,0,0,0,0
gmckee,Griffin,McKee,TOR,3,1,0,0,0,0,0,0,0,0,0,0,0,0,0,0,0,0,0,0,0,0,0,0,0,0,0,0,0,0,0,0
gmckee,Griffin,McKee,TOR,6,2,0,0,0,0,0,0,0,0,0,0,0,0,0,0,0,0,0,0,0,0,0,0,0,0,0,0,0,0,0,0
gmckee,Griffin,McKee,TOR,7,1,0,0,0,0,0,0,0,0,0,0,0,0,0,0,0,0,0,0,0,0,0,0,0,0,0,0,0,0,0,0
gmckee,Griffin,McKee,TOR,8,1,0,0,0,0,0,0,0,0,0,0,0,0,0,0,0,0,0,0,0,0,0,0,0,0,0,0,0,0,0,0
gmckee,Griffin,McKee,TOR,9,2,0,0,0,0,0,0,0,0,0,0,0,0,0,0,0,0,0,0,0,0,0,0,0,0,0,0,0,0,0,0
gmckee,Griffin,McKee,TOR,10,1,0,0,0,0,0,0,0,0,0,0,0,0,0,0,0,0,0,0,0,0,0,0,0,0,0,0,0,0,0,0
gmckee,Griffin,McKee,TOR,11,1,0,0,0,0,0,0,0,0,0,0,0,0,0,0,0,0,0,0,0,0,0,0,0,0,0,0,0,0,0,0
gmckee,Griffin,McKee,TOR,13,1,0,0,0,0,0,0,0,0,0,0,0,0,0,0,0,0,0,0,0,0,0,0,0,0,0,0,0,0,0,0
amckelvey,Andrew,McKelvey,CAR,3,1,0,0,0,0,0,0,1,1,0,0,0,1,-7,13,0,0,0,0,9,2,0,0,659,0,0,0,0,0,0,13
amckelvey,Andrew,McKelvey,CAR,4,2,0,0,0,0,0,0,0,0,0,0,0,0,0,0,0,0,0,0,5,1,0,0,402,0,0,0,0,0,0,13
amckelvey,Andrew,McKelvey,CAR,5,1,0,0,0,0,0,0,0,0,0,0,0,0,0,0,0,0,0,0,0,0,0,0,0,0,0,0,0,0,0,13
amckelvey,Andrew,McKelvey,CAR,6,2,0,0,0,0,0,0,0,0,0,0,0,0,0,0,0,0,0,0,0,0,0,0,0,0,0,0,0,0,0,13
amckelvey,Andrew,McKelvey,CAR,7,1,0,0,0,0,0,0,0,0,0,0,0,0,0,0,0,0,0,0,0,0,0,0,0,0,0,0,0,0,0,13
amckelvey,Andrew,McKelvey,CAR,9,1,0,0,0,0,0,0,0,0,0,0,0,0,0,0,0,0,0,0,0,0,0,0,0,0,0,0,0,0,0,13
amckelvey,Andrew,McKelvey,CAR,10,1,0,0,0,0,0,0,0,0,0,0,0,0,0,0,0,0,0,0,0,0,0,0,0,0,0,0,0,0,0,13
amckelvey,Andrew,McKelvey,CAR,12,1,0,0,0,0,0,0,0,0,0,0,0,0,0,0,0,0,0,0,0,0,0,0,0,0,0,0,0,0,0,13
amckelvey,Andrew,McKelvey,CAR,13,2,0,0,0,0,0,0,0,0,0,0,0,0,0,0,0,0,0,0,0,0,0,0,0,0,0,0,0,0,0,13
lmckeown,Liam,McKeown,MTL,1,1,0,0,0,0,0,0,0,0,0,0,0,0,0,0,0,0,0,0,0,0,0,0,0,0,0,0,0,0,0,0
lmckeown,Liam,McKeown,MTL,3,2,0,2,0,1,0,0,7,8,1,0,0,7,46,54,1,1,0,0,16,3,0,0,1092,1,2,2,2,2,1,54
lmckeown,Liam,McKeown,MTL,4,1,0,0,0,0,0,0,0,0,0,0,0,0,0,0,0,0,0,0,0,0,0,0,0,0,0,0,2,2,1,54
lmckeown,Liam,McKeown,MTL,6,1,0,0,0,0,0,0,0,0,0,0,0,0,0,0,0,0,0,0,0,0,0,0,0,0,0,0,2,2,1,54
lmckeown,Liam,McKeown,MTL,7,2,0,0,2,1,0,0,3,4,0,0,0,4,43,17,0,0,2,1,11,2,0,0,872,0,1,0,3,2,2,71
lmckeown,Liam,McKeown,MTL,8,1,0,0,0,0,0,0,1,1,0,0,0,1,5,-7,0,0,0,0,8,0,0,0,595,0,0,0,3,2,2,64
lmckeown,Liam,McKeown,MTL,10,2,0,1,0,1,0,0,13,14,1,0,0,13,113,67,1,1,2,1,20,6,8,1,1508,1,1,1,4,3,3,131
lmckeown,Liam,McKeown,MTL,11,1,0,0,0,0,0,0,0,0,0,0,0,0,0,0,0,0,0,0,0,0,0,0,0,0,0,0,4,3,3,131
lmckeown,Liam,McKeown,MTL,13,1,0,0,1,0,0,0,3,3,0,0,0,3,12,8,0,0,0,0,13,4,0,0,911,0,0,0,4,3,3,139
jmcmoniga,John,McMonigal,PIT,2,1,1,3,1,0,0,0,22,22,0,0,0,22,134,178,2,2,19,15,2,0,0,0,1005,0,4,4,4,4,0,178
jmcmoniga,John,McMonigal,PIT,3,1,5,2,2,2,0,0,46,48,2,0,1,52,145,399,0,1,21,18,2,1,0,0,1551,3,6,7,10,11,2,577
jmcmoniga,John,McMonigal,PIT,4,1,1,3,2,0,0,0,33,35,2,0,2,36,134,232,0,1,21,11,3,0,0,0,1764,4,0,4,10,15,2,809
jmcmoniga,John,McMonigal,PIT,5,1,0,0,0,0,0,0,0,0,0,0,0,0,0,0,0,0,0,0,0,0,0,0,0,0,0,0,10,15,2,809
jmcmoniga,John,McMonigal,PIT,6,1,0,1,1,1,0,0,23,25,1,0,0,25,118,100,0,0,17,7,1,0,0,0,1453,1,1,1,11,16,3,909
jmcmoniga,John,McMonigal,PIT,7,1,0,1,1,0,0,0,18,19,1,0,0,19,66,117,1,2,21,12,0,0,0,0,1540,1,0,1,11,17,3,1026
jmcmoniga,John,McMonigal,PIT,8,1,0,0,1,0,0,0,22,22,0,0,1,22,130,159,0,0,22,11,2,1,0,0,1554,1,-1,0,10,17,3,1185
jmcmoniga,John,McMonigal,PIT,9,2,2,1,3,3,0,0,31,35,3,0,0,35,195,289,1,2,21,9,23,7,0,0,2659,3,3,3,13,20,6,1474
jmcmoniga,John,McMonigal,PIT,10,1,2,6,1,0,0,0,29,32,3,0,0,34,206,169,1,2,21,13,2,1,0,0,1503,3,5,8,18,28,6,1643
jmcmoniga,John,McMonigal,PIT,11,1,5,3,3,0,0,0,38,41,3,0,0,46,327,326,3,4,23,16,1,0,0,0,1764,3,5,8,23,36,6,1969
jmcmoniga,John,McMonigal,PIT,13,1,3,1,3,1,0,0,18,22,3,0,0,25,76,246,0,0,21,8,2,1,0,0,1370,3,2,4,25,40,7,2215
imcnamara,Ian,McNamara,DET,3,1,0,0,0,0,0,0,0,0,0,0,0,0,0,0,0,0,0,0,0,0,0,0,0,0,0,0,0,0,0,0
imcnamara,Ian,McNamara,DET,5,1,0,0,0,0,0,0,0,0,0,0,0,0,0,0,0,0,0,0,0,0,0,0,0,0,0,0,0,0,0,0
imcnamara,Ian,McNamara,DET,7,1,1,1,1,0,0,0,12,15,3,0,2,15,68,107,0,1,16,9,0,0,0,0,1139,5,-3,2,-3,2,0,107
imcnamara,Ian,McNamara,DET,8,1,0,0,0,0,0,0,0,0,0,0,0,0,0,0,0,0,0,0,0,0,0,0,0,0,0,0,-3,2,0,107
imcnamara,Ian,McNamara,DET,9,2,0,0,0,0,0,0,0,0,0,0,0,0,0,0,0,0,0,0,0,0,0,0,0,0,0,0,-3,2,0,107
imcnamara,Ian,McNamara,DET,10,2,0,0,0,0,0,0,0,0,0,0,0,0,0,0,0,0,0,0,0,0,0,0,0,0,0,0,-3,2,0,107
imcnamara,Ian,McNamara,DET,11,1,0,0,0,0,0,0,0,0,0,0,0,0,0,0,0,0,0,0,0,0,0,0,0,0,0,0,-3,2,0,107
imcnamara,Ian,McNamara,DET,12,1,0,0,0,0,0,0,0,0,0,0,0,0,0,0,0,0,0,0,0,0,0,0,0,0,0,0,-3,2,0,107
imcnamara,Ian,McNamara,DET,13,2,0,0,0,0,0,0,0,0,0,0,0,0,0,0,0,0,0,0,0,0,0,0,0,0,0,0,-3,2,0,107
amcnichol,Adam,McNichols,ORE,1,1,0,3,1,1,0,0,33,37,3,0,0,34,118,232,0,2,20,7,1,0,0,0,1407,3,1,3,1,3,1,232
amcnichol,Adam,McNichols,ORE,2,1,0,3,2,2,0,0,26,30,4,0,2,28,147,178,1,3,21,10,1,0,0,0,1495,6,-1,3,0,6,3,410
amcnichol,Adam,McNichols,ORE,4,1,1,3,3,0,0,0,36,38,2,0,0,37,194,181,1,2,19,12,0,0,0,0,1437,2,2,4,2,10,3,591
amcnichol,Adam,McNichols,ORE,5,2,0,6,4,3,0,0,68,74,4,0,1,67,445,239,2,5,36,20,2,0,0,0,2786,5,4,6,6,16,6,830
amcnichol,Adam,McNichols,ORE,6,1,0,2,0,0,0,0,19,22,2,0,0,20,139,171,2,3,18,8,1,0,0,0,1317,2,0,2,6,18,6,1001
amcnichol,Adam,McNichols,ORE,7,1,0,0,0,0,0,0,0,0,0,0,0,0,0,0,0,0,0,0,0,0,0,0,0,0,0,0,6,18,6,1001
amcnichol,Adam,McNichols,ORE,8,2,0,5,3,0,0,0,40,44,4,1,2,42,367,279,5,9,47,23,0,0,0,0,3038,7,-2,5,4,23,6,1280
amcnichol,Adam,McNichols,ORE,9,1,0,2,3,0,0,0,28,30,2,0,0,28,191,198,1,2,18,7,2,0,0,0,1520,2,0,2,4,25,6,1478
amcnichol,Adam,McNichols,ORE,10,1,0,0,0,0,0,0,0,0,0,0,0,0,0,0,0,0,0,0,0,0,0,0,0,0,0,0,4,25,6,1478
amcnichol,Adam,McNichols,ORE,13,1,2,2,3,0,0,0,34,36,2,0,0,36,235,206,2,2,23,14,0,0,0,0,1320,2,2,4,6,29,6,1684
kmcrae,Keith,McRae,TOR,2,2,2,1,1,2,0,0,6,7,1,0,0,9,58,131,0,0,9,8,13,5,0,0,1471,1,4,3,4,3,2,131
kmcrae,Keith,McRae,TOR,3,1,0,2,0,0,0,0,5,6,1,0,0,6,31,70,1,2,2,2,17,4,2,1,1186,1,1,2,5,5,2,201
kmcrae,Keith,McRae,TOR,6,2,1,1,1,1,0,0,12,12,0,0,0,13,-13,70,0,0,5,4,27,4,0,0,2084,0,3,2,8,7,3,271
kmcrae,Keith,McRae,TOR,7,1,5,0,2,1,0,0,9,11,2,0,0,16,43,259,0,1,15,11,3,1,0,0,1287,2,4,5,12,12,4,530
kmcrae,Keith,McRae,TOR,8,1,4,0,3,0,0,0,16,17,1,0,0,21,54,290,0,0,25,20,1,0,0,0,1335,1,3,4,15,16,4,820
kmcrae,Keith,McRae,TOR,9,2,3,1,1,1,0,0,23,25,2,0,0,27,155,231,0,2,30,18,5,1,0,0,2441,2,3,4,18,20,5,1051
kmcrae,Keith,McRae,TOR,10,1,2,2,0,2,0,0,7,7,0,0,0,9,75,118,1,1,11,8,7,1,0,0,927,0,6,4,24,24,7,1169
kmcrae,Keith,McRae,TOR,11,1,3,2,2,0,0,0,13,13,0,0,0,16,170,277,2,2,19,15,0,0,0,0,1421,0,5,5,29,29,7,1446
kmcrae,Keith,McRae,TOR,13,1,1,1,0,2,0,0,17,18,1,0,0,20,161,151,1,1,18,8,2,0,0,0,1264,1,3,2,32,31,9,1597
cmcsherry,Clint,McSherry,CAR,3,1,0,0,0,0,0,0,0,0,0,0,0,0,0,0,0,0,0,0,0,0,0,0,0,0,0,0,0,0,0,0
cmcsherry,Clint,McSherry,CAR,4,2,0,0,0,0,0,0,0,0,0,0,0,0,0,0,0,0,0,0,0,0,0,0,0,0,0,0,0,0,0,0
cmcsherry,Clint,McSherry,CAR,5,1,0,0,0,0,0,0,0,0,0,0,0,0,0,0,0,0,0,0,0,0,0,0,0,0,0,0,0,0,0,0
cmcsherry,Clint,McSherry,CAR,6,2,0,0,0,0,0,0,0,0,0,0,0,0,0,0,0,0,0,0,0,0,0,0,0,0,0,0,0,0,0,0
cmcsherry,Clint,McSherry,CAR,7,1,0,0,0,0,0,0,0,0,0,0,0,0,0,0,0,0,0,0,0,0,0,0,0,0,0,0,0,0,0,0
cmcsherry,Clint,McSherry,CAR,9,1,0,0,0,0,0,0,0,0,0,0,0,0,0,0,0,0,0,0,0,0,0,0,0,0,0,0,0,0,0,0
cmcsherry,Clint,McSherry,CAR,10,1,0,0,0,0,0,0,0,0,0,0,0,0,0,0,0,0,0,0,0,0,0,0,0,0,0,0,0,0,0,0
cmcsherry,Clint,McSherry,CAR,12,1,0,0,0,0,0,0,0,0,0,0,0,0,0,0,0,0,0,0,0,0,0,0,0,0,0,0,0,0,0,0
cmcsherry,Clint,McSherry,CAR,13,2,0,0,0,0,0,0,0,0,0,0,0,0,0,0,0,0,0,0,0,0,0,0,0,0,0,0,0,0,0,0
mmendelev,Mark,Mendelevitz,LV,1,1,0,2,1,0,0,0,13,16,2,0,1,11,166,-26,2,3,13,4,9,1,5,0,1123,3,-1,2,-1,2,0,-26
mmendelev,Mark,Mendelevitz,LV,2,1,0,3,0,0,0,0,19,20,1,0,0,17,204,-29,1,2,9,6,6,0,0,0,1387,1,2,3,1,5,0,-55
mmendelev,Mark,Mendelevitz,LV,3,1,1,0,0,1,0,0,14,19,5,0,0,11,53,-15,0,1,10,2,6,1,2,1,832,5,-3,1,-2,6,1,-70
mmendelev,Mark,Mendelevitz,LV,5,1,0,2,0,1,0,0,14,17,3,0,0,14,127,-20,0,2,2,2,9,3,0,0,898,3,0,2,-2,8,2,-90
mmendelev,Mark,Mendelevitz,LV,7,2,0,2,1,0,0,0,36,44,8,0,0,37,223,38,0,4,12,5,16,4,1,0,2156,8,-6,2,-8,10,2,-52
mmendelev,Mark,Mendelevitz,LV,8,1,0,0,0,0,0,0,0,0,0,0,0,0,0,0,0,0,0,0,0,0,0,0,0,0,0,0,-8,10,2,-52
mmendelev,Mark,Mendelevitz,LV,9,2,0,0,0,0,0,0,0,0,0,0,0,0,0,0,0,0,0,0,0,0,0,0,0,0,0,0,-8,10,2,-52
mmendelev,Mark,Mendelevitz,LV,11,1,0,1,3,0,0,0,48,53,4,0,0,47,336,87,1,1,25,9,0,0,0,0,1686,4,-3,1,-11,11,2,35
mmendelev,Mark,Mendelevitz,LV,12,1,0,0,0,0,0,0,0,0,0,0,0,0,0,0,0,0,0,0,0,0,0,0,0,0,0,0,-11,11,2,35
mmendelev,Mark,Mendelevitz,LV,13,1,0,0,1,0,0,0,18,18,0,0,1,15,138,12,1,1,5,2,6,3,0,0,803,1,-1,0,-12,11,2,47
rmenon,Rudra,Menon,LA,2,2,0,0,0,0,0,0,0,0,0,0,0,0,0,0,0,0,0,0,0,0,0,0,0,0,0,0,0,0,0,0
rmenon,Rudra,Menon,LA,3,1,0,0,0,0,0,0,0,0,0,0,0,0,0,0,0,0,0,0,0,0,0,0,0,0,0,0,0,0,0,0
rmenon,Rudra,Menon,LA,4,1,0,0,0,0,0,0,0,0,0,0,0,0,0,0,0,0,0,0,0,0,0,0,0,0,0,0,0,0,0,0
rmenon,Rudra,Menon,LA,6,1,0,0,0,0,0,0,0,0,0,0,0,0,0,0,0,0,0,0,0,0,0,0,0,0,0,0,0,0,0,0
rmenon,Rudra,Menon,LA,7,1,0,0,0,0,0,0,0,0,0,0,0,0,0,0,0,0,0,0,0,0,0,0,0,0,0,0,0,0,0,0
rmenon,Rudra,Menon,LA,9,2,0,0,0,0,0,0,0,0,0,0,0,0,0,0,0,0,0,0,0,0,0,0,0,0,0,0,0,0,0,0
rmenon,Rudra,Menon,LA,11,1,0,0,0,0,0,0,0,0,0,0,0,0,0,0,0,0,0,0,0,0,0,0,0,0,0,0,0,0,0,0
rmenon,Rudra,Menon,LA,12,2,0,0,0,0,0,0,0,0,0,0,0,0,0,0,0,0,0,0,0,0,0,0,0,0,0,0,0,0,0,0
rmenon,Rudra,Menon,LA,13,1,0,0,1,0,0,0,2,6,4,0,0,5,24,27,0,1,0,0,12,4,0,0,1094,4,-4,0,-4,0,0,27
amerriman,AJ,Merriman,DC,1,1,0,1,0,1,0,0,6,9,2,0,0,8,-3,69,0,1,0,0,18,3,10,0,1157,2,0,1,0,1,1,69
amerriman,AJ,Merriman,DC,2,1,0,1,0,2,0,0,5,8,3,0,0,7,74,47,1,2,2,1,17,5,11,1,1445,3,0,1,0,2,3,116
amerriman,AJ,Merriman,DC,3,1,0,1,0,0,0,0,6,7,1,0,0,6,15,21,0,1,0,0,15,1,14,1,988,1,0,1,0,3,3,137
amerriman,AJ,Merriman,DC,4,1,0,0,0,2,0,0,9,9,0,0,0,6,53,25,0,0,2,0,11,2,8,0,1099,0,2,0,2,3,5,162
amerriman,AJ,Merriman,DC,6,2,0,2,0,1,0,0,7,8,1,0,0,7,23,49,0,1,2,0,38,9,14,1,2421,1,2,2,4,5,6,211
amerriman,AJ,Merriman,DC,7,1,0,1,0,0,0,0,13,13,0,0,0,9,17,82,0,0,0,0,19,8,10,0,1362,0,1,1,5,6,6,293
amerriman,AJ,Merriman,DC,8,1,0,0,0,0,0,0,6,7,1,0,0,7,93,9,1,1,0,0,19,2,17,0,1139,1,-1,0,4,6,6,302
amerriman,AJ,Merriman,DC,10,1,2,3,1,0,0,0,15,16,1,0,0,14,32,75,0,1,1,0,20,9,17,0,1261,1,4,5,8,11,6,377
amerriman,AJ,Merriman,DC,11,1,1,0,1,1,0,0,8,8,0,0,0,9,65,45,0,0,12,9,8,1,8,0,1115,0,2,1,10,12,7,422
amerriman,AJ,Merriman,DC,12,1,0,1,0,1,0,0,8,9,1,0,0,7,31,25,0,1,2,1,14,2,14,0,874,1,1,1,11,13,8,447
amerriman,AJ,Merriman,DC,13,1,1,0,1,0,0,0,15,16,1,0,0,15,135,186,1,1,14,8,7,1,7,0,1076,1,0,1,11,14,8,633
amiles,AJ,Miles,LV,1,1,0,0,0,0,0,0,0,0,0,0,0,0,0,0,0,0,0,0,0,0,0,0,0,0,0,0,0,0,0,0
amiles,AJ,Miles,LV,2,1,0,0,0,1,0,0,4,4,0,0,0,4,35,109,1,1,9,4,5,1,0,0,1232,0,1,0,1,0,1,109
amiles,AJ,Miles,LV,3,1,0,0,0,0,0,0,1,1,0,0,0,1,-3,7,0,0,7,2,6,1,0,0,577,0,0,0,1,0,1,116
amiles,AJ,Miles,LV,5,1,0,0,0,0,0,0,0,0,0,0,0,0,0,0,0,0,0,0,0,0,0,0,0,0,0,0,1,0,1,116
amiles,AJ,Miles,LV,7,2,0,0,0,0,0,0,0,0,0,0,0,0,0,0,0,0,0,0,0,0,0,0,0,0,0,0,1,0,1,116
amiles,AJ,Miles,LV,8,1,0,0,0,0,0,0,0,0,0,0,0,0,0,0,0,0,0,0,0,0,0,0,0,0,0,0,1,0,1,116
amiles,AJ,Miles,LV,9,2,0,0,0,0,0,0,0,0,0,0,0,0,0,0,0,0,0,0,0,0,0,0,0,0,0,0,1,0,1,116
amiles,AJ,Miles,LV,11,1,0,0,1,0,0,0,1,1,0,1,1,2,3,57,0,0,7,4,4,0,0,0,691,2,-2,0,-1,0,1,173
amiles,AJ,Miles,LV,12,1,2,0,0,1,0,0,2,3,1,0,0,4,-12,49,0,1,11,3,9,0,0,0,1198,1,2,2,1,2,2,222
amiles,AJ,Miles,LV,13,1,0,0,0,0,0,0,0,0,0,0,0,0,0,0,0,0,0,0,0,0,0,0,0,0,0,0,1,2,2,222
jmillage,Jamie,Millage,TOR,2,2,0,0,0,0,0,0,0,0,0,0,0,0,0,0,0,0,0,0,0,0,0,0,0,0,0,0,0,0,0,0
jmillage,Jamie,Millage,TOR,3,1,0,0,0,0,0,0,0,0,0,0,0,0,0,0,0,0,0,0,0,0,0,0,0,0,0,0,0,0,0,0
jmillage,Jamie,Millage,TOR,6,2,0,0,0,0,0,0,0,0,0,0,0,0,0,0,0,0,0,0,0,0,0,0,0,0,0,0,0,0,0,0
jmillage,Jamie,Millage,TOR,7,1,0,0,0,0,0,0,0,0,0,0,0,0,0,0,0,0,0,0,0,0,0,0,0,0,0,0,0,0,0,0
jmillage,Jamie,Millage,TOR,8,1,0,0,0,0,0,0,0,0,0,0,0,0,0,0,0,0,0,0,0,0,0,0,0,0,0,0,0,0,0,0
jmillage,Jamie,Millage,TOR,9,2,0,0,0,0,0,0,0,0,0,0,0,0,0,0,0,0,0,0,0,0,0,0,0,0,0,0,0,0,0,0
jmillage,Jamie,Millage,TOR,10,1,0,0,0,0,0,0,0,0,0,0,0,0,0,0,0,0,0,0,0,0,0,0,0,0,0,0,0,0,0,0
jmillage,Jamie,Millage,TOR,11,1,0,0,0,0,0,0,0,0,0,0,0,0,0,0,0,0,0,0,0,0,0,0,0,0,0,0,0,0,0,0
jmillage,Jamie,Millage,TOR,13,1,0,0,0,0,0,0,0,0,0,0,0,0,0,0,0,0,0,0,0,0,0,0,0,0,0,0,0,0,0,0
amiller1,Adam,Miller,ATL,1,1,2,4,1,0,0,0,36,37,1,0,0,37,309,207,2,3,16,14,4,1,0,0,1211,1,5,6,5,6,0,207
amiller1,Adam,Miller,ATL,3,2,4,4,2,0,0,0,45,48,3,0,0,49,214,246,3,4,21,15,3,3,0,0,1732,3,5,8,10,14,0,453
amiller1,Adam,Miller,ATL,4,2,3,5,5,0,0,0,47,52,4,0,0,47,513,344,3,4,37,28,1,0,0,0,2651,4,4,8,14,22,0,797
amiller1,Adam,Miller,ATL,5,1,1,8,0,0,0,0,49,49,0,0,0,46,311,90,1,1,22,18,2,1,0,0,1682,0,9,9,23,31,0,887
amiller1,Adam,Miller,ATL,6,2,6,3,5,0,0,1,107,112,4,0,0,103,507,417,0,1,45,27,1,0,0,0,3966,4,5,9,28,40,0,1304
amiller1,Adam,Miller,ATL,7,1,0,1,1,0,0,0,34,35,1,0,0,30,245,88,0,0,22,14,5,2,2,0,1680,1,0,1,28,41,0,1392
amiller1,Adam,Miller,ATL,9,1,4,3,2,1,0,0,30,30,0,0,0,26,222,225,0,0,18,18,5,3,2,0,1144,0,8,7,36,48,1,1617
amiller1,Adam,Miller,ATL,10,1,0,3,2,0,0,0,17,17,0,0,0,17,91,78,1,1,11,9,3,1,1,0,831,0,3,3,39,51,1,1695
amiller1,Adam,Miller,ATL,12,1,2,4,4,0,0,0,30,30,0,0,0,31,258,75,1,1,19,15,3,2,0,0,1455,0,6,6,45,57,1,1770
dmiller4,Dane,Miller,SLC,1,1,0,0,0,0,0,0,0,0,0,0,0,0,0,0,0,0,0,0,0,0,0,0,0,0,0,0,0,0,0,0
dmiller4,Dane,Miller,SLC,2,1,0,0,0,0,0,0,0,0,0,0,0,0,0,0,0,0,0,0,0,0,0,0,0,0,0,0,0,0,0,0
dmiller4,Dane,Miller,SLC,5,1,0,0,0,0,0,0,0,0,0,0,0,0,0,0,0,0,0,0,0,0,0,0,0,0,0,0,0,0,0,0
dmiller4,Dane,Miller,SLC,6,2,0,0,0,0,0,0,7,7,0,0,0,7,8,31,0,0,0,0,21,8,0,0,1196,0,0,0,0,0,0,31
dmiller4,Dane,Miller,SLC,7,1,0,0,0,0,0,0,0,0,0,0,0,0,0,0,0,0,0,0,0,0,0,0,0,0,0,0,0,0,0,31
dmiller4,Dane,Miller,SLC,8,1,0,0,0,0,0,0,0,0,0,0,0,0,0,0,0,0,0,0,0,0,0,0,0,0,0,0,0,0,0,31
dmiller4,Dane,Miller,SLC,10,1,0,0,0,0,0,0,0,0,0,0,0,0,0,0,0,0,0,0,0,0,0,0,0,0,0,0,0,0,0,31
dmiller4,Dane,Miller,SLC,11,2,0,0,0,0,0,0,0,0,0,0,0,0,0,0,0,0,0,0,0,0,0,0,0,0,0,0,0,0,0,31
dmiller4,Dane,Miller,SLC,12,1,0,0,0,0,0,0,0,0,0,0,0,0,0,0,0,0,0,0,0,0,0,0,0,0,0,0,0,0,0,31
dmiller4,Dane,Miller,SLC,13,1,0,0,0,0,0,0,0,0,0,0,0,0,0,0,0,0,0,0,0,0,0,0,0,0,0,0,0,0,0,31
dmiller2,Dax,Miller,TOR,2,2,0,0,0,0,0,0,1,1,0,0,0,1,52,-4,1,1,0,0,16,3,0,0,1193,0,0,0,0,0,0,-4
dmiller2,Dax,Miller,TOR,3,1,0,2,0,1,0,0,5,5,0,0,0,4,64,23,0,0,4,3,13,2,0,0,937,0,3,2,3,2,1,19
dmiller2,Dax,Miller,TOR,6,2,0,0,0,0,0,0,7,9,2,0,0,8,72,-15,0,1,3,2,22,5,0,0,1792,2,-2,0,1,2,1,4
dmiller2,Dax,Miller,TOR,7,1,2,3,1,0,0,0,7,7,0,0,0,7,52,120,0,0,1,1,14,9,0,0,842,0,5,5,6,7,1,124
dmiller2,Dax,Miller,TOR,8,1,0,0,0,0,0,0,0,0,0,0,0,0,0,0,0,0,0,0,0,0,0,0,0,0,0,0,6,7,1,124
dmiller2,Dax,Miller,TOR,9,2,0,0,0,0,0,0,0,0,0,0,0,0,0,0,0,0,0,0,0,0,0,0,0,0,0,0,6,7,1,124
dmiller2,Dax,Miller,TOR,10,1,0,0,0,0,0,0,0,0,0,0,0,0,0,0,0,0,0,0,0,0,0,0,0,0,0,0,6,7,1,124
dmiller2,Dax,Miller,TOR,11,1,0,0,0,0,0,0,0,0,0,0,0,0,0,0,0,0,0,0,0,0,0,0,0,0,0,0,6,7,1,124
dmiller2,Dax,Miller,TOR,13,1,1,0,1,0,0,0,7,7,0,0,0,8,25,139,0,0,8,6,10,1,0,0,1235,0,1,1,7,8,1,263
emiller,Evan,Miller,SLC,1,1,0,0,0,0,0,0,0,0,0,0,0,0,0,0,0,0,0,0,0,0,0,0,0,0,0,0,0,0,0,0
emiller,Evan,Miller,SLC,2,1,1,1,0,0,0,0,6,6,0,0,0,6,34,79,0,0,10,9,3,1,0,0,919,0,2,2,2,2,0,79
emiller,Evan,Miller,SLC,5,1,0,0,0,0,0,0,0,0,0,0,0,0,0,0,0,0,0,0,7,2,0,0,524,0,0,0,2,2,0,79
emiller,Evan,Miller,SLC,6,2,0,0,0,0,0,0,0,0,0,0,0,0,0,0,0,0,0,0,0,0,0,0,0,0,0,0,2,2,0,79
emiller,Evan,Miller,SLC,7,1,0,0,0,0,0,0,0,0,0,0,0,0,0,0,0,0,0,0,0,0,0,0,0,0,0,0,2,2,0,79
emiller,Evan,Miller,SLC,8,1,0,0,0,0,0,0,0,0,0,0,0,0,0,0,0,0,0,0,0,0,0,0,0,0,0,0,2,2,0,79
emiller,Evan,Miller,SLC,10,1,0,0,0,0,0,0,0,0,0,0,0,0,0,0,0,0,0,0,0,0,0,0,0,0,0,0,2,2,0,79
emiller,Evan,Miller,SLC,11,2,0,0,0,0,0,0,0,0,0,0,0,0,0,0,0,0,0,0,0,0,0,0,0,0,0,0,2,2,0,79
emiller,Evan,Miller,SLC,12,1,0,0,0,0,0,0,0,0,0,0,0,0,0,0,0,0,0,0,0,0,0,0,0,0,0,0,2,2,0,79
emiller,Evan,Miller,SLC,13,1,0,0,0,0,0,0,0,0,0,0,0,0,0,0,0,0,0,0,0,0,0,0,0,0,0,0,2,2,0,79
jmiller,Jacob,Miller,SLC,1,1,2,2,3,0,0,0,31,31,0,0,0,31,237,184,2,2,22,17,1,0,0,0,1224,0,4,4,4,4,0,184
jmiller,Jacob,Miller,SLC,2,1,3,0,2,0,0,0,22,22,0,0,1,20,108,89,0,0,14,12,0,0,0,0,808,1,2,3,6,7,0,273
jmiller,Jacob,Miller,SLC,5,1,1,2,3,0,0,0,36,37,1,0,0,35,158,186,0,0,23,15,0,0,0,0,1323,1,2,3,8,10,0,459
jmiller,Jacob,Miller,SLC,6,2,3,2,6,0,0,0,43,43,0,0,1,40,222,361,1,1,39,26,0,0,0,0,2853,1,4,5,12,15,0,820
jmiller,Jacob,Miller,SLC,7,1,0,0,0,0,0,0,0,0,0,0,0,0,0,0,0,0,0,0,0,0,0,0,0,0,0,0,12,15,0,820
jmiller,Jacob,Miller,SLC,8,1,3,2,3,0,0,0,30,30,0,0,0,32,246,73,1,1,19,17,0,0,0,0,1046,0,5,5,17,20,0,893
jmiller,Jacob,Miller,SLC,10,1,0,1,6,0,0,0,39,39,0,0,0,29,167,3,0,0,21,16,0,0,0,0,1293,0,1,1,18,21,0,896
jmiller,Jacob,Miller,SLC,11,2,2,4,2,0,0,0,33,34,0,0,0,35,134,267,0,0,34,30,0,0,0,0,1540,0,6,6,24,27,0,1163
jmiller,Jacob,Miller,SLC,12,1,0,0,2,0,0,0,26,27,1,0,0,26,145,64,0,0,20,15,0,0,0,0,1237,1,-1,0,23,27,0,1227
jmiller,Jacob,Miller,SLC,13,1,0,1,3,0,0,0,26,27,1,0,0,22,116,113,0,0,16,11,0,0,0,0,1025,1,0,1,23,28,0,1340
mmiller1,Matt,Miller,SD,2,2,4,5,9,1,0,0,53,62,7,0,0,55,473,413,0,1,33,25,6,4,1,0,2704,7,3,9,3,9,1,413
mmiller1,Matt,Miller,SD,3,1,1,3,1,0,0,0,41,43,2,0,0,36,336,80,2,3,20,13,2,0,0,0,1734,2,2,4,5,13,1,493
mmiller1,Matt,Miller,SD,4,1,1,1,2,2,0,0,40,42,2,0,1,35,388,179,2,2,17,14,2,2,0,0,1541,3,1,2,6,15,3,672
mmiller1,Matt,Miller,SD,5,2,6,8,8,0,0,1,111,116,5,0,0,102,1055,406,5,7,53,39,2,1,0,0,3454,5,9,14,15,29,3,1078
mmiller1,Matt,Miller,SD,6,1,1,4,3,2,0,0,32,33,1,0,0,30,417,86,3,3,18,14,4,2,0,0,1220,1,6,5,21,34,5,1164
mmiller1,Matt,Miller,SD,7,1,4,1,0,1,0,0,40,44,4,0,0,40,287,248,1,2,25,15,2,1,0,0,1460,4,2,5,23,39,6,1412
mmiller1,Matt,Miller,SD,8,1,1,2,0,1,0,0,29,32,2,0,0,29,332,168,3,3,16,11,6,0,0,0,1249,2,2,3,25,42,7,1580
mmiller1,Matt,Miller,SD,10,1,2,2,1,0,0,0,28,33,5,0,0,21,223,167,1,4,22,12,2,0,0,0,1550,5,-1,4,24,46,7,1747
mmiller1,Matt,Miller,SD,11,1,0,3,1,0,0,1,30,35,2,0,0,25,309,124,2,3,20,12,2,0,0,0,1371,2,1,3,25,49,7,1871
mmiller1,Matt,Miller,SD,13,1,1,3,1,0,0,0,32,36,4,0,0,23,217,113,2,2,16,9,0,0,0,0,1693,4,0,4,25,53,7,1984
nminfink,Nanda,Min-Fink,COL,1,1,0,0,0,0,0,0,0,0,0,0,0,0,0,0,0,0,0,0,0,0,0,0,0,0,0,0,0,0,0,0
nminfink,Nanda,Min-Fink,COL,4,2,0,0,0,0,0,0,0,0,0,0,0,0,0,0,0,0,0,0,0,0,0,0,0,0,0,0,0,0,0,0
nminfink,Nanda,Min-Fink,COL,5,1,0,0,0,0,0,0,0,0,0,0,0,0,0,0,0,0,0,0,0,0,0,0,0,0,0,0,0,0,0,0
nminfink,Nanda,Min-Fink,COL,6,1,0,0,0,0,0,0,8,8,0,0,0,8,33,24,0,0,0,0,15,2,0,0,856,0,0,0,0,0,0,24
nminfink,Nanda,Min-Fink,COL,9,1,2,1,2,0,0,0,16,16,0,0,0,17,55,48,0,0,0,0,16,10,0,0,1236,0,3,3,3,3,0,72
nminfink,Nanda,Min-Fink,COL,10,2,4,7,5,1,1,0,80,86,6,1,1,88,515,551,1,2,42,25,0,0,0,0,2619,8,4,11,7,14,1,623
nminfink,Nanda,Min-Fink,COL,11,1,3,2,3,0,0,0,38,39,1,0,0,41,45,353,0,1,23,17,1,0,0,0,1726,1,4,5,11,19,1,976
nminfink,Nanda,Min-Fink,COL,12,2,3,6,6,0,0,0,39,40,1,0,1,43,314,439,2,2,38,28,0,0,0,0,2583,2,7,9,18,28,1,1415
nminfink,Nanda,Min-Fink,COL,13,1,3,4,2,1,0,0,13,14,1,0,0,16,79,233,1,1,18,12,0,0,0,0,970,1,7,7,25,35,2,1648
tmitchell,Terrence,Mitchell,CAR,3,1,0,2,0,0,0,0,13,13,0,0,0,13,56,104,0,0,16,11,0,0,0,0,1099,0,2,2,2,2,0,104
tmitchell,Terrence,Mitchell,CAR,4,2,0,1,0,0,0,0,6,7,1,0,0,7,86,29,1,1,9,7,0,0,0,0,603,1,0,1,2,3,0,133
tmitchell,Terrence,Mitchell,CAR,5,1,1,0,1,0,0,0,10,11,1,0,1,12,50,184,1,1,25,19,0,0,0,0,1335,2,-1,1,1,4,0,317
tmitchell,Terrence,Mitchell,CAR,6,2,0,6,2,2,0,0,28,31,3,0,0,30,126,369,0,0,25,20,0,0,0,0,2257,3,5,6,6,10,2,686
tmitchell,Terrence,Mitchell,CAR,7,1,1,1,3,0,0,0,19,19,0,0,0,20,122,197,0,0,15,13,0,0,0,0,1132,0,2,2,8,12,2,883
tmitchell,Terrence,Mitchell,CAR,9,1,1,2,1,0,0,0,9,9,0,0,1,10,109,198,1,1,14,14,0,0,0,0,751,1,2,3,10,15,2,1081
tmitchell,Terrence,Mitchell,CAR,10,1,1,1,2,0,0,0,10,11,1,0,1,12,60,139,0,0,18,13,0,0,0,0,1028,2,0,2,10,17,2,1220
tmitchell,Terrence,Mitchell,CAR,12,1,2,1,1,0,0,0,7,7,0,0,0,8,56,180,0,0,18,12,0,0,0,0,1122,0,3,3,13,20,2,1400
tmitchell,Terrence,Mitchell,CAR,13,2,11,3,2,2,0,0,18,20,2,0,1,30,185,480,2,2,42,28,1,0,0,0,2317,3,13,14,26,34,4,1880
smogielsk,Steve,Mogielski,SEA,2,1,0,0,0,0,0,0,0,0,0,0,0,0,0,0,0,0,0,0,0,0,0,0,0,0,0,0,0,0,0,0
smogielsk,Steve,Mogielski,SEA,3,2,0,0,0,0,0,0,0,0,0,0,0,0,0,0,0,0,0,0,0,0,0,0,0,0,0,0,0,0,0,0
smogielsk,Steve,Mogielski,SEA,4,1,0,0,0,0,0,0,0,0,0,0,0,0,0,0,0,0,0,0,0,0,0,0,0,0,0,0,0,0,0,0
smogielsk,Steve,Mogielski,SEA,5,2,0,0,0,0,0,0,0,0,0,0,0,0,0,0,0,0,0,0,0,0,0,0,0,0,0,0,0,0,0,0
smogielsk,Steve,Mogielski,SEA,6,1,0,0,0,0,0,0,0,0,0,0,0,0,0,0,0,0,0,0,0,0,0,0,0,0,0,0,0,0,0,0
smogielsk,Steve,Mogielski,SEA,7,1,0,0,0,0,0,0,0,0,0,0,0,0,0,0,0,0,0,0,0,0,0,0,0,0,0,0,0,0,0,0
smogielsk,Steve,Mogielski,SEA,9,1,0,0,0,0,0,0,0,0,0,0,0,0,0,0,0,0,0,0,0,0,0,0,0,0,0,0,0,0,0,0
smogielsk,Steve,Mogielski,SEA,10,1,0,0,0,0,0,0,0,0,0,0,0,0,0,0,0,0,0,0,0,0,0,0,0,0,0,0,0,0,0,0
smogielsk,Steve,Mogielski,SEA,13,2,0,1,0,0,0,0,2,2,0,0,0,2,36,11,0,0,0,0,10,2,0,0,372,0,1,1,1,1,0,11
jmolder,Joe,Molder,PIT,2,1,0,0,0,0,0,0,0,0,0,0,0,0,0,0,0,0,0,0,0,0,0,0,0,0,0,0,0,0,0,0
jmolder,Joe,Molder,PIT,3,1,0,0,0,0,0,0,0,0,0,0,0,0,0,0,0,0,0,0,0,0,0,0,0,0,0,0,0,0,0,0
jmolder,Joe,Molder,PIT,4,1,1,0,0,0,0,0,1,1,0,0,0,2,-9,24,0,0,0,0,5,2,0,0,177,0,1,1,1,1,0,24
jmolder,Joe,Molder,PIT,5,1,1,0,0,0,0,0,1,1,0,0,0,2,22,56,0,0,1,0,6,1,0,0,339,0,1,1,2,2,0,80
jmolder,Joe,Molder,PIT,6,1,0,0,0,1,0,0,0,0,0,0,0,1,0,14,0,0,1,0,6,2,0,0,488,0,1,0,3,2,1,94
jmolder,Joe,Molder,PIT,7,1,0,0,0,0,0,0,0,0,0,0,0,0,0,0,0,0,0,0,0,0,0,0,0,0,0,0,3,2,1,94
jmolder,Joe,Molder,PIT,8,1,0,0,0,1,0,0,0,1,1,0,0,1,0,13,0,0,0,0,10,2,0,0,711,1,0,0,3,2,2,107
jmolder,Joe,Molder,PIT,9,2,0,1,0,1,0,0,4,4,0,0,0,4,30,75,0,0,10,5,20,6,0,0,2074,0,2,1,5,3,3,182
jmolder,Joe,Molder,PIT,10,1,0,1,0,1,0,0,5,5,0,0,0,6,-9,89,0,0,0,0,23,10,0,0,1669,0,2,1,7,4,4,271
jmolder,Joe,Molder,PIT,11,1,0,0,0,0,0,0,0,0,0,0,0,0,0,0,0,0,0,0,12,1,0,0,487,0,0,0,7,4,4,271
jmolder,Joe,Molder,PIT,13,1,0,0,0,0,0,0,1,1,0,0,0,1,-8,17,0,0,1,0,12,4,0,0,882,0,0,0,7,4,4,288
tmonroe,Tyler,Monroe,DC,1,1,0,0,0,0,0,0,0,0,0,0,0,0,0,0,0,0,0,0,0,0,0,0,0,0,0,0,0,0,0,0
tmonroe,Tyler,Monroe,DC,2,1,2,2,1,0,0,0,29,29,0,0,0,32,69,177,0,0,15,11,0,0,0,0,1287,0,4,4,4,4,0,177
tmonroe,Tyler,Monroe,DC,3,1,3,3,5,0,0,0,27,27,0,0,0,30,169,189,1,1,20,17,0,0,0,0,1459,0,6,6,10,10,0,366
tmonroe,Tyler,Monroe,DC,4,1,0,2,2,1,0,0,18,19,1,0,0,18,106,118,0,0,14,8,1,0,0,0,1530,1,2,2,12,12,1,484
tmonroe,Tyler,Monroe,DC,6,2,2,5,4,0,0,0,58,61,3,1,1,64,213,430,0,0,42,29,0,0,0,0,3190,5,2,7,14,19,1,914
tmonroe,Tyler,Monroe,DC,7,1,2,3,5,0,0,0,23,23,0,0,0,25,152,228,2,2,17,14,0,0,0,0,1108,0,5,5,19,24,1,1142
tmonroe,Tyler,Monroe,DC,8,1,2,3,0,0,0,0,33,34,1,0,0,37,123,188,0,1,22,16,0,0,0,0,1795,1,4,5,23,29,1,1330
tmonroe,Tyler,Monroe,DC,10,1,0,2,2,1,0,0,25,25,0,0,0,23,86,71,0,0,15,12,0,0,0,0,1052,0,3,2,26,31,2,1401
tmonroe,Tyler,Monroe,DC,11,1,1,1,1,0,0,0,11,12,1,0,1,13,84,85,0,0,15,9,0,0,0,0,1320,2,0,2,26,33,2,1486
tmonroe,Tyler,Monroe,DC,12,1,0,3,2,0,0,0,26,26,0,0,0,26,155,55,0,0,15,14,0,0,0,0,1258,0,3,3,29,36,2,1541
tmonroe,Tyler,Monroe,DC,13,1,0,0,2,0,0,0,23,23,0,0,0,23,125,148,0,0,19,9,0,0,0,0,1263,0,0,0,29,36,2,1689
bmoore1,Brent,Moore,LV,1,1,0,0,0,0,0,0,3,3,0,0,0,3,9,41,0,0,7,2,8,0,0,0,853,0,0,0,0,0,0,41
bmoore1,Brent,Moore,LV,2,1,1,0,0,1,0,0,8,8,0,0,0,9,-5,89,0,0,8,5,5,0,0,0,1147,0,2,1,2,1,1,130
bmoore1,Brent,Moore,LV,3,1,0,1,1,3,0,0,2,4,2,0,1,4,-6,124,0,1,9,5,14,3,6,1,1456,3,1,1,3,2,4,254
bmoore1,Brent,Moore,LV,5,1,2,0,0,2,0,0,7,8,1,0,0,9,10,79,0,0,0,0,14,4,7,0,1372,1,3,2,6,4,6,333
bmoore1,Brent,Moore,LV,7,2,2,1,1,1,0,0,6,6,0,0,0,8,17,52,0,0,1,1,28,6,11,0,1931,0,4,3,10,7,7,385
bmoore1,Brent,Moore,LV,8,1,0,0,0,0,0,0,0,0,0,0,0,0,0,0,0,0,0,0,0,0,0,0,0,0,0,0,10,7,7,385
bmoore1,Brent,Moore,LV,9,2,0,0,0,0,0,0,0,0,0,0,0,0,0,0,0,0,0,0,0,0,0,0,0,0,0,0,10,7,7,385
bmoore1,Brent,Moore,LV,11,1,2,1,0,2,0,0,2,5,3,0,0,6,24,116,0,2,10,2,7,1,7,1,1066,3,2,3,12,10,9,501
bmoore1,Brent,Moore,LV,12,1,0,0,0,0,0,0,0,0,0,0,0,0,0,0,0,0,0,0,0,0,0,0,0,0,0,0,12,10,9,501
bmoore1,Brent,Moore,LV,13,1,1,0,0,1,0,0,2,2,0,0,0,2,4,8,0,0,0,0,14,2,3,1,1011,0,2,1,14,11,10,509
cmoore,Cole,Moore,BOS,1,1,0,0,0,0,0,0,0,0,0,0,0,0,0,0,0,0,0,0,0,0,0,0,0,0,0,0,0,0,0,0
cmoore,Cole,Moore,BOS,3,1,0,0,0,0,0,0,0,0,0,0,0,0,0,0,0,0,0,0,0,0,0,0,0,0,0,0,0,0,0,0
cmoore,Cole,Moore,BOS,4,2,0,0,0,0,0,0,0,0,0,0,0,0,0,0,0,0,0,0,0,0,0,0,0,0,0,0,0,0,0,0
cmoore,Cole,Moore,BOS,7,1,0,0,0,0,0,0,0,0,0,0,0,0,0,0,0,0,0,0,0,0,0,0,0,0,0,0,0,0,0,0
cmoore,Cole,Moore,BOS,8,2,0,0,0,0,0,0,0,0,0,0,0,0,0,0,0,0,0,0,0,0,0,0,0,0,0,0,0,0,0,0
cmoore,Cole,Moore,BOS,9,1,1,0,0,2,0,0,4,4,0,0,0,5,15,31,0,0,0,0,14,7,0,0,1149,0,3,1,3,1,2,31
cmoore,Cole,Moore,BOS,11,1,1,2,0,0,0,0,8,9,1,0,0,10,10,44,0,0,2,1,8,2,0,0,905,1,2,3,5,4,2,75
cmoore,Cole,Moore,BOS,12,2,0,0,0,0,0,0,0,0,0,0,0,0,0,0,0,0,0,0,0,0,0,0,0,0,0,0,5,4,2,75
cmoore,Cole,Moore,BOS,13,1,1,2,0,1,0,0,5,6,1,0,0,5,17,30,0,1,0,0,17,6,0,0,1194,1,3,3,8,7,3,105
emoore,Elliott,Moore,ATX,1,1,1,2,1,0,0,0,16,18,2,0,0,14,160,28,0,1,2,2,17,8,0,0,1094,2,1,3,1,3,0,28
emoore,Elliott,Moore,ATX,2,1,0,2,1,0,0,0,15,18,3,0,0,13,92,-11,0,1,3,1,15,6,0,0,1284,3,-1,2,0,5,0,17
emoore,Elliott,Moore,ATX,3,1,3,3,5,0,0,0,58,59,1,0,0,54,586,183,3,3,21,18,0,0,0,0,1242,1,5,6,5,11,0,200
emoore,Elliott,Moore,ATX,4,1,1,2,2,0,0,0,20,21,1,0,0,16,174,98,1,1,20,13,0,0,0,0,1562,1,2,3,7,14,0,298
emoore,Elliott,Moore,ATX,7,2,1,5,4,0,0,0,72,76,4,0,1,60,661,153,4,6,37,21,1,0,0,0,2937,5,1,6,8,20,0,451
emoore,Elliott,Moore,ATX,8,1,0,2,3,0,0,0,31,35,3,0,0,19,338,99,0,1,20,15,0,0,0,0,1215,3,-1,2,7,22,0,550
emoore,Elliott,Moore,ATX,10,2,3,6,3,0,0,0,73,79,6,1,0,55,777,196,1,1,42,27,0,0,0,0,2737,7,2,9,9,31,0,746
emoore,Elliott,Moore,ATX,11,1,1,4,8,0,0,0,49,50,1,0,0,35,492,124,2,2,26,22,1,0,0,0,1448,1,4,5,13,36,0,870
emoore,Elliott,Moore,ATX,12,1,0,0,0,0,0,0,0,0,0,0,0,0,0,0,0,0,0,0,0,0,0,0,0,0,0,0,13,36,0,870
emoore,Elliott,Moore,ATX,13,1,2,2,1,0,0,0,28,31,3,0,0,22,206,189,0,0,18,11,1,1,0,0,1242,3,1,4,14,40,0,1059
jmoore1,Josh,Moore,ORE,1,1,0,0,0,0,0,0,0,0,0,0,0,0,0,0,0,0,0,0,0,0,0,0,0,0,0,0,0,0,0,0
jmoore1,Josh,Moore,ORE,2,1,1,1,0,1,0,0,14,18,4,0,1,18,90,157,0,1,16,9,1,0,0,0,1134,5,-2,2,-2,2,1,157
jmoore1,Josh,Moore,ORE,4,1,1,3,2,0,0,0,22,23,1,0,0,23,141,174,1,1,18,12,1,0,0,0,1299,1,3,4,1,6,1,331
jmoore1,Josh,Moore,ORE,5,2,4,6,1,1,0,0,52,55,2,0,1,53,321,570,1,2,28,16,1,0,0,0,2242,3,8,10,9,16,2,901
jmoore1,Josh,Moore,ORE,6,1,1,2,0,0,0,0,22,22,0,0,1,18,66,144,0,0,13,4,0,0,0,0,888,1,2,3,11,19,2,1045
jmoore1,Josh,Moore,ORE,7,1,0,0,0,0,0,0,0,0,0,0,0,0,0,0,0,0,0,0,0,0,0,0,0,0,0,0,11,19,2,1045
jmoore1,Josh,Moore,ORE,8,2,0,0,0,0,0,0,0,0,0,0,0,0,0,0,0,0,0,0,0,0,0,0,0,0,0,0,11,19,2,1045
jmoore1,Josh,Moore,ORE,9,1,1,1,2,0,0,0,22,26,3,0,0,25,151,105,0,1,18,8,1,1,0,0,1452,3,-1,2,10,21,2,1150
jmoore1,Josh,Moore,ORE,10,1,0,0,0,0,0,0,0,0,0,0,0,0,0,0,0,0,0,0,0,0,0,0,0,0,0,0,10,21,2,1150
jmoore1,Josh,Moore,ORE,13,1,0,0,0,0,0,0,0,0,0,0,0,0,0,0,0,0,0,0,0,0,0,0,0,0,0,0,10,21,2,1150
mmoranrub,Mario,Moran Rubiano,DET,3,1,0,0,0,0,0,0,0,0,0,0,0,0,0,0,0,0,0,0,0,0,0,0,0,0,0,0,0,0,0,0
mmoranrub,Mario,Moran Rubiano,DET,5,1,0,0,0,0,0,0,0,0,0,0,0,0,0,0,0,0,0,0,0,0,0,0,0,0,0,0,0,0,0,0
mmoranrub,Mario,Moran Rubiano,DET,7,1,0,0,0,0,0,0,0,0,0,0,0,0,0,0,0,0,0,0,0,0,0,0,0,0,0,0,0,0,0,0
mmoranrub,Mario,Moran Rubiano,DET,8,1,0,0,0,0,0,0,0,0,0,0,0,0,0,0,0,0,0,0,0,0,0,0,0,0,0,0,0,0,0,0
mmoranrub,Mario,Moran Rubiano,DET,9,2,0,0,0,0,0,0,0,0,0,0,0,0,0,0,0,0,0,0,0,0,0,0,0,0,0,0,0,0,0,0
mmoranrub,Mario,Moran Rubiano,DET,10,2,0,0,0,0,0,0,0,0,0,0,0,0,0,0,0,0,0,0,0,0,0,0,0,0,0,0,0,0,0,0
mmoranrub,Mario,Moran Rubiano,DET,11,1,0,0,0,0,0,0,0,0,0,0,0,0,0,0,0,0,0,0,0,0,0,0,0,0,0,0,0,0,0,0
mmoranrub,Mario,Moran Rubiano,DET,12,1,0,0,0,0,0,0,0,0,0,0,0,0,0,0,0,0,0,0,0,0,0,0,0,0,0,0,0,0,0,0
mmoranrub,Mario,Moran Rubiano,DET,13,2,0,0,0,0,0,0,0,0,0,0,0,0,0,0,0,0,0,0,0,0,0,0,0,0,0,0,0,0,0,0
gmoreno,Gregory,Moreno,DET,3,1,0,0,0,0,0,0,0,0,0,0,0,0,0,0,0,0,0,0,0,0,0,0,0,0,0,0,0,0,0,0
gmoreno,Gregory,Moreno,DET,5,1,0,0,0,0,0,0,0,0,0,0,0,0,0,0,0,0,0,0,0,0,0,0,0,0,0,0,0,0,0,0
gmoreno,Gregory,Moreno,DET,7,1,1,0,1,2,0,0,4,4,0,0,0,4,4,19,0,0,1,1,9,3,0,0,701,0,3,1,3,1,2,19
gmoreno,Gregory,Moreno,DET,8,1,0,3,0,1,0,0,8,8,0,0,0,7,64,43,0,0,1,0,22,6,0,0,1373,0,4,3,7,4,3,62
gmoreno,Gregory,Moreno,DET,9,2,1,0,1,2,0,0,10,12,2,0,0,10,76,84,0,0,0,0,19,5,0,0,1319,2,1,1,8,5,5,146
gmoreno,Gregory,Moreno,DET,10,2,1,1,1,1,0,0,23,25,2,0,1,20,100,120,1,1,8,3,31,2,0,0,2403,3,0,2,8,7,6,266
gmoreno,Gregory,Moreno,DET,11,1,0,1,1,1,0,0,10,12,2,0,0,9,32,47,0,1,5,2,13,3,0,0,1173,2,0,1,8,8,7,313
gmoreno,Gregory,Moreno,DET,12,1,0,0,0,0,0,0,0,2,2,0,0,2,0,27,0,0,2,1,16,0,0,0,1154,2,-2,0,6,8,7,340
gmoreno,Gregory,Moreno,DET,13,2,0,2,0,3,0,0,30,35,5,0,0,27,74,155,0,1,20,2,23,4,0,0,2445,5,0,2,6,10,10,495
bmorrison,Brayden,Morrison,CAR,3,1,0,0,0,0,0,0,0,0,0,0,0,0,0,0,0,0,0,0,0,0,0,0,0,0,0,0,0,0,0,0
bmorrison,Brayden,Morrison,CAR,4,2,0,0,0,0,0,0,0,0,0,0,0,0,0,0,0,0,0,0,0,0,0,0,0,0,0,0,0,0,0,0
bmorrison,Brayden,Morrison,CAR,5,1,0,0,0,0,0,0,0,0,0,0,0,0,0,0,0,0,0,0,0,0,0,0,0,0,0,0,0,0,0,0
bmorrison,Brayden,Morrison,CAR,6,2,0,1,1,2,0,0,17,18,1,0,0,14,73,40,0,0,1,0,11,6,1,0,1016,1,2,1,2,1,2,40
bmorrison,Brayden,Morrison,CAR,7,1,0,0,0,0,0,0,0,0,0,0,0,0,0,0,0,0,0,0,0,0,0,0,0,0,0,0,2,1,2,40
bmorrison,Brayden,Morrison,CAR,9,1,1,0,0,0,0,0,13,13,0,0,0,10,87,38,0,0,1,1,14,6,0,0,1278,0,1,1,3,2,2,78
bmorrison,Brayden,Morrison,CAR,10,1,0,1,0,0,0,0,5,5,0,0,0,4,50,24,0,0,2,1,11,3,2,0,801,0,1,1,4,3,2,102
bmorrison,Brayden,Morrison,CAR,12,1,0,0,0,0,0,0,0,0,0,0,0,0,0,0,0,0,0,0,0,0,0,0,0,0,0,0,4,3,2,102
bmorrison,Brayden,Morrison,CAR,13,2,0,0,0,0,0,0,0,0,0,0,0,0,0,0,0,0,0,0,0,0,0,0,0,0,0,0,4,3,2,102
zmorton,Zach,Morton,MIN,3,1,0,0,0,0,0,0,0,0,0,0,0,0,0,0,0,0,0,0,0,0,0,0,0,0,0,0,0,0,0,0
zmorton,Zach,Morton,MIN,4,1,0,0,0,0,0,0,0,0,0,0,0,0,0,0,0,0,0,0,0,0,0,0,0,0,0,0,0,0,0,0
zmorton,Zach,Morton,MIN,5,1,0,0,0,0,0,0,0,0,0,0,0,0,0,0,0,0,0,0,0,0,0,0,0,0,0,0,0,0,0,0
zmorton,Zach,Morton,MIN,6,1,0,0,0,0,0,0,0,0,0,0,0,0,0,0,0,0,0,0,0,0,0,0,0,0,0,0,0,0,0,0
zmorton,Zach,Morton,MIN,7,1,0,0,0,0,0,0,0,0,0,0,0,0,0,0,0,0,0,0,0,0,0,0,0,0,0,0,0,0,0,0
zmorton,Zach,Morton,MIN,8,1,0,0,0,0,0,0,0,0,0,0,0,0,0,0,0,0,0,0,0,0,0,0,0,0,0,0,0,0,0,0
zmorton,Zach,Morton,MIN,9,1,0,0,0,0,0,0,0,0,0,0,0,0,0,0,0,0,0,0,0,0,0,0,0,0,0,0,0,0,0,0
zmorton,Zach,Morton,MIN,11,2,0,0,0,0,0,0,0,0,0,0,0,0,0,0,0,0,0,0,0,0,0,0,0,0,0,0,0,0,0,0
zmorton,Zach,Morton,MIN,12,1,0,0,0,0,0,0,0,0,0,0,0,0,0,0,0,0,0,0,0,0,0,0,0,0,0,0,0,0,0,0
zmorton,Zach,Morton,MIN,13,2,1,1,0,3,0,0,5,5,0,0,0,6,56,102,1,1,8,5,13,8,0,0,1019,0,5,2,5,2,3,102
tmosher,Timothy,Mosher,ATX,1,1,0,0,0,0,0,0,0,0,0,0,0,0,0,0,0,0,0,0,0,0,0,0,0,0,0,0,0,0,0,0
tmosher,Timothy,Mosher,ATX,2,1,0,0,0,0,0,0,0,0,0,0,0,0,0,0,0,0,0,0,0,0,0,0,0,0,0,0,0,0,0,0
tmosher,Timothy,Mosher,ATX,3,1,0,0,0,0,0,0,0,0,0,0,0,0,0,0,0,0,0,0,0,0,0,0,0,0,0,0,0,0,0,0
tmosher,Timothy,Mosher,ATX,4,1,0,0,0,0,0,0,0,0,0,0,0,0,0,0,0,0,0,0,0,0,0,0,0,0,0,0,0,0,0,0
tmosher,Timothy,Mosher,ATX,7,2,0,0,0,0,0,0,0,0,0,0,0,0,0,0,0,0,0,0,0,0,0,0,0,0,0,0,0,0,0,0
tmosher,Timothy,Mosher,ATX,8,1,0,0,0,0,0,0,0,0,0,0,0,0,0,0,0,0,0,0,0,0,0,0,0,0,0,0,0,0,0,0
tmosher,Timothy,Mosher,ATX,10,2,1,0,0,0,0,0,0,0,0,0,0,1,0,12,0,0,0,0,17,3,0,0,843,0,1,1,1,1,0,12
tmosher,Timothy,Mosher,ATX,11,1,0,0,0,0,0,0,0,0,0,0,0,0,0,0,0,0,0,0,0,0,0,0,0,0,0,0,1,1,0,12
tmosher,Timothy,Mosher,ATX,12,1,0,0,0,0,0,0,0,0,0,0,0,0,0,0,0,0,0,0,0,0,0,0,0,0,0,0,1,1,0,12
tmosher,Timothy,Mosher,ATX,13,1,0,0,0,0,0,0,0,0,0,0,0,0,0,0,0,0,0,0,0,0,0,0,0,0,0,0,1,1,0,12
smott,Sean,Mott,PHI,1,1,2,4,2,1,0,0,43,48,3,0,2,35,313,213,1,4,21,14,0,0,0,0,1420,5,2,6,2,6,1,213
smott,Sean,Mott,PHI,2,1,2,2,7,0,0,0,57,57,0,0,0,54,513,102,1,1,21,16,0,0,0,0,1420,0,4,4,6,10,1,315
smott,Sean,Mott,PHI,3,1,2,8,3,1,0,0,54,59,4,0,0,55,552,371,4,6,25,19,0,0,0,0,1576,4,7,10,13,20,2,686
smott,Sean,Mott,PHI,5,1,3,1,3,1,0,0,43,47,2,0,0,40,291,91,2,2,22,15,2,0,0,0,1565,2,3,4,16,24,3,777
smott,Sean,Mott,PHI,6,1,1,3,1,0,0,0,33,34,0,0,1,32,258,228,1,1,21,14,1,0,1,0,1790,1,3,4,19,28,3,1005
smott,Sean,Mott,PHI,7,2,2,3,2,0,0,0,67,70,3,0,0,65,598,320,2,5,35,15,3,0,3,0,2336,3,2,5,21,33,3,1325
smott,Sean,Mott,PHI,8,1,0,7,3,0,0,0,62,66,4,0,0,60,475,183,1,2,18,13,0,0,0,0,1254,4,3,7,24,40,3,1508
smott,Sean,Mott,PHI,10,1,1,2,3,0,0,0,39,41,2,0,1,36,327,105,2,3,24,12,0,0,0,0,1655,3,0,3,24,43,3,1613
smott,Sean,Mott,PHI,12,2,2,8,7,0,0,0,91,98,3,0,0,86,607,498,4,8,45,28,1,0,0,0,3256,3,7,10,31,53,3,2111
smott,Sean,Mott,PHI,13,1,1,8,2,0,0,0,36,38,2,0,0,34,359,82,1,2,18,15,0,0,0,0,1118,2,7,9,38,62,3,2193
tmounga,Tony,Mounga,SLC,1,1,1,0,0,0,0,0,1,1,0,0,0,2,11,5,0,0,0,0,11,1,0,0,715,0,1,1,1,1,0,5
tmounga,Tony,Mounga,SLC,2,1,1,1,0,0,0,0,8,9,1,0,0,9,61,4,0,0,0,0,13,5,0,0,1428,1,1,2,2,3,0,9
tmounga,Tony,Mounga,SLC,5,1,1,2,1,1,0,0,7,10,3,0,0,8,42,46,0,2,2,2,16,5,0,0,1116,3,1,3,3,6,1,55
tmounga,Tony,Mounga,SLC,6,2,0,0,0,0,0,0,0,0,0,0,0,0,0,0,0,0,0,0,0,0,0,0,0,0,0,0,3,6,1,55
tmounga,Tony,Mounga,SLC,7,1,2,1,0,2,0,0,2,4,2,0,0,3,33,42,1,2,0,0,21,5,1,0,1119,2,3,3,6,9,3,97
tmounga,Tony,Mounga,SLC,8,1,1,1,0,1,0,0,2,2,0,0,0,3,60,1,1,1,0,0,16,6,0,0,878,0,3,2,9,11,4,98
tmounga,Tony,Mounga,SLC,10,1,0,2,0,0,0,0,4,4,0,0,0,3,66,55,1,1,0,0,15,6,0,0,819,0,2,2,11,13,4,153
tmounga,Tony,Mounga,SLC,11,2,2,2,2,1,0,0,11,12,1,0,0,12,139,70,1,1,0,0,29,13,0,0,2197,1,4,4,15,17,5,223
tmounga,Tony,Mounga,SLC,12,1,0,1,0,0,0,0,5,5,0,0,0,5,79,18,1,1,0,0,13,5,0,0,921,0,1,1,16,18,5,241
tmounga,Tony,Mounga,SLC,13,1,2,1,1,2,0,0,9,11,2,0,1,10,135,178,1,1,2,2,13,4,0,0,909,3,2,3,18,21,7,419
dmourad,Derek,Mourad,SEA,2,1,0,1,2,0,0,0,37,37,0,0,0,31,226,54,1,1,20,16,0,0,0,0,1180,0,1,1,1,1,0,54
dmourad,Derek,Mourad,SEA,3,2,4,3,5,0,0,0,49,51,2,0,0,38,436,93,2,2,43,29,1,1,0,0,2695,2,5,7,6,8,0,147
dmourad,Derek,Mourad,SEA,4,1,2,0,2,0,0,0,33,35,1,0,0,28,205,55,1,1,19,12,0,0,0,0,1589,1,1,2,7,10,0,202
dmourad,Derek,Mourad,SEA,5,2,2,3,3,0,0,0,47,48,0,0,1,36,414,28,2,2,28,15,1,0,1,0,2392,1,4,5,11,15,0,230
dmourad,Derek,Mourad,SEA,6,1,1,1,2,0,0,0,39,40,1,0,0,36,254,72,1,1,22,12,1,0,0,0,1371,1,1,2,12,17,0,302
dmourad,Derek,Mourad,SEA,7,1,0,2,2,0,0,0,37,37,0,0,0,32,306,72,1,1,14,11,3,2,2,0,1074,0,2,2,14,19,0,374
dmourad,Derek,Mourad,SEA,9,1,0,0,0,0,0,0,0,0,0,0,0,0,0,0,0,0,0,0,0,0,0,0,0,0,0,0,14,19,0,374
dmourad,Derek,Mourad,SEA,10,1,0,1,3,0,0,0,42,44,2,0,0,37,294,64,0,0,19,12,2,1,0,0,1662,2,-1,1,13,20,0,438
dmourad,Derek,Mourad,SEA,13,2,1,6,4,2,0,0,85,95,8,1,0,75,783,53,4,4,38,22,1,1,1,0,2948,9,0,7,13,27,2,491
amullen,Alex,Mullen,PIT,2,1,0,0,0,0,0,0,0,0,0,0,0,0,0,0,0,0,0,0,0,0,0,0,0,0,0,0,0,0,0,0
amullen,Alex,Mullen,PIT,3,1,0,0,0,0,0,0,0,0,0,0,0,0,0,0,0,0,0,0,0,0,0,0,0,0,0,0,0,0,0,0
amullen,Alex,Mullen,PIT,4,1,0,0,0,0,0,0,0,0,0,0,0,0,0,0,0,0,0,0,0,0,0,0,0,0,0,0,0,0,0,0
amullen,Alex,Mullen,PIT,5,1,0,0,0,0,0,0,0,0,0,0,0,0,0,0,0,0,0,0,0,0,0,0,0,0,0,0,0,0,0,0
amullen,Alex,Mullen,PIT,6,1,2,2,0,0,0,0,33,33,0,0,1,29,200,120,1,1,18,8,0,0,0,0,1463,1,3,4,3,4,0,120
amullen,Alex,Mullen,PIT,7,1,2,3,2,1,0,0,39,41,1,0,1,37,167,230,1,1,22,13,0,0,0,0,1820,2,4,5,7,9,1,350
amullen,Alex,Mullen,PIT,8,1,1,0,2,1,0,0,32,35,3,0,0,28,208,132,1,3,23,11,2,0,0,0,1425,3,-1,1,6,10,2,482
amullen,Alex,Mullen,PIT,9,2,6,4,3,2,0,0,42,45,3,0,1,49,227,445,1,2,39,21,7,2,0,0,2689,4,8,10,14,20,4,927
amullen,Alex,Mullen,PIT,10,1,3,1,1,0,0,0,32,32,0,0,1,31,113,338,1,1,22,13,2,0,0,0,1518,1,3,4,17,24,4,1265
amullen,Alex,Mullen,PIT,11,1,0,0,0,0,0,0,0,0,0,0,0,0,0,0,0,0,0,0,0,0,0,0,0,0,0,0,17,24,4,1265
amullen,Alex,Mullen,PIT,13,1,3,2,0,2,0,0,25,28,3,0,1,28,131,191,0,2,23,8,2,1,0,0,1392,4,3,5,20,29,6,1456
amuller,Andrew,Muller,COL,1,1,0,1,0,1,0,0,2,2,0,0,0,2,11,38,0,0,0,0,12,4,0,0,956,0,2,1,2,1,1,38
amuller,Andrew,Muller,COL,4,2,1,0,1,0,0,0,4,4,0,0,0,5,32,123,0,0,4,4,19,8,0,0,1336,0,1,1,3,2,1,161
amuller,Andrew,Muller,COL,5,1,1,1,0,0,0,0,3,3,0,0,0,4,-2,31,0,0,1,1,12,4,0,0,890,0,2,2,5,4,1,192
amuller,Andrew,Muller,COL,6,1,0,0,0,0,0,0,0,0,0,0,0,0,0,0,0,0,0,0,0,0,0,0,0,0,0,0,5,4,1,192
amuller,Andrew,Muller,COL,9,1,0,1,2,0,0,0,3,3,0,0,0,2,90,15,1,1,0,0,13,6,0,0,922,0,1,1,6,5,1,207
amuller,Andrew,Muller,COL,10,2,0,0,0,0,0,0,0,0,0,0,0,0,0,0,0,0,0,0,0,0,0,0,0,0,0,0,6,5,1,207
amuller,Andrew,Muller,COL,11,1,0,0,0,0,0,0,0,0,0,0,0,0,0,0,0,0,0,0,0,0,0,0,0,0,0,0,6,5,1,207
amuller,Andrew,Muller,COL,12,2,2,1,0,2,0,0,3,3,0,0,1,5,54,29,0,0,0,0,29,13,0,0,1553,1,4,3,10,8,3,236
amuller,Andrew,Muller,COL,13,1,0,0,0,0,0,0,0,0,0,0,0,0,0,0,0,0,0,0,0,0,0,0,0,0,0,0,10,8,3,236
mmunoz,Marc,Munoz,SEA,2,1,0,0,2,0,0,0,12,13,1,0,0,11,53,39,0,0,2,1,18,3,0,0,1086,1,-1,0,-1,0,0,39
mmunoz,Marc,Munoz,SEA,3,2,2,4,4,2,0,0,30,33,2,1,1,30,232,166,1,1,8,5,34,8,0,0,2765,4,4,6,3,6,2,205
mmunoz,Marc,Munoz,SEA,4,1,0,0,0,0,0,0,0,0,0,0,0,0,0,0,0,0,0,0,0,0,0,0,0,0,0,0,3,6,2,205
mmunoz,Marc,Munoz,SEA,5,2,0,2,2,2,0,0,28,30,2,0,1,16,156,33,0,1,13,8,28,5,0,0,2854,3,1,2,4,8,4,238
mmunoz,Marc,Munoz,SEA,6,1,1,0,4,0,0,0,33,33,0,0,0,22,167,90,0,0,23,16,0,0,0,0,1406,0,1,1,5,9,4,328
mmunoz,Marc,Munoz,SEA,7,1,1,5,2,0,0,0,31,33,2,0,0,29,305,176,3,3,17,14,0,0,0,0,1188,2,4,6,9,15,4,504
mmunoz,Marc,Munoz,SEA,9,1,1,3,1,1,0,0,38,41,3,0,0,39,245,220,1,1,17,13,0,0,0,0,1416,3,2,4,11,19,5,724
mmunoz,Marc,Munoz,SEA,10,1,3,2,3,1,0,0,28,32,4,0,0,26,327,152,2,2,20,12,1,0,0,0,1607,4,2,5,13,24,6,876
mmunoz,Marc,Munoz,SEA,13,2,0,9,3,1,0,0,44,46,1,0,0,41,585,166,5,6,19,15,2,1,0,0,1307,1,9,9,22,33,7,1042
jmurray,Jake,Murray,PIT,2,1,0,0,0,0,0,0,0,0,0,0,0,0,0,0,0,0,0,0,0,0,0,0,0,0,0,0,0,0,0,0
jmurray,Jake,Murray,PIT,3,1,0,0,0,0,0,0,0,0,0,0,0,0,0,0,0,0,0,0,0,0,0,0,0,0,0,0,0,0,0,0
jmurray,Jake,Murray,PIT,4,1,0,0,1,1,0,0,5,6,1,0,0,7,-1,22,0,0,1,0,11,3,0,0,1087,1,0,0,0,0,1,22
jmurray,Jake,Murray,PIT,5,1,1,0,0,0,0,0,5,6,1,0,0,7,1,-3,0,0,1,0,14,2,0,0,645,1,0,1,0,1,1,19
jmurray,Jake,Murray,PIT,6,1,0,0,1,1,0,0,8,8,0,0,0,5,44,27,0,0,3,2,9,1,0,0,851,0,1,0,1,1,2,46
jmurray,Jake,Murray,PIT,7,1,0,0,0,0,0,0,8,9,0,0,0,8,26,-3,0,0,3,0,11,5,0,0,897,0,0,0,1,1,2,43
jmurray,Jake,Murray,PIT,8,1,0,0,2,2,0,0,9,10,0,0,0,7,65,93,0,0,4,2,11,3,0,0,1077,0,2,0,3,1,4,136
jmurray,Jake,Murray,PIT,9,2,1,2,1,0,0,0,12,13,1,0,0,13,83,36,0,0,3,2,14,4,1,0,1160,1,2,3,5,4,4,172
jmurray,Jake,Murray,PIT,10,1,0,0,0,0,0,0,0,0,0,0,0,0,0,0,0,0,0,0,0,0,0,0,0,0,0,0,5,4,4,172
jmurray,Jake,Murray,PIT,11,1,0,0,0,0,0,0,0,0,0,0,0,0,0,0,0,0,0,0,0,0,0,0,0,0,0,0,5,4,4,172
jmurray,Jake,Murray,PIT,13,1,0,1,1,0,0,0,12,14,2,0,0,11,192,13,1,1,6,5,10,3,0,0,943,2,-1,1,4,5,4,185
tmurthy,Tej,Murthy,NY,1,2,0,0,0,0,0,0,0,0,0,0,0,0,0,0,0,0,0,0,0,0,0,0,0,0,0,0,0,0,0,0
tmurthy,Tej,Murthy,NY,3,1,0,0,0,0,0,0,0,0,0,0,0,0,0,0,0,0,0,0,0,0,0,0,0,0,0,0,0,0,0,0
tmurthy,Tej,Murthy,NY,4,2,0,0,0,0,0,0,0,0,0,0,0,0,0,0,0,0,0,0,0,0,0,0,0,0,0,0,0,0,0,0
tmurthy,Tej,Murthy,NY,5,1,0,0,0,0,0,0,0,0,0,0,0,0,0,0,0,0,0,0,0,0,0,0,0,0,0,0,0,0,0,0
tmurthy,Tej,Murthy,NY,6,1,0,0,0,0,0,0,0,0,0,0,0,0,0,0,0,0,0,0,0,0,0,0,0,0,0,0,0,0,0,0
tmurthy,Tej,Murthy,NY,7,1,0,0,0,0,0,0,0,0,0,0,0,0,0,0,0,0,0,0,0,0,0,0,0,0,0,0,0,0,0,0
tmurthy,Tej,Murthy,NY,8,1,0,0,0,0,0,0,1,1,0,0,0,1,49,13,1,1,0,0,7,2,7,0,455,0,0,0,0,0,0,13
tmurthy,Tej,Murthy,NY,9,1,0,0,0,0,0,0,0,0,0,0,0,0,0,0,0,0,0,0,0,0,0,0,0,0,0,0,0,0,0,13
tmurthy,Tej,Murthy,NY,12,1,0,0,0,0,0,0,0,0,0,0,0,0,0,0,0,0,0,0,0,0,0,0,0,0,0,0,0,0,0,13
tmurthy,Tej,Murthy,NY,13,1,1,0,0,0,0,0,1,1,0,0,0,2,9,25,0,0,0,0,10,3,10,0,514,0,1,1,1,1,0,38
enardelli,Eric,Nardelli,PHI,1,1,1,0,0,1,0,0,4,5,1,0,0,6,-1,22,0,0,0,0,10,2,0,0,678,1,1,1,1,1,1,22
enardelli,Eric,Nardelli,PHI,2,1,0,0,0,0,0,0,0,0,0,0,0,0,0,0,0,0,0,0,8,0,0,0,578,0,0,0,1,1,1,22
enardelli,Eric,Nardelli,PHI,3,1,0,0,0,0,0,0,11,11,0,0,0,11,32,18,0,0,0,0,21,6,0,0,1311,0,0,0,1,1,1,40
enardelli,Eric,Nardelli,PHI,5,1,0,0,0,2,0,0,1,1,0,0,0,1,1,-2,0,0,0,0,8,1,0,0,522,0,2,0,3,1,3,38
enardelli,Eric,Nardelli,PHI,6,1,0,0,0,1,0,0,0,0,0,0,0,0,0,0,0,0,0,0,5,0,0,0,824,0,1,0,4,1,4,38
enardelli,Eric,Nardelli,PHI,7,2,1,0,1,2,0,0,3,4,1,0,1,5,32,75,0,0,10,6,19,2,0,0,1950,2,1,1,5,2,6,113
enardelli,Eric,Nardelli,PHI,8,1,2,0,0,0,0,0,6,6,0,0,0,8,23,1,0,0,1,1,14,8,0,0,998,0,2,2,7,4,6,114
enardelli,Eric,Nardelli,PHI,10,1,0,0,0,0,0,0,0,0,0,0,0,0,0,0,0,0,0,0,0,0,0,0,0,0,0,0,7,4,6,114
enardelli,Eric,Nardelli,PHI,12,2,0,0,0,0,0,0,6,6,0,0,0,5,2,36,0,0,0,0,9,1,0,0,906,0,0,0,7,4,6,150
enardelli,Eric,Nardelli,PHI,13,1,0,0,0,0,0,0,2,2,0,0,0,1,-6,16,0,0,0,0,7,3,0,0,529,0,0,0,7,4,6,166
mneil,Malachi,Neil,DET,3,1,0,3,0,1,0,0,15,16,1,0,0,14,107,158,0,0,21,13,4,0,1,0,1605,1,3,3,3,3,1,158
mneil,Malachi,Neil,DET,5,1,0,0,1,0,0,0,7,7,0,0,0,8,89,36,0,0,5,2,11,3,0,0,1474,0,0,0,3,3,1,194
mneil,Malachi,Neil,DET,7,1,3,3,1,1,0,0,20,21,1,0,0,20,87,105,0,0,20,10,1,0,0,0,1245,1,6,6,9,9,2,299
mneil,Malachi,Neil,DET,8,1,0,0,0,0,0,0,0,0,0,0,0,0,0,0,0,0,0,0,0,0,0,0,0,0,0,0,9,9,2,299
mneil,Malachi,Neil,DET,9,2,2,0,2,0,0,0,12,15,3,0,0,18,59,280,0,1,35,19,0,0,0,0,2424,3,-1,2,8,11,2,579
mneil,Malachi,Neil,DET,10,2,0,0,0,0,0,0,0,0,0,0,0,0,0,0,0,0,0,0,0,0,0,0,0,0,0,0,8,11,2,579
mneil,Malachi,Neil,DET,11,1,0,0,0,0,0,0,0,0,0,0,0,0,0,0,0,0,0,0,0,0,0,0,0,0,0,0,8,11,2,579
mneil,Malachi,Neil,DET,12,1,0,0,0,0,0,0,0,0,0,0,0,0,0,0,0,0,0,0,0,0,0,0,0,0,0,0,8,11,2,579
mneil,Malachi,Neil,DET,13,2,0,0,0,0,0,0,0,0,0,0,0,0,0,0,0,0,4,1,0,0,0,0,264,0,0,0,8,11,2,579
jnelson,Jack,Nelson,MAD,2,2,2,5,1,1,0,0,14,16,2,0,0,17,238,351,3,4,24,14,0,0,0,0,1891,2,6,7,6,7,1,351
jnelson,Jack,Nelson,MAD,4,1,0,3,1,1,0,0,7,9,0,0,0,9,116,149,1,1,12,7,0,0,0,0,847,0,4,3,10,10,2,500
jnelson,Jack,Nelson,MAD,6,1,3,0,0,1,0,0,9,10,0,0,0,12,61,132,0,0,9,6,0,0,0,0,619,0,4,3,14,13,3,632
jnelson,Jack,Nelson,MAD,7,1,0,1,0,0,0,0,3,4,0,0,0,4,14,33,0,0,11,6,0,0,0,0,1088,0,1,1,15,14,3,665
jnelson,Jack,Nelson,MAD,8,2,0,1,0,0,0,0,9,11,2,0,0,11,55,67,1,2,13,7,0,0,0,0,1147,2,-1,1,14,15,3,732
jnelson,Jack,Nelson,MAD,10,2,0,0,0,0,0,0,0,0,0,0,0,0,0,0,0,0,0,0,0,0,0,0,0,0,0,0,14,15,3,732
jnelson,Jack,Nelson,MAD,11,1,0,0,1,0,0,0,8,8,0,0,0,7,31,61,0,0,9,7,0,0,0,0,835,0,0,0,14,15,3,793
jnelson,Jack,Nelson,MAD,12,1,0,0,0,0,0,0,0,0,0,0,0,0,0,0,0,0,0,0,0,0,0,0,0,0,0,0,14,15,3,793
jnelson,Jack,Nelson,MAD,13,1,0,0,0,0,0,0,0,0,0,0,0,0,0,0,0,0,0,0,0,0,0,0,0,0,0,0,14,15,3,793
dnester,David,Nester,MAD,2,2,0,0,0,0,0,0,0,0,0,0,0,0,0,0,0,0,0,0,0,0,0,0,0,0,0,0,0,0,0,0
dnester,David,Nester,MAD,4,1,0,0,0,0,0,0,0,0,0,0,0,0,0,0,0,0,0,0,0,0,0,0,0,0,0,0,0,0,0,0
dnester,David,Nester,MAD,6,1,0,2,1,0,0,0,7,8,1,0,0,7,66,27,0,1,2,1,12,8,0,0,1340,1,1,2,1,2,0,27
dnester,David,Nester,MAD,7,1,0,1,0,0,0,0,1,2,1,0,0,1,23,8,0,0,0,0,11,1,0,0,577,1,0,1,1,3,0,35
dnester,David,Nester,MAD,8,2,0,0,0,0,0,0,0,0,0,0,0,0,0,0,0,0,0,0,0,0,0,0,0,0,0,0,1,3,0,35
dnester,David,Nester,MAD,10,2,0,0,0,0,0,0,0,0,0,0,0,0,0,0,0,0,0,0,0,0,0,0,0,0,0,0,1,3,0,35
dnester,David,Nester,MAD,11,1,2,3,1,1,0,0,8,8,0,0,1,8,114,63,0,0,0,0,17,13,0,0,879,1,5,5,6,8,1,98
dnester,David,Nester,MAD,12,1,0,0,0,0,0,0,2,2,0,0,0,2,21,-9,0,0,0,0,6,1,0,0,303,0,0,0,6,8,1,89
dnester,David,Nester,MAD,13,1,0,0,0,0,0,0,0,0,0,0,0,0,0,0,0,0,0,0,0,0,0,0,0,0,0,0,6,8,1,89
cnewell,Connor,Newell,PIT,2,1,2,3,0,1,0,0,15,15,0,0,0,12,137,63,1,1,0,0,18,7,0,0,968,0,6,5,6,5,1,63
cnewell,Connor,Newell,PIT,3,1,0,0,0,0,0,0,0,0,0,0,0,0,0,0,0,0,0,0,0,0,0,0,0,0,0,0,6,5,1,63
cnewell,Connor,Newell,PIT,4,1,0,1,0,1,0,0,20,21,0,0,1,16,28,50,0,0,5,2,10,2,0,0,1173,1,1,1,7,6,2,113
cnewell,Connor,Newell,PIT,5,1,2,0,1,0,0,0,29,32,2,0,0,27,147,44,0,1,18,6,7,0,2,0,1635,2,0,2,7,8,2,157
cnewell,Connor,Newell,PIT,6,1,0,0,1,0,0,0,6,9,2,0,0,6,7,35,0,1,4,2,8,1,0,0,863,2,-2,0,5,8,2,192
cnewell,Connor,Newell,PIT,7,1,0,0,0,0,0,0,0,0,0,0,0,0,0,0,0,0,0,0,0,0,0,0,0,0,0,0,5,8,2,192
cnewell,Connor,Newell,PIT,8,1,0,1,0,0,0,0,12,12,0,0,0,11,136,43,1,1,4,2,10,3,0,0,1081,0,1,1,6,9,2,235
cnewell,Connor,Newell,PIT,9,2,0,2,1,0,0,0,43,44,1,0,1,30,285,58,0,0,23,15,0,0,0,0,1360,2,0,2,6,11,2,293
cnewell,Connor,Newell,PIT,10,1,0,1,3,1,0,0,41,43,2,0,0,28,395,25,1,1,22,13,2,1,0,0,1529,2,0,1,6,12,3,318
cnewell,Connor,Newell,PIT,11,1,0,0,0,0,0,0,0,0,0,0,0,0,0,0,0,0,0,0,0,0,0,0,0,0,0,0,6,12,3,318
cnewell,Connor,Newell,PIT,13,1,0,0,1,0,0,0,17,19,1,0,0,13,91,48,0,1,7,5,10,3,0,0,933,1,-1,0,5,12,3,366
cnguyen,Conrad,Nguyen,DET,3,1,0,0,0,0,0,0,0,1,1,0,0,1,0,-12,0,0,1,1,5,0,0,0,581,1,-1,0,-1,0,0,-12
cnguyen,Conrad,Nguyen,DET,5,1,0,0,0,0,0,0,0,0,0,0,0,0,0,0,0,0,0,0,0,0,0,0,0,0,0,0,-1,0,0,-12
cnguyen,Conrad,Nguyen,DET,7,1,0,0,0,0,0,0,0,0,0,0,0,0,0,0,0,0,0,0,0,0,0,0,0,0,0,0,-1,0,0,-12
cnguyen,Conrad,Nguyen,DET,8,1,0,0,0,0,0,0,0,1,1,0,0,1,0,9,0,0,1,0,7,1,0,0,574,1,-1,0,-2,0,0,-3
cnguyen,Conrad,Nguyen,DET,9,2,0,0,0,0,0,0,0,0,0,0,0,0,0,0,0,0,0,0,0,0,0,0,0,0,0,0,-2,0,0,-3
cnguyen,Conrad,Nguyen,DET,10,2,0,0,0,0,0,0,0,0,0,0,0,0,0,0,0,0,0,0,0,0,0,0,0,0,0,0,-2,0,0,-3
cnguyen,Conrad,Nguyen,DET,11,1,0,0,0,0,0,0,0,0,0,0,0,0,0,0,0,0,0,0,0,0,0,0,0,0,0,0,-2,0,0,-3
cnguyen,Conrad,Nguyen,DET,12,1,0,0,0,0,0,0,0,0,0,0,0,0,0,0,0,0,0,0,0,0,0,0,0,0,0,0,-2,0,0,-3
cnguyen,Conrad,Nguyen,DET,13,2,1,0,0,0,0,0,8,11,3,0,0,11,52,-15,0,0,11,1,6,2,0,0,858,3,-2,1,-4,1,0,-18
tnguyen,Tyler,Nguyen,COL,1,1,0,0,0,0,0,0,0,0,0,0,0,0,0,0,0,0,0,0,0,0,0,0,0,0,0,0,0,0,0,0
tnguyen,Tyler,Nguyen,COL,4,2,0,0,0,0,0,0,0,0,0,0,0,0,0,0,0,0,0,0,0,0,0,0,0,0,0,0,0,0,0,0
tnguyen,Tyler,Nguyen,COL,5,1,0,0,0,0,0,0,0,0,0,0,0,0,0,0,0,0,0,0,0,0,0,0,0,0,0,0,0,0,0,0
tnguyen,Tyler,Nguyen,COL,6,1,0,0,0,0,0,0,0,0,0,0,0,0,0,0,0,0,0,0,0,0,0,0,0,0,0,0,0,0,0,0
tnguyen,Tyler,Nguyen,COL,9,1,0,0,0,0,0,0,0,0,0,0,0,0,0,0,0,0,0,0,0,0,0,0,0,0,0,0,0,0,0,0
tnguyen,Tyler,Nguyen,COL,10,2,0,0,0,0,0,0,0,0,0,0,0,0,0,0,0,0,0,0,0,0,0,0,0,0,0,0,0,0,0,0
tnguyen,Tyler,Nguyen,COL,11,1,0,0,0,0,0,0,0,0,0,0,0,0,0,0,0,0,0,0,0,0,0,0,0,0,0,0,0,0,0,0
tnguyen,Tyler,Nguyen,COL,12,2,0,0,0,0,0,0,0,0,0,0,0,0,0,0,0,0,0,0,0,0,0,0,0,0,0,0,0,0,0,0
tnguyen,Tyler,Nguyen,COL,13,1,0,0,0,0,0,0,0,0,0,0,0,0,0,0,0,0,0,0,0,0,0,0,0,0,0,0,0,0,0,0
dnice,Dylan,Nice,CHI,4,1,1,0,0,1,0,0,3,3,0,0,0,4,12,37,0,0,5,3,5,2,0,0,737,0,2,1,2,1,1,37
dnice,Dylan,Nice,CHI,6,1,0,0,0,0,0,0,0,0,0,0,0,0,0,0,0,0,0,0,0,0,0,0,0,0,0,0,2,1,1,37
dnice,Dylan,Nice,CHI,7,1,0,0,0,0,0,0,0,0,0,0,0,0,0,0,0,0,0,0,0,0,0,0,0,0,0,0,2,1,1,37
dnice,Dylan,Nice,CHI,8,1,0,0,0,0,0,0,0,0,0,0,0,0,0,0,0,0,0,0,0,0,0,0,0,0,0,0,2,1,1,37
dnice,Dylan,Nice,CHI,9,2,0,0,0,0,0,0,0,0,0,0,0,0,0,0,0,0,0,0,0,0,0,0,0,0,0,0,2,1,1,37
dnice,Dylan,Nice,CHI,10,2,0,0,0,0,0,0,0,0,0,0,0,0,0,0,0,0,0,0,0,0,0,0,0,0,0,0,2,1,1,37
dnice,Dylan,Nice,CHI,11,2,0,0,0,0,0,0,0,0,0,0,0,0,0,0,0,0,0,0,0,0,0,0,0,0,0,0,2,1,1,37
dnice,Dylan,Nice,CHI,13,2,0,0,0,0,0,0,0,0,0,0,0,0,0,0,0,0,0,0,0,0,0,0,0,0,0,0,2,1,1,37
cnichimlu,Caoba,Nichim-Luta,NY,1,2,0,0,0,0,0,0,0,0,0,0,0,0,0,0,0,0,0,0,0,0,0,0,0,0,0,0,0,0,0,0
cnichimlu,Caoba,Nichim-Luta,NY,3,1,0,0,0,0,0,0,0,0,0,0,0,0,0,0,0,0,0,0,0,0,0,0,0,0,0,0,0,0,0,0
cnichimlu,Caoba,Nichim-Luta,NY,4,2,0,0,0,0,0,0,0,0,0,0,0,0,0,0,0,0,0,0,0,0,0,0,0,0,0,0,0,0,0,0
cnichimlu,Caoba,Nichim-Luta,NY,5,1,0,0,0,0,0,0,0,0,0,0,0,0,0,0,0,0,0,0,0,0,0,0,0,0,0,0,0,0,0,0
cnichimlu,Caoba,Nichim-Luta,NY,6,1,0,0,0,0,0,0,0,0,0,0,0,0,0,0,0,0,0,0,0,0,0,0,0,0,0,0,0,0,0,0
cnichimlu,Caoba,Nichim-Luta,NY,7,1,0,0,0,0,0,0,0,0,0,0,0,0,0,0,0,0,0,0,0,0,0,0,0,0,0,0,0,0,0,0
cnichimlu,Caoba,Nichim-Luta,NY,8,1,0,0,0,0,0,0,0,0,0,0,0,0,0,0,0,0,0,0,0,0,0,0,0,0,0,0,0,0,0,0
cnichimlu,Caoba,Nichim-Luta,NY,9,1,0,0,0,0,0,0,0,0,0,0,0,0,0,0,0,0,0,0,0,0,0,0,0,0,0,0,0,0,0,0
cnichimlu,Caoba,Nichim-Luta,NY,12,1,0,0,0,0,0,0,0,0,0,0,0,0,0,0,0,0,0,0,0,0,0,0,0,0,0,0,0,0,0,0
cnichimlu,Caoba,Nichim-Luta,NY,13,1,0,0,0,0,0,0,0,0,0,0,0,0,0,0,0,0,0,0,0,0,0,0,0,0,0,0,0,0,0,0
knicholl,Kevin,Nicholl,PIT,2,1,0,0,0,0,0,0,1,1,0,0,0,0,-19,0,0,0,0,0,10,1,0,0,566,0,0,0,0,0,0,0
knicholl,Kevin,Nicholl,PIT,3,1,1,0,1,1,0,0,8,8,0,0,0,10,57,11,0,0,0,0,16,6,0,0,1310,0,2,1,2,1,1,11
knicholl,Kevin,Nicholl,PIT,4,1,0,0,0,0,0,0,6,7,1,0,0,7,13,-3,0,0,0,0,9,3,0,0,962,1,-1,0,1,1,1,8
knicholl,Kevin,Nicholl,PIT,5,1,0,0,2,1,0,0,23,24,0,0,2,20,56,119,0,0,16,6,4,1,0,0,1231,2,-1,0,0,1,2,127
knicholl,Kevin,Nicholl,PIT,6,1,0,0,0,0,0,0,0,0,0,0,0,0,0,0,0,0,0,0,0,0,0,0,0,0,0,0,0,1,2,127
knicholl,Kevin,Nicholl,PIT,7,1,0,0,0,0,0,0,1,1,0,0,0,1,5,12,0,0,0,0,8,2,0,0,486,0,0,0,0,1,2,139
knicholl,Kevin,Nicholl,PIT,8,1,0,0,0,0,0,0,0,0,0,0,0,0,0,0,0,0,0,0,0,0,0,0,0,0,0,0,0,1,2,139
knicholl,Kevin,Nicholl,PIT,9,2,1,0,1,0,0,0,10,12,2,0,0,10,-4,84,0,0,7,3,16,3,0,0,1499,2,-1,1,-1,2,2,223
knicholl,Kevin,Nicholl,PIT,10,1,0,0,0,0,0,0,1,1,0,0,0,1,3,12,0,0,0,0,5,1,0,0,474,0,0,0,-1,2,2,235
knicholl,Kevin,Nicholl,PIT,11,1,0,0,0,0,0,0,0,0,0,0,0,0,0,0,0,0,0,0,0,0,0,0,0,0,0,0,-1,2,2,235
knicholl,Kevin,Nicholl,PIT,13,1,0,1,0,0,0,0,10,11,0,0,0,7,85,-12,0,0,6,5,10,3,0,0,943,0,1,1,0,3,2,223
dnichols,Dan,Nichols,PIT,2,1,1,1,0,2,0,0,3,3,0,0,0,3,13,33,0,0,3,3,17,6,0,0,961,0,4,2,4,2,2,33
dnichols,Dan,Nichols,PIT,3,1,1,0,2,1,0,0,15,15,0,0,0,12,72,101,0,0,19,17,0,0,0,0,1391,0,2,1,6,3,3,134
dnichols,Dan,Nichols,PIT,4,1,3,1,3,0,0,0,34,35,1,0,0,29,147,103,0,0,20,10,0,0,0,0,1217,1,3,4,9,7,3,237
dnichols,Dan,Nichols,PIT,5,1,0,0,0,0,0,0,0,0,0,0,0,0,0,0,0,0,0,0,0,0,0,0,0,0,0,0,9,7,3,237
dnichols,Dan,Nichols,PIT,6,1,0,0,0,0,0,0,0,0,0,0,0,0,0,0,0,0,0,0,0,0,0,0,0,0,0,0,9,7,3,237
dnichols,Dan,Nichols,PIT,7,1,0,0,0,0,0,0,2,2,0,0,0,2,11,-9,0,0,0,0,9,2,0,0,567,0,0,0,9,7,3,228
dnichols,Dan,Nichols,PIT,8,1,0,2,1,0,0,0,12,12,0,0,0,10,83,76,0,0,4,2,9,3,0,0,974,0,2,2,11,9,3,304
dnichols,Dan,Nichols,PIT,9,2,0,0,0,0,0,0,0,0,0,0,0,0,0,0,0,0,0,0,0,0,0,0,0,0,0,0,11,9,3,304
dnichols,Dan,Nichols,PIT,10,1,0,0,0,0,0,0,0,0,0,0,0,0,0,0,0,0,0,0,0,0,0,0,0,0,0,0,11,9,3,304
dnichols,Dan,Nichols,PIT,11,1,1,1,2,1,0,0,18,19,1,0,0,14,88,183,0,0,21,15,0,0,0,0,1528,1,2,2,13,11,4,487
dnichols,Dan,Nichols,PIT,13,1,0,0,0,0,0,0,0,0,0,0,0,0,0,0,0,0,0,0,0,0,0,0,0,0,0,0,13,11,4,487
eniedzwie,Ethan,Niedzwiedz,HTX,1,1,0,0,0,0,0,0,0,0,0,0,0,0,0,0,0,0,0,0,0,0,0,0,0,0,0,0,0,0,0,0
eniedzwie,Ethan,Niedzwiedz,HTX,2,1,0,0,0,0,0,0,0,0,0,0,0,0,0,0,0,0,0,0,0,0,0,0,0,0,0,0,0,0,0,0
eniedzwie,Ethan,Niedzwiedz,HTX,3,1,0,0,0,0,0,0,0,0,0,0,0,0,0,0,0,0,0,0,0,0,0,0,0,0,0,0,0,0,0,0
eniedzwie,Ethan,Niedzwiedz,HTX,4,1,0,0,0,0,0,0,0,0,0,0,0,0,0,0,0,0,0,0,0,0,0,0,0,0,0,0,0,0,0,0
eniedzwie,Ethan,Niedzwiedz,HTX,6,2,0,0,0,0,0,0,0,0,0,0,0,0,0,0,0,0,0,0,0,0,0,0,0,0,0,0,0,0,0,0
eniedzwie,Ethan,Niedzwiedz,HTX,8,1,0,0,0,0,0,0,0,0,0,0,0,0,0,0,0,0,0,0,0,0,0,0,0,0,0,0,0,0,0,0
eniedzwie,Ethan,Niedzwiedz,HTX,9,2,1,2,0,0,0,0,11,12,1,0,1,13,1,253,0,0,15,8,13,1,0,0,1844,2,1,3,1,3,0,253
eniedzwie,Ethan,Niedzwiedz,HTX,11,1,0,0,0,0,0,0,0,0,0,0,0,0,0,0,0,0,0,0,0,0,0,0,0,0,0,0,1,3,0,253
eniedzwie,Ethan,Niedzwiedz,HTX,12,1,0,0,0,0,0,0,0,0,0,0,0,0,0,0,0,0,0,0,0,0,0,0,0,0,0,0,1,3,0,253
eniedzwie,Ethan,Niedzwiedz,HTX,13,1,0,0,0,0,0,0,0,0,0,0,0,0,0,0,0,0,0,0,0,0,0,0,0,0,0,0,1,3,0,253
mnighting,Matthew,Nightingale,CAR,3,1,0,0,0,0,0,0,0,0,0,0,0,0,0,0,0,0,0,0,0,0,0,0,0,0,0,0,0,0,0,0
mnighting,Matthew,Nightingale,CAR,4,2,0,0,0,0,0,0,0,0,0,0,0,0,0,0,0,0,0,0,0,0,0,0,0,0,0,0,0,0,0,0
mnighting,Matthew,Nightingale,CAR,5,1,0,0,0,0,0,0,0,0,0,0,0,0,0,0,0,0,0,0,0,0,0,0,0,0,0,0,0,0,0,0
mnighting,Matthew,Nightingale,CAR,6,2,0,0,0,0,0,0,0,0,0,0,0,0,0,0,0,0,0,0,0,0,0,0,0,0,0,0,0,0,0,0
mnighting,Matthew,Nightingale,CAR,7,1,0,0,0,0,0,0,0,0,0,0,0,0,0,0,0,0,0,0,0,0,0,0,0,0,0,0,0,0,0,0
mnighting,Matthew,Nightingale,CAR,9,1,0,0,0,0,0,0,0,0,0,0,0,0,0,0,0,0,0,0,0,0,0,0,0,0,0,0,0,0,0,0
mnighting,Matthew,Nightingale,CAR,10,1,1,0,0,2,0,0,5,5,0,0,0,5,-3,44,0,0,0,0,17,5,0,0,1141,0,3,1,3,1,2,44
mnighting,Matthew,Nightingale,CAR,12,1,0,0,0,0,0,0,0,0,0,0,0,0,0,0,0,0,0,0,0,0,0,0,0,0,0,0,3,1,2,44
mnighting,Matthew,Nightingale,CAR,13,2,0,0,0,0,0,0,0,0,0,0,0,0,0,0,0,0,0,0,0,0,0,0,0,0,0,0,3,1,2,44
jnissen,Jacques,Nissen,DC,1,1,1,2,2,0,0,0,48,52,4,0,0,45,308,159,1,3,17,12,2,0,0,0,1489,4,-1,3,-1,3,0,159
jnissen,Jacques,Nissen,DC,2,1,1,1,3,1,0,0,67,69,2,0,0,61,539,260,3,3,22,15,0,0,0,0,1578,2,1,2,0,5,1,419
jnissen,Jacques,Nissen,DC,3,1,1,2,2,0,0,0,54,56,2,0,0,46,342,178,2,3,22,16,2,1,0,0,1779,2,1,3,1,8,1,597
jnissen,Jacques,Nissen,DC,4,1,1,3,2,0,0,0,38,42,3,0,0,35,242,255,0,0,17,9,0,0,0,0,1560,3,1,4,2,12,1,852
jnissen,Jacques,Nissen,DC,6,2,1,10,3,0,0,0,94,101,5,0,0,82,743,431,3,3,45,31,0,0,0,0,3267,5,6,11,8,23,1,1283
jnissen,Jacques,Nissen,DC,7,1,0,1,0,0,0,0,32,33,1,0,0,23,138,102,0,0,17,14,0,0,0,0,1235,1,0,1,8,24,1,1385
jnissen,Jacques,Nissen,DC,8,1,1,1,2,1,0,0,74,76,2,0,0,62,512,100,1,2,22,15,0,0,0,0,1806,2,1,2,9,26,2,1485
jnissen,Jacques,Nissen,DC,10,1,0,0,0,0,0,0,0,0,0,0,0,0,0,0,0,0,0,0,0,0,0,0,0,0,0,0,9,26,2,1485
jnissen,Jacques,Nissen,DC,11,1,0,0,3,0,0,0,33,34,1,0,0,23,329,79,2,2,20,12,0,0,0,0,1684,1,-1,0,8,26,2,1564
jnissen,Jacques,Nissen,DC,12,1,1,1,3,1,0,0,41,44,3,0,0,36,376,114,0,0,19,14,0,0,0,0,1348,3,0,2,8,28,3,1678
jnissen,Jacques,Nissen,DC,13,1,2,4,1,0,0,0,49,54,4,0,0,49,357,156,0,1,20,10,0,0,0,0,1352,4,2,6,10,34,3,1834
gnobis,Gabe,Nobis,SEA,2,1,0,0,0,0,0,0,3,4,0,0,0,2,24,29,0,0,0,0,6,0,0,0,366,0,0,0,0,0,0,29
gnobis,Gabe,Nobis,SEA,3,2,0,0,0,0,0,0,0,0,0,0,0,0,0,0,0,0,0,0,0,0,0,0,0,0,0,0,0,0,0,29
gnobis,Gabe,Nobis,SEA,4,1,0,0,0,0,0,0,0,0,0,0,0,0,0,0,0,0,0,0,0,0,0,0,0,0,0,0,0,0,0,29
gnobis,Gabe,Nobis,SEA,5,2,0,0,0,0,0,0,0,0,0,0,0,0,0,0,0,0,0,0,0,0,0,0,0,0,0,0,0,0,0,29
gnobis,Gabe,Nobis,SEA,6,1,0,0,0,0,0,0,0,0,0,0,0,0,0,0,0,0,0,0,0,0,0,0,0,0,0,0,0,0,0,29
gnobis,Gabe,Nobis,SEA,7,1,0,0,0,0,0,0,0,0,0,0,0,0,0,0,0,0,0,0,0,0,0,0,0,0,0,0,0,0,0,29
gnobis,Gabe,Nobis,SEA,9,1,0,0,0,0,0,0,5,5,0,0,0,4,22,32,0,0,1,1,8,2,0,0,477,0,0,0,0,0,0,61
gnobis,Gabe,Nobis,SEA,10,1,0,0,0,0,0,0,0,0,0,0,0,0,0,0,0,0,0,0,0,0,0,0,0,0,0,0,0,0,0,61
gnobis,Gabe,Nobis,SEA,13,2,0,1,1,0,0,0,8,9,1,0,0,6,134,-38,2,2,0,0,14,7,0,0,939,1,0,1,0,1,0,23
gnorrbom,Gus,Norrbom,DC,1,1,2,1,1,0,0,0,28,29,1,0,0,22,228,32,0,0,17,11,0,0,0,0,1405,1,2,3,2,3,0,32
gnorrbom,Gus,Norrbom,DC,2,1,2,3,3,0,0,0,59,60,1,0,0,48,386,160,0,0,21,15,0,0,0,0,1577,1,4,5,6,8,0,192
gnorrbom,Gus,Norrbom,DC,3,1,1,2,2,0,0,0,32,32,0,0,0,26,223,56,0,0,21,16,0,0,0,0,1446,0,3,3,9,11,0,248
gnorrbom,Gus,Norrbom,DC,4,1,0,1,0,0,0,0,21,22,0,0,0,19,129,75,0,0,11,7,1,1,0,0,1325,0,1,1,10,12,0,323
gnorrbom,Gus,Norrbom,DC,6,2,2,3,6,0,0,0,79,81,2,0,0,62,561,137,0,0,38,26,0,0,0,0,2780,2,3,5,13,17,0,460
gnorrbom,Gus,Norrbom,DC,7,1,1,0,1,0,0,0,22,22,0,0,0,19,66,24,0,0,10,10,0,0,0,0,673,0,1,1,14,18,0,484
gnorrbom,Gus,Norrbom,DC,8,1,0,0,1,0,0,0,14,14,0,0,0,10,79,58,0,0,10,6,0,0,0,0,890,0,0,0,14,18,0,542
gnorrbom,Gus,Norrbom,DC,10,1,0,0,0,0,0,0,0,0,0,0,0,0,0,0,0,0,0,0,0,0,0,0,0,0,0,0,14,18,0,542
gnorrbom,Gus,Norrbom,DC,11,1,0,0,0,0,0,0,0,0,0,0,0,0,0,0,0,0,0,0,0,0,0,0,0,0,0,0,14,18,0,542
gnorrbom,Gus,Norrbom,DC,12,1,0,0,0,0,0,0,0,0,0,0,0,0,0,0,0,0,0,0,0,0,0,0,0,0,0,0,14,18,0,542
gnorrbom,Gus,Norrbom,DC,13,1,0,0,0,0,0,0,0,0,0,0,0,0,0,0,0,0,0,0,0,0,0,0,0,0,0,0,14,18,0,542
hnorris,Harry,Norris,TOR,2,2,0,0,0,0,0,0,0,0,0,0,0,0,0,0,0,0,0,0,0,0,0,0,0,0,0,0,0,0,0,0
hnorris,Harry,Norris,TOR,3,1,1,0,1,0,0,0,2,3,1,0,0,4,24,47,0,0,0,0,11,3,0,0,586,1,0,1,0,1,0,47
hnorris,Harry,Norris,TOR,6,2,0,0,0,0,0,0,0,0,0,0,0,0,0,0,0,0,0,0,0,0,0,0,0,0,0,0,0,1,0,47
hnorris,Harry,Norris,TOR,7,1,1,1,0,0,0,0,2,3,1,0,0,3,5,85,0,1,0,0,14,5,0,0,879,1,1,2,1,3,0,132
hnorris,Harry,Norris,TOR,8,1,0,0,0,0,0,0,2,2,0,0,0,2,10,-2,0,0,0,0,9,1,0,0,626,0,0,0,1,3,0,130
hnorris,Harry,Norris,TOR,9,2,2,1,0,0,0,0,5,6,1,0,0,8,-11,188,0,0,3,2,17,2,1,0,1555,1,2,3,3,6,0,318
hnorris,Harry,Norris,TOR,10,1,0,0,0,0,0,0,0,0,0,0,0,0,0,0,0,0,0,0,0,0,0,0,0,0,0,0,3,6,0,318
hnorris,Harry,Norris,TOR,11,1,0,0,0,0,0,0,1,2,1,0,0,2,8,11,0,1,1,1,11,5,0,0,788,1,-1,0,2,6,0,329
hnorris,Harry,Norris,TOR,13,1,0,1,0,1,0,0,4,4,0,0,0,3,26,-2,0,0,0,0,10,1,1,0,733,0,2,1,4,7,1,327
cobrien1,Christopher,O'Brien,DET,3,1,0,0,0,0,0,0,0,0,0,0,0,0,0,0,0,0,0,0,0,0,0,0,0,0,0,0,0,0,0,0
cobrien1,Christopher,O'Brien,DET,5,1,0,0,0,0,0,0,0,0,0,0,0,0,0,0,0,0,0,0,0,0,0,0,0,0,0,0,0,0,0,0
cobrien1,Christopher,O'Brien,DET,7,1,0,0,0,0,0,0,0,0,0,0,0,0,0,0,0,0,0,0,0,0,0,0,0,0,0,0,0,0,0,0
cobrien1,Christopher,O'Brien,DET,8,1,0,0,0,0,0,0,0,0,0,0,0,0,0,0,0,0,0,0,0,0,0,0,0,0,0,0,0,0,0,0
cobrien1,Christopher,O'Brien,DET,9,2,0,0,0,0,0,0,2,3,1,0,0,3,-3,18,0,0,5,2,6,0,0,0,969,1,-1,0,-1,0,0,18
cobrien1,Christopher,O'Brien,DET,10,2,0,0,0,0,0,0,1,1,0,0,0,1,-11,10,0,0,2,1,4,0,0,0,546,0,0,0,-1,0,0,28
cobrien1,Christopher,O'Brien,DET,11,1,0,0,0,0,0,0,2,2,0,0,0,2,15,8,0,0,2,2,6,0,0,0,538,0,0,0,-1,0,0,36
cobrien1,Christopher,O'Brien,DET,12,1,0,0,0,0,0,0,0,0,0,0,0,0,0,0,0,0,0,0,0,0,0,0,0,0,0,0,-1,0,0,36
cobrien1,Christopher,O'Brien,DET,13,2,0,0,0,0,0,0,2,2,0,0,0,2,37,4,0,0,0,0,8,2,0,0,491,0,0,0,-1,0,0,40
mobrien2,Mikey,O'Brien,SEA,2,1,1,0,0,2,0,0,5,5,0,0,0,5,-12,84,0,0,3,1,22,4,1,0,1511,0,3,1,3,1,2,84
mobrien2,Mikey,O'Brien,SEA,3,2,0,0,0,1,0,0,16,16,0,1,0,18,47,86,0,0,5,3,39,12,6,1,2596,1,0,0,3,1,3,170
mobrien2,Mikey,O'Brien,SEA,4,1,0,0,0,0,0,0,0,0,0,0,0,0,0,0,0,0,0,0,0,0,0,0,0,0,0,0,3,1,3,170
mobrien2,Mikey,O'Brien,SEA,5,2,0,1,1,1,0,0,6,6,0,1,0,8,35,30,0,0,4,2,24,4,1,0,1993,1,1,1,4,2,4,200
mobrien2,Mikey,O'Brien,SEA,6,1,0,2,0,0,0,0,13,14,0,0,0,14,45,105,0,0,5,4,17,4,1,0,1676,0,2,2,6,4,4,305
mobrien2,Mikey,O'Brien,SEA,7,1,0,0,0,1,0,0,12,13,1,0,0,10,41,50,0,0,2,2,21,10,1,0,1597,1,0,0,6,4,5,355
mobrien2,Mikey,O'Brien,SEA,9,1,0,2,1,1,0,0,14,14,0,0,0,13,82,37,0,0,3,2,16,4,1,0,1311,0,3,2,9,6,6,392
mobrien2,Mikey,O'Brien,SEA,10,1,0,1,1,0,0,0,12,13,1,0,0,12,9,108,0,0,7,5,21,7,1,0,1795,1,0,1,9,7,6,500
mobrien2,Mikey,O'Brien,SEA,13,2,0,1,1,1,0,0,4,4,0,0,0,4,28,78,0,0,1,1,19,6,4,0,1085,0,2,1,11,8,7,578
aolcese,Angelo,Olcese,CAR,3,1,0,2,2,0,0,0,8,8,0,0,0,5,67,7,1,1,2,2,17,2,0,0,1215,0,2,2,2,2,0,7
aolcese,Angelo,Olcese,CAR,4,2,0,0,0,0,0,0,10,12,2,0,0,7,82,-13,0,0,2,0,8,2,0,0,991,2,-2,0,0,2,0,-6
aolcese,Angelo,Olcese,CAR,5,1,0,0,0,0,0,0,3,3,0,0,0,0,13,0,0,0,0,0,18,4,0,0,968,0,0,0,0,2,0,-6
aolcese,Angelo,Olcese,CAR,6,2,1,2,1,1,0,0,28,28,0,0,0,23,242,40,0,0,0,0,28,14,0,0,2670,0,4,3,4,5,1,34
aolcese,Angelo,Olcese,CAR,7,1,0,0,0,0,0,0,0,0,0,0,0,0,0,0,0,0,0,0,0,0,0,0,0,0,0,0,4,5,1,34
aolcese,Angelo,Olcese,CAR,9,1,0,0,0,0,0,0,0,0,0,0,0,0,0,0,0,0,0,0,0,0,0,0,0,0,0,0,4,5,1,34
aolcese,Angelo,Olcese,CAR,10,1,0,0,0,0,0,0,0,0,0,0,0,0,0,0,0,0,0,0,0,0,0,0,0,0,0,0,4,5,1,34
aolcese,Angelo,Olcese,CAR,12,1,0,0,0,1,0,0,2,2,0,0,0,2,10,9,0,0,0,0,9,1,0,0,782,0,1,0,5,5,2,43
aolcese,Angelo,Olcese,CAR,13,2,0,3,2,0,0,0,27,28,1,0,0,23,113,38,0,0,5,4,25,7,0,0,1927,1,2,3,7,8,2,81
moliart,Marcel,Oliart,PIT,2,1,5,1,3,1,0,0,26,26,0,0,0,31,126,385,0,0,24,19,0,0,0,0,1217,0,7,6,7,6,1,385
moliart,Marcel,Oliart,PIT,3,1,5,2,5,0,0,0,38,38,0,0,0,43,140,364,0,0,21,18,1,1,0,0,1551,0,7,7,14,13,1,749
moliart,Marcel,Oliart,PIT,4,1,1,1,1,0,0,0,24,26,2,0,0,27,96,144,0,0,23,11,1,0,0,0,1812,2,0,2,14,15,1,893
moliart,Marcel,Oliart,PIT,5,1,2,3,3,1,0,0,46,47,1,0,0,49,130,354,0,0,29,11,2,0,0,0,1957,1,5,5,19,20,2,1247
moliart,Marcel,Oliart,PIT,6,1,2,0,2,1,0,0,19,21,2,0,1,23,131,211,0,0,22,8,1,1,0,0,1590,3,0,2,19,22,3,1458
moliart,Marcel,Oliart,PIT,7,1,4,2,3,1,0,0,27,29,2,0,0,33,90,298,0,0,23,13,1,0,0,0,1962,2,5,6,24,28,4,1756
moliart,Marcel,Oliart,PIT,8,1,5,0,1,0,0,0,17,20,2,0,0,25,44,343,0,0,24,11,2,1,0,0,1551,2,3,5,27,33,4,2099
moliart,Marcel,Oliart,PIT,9,2,6,4,0,1,0,0,30,32,1,0,1,37,243,509,2,2,46,24,0,0,0,0,2683,2,9,10,36,43,5,2608
moliart,Marcel,Oliart,PIT,10,1,0,0,0,0,0,0,0,0,0,0,0,0,0,0,0,0,0,0,0,0,0,0,0,0,0,0,36,43,5,2608
moliart,Marcel,Oliart,PIT,11,1,0,0,0,0,0,0,0,0,0,0,0,0,0,0,0,0,0,0,0,0,0,0,0,0,0,0,36,43,5,2608
moliart,Marcel,Oliart,PIT,13,1,0,0,0,0,0,0,0,0,0,0,0,0,0,0,0,0,0,0,0,0,0,0,0,0,0,0,36,43,5,2608
colsen,Christian,Olsen,ATL,1,1,2,1,3,0,0,0,38,41,3,0,0,37,262,154,1,2,20,17,0,0,0,0,1374,3,0,3,0,3,0,154
colsen,Christian,Olsen,ATL,3,2,0,3,6,0,0,0,104,105,1,0,0,80,553,63,0,0,40,33,1,0,0,0,2736,1,2,3,2,6,0,217
colsen,Christian,Olsen,ATL,4,2,2,0,3,1,0,0,26,27,1,0,1,20,150,9,0,0,11,9,6,3,1,0,1373,2,1,2,3,8,1,226
colsen,Christian,Olsen,ATL,5,1,0,0,0,0,0,0,0,0,0,0,0,0,0,0,0,0,0,0,0,0,0,0,0,0,0,0,3,8,1,226
colsen,Christian,Olsen,ATL,6,2,0,0,0,0,0,0,0,0,0,0,0,0,0,0,0,0,0,0,0,0,0,0,0,0,0,0,3,8,1,226
colsen,Christian,Olsen,ATL,7,1,0,0,0,0,0,0,0,0,0,0,0,0,0,0,0,0,0,0,0,0,0,0,0,0,0,0,3,8,1,226
colsen,Christian,Olsen,ATL,9,1,1,0,2,0,0,0,31,32,1,0,0,24,155,29,0,0,18,17,0,0,0,0,917,1,0,1,3,9,1,255
colsen,Christian,Olsen,ATL,10,1,2,1,1,0,0,0,27,27,0,0,0,23,193,58,0,0,12,10,0,0,0,0,733,0,3,3,6,12,1,313
colsen,Christian,Olsen,ATL,12,1,0,2,3,1,0,0,41,41,0,0,0,30,278,68,0,0,18,14,0,0,0,0,1345,0,3,2,9,14,2,381
eolsen,Erik,Olsen,DET,3,1,0,0,0,0,0,0,0,0,0,0,0,0,0,0,0,0,0,0,0,0,0,0,0,0,0,0,0,0,0,0
eolsen,Erik,Olsen,DET,5,1,0,0,0,0,0,0,0,0,0,0,0,0,0,0,0,0,0,0,0,0,0,0,0,0,0,0,0,0,0,0
eolsen,Erik,Olsen,DET,7,1,0,0,0,0,0,0,0,0,0,0,0,0,0,0,0,0,0,0,0,0,0,0,0,0,0,0,0,0,0,0
eolsen,Erik,Olsen,DET,8,1,0,0,0,0,0,0,0,0,0,0,0,0,0,0,0,0,0,0,0,0,0,0,0,0,0,0,0,0,0,0
eolsen,Erik,Olsen,DET,9,2,0,0,0,0,0,0,0,0,0,0,0,0,0,0,0,0,0,0,7,1,0,0,291,0,0,0,0,0,0,0
eolsen,Erik,Olsen,DET,10,2,0,0,0,1,0,0,1,1,0,0,0,1,0,13,0,0,1,0,18,2,0,0,1055,0,1,0,1,0,1,13
eolsen,Erik,Olsen,DET,11,1,0,0,0,1,0,0,3,3,0,0,0,2,12,3,0,0,2,2,9,1,0,0,771,0,1,0,2,0,2,16
eolsen,Erik,Olsen,DET,12,1,0,0,0,1,0,0,1,1,0,0,0,0,10,0,0,0,0,0,14,2,0,0,888,0,1,0,3,0,3,16
eolsen,Erik,Olsen,DET,13,2,0,0,0,0,0,0,3,4,1,0,0,4,1,24,0,0,11,1,6,1,0,0,1085,1,-1,0,2,0,3,40
aolson,Axel,Olson,SEA,2,1,0,0,0,0,0,0,0,0,0,0,0,0,0,0,0,0,0,0,0,0,0,0,0,0,0,0,0,0,0,0
aolson,Axel,Olson,SEA,3,2,0,0,0,0,0,0,0,0,0,0,0,0,0,0,0,0,0,0,0,0,0,0,0,0,0,0,0,0,0,0
aolson,Axel,Olson,SEA,4,1,0,0,0,0,0,0,0,0,0,0,0,0,0,0,0,0,0,0,0,0,0,0,0,0,0,0,0,0,0,0
aolson,Axel,Olson,SEA,5,2,0,0,0,0,0,0,0,0,0,0,0,0,0,0,0,0,0,0,0,0,0,0,0,0,0,0,0,0,0,0
aolson,Axel,Olson,SEA,6,1,0,0,0,0,0,0,0,0,0,0,0,0,0,0,0,0,0,0,0,0,0,0,0,0,0,0,0,0,0,0
aolson,Axel,Olson,SEA,7,1,0,0,0,0,0,0,0,0,0,0,0,0,0,0,0,0,0,0,0,0,0,0,0,0,0,0,0,0,0,0
aolson,Axel,Olson,SEA,9,1,0,0,0,0,0,0,0,0,0,0,0,0,0,0,0,0,0,0,0,0,0,0,0,0,0,0,0,0,0,0
aolson,Axel,Olson,SEA,10,1,0,3,3,2,0,0,25,25,0,0,0,21,279,-1,2,2,5,3,17,7,10,0,1525,0,5,3,5,3,2,-1
aolson,Axel,Olson,SEA,13,2,0,0,0,0,0,0,0,0,0,0,0,0,0,0,0,0,0,0,0,0,0,0,0,0,0,0,5,3,2,-1
colson,Connor,Olson,COL,1,1,1,1,2,0,0,0,30,30,0,0,0,23,97,-29,0,0,13,11,1,0,0,0,1108,0,2,2,2,2,0,-29
colson,Connor,Olson,COL,4,2,0,4,4,1,0,0,77,82,4,0,0,65,451,107,0,1,35,20,0,0,0,0,2932,4,1,4,3,6,1,78
colson,Connor,Olson,COL,5,1,0,1,0,0,0,0,20,20,0,0,0,12,158,26,1,1,16,13,0,0,0,0,955,0,1,1,4,7,1,104
colson,Connor,Olson,COL,6,1,3,2,2,0,0,0,38,41,3,0,0,32,272,29,1,2,25,19,0,0,0,0,1899,3,2,5,6,12,1,133
colson,Connor,Olson,COL,9,1,0,3,4,0,0,0,27,28,1,0,1,24,254,6,1,2,13,12,0,0,0,0,944,2,1,3,7,15,1,139
colson,Connor,Olson,COL,10,2,1,0,2,0,0,0,61,63,2,0,0,44,378,-58,0,0,41,24,1,1,1,0,2619,2,-1,1,6,16,1,81
colson,Connor,Olson,COL,11,1,1,1,2,1,0,0,35,35,0,0,0,27,206,108,0,0,21,16,0,0,0,0,1585,0,3,2,9,18,2,189
colson,Connor,Olson,COL,12,2,0,2,2,0,0,0,38,39,1,0,0,25,237,173,0,1,38,28,0,0,0,0,2583,1,1,2,10,20,2,362
colson,Connor,Olson,COL,13,1,2,1,2,0,0,0,16,16,0,0,0,15,95,72,0,0,18,12,0,0,0,0,970,0,3,3,13,23,2,434
boort,Benjamin,Oort,TOR,2,2,0,0,0,0,0,0,0,0,0,0,0,0,0,0,0,0,0,0,0,0,0,0,0,0,0,0,0,0,0,0
boort,Benjamin,Oort,TOR,3,1,0,0,0,0,0,0,0,0,0,0,0,0,0,0,0,0,0,0,0,0,0,0,0,0,0,0,0,0,0,0
boort,Benjamin,Oort,TOR,6,2,0,0,0,0,0,0,0,0,0,0,0,0,0,0,0,0,0,0,0,0,0,0,0,0,0,0,0,0,0,0
boort,Benjamin,Oort,TOR,7,1,0,0,0,0,0,0,0,0,0,0,0,0,0,0,0,0,0,0,0,0,0,0,0,0,0,0,0,0,0,0
boort,Benjamin,Oort,TOR,8,1,0,0,0,0,0,0,0,0,0,0,0,0,0,0,0,0,0,0,0,0,0,0,0,0,0,0,0,0,0,0
boort,Benjamin,Oort,TOR,9,2,0,0,0,0,0,0,0,0,0,0,0,0,0,0,0,0,0,0,0,0,0,0,0,0,0,0,0,0,0,0
boort,Benjamin,Oort,TOR,10,1,0,0,0,0,0,0,0,0,0,0,0,0,0,0,0,0,0,0,0,0,0,0,0,0,0,0,0,0,0,0
boort,Benjamin,Oort,TOR,11,1,0,0,0,0,0,0,0,0,0,0,0,0,0,0,0,0,0,0,0,0,0,0,0,0,0,0,0,0,0,0
boort,Benjamin,Oort,TOR,13,1,0,0,0,0,0,0,0,0,0,0,0,0,0,0,0,0,0,0,0,0,0,0,0,0,0,0,0,0,0,0
mosborne,Marcel,Osborne,SD,2,2,8,3,4,1,0,0,37,40,3,0,2,42,303,427,1,1,33,26,6,4,0,0,2803,5,7,11,7,11,1,427
mosborne,Marcel,Osborne,SD,3,1,2,2,2,2,0,0,34,36,2,0,0,30,254,81,0,1,22,15,0,0,0,0,1496,2,4,4,11,15,3,508
mosborne,Marcel,Osborne,SD,4,1,1,1,2,0,0,0,23,26,3,0,0,21,187,224,0,0,18,14,3,2,1,0,1635,3,-1,2,10,17,3,732
mosborne,Marcel,Osborne,SD,5,2,6,5,9,0,0,0,86,87,1,0,1,64,466,439,1,1,51,36,4,2,0,0,3446,2,9,11,19,28,3,1171
mosborne,Marcel,Osborne,SD,6,1,5,2,4,1,0,0,23,23,0,0,0,21,161,174,1,1,16,14,9,3,2,0,1400,0,8,7,27,35,4,1345
mosborne,Marcel,Osborne,SD,7,1,2,1,3,0,0,0,30,32,2,0,0,20,164,184,0,0,24,14,2,1,0,0,1432,2,1,3,28,38,4,1529
mosborne,Marcel,Osborne,SD,8,1,3,1,4,0,0,0,30,33,3,0,1,27,220,234,0,0,17,12,6,1,1,0,1389,4,0,4,28,42,4,1763
mosborne,Marcel,Osborne,SD,10,1,2,3,4,0,0,0,29,30,1,0,0,28,249,160,0,0,22,11,1,0,0,0,1462,1,4,5,32,47,4,1923
mosborne,Marcel,Osborne,SD,11,1,1,0,5,2,0,0,32,35,2,0,0,31,125,281,0,1,20,13,0,0,0,0,1300,2,1,1,33,48,6,2204
mosborne,Marcel,Osborne,SD,13,1,1,0,3,1,0,0,17,21,4,0,1,19,104,86,0,0,14,7,2,0,1,1,1708,5,-3,1,30,49,7,2290
sotis,Shane,Otis,MAD,2,2,0,0,0,0,0,0,0,0,0,0,0,0,0,0,0,0,0,0,0,0,0,0,0,0,0,0,0,0,0,0
sotis,Shane,Otis,MAD,4,1,0,0,0,0,0,0,0,0,0,0,0,0,0,0,0,0,0,0,0,0,0,0,0,0,0,0,0,0,0,0
sotis,Shane,Otis,MAD,6,1,0,0,0,0,0,0,0,0,0,0,0,0,0,0,0,0,0,0,0,0,0,0,0,0,0,0,0,0,0,0
sotis,Shane,Otis,MAD,7,1,0,0,0,0,0,0,0,0,0,0,0,0,0,0,0,0,0,0,0,0,0,0,0,0,0,0,0,0,0,0
sotis,Shane,Otis,MAD,8,2,0,0,0,0,0,0,0,0,0,0,0,0,0,0,0,0,0,0,0,0,0,0,0,0,0,0,0,0,0,0
sotis,Shane,Otis,MAD,10,2,0,0,2,0,0,0,12,12,0,0,0,11,17,-10,0,0,0,0,31,9,0,0,2195,0,0,0,0,0,0,-10
sotis,Shane,Otis,MAD,11,1,0,0,0,0,0,0,0,0,0,0,0,0,0,0,0,0,0,0,0,0,0,0,0,0,0,0,0,0,0,-10
sotis,Shane,Otis,MAD,12,1,0,1,0,0,0,0,2,2,0,0,0,2,23,26,1,1,0,0,6,1,0,0,303,0,1,1,1,1,0,16
sotis,Shane,Otis,MAD,13,1,0,0,0,0,0,0,0,0,0,0,0,0,0,0,0,0,0,0,0,0,0,0,0,0,0,0,1,1,0,16
powens,Paul,Owens,PHI,1,1,1,1,1,2,0,0,12,13,0,0,0,9,128,48,1,1,2,2,18,5,3,0,1529,0,4,2,4,2,2,48
powens,Paul,Owens,PHI,2,1,0,2,1,1,0,0,15,15,0,0,0,13,114,46,1,1,5,4,14,5,3,0,1410,0,3,2,7,4,3,94
powens,Paul,Owens,PHI,3,1,0,2,1,3,0,0,14,14,0,0,0,8,56,20,0,0,1,0,27,7,2,0,1589,0,5,2,12,6,6,114
powens,Paul,Owens,PHI,5,1,1,0,0,1,0,0,7,8,1,0,0,6,44,-20,0,1,1,0,16,4,13,0,1307,1,1,1,13,7,7,94
powens,Paul,Owens,PHI,6,1,0,0,0,1,0,0,11,11,0,0,0,7,38,0,0,0,0,0,16,1,4,0,1408,0,1,0,14,7,8,94
powens,Paul,Owens,PHI,7,2,2,2,1,0,0,0,25,27,2,0,0,24,166,119,1,2,14,8,19,3,2,0,2132,2,2,4,16,11,8,213
powens,Paul,Owens,PHI,8,1,2,1,1,0,0,0,13,14,1,0,0,13,82,73,0,1,2,2,23,8,6,1,1460,1,2,3,18,14,8,286
powens,Paul,Owens,PHI,10,1,0,0,0,0,0,0,0,0,0,0,0,0,0,0,0,0,0,0,0,0,0,0,0,0,0,0,18,14,8,286
powens,Paul,Owens,PHI,12,2,0,2,0,1,0,0,26,27,1,0,0,22,131,89,1,1,3,0,34,6,5,0,3054,1,2,2,20,16,9,375
powens,Paul,Owens,PHI,13,1,0,1,0,0,0,0,9,9,0,0,0,8,68,53,0,0,1,1,19,9,0,0,1141,0,1,1,21,17,9,428
poyler,Porter,Oyler,SLC,1,1,0,0,0,0,0,0,0,0,0,0,0,0,0,0,0,0,0,0,0,0,0,0,0,0,0,0,0,0,0,0
poyler,Porter,Oyler,SLC,2,1,0,0,0,0,0,0,0,0,0,0,0,0,0,0,0,0,0,0,0,0,0,0,0,0,0,0,0,0,0,0
poyler,Porter,Oyler,SLC,5,1,0,0,0,0,0,0,0,0,0,0,0,0,0,0,0,0,0,0,0,0,0,0,0,0,0,0,0,0,0,0
poyler,Porter,Oyler,SLC,6,2,0,0,0,0,0,0,0,0,0,0,0,0,0,0,0,0,0,0,0,0,0,0,0,0,0,0,0,0,0,0
poyler,Porter,Oyler,SLC,7,1,0,0,0,0,0,0,0,0,0,0,0,0,0,0,0,0,0,0,0,0,0,0,0,0,0,0,0,0,0,0
poyler,Porter,Oyler,SLC,8,1,0,0,0,0,0,0,0,0,0,0,0,0,0,0,0,0,0,0,0,0,0,0,0,0,0,0,0,0,0,0
poyler,Porter,Oyler,SLC,10,1,0,0,0,0,0,0,0,0,0,0,0,0,0,0,0,0,0,0,0,0,0,0,0,0,0,0,0,0,0,0
poyler,Porter,Oyler,SLC,11,2,0,0,0,0,0,0,0,0,0,0,0,0,0,0,0,0,0,0,0,0,0,0,0,0,0,0,0,0,0,0
poyler,Porter,Oyler,SLC,12,1,0,0,0,0,0,0,0,0,0,0,0,0,0,0,0,0,0,0,0,0,0,0,0,0,0,0,0,0,0,0
poyler,Porter,Oyler,SLC,13,1,0,0,0,0,0,0,0,0,0,0,0,0,0,0,0,0,0,0,0,0,0,0,0,0,0,0,0,0,0,0
jpadgett,Josiah,Padgett,HTX,1,1,0,0,0,0,0,0,0,0,0,0,0,0,0,0,0,0,0,0,0,0,0,0,0,0,0,0,0,0,0,0
jpadgett,Josiah,Padgett,HTX,2,1,0,0,0,0,0,0,0,0,0,0,0,0,0,0,0,0,0,0,6,1,0,0,526,0,0,0,0,0,0,0
jpadgett,Josiah,Padgett,HTX,3,1,0,0,0,0,0,0,1,1,0,0,1,1,13,16,0,0,4,1,8,0,0,0,584,1,-1,0,-1,0,0,16
jpadgett,Josiah,Padgett,HTX,4,1,0,0,0,0,0,0,0,0,0,0,0,0,0,0,0,0,0,0,0,0,0,0,0,0,0,0,-1,0,0,16
jpadgett,Josiah,Padgett,HTX,6,2,0,0,0,0,0,0,0,0,0,0,0,0,0,0,0,0,0,0,0,0,0,0,0,0,0,0,-1,0,0,16
jpadgett,Josiah,Padgett,HTX,8,1,0,0,0,0,0,0,0,0,0,0,0,0,0,0,0,0,0,0,0,0,0,0,0,0,0,0,-1,0,0,16
jpadgett,Josiah,Padgett,HTX,9,2,0,0,0,0,0,0,0,0,0,0,0,0,0,0,0,0,0,0,0,0,0,0,0,0,0,0,-1,0,0,16
jpadgett,Josiah,Padgett,HTX,11,1,0,0,0,0,0,0,0,0,0,0,0,0,0,0,0,0,1,1,15,2,0,0,876,0,0,0,-1,0,0,16
jpadgett,Josiah,Padgett,HTX,12,1,0,0,0,0,0,0,0,0,0,0,0,0,0,0,0,0,0,0,0,0,0,0,0,0,0,0,-1,0,0,16
jpadgett,Josiah,Padgett,HTX,13,1,1,0,2,0,0,0,4,5,1,0,1,6,1,97,0,1,5,1,12,2,0,0,707,2,-1,1,-2,1,0,113
apadula,Andrew,Padula,LA,2,2,1,0,1,1,0,0,36,41,5,0,1,36,88,-96,0,0,4,1,29,4,0,0,2322,6,-4,1,-4,1,1,-96
apadula,Andrew,Padula,LA,3,1,0,0,0,1,0,1,7,8,1,0,0,5,18,3,0,0,3,0,15,1,0,0,924,1,0,0,-4,1,2,-93
apadula,Andrew,Padula,LA,4,1,0,0,0,0,0,0,0,0,0,0,0,0,0,0,0,0,0,0,0,0,0,0,0,0,0,0,-4,1,2,-93
apadula,Andrew,Padula,LA,6,1,0,0,0,2,0,0,17,19,2,0,0,14,97,69,0,0,3,1,16,4,0,0,1472,2,0,0,-4,1,4,-24
apadula,Andrew,Padula,LA,7,1,0,0,1,1,0,0,30,30,0,0,0,27,96,-2,0,0,4,2,13,6,0,0,1223,0,1,0,-3,1,5,-26
apadula,Andrew,Padula,LA,9,2,1,1,2,0,0,0,35,35,0,0,1,34,203,-22,0,0,6,3,26,8,0,0,2551,1,1,2,-2,3,5,-48
apadula,Andrew,Padula,LA,11,1,1,1,0,1,0,0,9,10,1,0,0,10,35,31,0,0,5,3,12,4,0,0,1277,1,2,2,0,5,6,-17
apadula,Andrew,Padula,LA,12,2,2,1,0,0,0,0,21,23,1,0,0,25,44,180,0,0,7,5,27,7,0,0,2052,1,2,3,2,8,6,163
apadula,Andrew,Padula,LA,13,1,0,0,0,0,0,0,0,0,0,0,0,0,0,0,0,0,0,0,0,0,0,0,0,0,0,0,2,8,6,163
rpalazzo,Ray,Palazzo,DET,3,1,0,0,0,0,0,0,1,3,2,0,0,2,25,8,0,0,0,0,7,0,0,0,690,2,-2,0,-2,0,0,8
rpalazzo,Ray,Palazzo,DET,5,1,0,0,0,0,0,0,0,0,0,0,0,0,0,0,0,0,0,0,0,0,0,0,0,0,0,0,-2,0,0,8
rpalazzo,Ray,Palazzo,DET,7,1,0,0,0,0,0,0,0,0,0,0,0,0,0,0,0,0,0,0,0,0,0,0,0,0,0,0,-2,0,0,8
rpalazzo,Ray,Palazzo,DET,8,1,0,0,0,0,0,0,0,0,0,0,0,0,0,0,0,0,0,0,0,0,0,0,0,0,0,0,-2,0,0,8
rpalazzo,Ray,Palazzo,DET,9,2,0,0,0,0,0,0,0,0,0,0,0,0,0,0,0,0,0,0,0,0,0,0,0,0,0,0,-2,0,0,8
rpalazzo,Ray,Palazzo,DET,10,2,1,0,0,0,0,0,15,18,2,0,1,18,36,164,0,0,8,3,15,3,0,0,1599,3,-2,1,-4,1,0,172
rpalazzo,Ray,Palazzo,DET,11,1,0,0,0,0,0,0,3,4,1,0,0,4,26,-9,0,0,2,2,7,0,0,0,519,1,-1,0,-5,1,0,163
rpalazzo,Ray,Palazzo,DET,12,1,0,1,0,0,0,0,2,2,0,0,0,2,5,6,0,0,0,0,12,2,1,0,914,0,1,1,-4,2,0,169
rpalazzo,Ray,Palazzo,DET,13,2,0,0,0,0,0,0,4,6,2,0,0,6,51,2,1,1,3,0,17,3,0,0,866,2,-2,0,-6,2,0,171
spalchuru,Saaketh,Palchuru,ATX,1,1,0,1,0,1,0,0,7,8,1,0,0,7,64,7,0,0,0,0,18,7,0,0,955,1,1,1,1,1,1,7
spalchuru,Saaketh,Palchuru,ATX,2,1,0,2,0,0,0,0,12,13,1,0,0,12,57,-9,0,0,0,0,12,4,0,0,727,1,1,2,2,3,1,-2
spalchuru,Saaketh,Palchuru,ATX,3,1,2,1,0,0,0,0,7,8,1,0,0,8,-10,99,0,0,0,0,15,5,0,0,785,1,2,3,4,6,1,97
spalchuru,Saaketh,Palchuru,ATX,4,1,0,0,1,0,0,0,8,10,2,0,0,9,-8,79,0,0,0,0,13,3,0,0,1384,2,-2,0,2,6,1,176
spalchuru,Saaketh,Palchuru,ATX,7,2,0,1,2,1,0,0,13,14,1,0,0,12,100,-2,0,1,0,0,21,10,0,0,1755,1,1,1,3,7,2,174
spalchuru,Saaketh,Palchuru,ATX,8,1,0,0,0,0,0,0,6,7,1,0,0,6,15,-4,0,1,0,0,10,1,0,0,911,1,-1,0,2,7,2,170
spalchuru,Saaketh,Palchuru,ATX,10,2,0,0,0,1,0,0,0,0,0,0,0,0,0,0,0,0,0,0,22,3,0,0,1427,0,1,0,3,7,3,170
spalchuru,Saaketh,Palchuru,ATX,11,1,0,0,1,0,0,0,11,12,1,0,0,12,83,-23,0,0,0,0,17,6,0,0,1136,1,-1,0,2,7,3,147
spalchuru,Saaketh,Palchuru,ATX,12,1,0,0,0,0,0,0,0,0,0,0,0,0,0,0,0,0,0,0,0,0,0,0,0,0,0,0,2,7,3,147
spalchuru,Saaketh,Palchuru,ATX,13,1,0,0,1,1,0,0,3,3,0,0,0,2,70,6,0,0,1,1,10,2,0,0,590,0,1,0,3,7,4,153
npappas,Nick,Pappas,IND,2,1,0,2,0,0,0,0,7,7,0,0,0,6,130,87,1,1,12,8,8,1,0,0,858,0,2,2,2,2,0,87
npappas,Nick,Pappas,IND,3,1,3,2,1,0,0,0,10,13,3,0,1,16,80,202,1,2,15,7,6,0,0,0,1213,4,1,5,3,7,0,289
npappas,Nick,Pappas,IND,5,1,0,1,0,1,0,0,6,6,0,0,2,6,52,62,0,0,2,1,8,4,0,0,1364,2,0,1,3,8,1,351
npappas,Nick,Pappas,IND,6,1,1,0,1,2,0,0,10,13,3,0,1,12,109,80,0,0,6,3,9,2,0,0,1188,4,-1,1,2,9,3,431
npappas,Nick,Pappas,IND,7,1,2,1,4,0,0,0,18,22,3,0,2,24,96,142,0,0,15,10,0,0,0,0,1173,5,-2,3,0,12,3,573
npappas,Nick,Pappas,IND,8,1,0,0,0,0,0,0,0,0,0,0,0,0,0,0,0,0,0,0,0,0,0,0,0,0,0,0,0,12,3,573
npappas,Nick,Pappas,IND,9,1,0,0,0,0,0,0,0,0,0,0,0,0,0,0,0,0,0,0,0,0,0,0,0,0,0,0,0,12,3,573
npappas,Nick,Pappas,IND,10,2,0,1,2,0,0,0,7,7,0,0,1,7,147,49,1,1,5,3,9,3,0,0,869,1,0,1,0,13,3,622
npappas,Nick,Pappas,IND,11,1,0,0,0,0,0,0,0,0,0,0,0,0,0,0,0,0,0,0,0,0,0,0,0,0,0,0,0,13,3,622
npappas,Nick,Pappas,IND,12,1,0,0,0,0,0,0,0,0,0,0,0,0,0,0,0,0,0,0,0,0,0,0,0,0,0,0,0,13,3,622
npappas,Nick,Pappas,IND,13,1,0,0,1,0,0,0,5,5,0,0,0,4,23,34,0,0,4,2,11,7,0,0,1074,0,0,0,0,13,3,656
bpastor,Brandon,Pastor,PHI,1,1,5,0,0,0,0,0,12,12,0,0,1,17,33,126,0,0,20,14,0,0,0,0,1371,1,4,5,4,5,0,126
bpastor,Brandon,Pastor,PHI,2,1,3,0,2,0,0,0,13,13,0,0,0,16,13,109,0,0,19,15,0,0,0,0,1247,0,3,3,7,8,0,235
bpastor,Brandon,Pastor,PHI,3,1,3,0,0,0,0,0,12,12,0,0,0,15,34,105,0,0,24,19,0,0,0,0,1552,0,3,3,10,11,0,340
bpastor,Brandon,Pastor,PHI,5,1,4,1,0,2,0,0,16,16,0,0,1,19,95,110,0,0,21,14,0,0,0,0,1442,1,6,5,16,16,2,450
bpastor,Brandon,Pastor,PHI,6,1,2,3,0,0,0,0,14,14,0,0,0,15,47,125,0,0,19,13,0,0,0,0,1766,0,5,5,21,21,2,575
bpastor,Brandon,Pastor,PHI,7,2,5,0,0,0,0,0,26,27,1,0,0,29,66,247,0,0,35,16,1,0,0,0,2475,1,4,5,25,26,2,822
bpastor,Brandon,Pastor,PHI,8,1,3,0,3,0,0,0,14,14,0,0,0,18,52,38,0,0,14,11,0,0,0,0,986,0,3,3,28,29,2,860
bpastor,Brandon,Pastor,PHI,10,1,0,0,0,0,0,0,0,0,0,0,0,0,0,0,0,0,0,0,0,0,0,0,0,0,0,0,28,29,2,860
bpastor,Brandon,Pastor,PHI,12,2,4,1,2,0,0,0,23,23,0,0,0,28,36,238,0,0,27,20,2,0,0,0,2275,0,5,5,33,34,2,1098
bpastor,Brandon,Pastor,PHI,13,1,0,1,0,0,0,0,24,26,2,0,0,25,34,186,1,1,16,13,0,0,0,0,1054,2,-1,1,32,35,2,1284
xpayne,Xavier,Payne,CHI,4,1,1,2,1,2,0,0,41,45,3,0,0,38,173,-12,1,4,5,2,12,7,10,1,1440,3,2,3,2,3,2,-12
xpayne,Xavier,Payne,CHI,6,1,0,0,3,2,0,0,32,34,1,0,0,25,123,7,0,0,3,2,20,6,17,0,1764,1,1,0,3,3,4,-5
xpayne,Xavier,Payne,CHI,7,1,0,2,0,0,0,0,38,39,1,0,0,33,98,-42,0,0,1,1,14,4,14,0,1086,1,1,2,4,5,4,-47
xpayne,Xavier,Payne,CHI,8,1,0,3,2,0,0,0,24,29,3,0,0,22,263,5,3,4,3,1,23,10,16,1,1864,3,0,3,4,8,4,-42
xpayne,Xavier,Payne,CHI,9,2,2,5,1,2,0,0,38,43,4,0,0,38,257,18,2,3,3,1,20,11,19,0,1188,4,5,7,9,15,6,-24
xpayne,Xavier,Payne,CHI,10,2,1,6,3,9,1,0,64,70,4,0,0,49,536,-3,1,3,3,1,35,20,33,3,3073,4,12,7,21,22,15,-27
xpayne,Xavier,Payne,CHI,11,2,0,0,0,0,0,0,0,0,0,0,0,0,0,0,0,0,0,0,0,0,0,0,0,0,0,0,21,22,15,-27
xpayne,Xavier,Payne,CHI,13,2,1,8,4,0,0,0,47,48,1,0,0,42,626,119,4,5,5,4,40,21,31,0,2793,1,8,9,29,31,15,92
jperez,Jaime,Perez,LV,1,1,0,0,0,0,0,0,0,0,0,0,0,0,0,0,0,0,0,0,0,0,0,0,0,0,0,0,0,0,0,0
jperez,Jaime,Perez,LV,2,1,0,0,0,0,0,0,0,0,0,0,0,0,0,0,0,0,0,0,0,0,0,0,0,0,0,0,0,0,0,0
jperez,Jaime,Perez,LV,3,1,0,0,0,0,0,0,0,0,0,0,0,0,0,0,0,0,0,0,0,0,0,0,0,0,0,0,0,0,0,0
jperez,Jaime,Perez,LV,5,1,0,1,1,1,0,0,32,36,3,0,0,31,78,44,0,1,2,2,13,4,8,0,1328,3,-1,1,-1,1,1,44
jperez,Jaime,Perez,LV,7,2,2,2,3,1,0,0,37,40,3,0,0,34,371,69,3,5,14,6,20,5,18,2,2549,3,2,4,1,5,2,113
jperez,Jaime,Perez,LV,8,1,0,0,1,2,0,0,18,20,2,0,0,17,110,98,0,2,7,4,13,2,9,1,1346,2,0,0,1,5,4,211
jperez,Jaime,Perez,LV,9,2,0,0,0,0,0,0,0,0,0,0,0,0,0,0,0,0,0,0,0,0,0,0,0,0,0,0,1,5,4,211
jperez,Jaime,Perez,LV,11,1,0,0,0,0,0,0,0,0,0,0,0,0,0,0,0,0,0,0,0,0,0,0,0,0,0,0,1,5,4,211
jperez,Jaime,Perez,LV,12,1,0,0,0,0,0,0,0,0,0,0,0,0,0,0,0,0,0,0,0,0,0,0,0,0,0,0,1,5,4,211
jperez,Jaime,Perez,LV,13,1,0,1,0,0,0,0,19,23,3,0,0,21,20,177,0,1,5,2,11,2,8,0,1226,3,-2,1,-1,6,4,388
sperez,Simon,Perez,CHI,4,1,0,0,0,0,0,0,0,0,0,0,0,0,0,0,0,0,0,0,0,0,0,0,0,0,0,0,0,0,0,0
sperez,Simon,Perez,CHI,6,1,0,0,0,0,0,0,0,0,0,0,0,0,0,0,0,0,0,0,0,0,0,0,0,0,0,0,0,0,0,0
sperez,Simon,Perez,CHI,7,1,0,0,0,0,0,0,0,0,0,0,0,0,0,0,0,0,0,0,0,0,0,0,0,0,0,0,0,0,0,0
sperez,Simon,Perez,CHI,8,1,0,0,0,0,0,0,0,0,0,0,0,0,0,0,0,0,0,0,0,0,0,0,0,0,0,0,0,0,0,0
sperez,Simon,Perez,CHI,9,2,0,0,0,1,0,0,4,7,2,0,0,6,32,75,0,0,0,0,14,8,0,0,1111,2,-1,0,-1,0,1,75
sperez,Simon,Perez,CHI,10,2,0,1,0,0,0,0,2,3,1,0,0,1,23,10,0,0,0,0,12,7,0,0,1070,1,0,1,-1,1,1,85
sperez,Simon,Perez,CHI,11,2,0,0,0,0,0,0,0,0,0,0,0,0,0,0,0,0,0,0,0,0,0,0,0,0,0,0,-1,1,1,85
sperez,Simon,Perez,CHI,13,2,0,0,0,0,0,0,0,0,0,0,0,0,0,0,0,0,0,0,0,0,0,0,0,0,0,0,-1,1,1,85
dperry,David,Perry,PHI,1,1,0,0,0,0,0,0,0,1,1,0,1,1,0,8,0,0,0,0,4,0,0,0,336,2,-2,0,-2,0,0,8
dperry,David,Perry,PHI,2,1,0,0,0,0,0,0,0,0,0,0,0,0,0,0,0,0,0,0,0,0,0,0,0,0,0,0,-2,0,0,8
dperry,David,Perry,PHI,3,1,0,0,0,0,0,0,4,4,0,0,0,4,31,39,0,0,0,0,6,3,0,0,452,0,0,0,-2,0,0,47
dperry,David,Perry,PHI,5,1,0,0,0,0,0,0,0,0,0,0,0,0,0,0,0,0,0,0,0,0,0,0,0,0,0,0,-2,0,0,47
dperry,David,Perry,PHI,6,1,0,0,0,0,0,0,0,0,0,0,0,0,0,0,0,0,0,0,0,0,0,0,0,0,0,0,-2,0,0,47
dperry,David,Perry,PHI,7,2,0,0,0,0,0,0,0,0,0,0,0,0,0,0,0,0,0,0,0,0,0,0,0,0,0,0,-2,0,0,47
dperry,David,Perry,PHI,8,1,0,0,0,0,0,0,0,0,0,0,0,0,0,0,0,0,0,0,0,0,0,0,0,0,0,0,-2,0,0,47
dperry,David,Perry,PHI,10,1,0,0,0,0,0,0,0,0,0,0,0,0,0,0,0,0,0,0,0,0,0,0,0,0,0,0,-2,0,0,47
dperry,David,Perry,PHI,12,2,0,0,0,0,0,0,0,0,0,0,0,0,0,0,0,0,0,0,0,0,0,0,0,0,0,0,-2,0,0,47
dperry,David,Perry,PHI,13,1,0,0,0,0,0,0,0,0,0,0,0,0,0,0,0,0,0,0,0,0,0,0,0,0,0,0,-2,0,0,47
jperticon,Justin,Perticone,DET,3,1,1,1,3,0,0,0,29,33,4,0,1,34,148,214,0,0,23,15,6,1,0,0,1840,5,-3,2,-3,2,0,214
jperticon,Justin,Perticone,DET,5,1,2,0,3,1,0,0,26,28,2,0,0,30,125,190,1,1,20,12,2,0,0,0,1597,2,1,2,-2,4,1,404
jperticon,Justin,Perticone,DET,7,1,2,0,4,1,0,0,29,31,2,0,0,31,115,155,0,2,21,11,0,0,0,0,1436,2,1,2,-1,6,2,559
jperticon,Justin,Perticone,DET,8,1,1,0,2,1,0,0,13,13,0,0,2,13,104,131,1,1,28,15,0,0,0,0,1528,2,0,1,-1,7,3,690
jperticon,Justin,Perticone,DET,9,2,1,4,3,2,0,0,35,38,3,0,0,38,132,289,0,1,41,22,0,0,0,0,2812,3,4,5,3,12,5,979
jperticon,Justin,Perticone,DET,10,2,0,0,0,0,0,0,0,0,0,0,0,0,0,0,0,0,0,0,0,0,0,0,0,0,0,0,3,12,5,979
jperticon,Justin,Perticone,DET,11,1,0,1,3,0,0,0,20,22,0,0,1,22,77,131,0,0,22,9,0,0,0,0,1770,1,0,1,3,13,5,1110
jperticon,Justin,Perticone,DET,12,1,3,4,1,0,0,0,35,35,0,0,0,37,217,352,0,0,25,16,0,0,0,0,1581,0,7,7,10,20,5,1462
jperticon,Justin,Perticone,DET,13,2,0,0,0,0,0,0,0,0,0,0,0,0,0,0,0,0,0,0,0,0,0,0,0,0,0,0,10,20,5,1462
apestritt,Angelo,Pestritto,DET,3,1,0,0,0,0,0,0,0,0,0,0,0,0,0,0,0,0,0,0,0,0,0,0,0,0,0,0,0,0,0,0
apestritt,Angelo,Pestritto,DET,5,1,0,0,0,0,0,0,0,0,0,0,0,0,0,0,0,0,0,0,0,0,0,0,0,0,0,0,0,0,0,0
apestritt,Angelo,Pestritto,DET,7,1,0,0,0,0,0,0,0,0,0,0,0,0,0,0,0,0,0,0,0,0,0,0,0,0,0,0,0,0,0,0
apestritt,Angelo,Pestritto,DET,8,1,0,0,0,0,0,0,0,0,0,0,0,0,0,0,0,0,0,0,0,0,0,0,0,0,0,0,0,0,0,0
apestritt,Angelo,Pestritto,DET,9,2,0,0,0,0,0,0,0,0,0,0,0,0,0,0,0,0,0,0,0,0,0,0,0,0,0,0,0,0,0,0
apestritt,Angelo,Pestritto,DET,10,2,0,0,0,0,0,0,0,0,0,0,0,0,0,0,0,0,0,0,0,0,0,0,0,0,0,0,0,0,0,0
apestritt,Angelo,Pestritto,DET,11,1,0,0,0,0,0,0,0,0,0,0,0,0,0,0,0,0,0,0,0,0,0,0,0,0,0,0,0,0,0,0
apestritt,Angelo,Pestritto,DET,12,1,0,0,0,0,0,0,0,0,0,0,0,0,0,0,0,0,0,0,0,0,0,0,0,0,0,0,0,0,0,0
apestritt,Angelo,Pestritto,DET,13,2,0,0,0,0,0,0,0,0,0,0,0,0,0,0,0,0,0,0,4,0,0,0,245,0,0,0,0,0,0,0
npetersen,Noah,Petersen,MAD,2,2,0,0,0,0,0,0,0,0,0,0,0,0,0,0,0,0,0,0,0,0,0,0,0,0,0,0,0,0,0,0
npetersen,Noah,Petersen,MAD,4,1,0,0,0,0,0,0,0,0,0,0,0,0,0,0,0,0,0,0,0,0,0,0,0,0,0,0,0,0,0,0
npetersen,Noah,Petersen,MAD,6,1,0,0,0,0,0,0,0,0,0,0,0,0,0,0,0,0,0,0,0,0,0,0,0,0,0,0,0,0,0,0
npetersen,Noah,Petersen,MAD,7,1,0,0,0,0,0,0,0,0,0,0,0,0,0,0,0,0,0,0,0,0,0,0,0,0,0,0,0,0,0,0
npetersen,Noah,Petersen,MAD,8,2,2,0,1,0,0,0,11,11,0,0,0,10,-31,50,0,0,3,3,16,5,0,0,995,0,2,2,2,2,0,50
npetersen,Noah,Petersen,MAD,10,2,0,0,0,0,0,0,0,0,0,0,0,0,0,0,0,0,0,0,0,0,0,0,0,0,0,0,2,2,0,50
npetersen,Noah,Petersen,MAD,11,1,0,0,0,0,0,0,0,0,0,0,0,0,0,0,0,0,0,0,0,0,0,0,0,0,0,0,2,2,0,50
npetersen,Noah,Petersen,MAD,12,1,0,0,0,0,0,0,0,0,0,0,0,0,0,0,0,0,0,0,0,0,0,0,0,0,0,0,2,2,0,50
npetersen,Noah,Petersen,MAD,13,1,0,0,0,0,0,0,0,0,0,0,0,0,0,0,0,0,2,2,9,2,0,0,609,0,0,0,2,2,0,50
jpeterson,John,Peterson,DET,3,1,0,0,0,0,0,0,0,0,0,0,0,0,0,0,0,0,0,0,0,0,0,0,0,0,0,0,0,0,0,0
jpeterson,John,Peterson,DET,5,1,0,0,0,0,0,0,0,0,0,0,0,0,0,0,0,0,0,0,0,0,0,0,0,0,0,0,0,0,0,0
jpeterson,John,Peterson,DET,7,1,0,0,0,0,0,0,0,0,0,0,0,0,0,0,0,0,0,0,0,0,0,0,0,0,0,0,0,0,0,0
jpeterson,John,Peterson,DET,8,1,0,0,0,0,0,0,0,0,0,0,0,0,0,0,0,0,0,0,0,0,0,0,0,0,0,0,0,0,0,0
jpeterson,John,Peterson,DET,9,2,0,0,0,0,0,0,0,0,0,0,0,0,0,0,0,0,0,0,0,0,0,0,0,0,0,0,0,0,0,0
jpeterson,John,Peterson,DET,10,2,0,0,0,0,0,0,0,0,0,0,0,0,0,0,0,0,0,0,6,0,0,0,492,0,0,0,0,0,0,0
jpeterson,John,Peterson,DET,11,1,0,0,0,0,0,0,0,0,0,0,0,0,0,0,0,0,0,0,0,0,0,0,0,0,0,0,0,0,0,0
jpeterson,John,Peterson,DET,12,1,0,0,0,0,0,0,0,0,0,0,0,0,0,0,0,0,0,0,0,0,0,0,0,0,0,0,0,0,0,0
jpeterson,John,Peterson,DET,13,2,0,0,0,0,0,0,0,0,0,0,0,0,0,0,0,0,0,0,0,0,0,0,0,0,0,0,0,0,0,0
kpew,Kimball,Pew,SLC,1,1,0,0,0,1,0,0,1,1,0,0,0,0,3,0,0,0,0,0,8,1,0,0,582,0,1,0,1,0,1,0
kpew,Kimball,Pew,SLC,2,1,0,0,0,0,0,0,0,0,0,0,0,0,0,0,0,0,0,0,0,0,0,0,0,0,0,0,1,0,1,0
kpew,Kimball,Pew,SLC,5,1,0,0,0,0,0,0,2,2,0,0,0,1,38,13,0,0,0,0,10,3,0,0,730,0,0,0,1,0,1,13
kpew,Kimball,Pew,SLC,6,2,1,1,1,3,0,0,15,15,0,0,0,8,59,2,0,0,0,0,25,11,0,0,1523,0,5,2,6,2,4,15
kpew,Kimball,Pew,SLC,7,1,0,0,0,2,0,0,2,2,0,0,0,1,17,3,0,0,0,0,11,2,0,0,749,0,2,0,8,2,6,18
kpew,Kimball,Pew,SLC,8,1,1,1,0,1,0,0,5,5,0,0,0,3,8,65,0,0,0,0,14,6,0,0,843,0,3,2,11,4,7,83
kpew,Kimball,Pew,SLC,10,1,1,1,1,0,0,0,7,7,0,0,0,6,106,13,1,1,0,0,13,6,0,0,791,0,2,2,13,6,7,96
kpew,Kimball,Pew,SLC,11,2,4,1,3,1,0,0,15,15,0,0,0,17,164,180,1,1,0,0,29,14,0,0,2234,0,6,5,19,11,8,276
kpew,Kimball,Pew,SLC,12,1,1,2,0,2,0,0,5,5,0,0,0,6,108,91,1,1,0,0,12,5,0,0,898,0,5,3,24,14,10,367
kpew,Kimball,Pew,SLC,13,1,1,1,0,1,0,0,7,8,1,0,0,5,69,43,1,1,2,2,11,4,0,0,865,1,2,2,26,16,11,410
spew,Sam,Pew,SLC,1,1,0,0,0,1,0,0,2,2,0,0,0,1,-6,12,0,0,1,0,17,1,0,0,895,0,1,0,1,0,1,12
spew,Sam,Pew,SLC,2,1,0,0,0,0,0,0,0,0,0,0,0,0,0,0,0,0,0,0,0,0,0,0,0,0,0,0,1,0,1,12
spew,Sam,Pew,SLC,5,1,1,2,1,0,0,0,7,8,1,0,0,7,43,76,1,2,2,2,16,5,0,0,1006,1,2,3,3,3,1,88
spew,Sam,Pew,SLC,6,2,0,2,3,1,0,0,15,16,1,0,0,15,124,67,0,1,2,1,29,12,0,0,2345,1,2,2,5,5,2,155
spew,Sam,Pew,SLC,7,1,0,0,0,1,0,0,6,6,0,0,0,6,-10,11,0,0,1,1,22,6,0,0,1143,0,1,0,6,5,3,166
spew,Sam,Pew,SLC,8,1,1,0,0,0,0,0,0,1,1,0,0,3,0,83,0,0,0,0,22,7,0,0,990,1,0,1,6,6,3,249
spew,Sam,Pew,SLC,10,1,0,1,0,1,0,0,1,1,0,0,0,1,3,40,0,0,0,0,22,3,0,0,1082,0,2,1,8,7,4,289
spew,Sam,Pew,SLC,11,2,4,2,1,5,0,0,20,21,1,0,0,21,97,194,0,0,0,0,40,19,0,0,2867,1,10,6,18,13,9,483
spew,Sam,Pew,SLC,12,1,0,0,0,0,0,0,8,8,0,0,0,8,21,26,0,0,0,0,15,3,0,0,881,0,0,0,18,13,9,509
spew,Sam,Pew,SLC,13,1,1,1,0,0,0,0,4,4,0,0,0,5,6,104,0,0,0,0,16,6,0,0,931,0,2,2,20,15,9,613
epigeon,Ethan,Pigeon,PHI,1,1,0,0,0,0,0,0,0,0,0,0,0,0,0,0,0,0,0,0,0,0,0,0,0,0,0,0,0,0,0,0
epigeon,Ethan,Pigeon,PHI,2,1,0,0,0,0,0,0,0,0,0,0,0,0,0,0,0,0,0,0,7,0,0,0,450,0,0,0,0,0,0,0
epigeon,Ethan,Pigeon,PHI,3,1,0,0,1,0,0,0,4,6,2,0,0,7,9,97,0,0,4,3,15,4,0,0,1332,2,-2,0,-2,0,0,97
epigeon,Ethan,Pigeon,PHI,5,1,0,0,0,0,0,0,0,0,0,0,0,0,0,0,0,0,0,0,0,0,0,0,0,0,0,0,-2,0,0,97
epigeon,Ethan,Pigeon,PHI,6,1,0,0,0,0,0,0,4,4,0,0,0,4,22,15,0,0,0,0,7,0,0,0,1018,0,0,0,-2,0,0,112
epigeon,Ethan,Pigeon,PHI,7,2,0,0,0,0,0,0,0,0,0,0,0,0,0,0,0,0,0,0,0,0,0,0,0,0,0,0,-2,0,0,112
epigeon,Ethan,Pigeon,PHI,8,1,3,0,4,0,0,0,5,5,0,0,0,7,-5,161,0,0,1,1,12,8,0,0,900,0,3,3,1,3,0,273
epigeon,Ethan,Pigeon,PHI,10,1,0,1,0,1,0,0,4,4,0,0,1,4,-7,21,0,0,0,0,11,5,0,0,897,1,1,1,2,4,1,294
epigeon,Ethan,Pigeon,PHI,12,2,0,0,0,0,0,0,0,0,0,0,0,0,0,0,0,0,0,0,0,0,0,0,0,0,0,0,2,4,1,294
epigeon,Ethan,Pigeon,PHI,13,1,1,0,0,0,0,0,7,7,0,0,0,8,3,33,0,0,0,0,9,4,0,0,801,0,1,1,3,5,1,327
kpignone,Kevin,Pignone,CAR,3,1,0,0,0,0,0,0,0,0,0,0,0,0,0,0,0,0,0,0,0,0,0,0,0,0,0,0,0,0,0,0
kpignone,Kevin,Pignone,CAR,4,2,0,0,0,0,0,0,0,0,0,0,0,0,0,0,0,0,0,0,0,0,0,0,0,0,0,0,0,0,0,0
kpignone,Kevin,Pignone,CAR,5,1,0,0,0,0,0,0,0,0,0,0,0,0,0,0,0,0,0,0,0,0,0,0,0,0,0,0,0,0,0,0
kpignone,Kevin,Pignone,CAR,6,2,0,0,0,0,0,0,0,0,0,0,0,0,0,0,0,0,0,0,0,0,0,0,0,0,0,0,0,0,0,0
kpignone,Kevin,Pignone,CAR,7,1,0,0,0,0,0,0,0,0,0,0,0,0,0,0,0,0,0,0,0,0,0,0,0,0,0,0,0,0,0,0
kpignone,Kevin,Pignone,CAR,9,1,1,3,1,0,0,0,29,31,2,0,0,20,206,164,1,2,18,18,0,0,0,0,1114,2,2,4,2,4,0,164
kpignone,Kevin,Pignone,CAR,10,1,0,3,5,1,0,0,41,42,1,0,0,32,399,-6,0,0,24,19,0,0,0,0,1329,1,3,3,5,7,1,158
kpignone,Kevin,Pignone,CAR,12,1,0,3,3,0,0,0,38,40,2,0,0,35,357,66,2,2,19,14,0,0,0,0,1234,2,1,3,6,10,1,224
kpignone,Kevin,Pignone,CAR,13,2,1,2,7,0,0,0,65,71,5,0,0,53,489,146,1,2,43,29,1,0,1,0,2678,5,-2,3,4,13,1,370
apiper,Alex,Piper,COL,1,1,1,0,0,0,0,0,10,11,1,0,0,12,6,106,0,0,12,10,3,1,0,0,1013,1,0,1,0,1,0,106
apiper,Alex,Piper,COL,4,2,0,0,0,0,0,0,0,0,0,0,0,0,0,0,0,0,0,0,0,0,0,0,0,0,0,0,0,1,0,106
apiper,Alex,Piper,COL,5,1,0,0,0,0,0,0,0,0,0,0,0,0,0,0,0,0,0,0,0,0,0,0,0,0,0,0,0,1,0,106
apiper,Alex,Piper,COL,6,1,0,0,0,0,0,0,0,0,0,0,0,0,0,0,0,0,0,0,0,0,0,0,0,0,0,0,0,1,0,106
apiper,Alex,Piper,COL,9,1,5,0,2,1,0,0,8,9,1,0,0,13,3,218,0,0,14,12,1,0,0,0,952,1,5,5,5,6,1,324
apiper,Alex,Piper,COL,10,2,0,0,0,0,0,0,0,0,0,0,0,0,0,0,0,0,0,0,0,0,0,0,0,0,0,0,5,6,1,324
apiper,Alex,Piper,COL,11,1,0,0,0,0,0,0,0,0,0,0,0,0,0,0,0,0,0,0,0,0,0,0,0,0,0,0,5,6,1,324
apiper,Alex,Piper,COL,12,2,1,1,2,1,0,0,11,12,1,0,0,12,58,94,0,1,6,4,33,12,0,0,2440,1,2,2,7,8,2,418
apiper,Alex,Piper,COL,13,1,0,0,0,0,0,0,0,0,0,0,0,0,0,0,0,0,0,0,0,0,0,0,0,0,0,0,7,8,2,418
nploeger,Nathan,Ploeger,DET,3,1,0,0,0,1,0,0,1,1,0,0,0,0,6,0,0,0,0,0,14,2,0,0,953,0,1,0,1,0,1,0
nploeger,Nathan,Ploeger,DET,5,1,0,0,0,0,0,0,0,0,0,0,0,0,0,0,0,0,0,0,0,0,0,0,0,0,0,0,1,0,1,0
nploeger,Nathan,Ploeger,DET,7,1,1,0,0,0,0,0,3,3,0,0,0,4,46,26,0,0,4,1,8,2,0,0,1081,0,1,1,2,1,1,26
nploeger,Nathan,Ploeger,DET,8,1,2,0,0,0,0,0,3,3,0,0,0,5,48,101,0,0,3,1,17,4,0,0,1235,0,2,2,4,3,1,127
nploeger,Nathan,Ploeger,DET,9,2,0,0,0,0,0,0,5,6,1,0,0,7,-1,67,0,0,6,2,7,0,0,0,1013,1,-1,0,3,3,1,194
nploeger,Nathan,Ploeger,DET,10,2,5,2,2,0,0,0,15,18,2,0,0,24,36,432,0,0,47,20,1,1,0,0,2589,2,5,7,8,10,1,626
nploeger,Nathan,Ploeger,DET,11,1,1,1,1,0,0,0,10,11,0,0,0,12,34,141,0,0,22,9,1,0,0,0,1787,0,2,2,10,12,1,767
nploeger,Nathan,Ploeger,DET,12,1,0,1,3,0,0,0,12,14,1,0,0,14,122,243,0,0,21,14,0,0,0,0,1229,1,0,1,10,13,1,1010
nploeger,Nathan,Ploeger,DET,13,2,3,2,0,1,0,0,15,19,3,0,0,21,120,282,1,2,34,13,0,0,0,0,1687,3,3,5,13,18,2,1292
mpoe,Michael,Poe,ATL,1,1,0,0,0,0,0,0,0,0,0,0,0,0,0,0,0,0,0,0,9,1,0,0,600,0,0,0,0,0,0,0
mpoe,Michael,Poe,ATL,3,2,0,0,0,0,0,0,0,0,0,0,0,0,0,0,0,0,0,0,0,0,0,0,0,0,0,0,0,0,0,0
mpoe,Michael,Poe,ATL,4,2,1,1,1,1,0,0,2,2,0,0,0,3,37,104,0,0,0,0,13,3,0,0,544,0,3,2,3,2,1,104
mpoe,Michael,Poe,ATL,5,1,0,1,1,1,0,0,5,5,0,0,0,5,75,31,1,1,0,0,9,5,0,0,688,0,2,1,5,3,2,135
mpoe,Michael,Poe,ATL,6,2,0,0,0,0,0,0,0,0,0,0,0,0,0,0,0,0,0,0,0,0,0,0,0,0,0,0,5,3,2,135
mpoe,Michael,Poe,ATL,7,1,0,0,0,0,0,0,0,0,0,0,0,0,0,0,0,0,0,0,0,0,0,0,0,0,0,0,5,3,2,135
mpoe,Michael,Poe,ATL,9,1,0,0,0,0,0,0,0,0,0,0,0,0,0,0,0,0,0,0,0,0,0,0,0,0,0,0,5,3,2,135
mpoe,Michael,Poe,ATL,10,1,0,0,0,0,0,0,0,0,0,0,0,0,0,0,0,0,0,0,0,0,0,0,0,0,0,0,5,3,2,135
mpoe,Michael,Poe,ATL,12,1,0,0,0,1,0,0,0,0,0,0,0,0,0,0,0,0,0,0,16,4,0,0,987,0,1,0,6,3,3,135
tpolisukb,Trevor,Polisuk-Balfour,DET,3,1,0,2,0,1,0,0,3,4,1,0,0,4,80,7,1,1,3,3,18,2,0,0,1541,1,2,2,2,2,1,7
tpolisukb,Trevor,Polisuk-Balfour,DET,5,1,0,3,1,3,0,0,8,9,1,0,0,9,57,114,0,1,0,0,15,5,0,0,1284,1,5,3,7,5,4,121
tpolisukb,Trevor,Polisuk-Balfour,DET,7,1,1,0,0,0,0,0,5,5,0,0,0,6,84,138,1,1,4,1,11,1,0,0,1037,0,1,1,8,6,4,259
tpolisukb,Trevor,Polisuk-Balfour,DET,8,1,0,0,0,0,0,0,0,0,0,0,0,0,0,0,0,0,0,0,0,0,0,0,0,0,0,0,8,6,4,259
tpolisukb,Trevor,Polisuk-Balfour,DET,9,2,1,1,1,2,0,0,8,9,1,0,0,8,77,67,1,1,4,1,24,5,0,0,1803,1,3,2,11,8,6,326
tpolisukb,Trevor,Polisuk-Balfour,DET,10,2,1,0,1,2,0,0,11,13,2,0,0,12,8,171,0,0,9,4,21,3,0,0,2141,2,1,1,12,9,8,497
tpolisukb,Trevor,Polisuk-Balfour,DET,11,1,1,1,0,1,0,0,4,4,0,0,0,4,40,43,1,1,3,0,9,3,0,0,795,0,3,2,15,11,9,540
tpolisukb,Trevor,Polisuk-Balfour,DET,12,1,0,0,0,0,0,0,0,0,0,0,0,0,0,0,0,0,0,0,0,0,0,0,0,0,0,0,15,11,9,540
tpolisukb,Trevor,Polisuk-Balfour,DET,13,2,0,0,0,0,0,0,0,0,0,0,0,0,0,0,0,0,0,0,0,0,0,0,0,0,0,0,15,11,9,540
jpolk,Jakeem,Polk,ATL,1,1,0,0,0,0,0,0,1,1,0,0,0,1,-2,-2,0,0,2,2,17,2,5,0,957,0,0,0,0,0,0,-2
jpolk,Jakeem,Polk,ATL,3,2,0,0,0,0,0,0,0,0,0,0,0,0,0,0,0,0,0,0,0,0,0,0,0,0,0,0,0,0,0,-2
jpolk,Jakeem,Polk,ATL,4,2,0,1,0,0,0,0,4,4,0,0,0,3,70,-3,1,1,0,0,29,8,7,0,2190,0,1,1,1,1,0,-5
jpolk,Jakeem,Polk,ATL,5,1,0,0,1,0,0,0,3,3,0,0,0,3,25,15,0,0,0,0,16,2,2,0,837,0,0,0,1,1,0,10
jpolk,Jakeem,Polk,ATL,6,2,0,0,0,2,0,0,3,4,1,0,0,3,-18,18,0,0,0,0,21,3,3,0,1470,1,1,0,2,1,2,28
jpolk,Jakeem,Polk,ATL,7,1,0,0,0,0,0,0,1,1,0,0,0,1,0,1,0,0,0,0,20,3,4,0,1391,0,0,0,2,1,2,29
jpolk,Jakeem,Polk,ATL,9,1,1,0,0,0,0,0,1,1,0,0,0,2,-7,8,0,0,0,0,16,7,4,0,1152,0,1,1,3,2,2,37
jpolk,Jakeem,Polk,ATL,10,1,1,0,0,0,0,0,1,1,0,0,0,1,17,26,0,0,0,0,11,4,0,0,572,0,1,1,4,3,2,63
jpolk,Jakeem,Polk,ATL,12,1,0,0,0,0,0,0,3,3,0,0,0,2,12,11,0,0,0,0,14,3,3,0,850,0,0,0,4,3,2,74
npollack,Noah,Pollack,MAD,2,2,0,0,0,0,0,0,0,0,0,0,0,0,0,0,0,0,0,0,0,0,0,0,0,0,0,0,0,0,0,0
npollack,Noah,Pollack,MAD,4,1,0,0,0,0,0,0,0,0,0,0,0,0,0,0,0,0,0,0,0,0,0,0,0,0,0,0,0,0,0,0
npollack,Noah,Pollack,MAD,6,1,0,0,0,0,0,0,0,0,0,0,0,0,0,0,0,0,0,0,0,0,0,0,0,0,0,0,0,0,0,0
npollack,Noah,Pollack,MAD,7,1,0,0,0,0,0,0,0,0,0,0,0,0,0,0,0,0,0,0,0,0,0,0,0,0,0,0,0,0,0,0
npollack,Noah,Pollack,MAD,8,2,0,0,0,1,0,0,10,11,0,0,0,10,47,-25,0,0,2,2,15,5,1,0,881,0,1,0,1,0,1,-25
npollack,Noah,Pollack,MAD,10,2,0,1,0,0,0,0,3,4,1,0,0,3,70,12,1,1,1,1,10,4,3,0,1021,1,0,1,1,1,1,-13
npollack,Noah,Pollack,MAD,11,1,0,0,0,0,0,0,0,0,0,0,0,0,0,0,0,0,0,0,0,0,0,0,0,0,0,0,1,1,1,-13
npollack,Noah,Pollack,MAD,12,1,0,0,0,0,0,0,0,0,0,0,0,0,0,0,0,0,0,0,0,0,0,0,0,0,0,0,1,1,1,-13
npollack,Noah,Pollack,MAD,13,1,0,0,0,0,0,0,0,0,0,0,0,0,0,0,0,0,0,0,0,0,0,0,0,0,0,0,1,1,1,-13
jpollard,James,Pollard,MIN,3,1,3,0,1,1,0,0,3,5,2,0,0,6,29,122,0,0,3,2,17,7,16,1,1071,2,2,3,2,3,1,122
jpollard,James,Pollard,MIN,4,1,0,0,1,1,0,0,3,5,1,0,0,1,85,18,1,1,6,3,9,2,6,0,1403,1,0,0,2,3,2,140
jpollard,James,Pollard,MIN,5,1,1,2,1,3,0,0,9,9,0,0,0,7,124,60,2,2,4,3,20,11,17,1,1300,0,6,3,8,6,5,200
jpollard,James,Pollard,MIN,6,1,1,0,0,1,1,0,1,2,0,0,0,2,-12,14,0,0,2,1,13,4,9,1,1328,0,2,1,10,7,6,214
jpollard,James,Pollard,MIN,7,1,0,0,0,0,0,0,0,0,0,0,0,0,0,0,0,0,0,0,0,0,0,0,0,0,0,0,10,7,6,214
jpollard,James,Pollard,MIN,8,1,1,1,1,1,0,0,5,6,0,0,0,7,55,66,1,1,5,3,14,5,11,3,1290,0,3,2,13,9,7,280
jpollard,James,Pollard,MIN,9,1,0,2,2,3,0,0,11,12,1,0,0,9,201,139,3,4,3,2,17,9,16,0,1278,1,4,2,17,11,10,419
jpollard,James,Pollard,MIN,11,2,2,2,1,1,0,0,17,22,5,1,1,23,153,334,1,3,15,7,23,7,20,1,2460,7,-2,4,15,15,11,753
jpollard,James,Pollard,MIN,12,1,0,1,0,1,0,0,11,12,1,0,0,11,34,61,0,1,5,3,11,3,9,1,1252,1,1,1,16,16,12,814
jpollard,James,Pollard,MIN,13,2,1,4,0,3,0,0,11,11,0,0,1,9,56,77,1,1,14,5,26,11,19,3,2239,1,7,5,23,21,15,891
rpoloz,Ryan,Poloz,TOR,2,2,0,0,0,0,0,0,14,14,0,0,0,11,79,41,0,0,6,5,4,0,0,0,716,0,0,0,0,0,0,41
rpoloz,Ryan,Poloz,TOR,3,1,1,1,3,0,0,0,31,32,1,0,0,16,229,105,0,0,25,16,0,0,0,0,1729,1,1,2,1,2,0,146
rpoloz,Ryan,Poloz,TOR,6,2,2,4,2,0,0,0,47,50,1,0,0,41,346,128,0,1,45,32,1,0,0,0,2542,1,5,6,6,8,0,274
rpoloz,Ryan,Poloz,TOR,7,1,0,2,2,0,0,0,21,23,1,0,0,16,192,74,1,1,17,13,0,0,0,0,1154,1,1,2,7,10,0,348
rpoloz,Ryan,Poloz,TOR,8,1,1,3,3,0,0,0,36,38,1,0,0,25,283,186,2,2,28,21,0,0,0,0,1363,1,3,4,10,14,0,534
rpoloz,Ryan,Poloz,TOR,9,2,0,6,1,0,0,0,41,44,2,0,0,32,394,205,0,0,38,23,0,0,0,0,2627,2,4,6,14,20,0,739
rpoloz,Ryan,Poloz,TOR,10,1,0,4,0,1,0,0,40,41,1,0,0,36,308,-16,0,1,13,5,4,4,0,0,1498,1,4,4,18,24,1,723
rpoloz,Ryan,Poloz,TOR,11,1,0,2,2,0,0,0,15,17,2,0,0,15,112,69,1,1,19,15,0,0,0,0,1421,2,0,2,18,26,1,792
rpoloz,Ryan,Poloz,TOR,13,1,2,2,0,0,0,0,20,22,2,0,1,17,132,120,0,0,17,8,0,0,0,0,946,3,1,4,19,30,1,912
kponzio,Kuochuan,Ponzio,MTL,1,1,0,0,0,0,0,0,3,3,0,0,0,3,15,3,0,0,3,1,9,0,0,0,777,0,0,0,0,0,0,3
kponzio,Kuochuan,Ponzio,MTL,3,2,2,0,1,1,0,0,8,8,0,0,1,9,41,56,0,0,1,1,16,4,0,0,1320,1,2,2,2,2,1,59
kponzio,Kuochuan,Ponzio,MTL,4,1,0,0,0,0,0,0,0,0,0,0,0,0,0,0,0,0,0,0,0,0,0,0,0,0,0,0,2,2,1,59
kponzio,Kuochuan,Ponzio,MTL,6,1,3,0,0,0,0,0,1,1,0,0,0,4,-5,76,0,0,0,0,12,6,0,0,1015,0,3,3,5,5,1,135
kponzio,Kuochuan,Ponzio,MTL,7,2,0,0,0,0,0,0,0,0,0,0,0,0,0,0,0,0,1,1,15,6,0,0,1064,0,0,0,5,5,1,135
kponzio,Kuochuan,Ponzio,MTL,8,1,0,0,0,0,0,0,3,3,0,0,0,2,-11,16,0,0,0,0,8,1,0,0,562,0,0,0,5,5,1,151
kponzio,Kuochuan,Ponzio,MTL,10,2,3,0,1,0,0,0,11,11,0,0,0,14,73,153,0,0,6,3,24,7,0,0,1865,0,3,3,8,8,1,304
kponzio,Kuochuan,Ponzio,MTL,11,1,0,0,0,0,0,0,0,0,0,0,0,0,0,0,0,0,0,0,0,0,0,0,0,0,0,0,8,8,1,304
kponzio,Kuochuan,Ponzio,MTL,13,1,1,0,0,0,0,0,2,2,0,0,0,4,-6,19,0,0,1,1,12,4,0,0,830,0,1,1,9,9,1,323
vpost,Val,Post,MAD,2,2,0,0,0,0,0,0,0,0,0,0,0,0,0,0,0,0,0,0,0,0,0,0,0,0,0,0,0,0,0,0
vpost,Val,Post,MAD,4,1,0,0,0,0,0,0,0,0,0,0,0,0,0,0,0,0,0,0,0,0,0,0,0,0,0,0,0,0,0,0
vpost,Val,Post,MAD,6,1,0,0,0,0,0,0,0,0,0,0,0,0,0,0,0,0,0,0,0,0,0,0,0,0,0,0,0,0,0,0
vpost,Val,Post,MAD,7,1,0,0,0,0,0,0,0,0,0,0,0,0,0,0,0,0,0,0,0,0,0,0,0,0,0,0,0,0,0,0
vpost,Val,Post,MAD,8,2,0,2,0,2,0,0,3,3,0,0,0,2,51,15,1,1,0,0,15,4,1,0,761,0,4,2,4,2,2,15
vpost,Val,Post,MAD,10,2,0,0,0,0,0,0,0,0,0,0,0,0,0,0,0,0,0,0,0,0,0,0,0,0,0,0,4,2,2,15
vpost,Val,Post,MAD,11,1,0,0,0,0,0,0,0,0,0,0,0,0,0,0,0,0,0,0,0,0,0,0,0,0,0,0,4,2,2,15
vpost,Val,Post,MAD,12,1,0,0,0,0,0,0,0,0,0,0,0,0,0,0,0,0,0,0,0,0,0,0,0,0,0,0,4,2,2,15
vpost,Val,Post,MAD,13,1,0,0,0,0,0,0,0,0,0,0,0,0,0,0,0,0,0,0,0,0,0,0,0,0,0,0,4,2,2,15
jpotts,Jackson,Potts,ATX,1,1,3,3,2,1,0,0,20,21,1,0,0,24,54,344,1,2,25,19,5,2,0,0,1360,1,6,6,6,6,1,344
jpotts,Jackson,Potts,ATX,2,1,4,5,2,0,0,0,29,29,0,0,1,32,218,216,1,1,20,14,3,1,1,0,1463,1,8,9,14,15,1,560
jpotts,Jackson,Potts,ATX,3,1,1,8,1,0,0,0,24,26,2,0,0,23,278,217,1,3,21,18,5,3,0,0,1530,2,7,9,21,24,1,777
jpotts,Jackson,Potts,ATX,4,1,1,3,2,1,0,0,23,26,3,0,0,24,151,163,1,3,21,13,2,1,2,0,1711,3,2,4,23,28,2,940
jpotts,Jackson,Potts,ATX,7,2,6,5,4,0,0,0,37,39,2,0,0,41,214,380,1,2,45,28,5,2,1,0,3456,2,9,11,32,39,2,1320
jpotts,Jackson,Potts,ATX,8,1,4,2,0,0,0,0,12,16,4,0,0,17,83,283,0,1,23,15,1,0,0,0,1692,4,2,6,34,45,2,1603
jpotts,Jackson,Potts,ATX,10,2,0,0,0,0,0,0,0,0,0,0,0,0,0,0,0,0,0,0,0,0,0,0,0,0,0,0,34,45,2,1603
jpotts,Jackson,Potts,ATX,11,1,2,2,1,0,0,0,13,13,0,0,0,14,75,115,0,0,13,11,0,0,0,0,774,0,4,4,38,49,2,1718
jpotts,Jackson,Potts,ATX,12,1,0,0,0,0,0,0,0,0,0,0,0,0,0,0,0,0,0,0,0,0,0,0,0,0,0,0,38,49,2,1718
jpotts,Jackson,Potts,ATX,13,1,0,0,0,0,0,0,0,0,0,0,0,0,0,0,0,0,0,0,0,0,0,0,0,0,0,0,38,49,2,1718
spoulos,Stephen,Poulos,LV,1,1,0,1,0,0,0,0,28,40,10,0,0,20,251,-33,3,6,22,5,1,0,0,0,1142,10,-9,1,-9,1,0,-33
spoulos,Stephen,Poulos,LV,2,1,0,0,0,0,0,0,9,12,2,0,0,5,49,-5,0,3,8,1,5,2,0,0,644,2,-2,0,-11,1,0,-38
spoulos,Stephen,Poulos,LV,3,1,0,3,1,0,0,0,19,25,6,0,0,17,272,7,3,7,20,7,0,0,0,0,1775,6,-3,3,-14,4,0,-31
spoulos,Stephen,Poulos,LV,5,1,1,0,1,1,0,0,20,21,1,0,0,9,286,-1,0,0,14,7,0,0,0,0,1376,1,1,1,-13,5,1,-32
spoulos,Stephen,Poulos,LV,7,2,0,2,0,0,0,0,54,67,13,0,0,40,540,-19,1,6,38,18,0,0,0,0,3048,13,-11,2,-24,7,1,-51
spoulos,Stephen,Poulos,LV,8,1,0,0,0,0,0,0,0,0,0,0,0,0,0,0,0,0,0,0,0,0,0,0,0,0,0,0,-24,7,1,-51
spoulos,Stephen,Poulos,LV,9,2,0,1,1,0,0,1,17,22,3,0,0,11,386,3,3,3,14,6,6,0,2,0,1242,3,-2,1,-26,8,1,-48
spoulos,Stephen,Poulos,LV,11,1,0,0,0,0,0,0,0,0,0,0,0,0,0,0,0,0,0,0,0,0,0,0,0,0,0,0,-26,8,1,-48
spoulos,Stephen,Poulos,LV,12,1,0,0,0,0,0,0,0,0,0,0,0,0,0,0,0,0,0,0,0,0,0,0,0,0,0,0,-26,8,1,-48
spoulos,Stephen,Poulos,LV,13,1,0,0,0,0,0,0,0,0,0,0,0,0,0,0,0,0,0,0,0,0,0,0,0,0,0,0,-26,8,1,-48
npowell,Noah,Powell,ATX,1,1,0,0,1,0,0,0,5,5,0,0,0,6,-20,76,0,0,0,0,19,7,0,0,1083,0,0,0,0,0,0,76
npowell,Noah,Powell,ATX,2,1,1,0,0,0,0,0,5,5,0,0,0,6,-2,67,0,0,0,0,10,3,0,0,525,0,1,1,1,1,0,143
npowell,Noah,Powell,ATX,3,1,2,0,0,2,0,0,0,0,0,0,0,2,0,84,0,0,0,0,17,6,0,0,774,0,4,2,5,3,2,227
npowell,Noah,Powell,ATX,4,1,2,1,0,1,0,0,6,6,0,0,0,8,30,77,0,0,0,0,12,6,0,0,1328,0,4,3,9,6,3,304
npowell,Noah,Powell,ATX,7,2,0,0,0,2,0,0,4,4,0,0,0,4,15,41,0,0,0,0,31,7,0,0,1561,0,2,0,11,6,5,345
npowell,Noah,Powell,ATX,8,1,0,0,0,2,0,0,4,4,0,0,0,3,-3,34,0,0,0,0,14,4,0,0,1033,0,2,0,13,6,7,379
npowell,Noah,Powell,ATX,10,2,0,0,0,1,0,0,0,0,0,0,0,0,0,0,0,0,3,1,25,4,0,0,1573,0,1,0,14,6,8,379
npowell,Noah,Powell,ATX,11,1,0,0,0,1,0,0,2,2,0,0,0,2,21,27,0,0,0,0,17,5,0,0,1108,0,1,0,15,6,9,406
npowell,Noah,Powell,ATX,12,1,0,0,0,0,0,0,0,0,0,0,0,0,0,0,0,0,0,0,0,0,0,0,0,0,0,0,15,6,9,406
npowell,Noah,Powell,ATX,13,1,0,0,0,0,0,0,6,6,0,0,0,6,19,50,0,0,0,0,16,5,0,0,1018,0,0,0,15,6,9,456
bpowlay,Ben,Powlay,MTL,1,1,0,2,0,0,0,0,6,6,0,0,0,4,100,23,1,1,3,2,6,0,1,0,589,0,2,2,2,2,0,23
bpowlay,Ben,Powlay,MTL,3,2,0,0,0,0,0,0,0,0,0,0,0,0,0,0,0,0,0,0,0,0,0,0,0,0,0,0,2,2,0,23
bpowlay,Ben,Powlay,MTL,4,1,1,0,1,0,0,0,4,4,0,0,0,5,43,19,0,0,3,1,18,6,0,0,1141,0,1,1,3,3,0,42
bpowlay,Ben,Powlay,MTL,6,1,0,1,2,0,0,0,5,6,1,0,0,5,135,-27,1,2,1,0,12,5,8,0,856,1,0,1,3,4,0,15
bpowlay,Ben,Powlay,MTL,7,2,0,0,0,0,0,0,0,0,0,0,0,0,0,0,0,0,0,0,0,0,0,0,0,0,0,0,3,4,0,15
bpowlay,Ben,Powlay,MTL,8,1,0,0,0,0,0,0,0,0,0,0,0,0,0,0,0,0,0,0,0,0,0,0,0,0,0,0,3,4,0,15
bpowlay,Ben,Powlay,MTL,10,2,1,1,1,1,0,0,25,32,6,0,0,29,119,174,1,2,28,14,10,2,9,0,2519,6,-3,2,0,6,1,189
bpowlay,Ben,Powlay,MTL,11,1,0,1,0,0,0,0,4,5,1,0,0,5,78,30,0,0,1,0,9,2,7,1,1058,1,0,1,0,7,1,219
bpowlay,Ben,Powlay,MTL,13,1,0,0,0,0,0,0,0,0,0,0,0,0,0,0,0,0,0,0,0,0,0,0,0,0,0,0,0,7,1,219
bpreiss,Benjamin,Preiss,CHI,4,1,2,1,0,0,0,0,8,8,0,0,1,9,-14,106,0,0,11,5,4,4,0,0,1222,1,2,3,2,3,0,106
bpreiss,Benjamin,Preiss,CHI,6,1,2,0,1,1,0,0,7,8,1,0,0,10,34,103,0,0,9,6,11,1,0,0,1350,1,2,2,4,5,1,209
bpreiss,Benjamin,Preiss,CHI,7,1,4,1,0,0,0,0,15,15,0,0,0,19,69,298,1,1,10,9,4,2,0,0,1051,0,5,5,9,10,1,507
bpreiss,Benjamin,Preiss,CHI,8,1,5,1,1,1,0,0,9,9,0,0,0,14,79,170,0,0,14,13,7,3,0,0,841,0,7,6,16,16,2,677
bpreiss,Benjamin,Preiss,CHI,9,2,7,4,2,2,0,0,21,22,1,0,1,27,188,306,0,0,26,22,10,8,0,0,2470,2,11,11,27,27,4,983
bpreiss,Benjamin,Preiss,CHI,10,2,3,2,2,3,0,0,11,14,3,0,0,17,45,275,0,1,15,12,3,1,0,0,1218,3,5,5,32,32,7,1258
bpreiss,Benjamin,Preiss,CHI,11,2,6,3,4,2,0,0,28,29,1,0,1,33,117,512,1,1,31,26,18,7,0,0,3030,2,9,9,41,41,9,1770
bpreiss,Benjamin,Preiss,CHI,13,2,8,4,3,2,0,0,30,32,1,0,0,37,119,534,1,1,29,23,11,6,0,0,2140,1,13,12,54,53,11,2304
tpreston,Thomas,Preston,PHI,1,1,0,0,0,0,0,0,0,0,0,0,0,0,0,0,0,0,0,0,0,0,0,0,0,0,0,0,0,0,0,0
tpreston,Thomas,Preston,PHI,2,1,0,0,0,0,0,0,0,0,0,0,0,0,0,0,0,0,0,0,0,0,0,0,0,0,0,0,0,0,0,0
tpreston,Thomas,Preston,PHI,3,1,0,0,0,0,0,0,0,0,0,0,0,0,0,0,0,0,0,0,0,0,0,0,0,0,0,0,0,0,0,0
tpreston,Thomas,Preston,PHI,5,1,0,0,0,0,0,0,0,0,0,0,0,0,0,0,0,0,0,0,0,0,0,0,0,0,0,0,0,0,0,0
tpreston,Thomas,Preston,PHI,6,1,0,0,0,0,0,0,0,0,0,0,0,0,0,0,0,0,0,0,0,0,0,0,0,0,0,0,0,0,0,0
tpreston,Thomas,Preston,PHI,7,2,0,0,0,0,0,0,2,2,0,0,0,2,29,24,0,0,5,4,8,1,0,0,671,0,0,0,0,0,0,24
tpreston,Thomas,Preston,PHI,8,1,0,0,0,0,0,0,0,0,0,0,0,0,0,0,0,0,0,0,0,0,0,0,0,0,0,0,0,0,0,24
tpreston,Thomas,Preston,PHI,10,1,1,0,0,0,0,0,1,1,0,0,0,2,7,22,0,0,0,0,7,3,0,0,490,0,1,1,1,1,0,46
tpreston,Thomas,Preston,PHI,12,2,0,0,0,0,0,0,0,0,0,0,0,0,0,0,0,0,0,0,0,0,0,0,0,0,0,0,1,1,0,46
tpreston,Thomas,Preston,PHI,13,1,0,0,0,0,0,0,0,0,0,0,0,0,0,0,0,0,0,0,0,0,0,0,0,0,0,0,1,1,0,46
nprior,Nathan,Prior,OAK,1,1,0,0,0,0,0,0,0,0,0,0,0,0,0,0,0,0,0,0,0,0,0,0,0,0,0,0,0,0,0,0
nprior,Nathan,Prior,OAK,2,2,0,0,0,0,0,0,0,0,0,0,0,0,0,0,0,0,0,0,0,0,0,0,0,0,0,0,0,0,0,0
nprior,Nathan,Prior,OAK,3,1,0,0,0,0,0,0,0,0,0,0,0,0,0,0,0,0,0,0,0,0,0,0,0,0,0,0,0,0,0,0
nprior,Nathan,Prior,OAK,5,1,0,2,4,0,0,0,40,40,0,0,0,26,266,30,1,1,19,16,0,0,0,0,1411,0,2,2,2,2,0,30
nprior,Nathan,Prior,OAK,6,1,0,0,0,0,0,0,0,0,0,0,0,0,0,0,0,0,0,0,0,0,0,0,0,0,0,0,2,2,0,30
nprior,Nathan,Prior,OAK,7,1,0,0,0,0,0,0,0,0,0,0,0,0,0,0,0,0,0,0,0,0,0,0,0,0,0,0,2,2,0,30
nprior,Nathan,Prior,OAK,8,1,2,0,2,1,0,0,24,24,0,0,0,19,51,31,0,0,12,10,0,0,0,0,613,0,3,2,5,4,1,61
nprior,Nathan,Prior,OAK,9,1,2,1,0,0,0,0,31,31,0,0,0,24,157,12,0,0,12,12,0,0,0,0,631,0,3,3,8,7,1,73
nprior,Nathan,Prior,OAK,10,2,0,0,0,0,0,0,0,0,0,0,0,0,0,0,0,0,0,0,0,0,0,0,0,0,0,0,8,7,1,73
nprior,Nathan,Prior,OAK,13,1,0,0,1,0,0,0,35,35,0,0,0,25,184,6,0,0,13,7,0,0,0,0,1052,0,0,0,8,7,1,79
fpronove,Felix,Pronove,COL,1,1,0,0,0,0,0,0,0,0,0,0,0,0,0,0,0,0,0,0,0,0,0,0,0,0,0,0,0,0,0,0
fpronove,Felix,Pronove,COL,4,2,0,0,0,0,0,0,0,0,0,0,0,0,0,0,0,0,0,0,0,0,0,0,0,0,0,0,0,0,0,0
fpronove,Felix,Pronove,COL,5,1,0,0,0,0,0,0,0,0,0,0,0,0,0,0,0,0,0,0,0,0,0,0,0,0,0,0,0,0,0,0
fpronove,Felix,Pronove,COL,6,1,0,0,0,0,0,0,0,0,0,0,0,0,0,0,0,0,0,0,0,0,0,0,0,0,0,0,0,0,0,0
fpronove,Felix,Pronove,COL,9,1,0,2,1,0,0,0,7,7,0,0,0,4,73,25,1,1,0,0,14,9,0,0,1014,0,2,2,2,2,0,25
fpronove,Felix,Pronove,COL,10,2,0,0,0,0,0,0,0,0,0,0,0,0,0,0,0,0,0,0,0,0,0,0,0,0,0,0,2,2,0,25
fpronove,Felix,Pronove,COL,11,1,0,0,0,0,0,0,0,0,0,0,0,0,0,0,0,0,0,0,0,0,0,0,0,0,0,0,2,2,0,25
fpronove,Felix,Pronove,COL,12,2,0,0,0,0,0,0,0,0,0,0,0,0,0,0,0,0,0,0,0,0,0,0,0,0,0,0,2,2,0,25
fpronove,Felix,Pronove,COL,13,1,0,0,0,0,0,0,0,0,0,0,0,0,0,0,0,0,0,0,0,0,0,0,0,0,0,0,2,2,0,25
lpruess,Logan,Pruess,COL,1,1,1,0,1,0,0,0,4,4,0,0,0,5,52,22,0,0,0,0,11,8,0,0,641,0,1,1,1,1,0,22
lpruess,Logan,Pruess,COL,4,2,0,0,0,1,0,0,4,5,1,0,0,4,-5,3,0,0,1,1,21,4,0,0,2028,1,0,0,1,1,1,25
lpruess,Logan,Pruess,COL,5,1,1,1,0,2,0,0,7,9,2,0,0,8,124,131,2,3,0,0,13,6,0,0,1272,2,2,2,3,3,3,156
lpruess,Logan,Pruess,COL,6,1,0,0,0,0,0,0,0,0,0,0,0,0,0,0,0,0,0,0,0,0,0,0,0,0,0,0,3,3,3,156
lpruess,Logan,Pruess,COL,9,1,0,0,0,0,0,0,0,0,0,0,0,0,0,0,0,0,0,0,0,0,0,0,0,0,0,0,3,3,3,156
lpruess,Logan,Pruess,COL,10,2,1,0,0,0,0,0,4,4,0,0,0,5,55,11,0,0,0,0,25,9,0,0,1618,0,1,1,4,4,3,167
lpruess,Logan,Pruess,COL,11,1,0,0,0,0,0,0,1,1,0,0,0,2,10,-5,0,0,1,0,10,1,0,0,722,0,0,0,4,4,3,162
lpruess,Logan,Pruess,COL,12,2,3,0,2,1,0,0,7,7,0,0,0,8,85,93,0,0,0,0,26,12,0,0,1707,0,4,3,8,7,4,255
lpruess,Logan,Pruess,COL,13,1,0,1,0,0,0,0,4,5,1,0,0,5,7,7,0,0,0,0,12,4,0,0,875,1,0,1,8,8,4,262
dpryke,Daniel,Pryke,SD,2,2,0,0,0,0,0,0,0,0,0,0,0,0,0,0,0,0,0,0,0,0,0,0,0,0,0,0,0,0,0,0
dpryke,Daniel,Pryke,SD,3,1,0,0,0,0,0,0,0,0,0,0,0,0,0,0,0,0,0,0,0,0,0,0,0,0,0,0,0,0,0,0
dpryke,Daniel,Pryke,SD,4,1,0,0,1,0,0,0,4,4,0,0,0,5,26,35,0,0,0,0,10,4,1,0,758,0,0,0,0,0,0,35
dpryke,Daniel,Pryke,SD,5,2,0,0,0,0,0,0,0,0,0,0,0,0,0,0,0,0,0,0,0,0,0,0,0,0,0,0,0,0,0,35
dpryke,Daniel,Pryke,SD,6,1,0,0,0,0,0,0,0,0,0,0,0,0,0,0,0,0,0,0,0,0,0,0,0,0,0,0,0,0,0,35
dpryke,Daniel,Pryke,SD,7,1,0,0,0,0,0,0,0,0,0,0,0,0,0,0,0,0,0,0,0,0,0,0,0,0,0,0,0,0,0,35
dpryke,Daniel,Pryke,SD,8,1,2,0,1,0,0,0,3,3,0,0,1,5,15,62,0,0,0,0,11,5,0,0,696,1,1,2,1,2,0,97
dpryke,Daniel,Pryke,SD,10,1,0,0,0,0,0,0,0,0,0,0,0,0,0,0,0,0,0,0,0,0,0,0,0,0,0,0,1,2,0,97
dpryke,Daniel,Pryke,SD,11,1,0,0,0,0,0,0,0,0,0,0,0,0,0,0,0,0,0,0,0,0,0,0,0,0,0,0,1,2,0,97
dpryke,Daniel,Pryke,SD,13,1,0,0,0,0,0,0,0,0,0,0,0,0,0,0,0,0,0,0,0,0,0,0,0,0,0,0,1,2,0,97
tpuckrin,Travis,Puckrin,TOR,2,2,0,0,0,0,0,0,0,0,0,0,0,0,0,0,0,0,0,0,0,0,0,0,0,0,0,0,0,0,0,0
tpuckrin,Travis,Puckrin,TOR,3,1,0,0,0,0,0,0,0,0,0,0,0,0,0,0,0,0,0,0,0,0,0,0,0,0,0,0,0,0,0,0
tpuckrin,Travis,Puckrin,TOR,6,2,0,0,0,0,0,0,0,0,0,0,0,0,0,0,0,0,0,0,0,0,0,0,0,0,0,0,0,0,0,0
tpuckrin,Travis,Puckrin,TOR,7,1,0,0,0,0,0,0,0,0,0,0,0,0,0,0,0,0,0,0,0,0,0,0,0,0,0,0,0,0,0,0
tpuckrin,Travis,Puckrin,TOR,8,1,0,0,0,0,0,0,0,0,0,0,0,0,0,0,0,0,0,0,0,0,0,0,0,0,0,0,0,0,0,0
tpuckrin,Travis,Puckrin,TOR,9,2,0,0,0,0,0,0,0,0,0,0,0,0,0,0,0,0,0,0,0,0,0,0,0,0,0,0,0,0,0,0
tpuckrin,Travis,Puckrin,TOR,10,1,0,1,0,3,0,0,12,12,0,0,0,11,101,83,1,1,5,2,8,4,0,0,1146,0,4,1,4,1,3,83
tpuckrin,Travis,Puckrin,TOR,11,1,0,0,0,0,0,0,0,1,1,0,0,1,0,16,0,0,0,0,5,1,0,0,380,1,-1,0,3,1,3,99
tpuckrin,Travis,Puckrin,TOR,13,1,0,0,0,0,0,0,0,0,0,0,0,0,0,0,0,0,0,0,0,0,0,0,0,0,0,0,3,1,3,99
jqueckboe,Jordan,Queckboerner,SD,2,2,0,0,0,1,0,0,4,5,1,0,0,4,12,22,0,0,0,0,11,6,0,0,876,1,0,0,0,0,1,22
jqueckboe,Jordan,Queckboerner,SD,3,1,0,0,0,0,0,0,1,1,0,0,0,1,8,-6,0,0,1,0,10,1,0,0,462,0,0,0,0,0,1,16
jqueckboe,Jordan,Queckboerner,SD,4,1,0,0,0,0,0,0,0,0,0,0,0,0,0,0,0,0,0,0,0,0,0,0,0,0,0,0,0,0,1,16
jqueckboe,Jordan,Queckboerner,SD,5,2,0,0,0,0,0,0,0,0,0,0,0,0,0,0,0,0,0,0,0,0,0,0,0,0,0,0,0,0,1,16
jqueckboe,Jordan,Queckboerner,SD,6,1,0,0,0,0,0,0,3,4,1,0,0,3,1,9,0,0,1,0,15,4,1,0,1083,1,-1,0,-1,0,1,25
jqueckboe,Jordan,Queckboerner,SD,7,1,0,0,0,0,0,0,0,0,0,0,0,0,0,0,0,0,0,0,0,0,0,0,0,0,0,0,-1,0,1,25
jqueckboe,Jordan,Queckboerner,SD,8,1,1,1,0,1,0,0,2,2,0,0,0,4,51,28,1,1,0,0,15,7,0,0,962,0,3,2,2,2,2,53
jqueckboe,Jordan,Queckboerner,SD,10,1,0,0,0,0,0,0,0,0,0,0,0,0,0,0,0,0,0,0,0,0,0,0,0,0,0,0,2,2,2,53
jqueckboe,Jordan,Queckboerner,SD,11,1,0,0,0,0,0,0,0,0,0,0,0,0,0,0,0,0,0,0,0,0,0,0,0,0,0,0,2,2,2,53
jqueckboe,Jordan,Queckboerner,SD,13,1,0,0,0,0,0,0,0,0,0,0,0,0,0,0,0,0,0,0,0,0,0,0,0,0,0,0,2,2,2,53
kquinlan,Kevin,Quinlan,MTL,1,1,1,3,1,1,0,0,25,27,2,0,0,21,262,156,3,5,24,14,0,0,0,0,1417,2,3,4,3,4,1,156
kquinlan,Kevin,Quinlan,MTL,3,2,1,5,2,0,0,0,63,68,4,1,1,63,350,284,2,3,39,21,0,0,0,0,2918,6,0,6,3,10,1,440
kquinlan,Kevin,Quinlan,MTL,4,1,1,1,2,0,0,0,33,33,0,0,0,33,245,126,1,1,25,20,0,0,0,0,1352,0,2,2,5,12,1,566
kquinlan,Kevin,Quinlan,MTL,6,1,2,2,1,0,0,0,19,20,0,0,0,22,163,176,0,0,18,13,0,0,0,0,1207,0,4,4,9,16,1,742
kquinlan,Kevin,Quinlan,MTL,7,2,0,5,8,0,0,0,49,52,3,0,0,50,431,274,3,4,40,25,2,1,0,0,2469,3,2,5,11,21,1,1016
kquinlan,Kevin,Quinlan,MTL,8,1,1,2,0,1,0,0,20,23,3,0,0,21,159,132,1,4,17,10,0,0,0,0,1240,3,1,3,12,24,2,1148
kquinlan,Kevin,Quinlan,MTL,10,2,0,3,3,1,0,0,49,53,4,0,0,51,511,221,3,4,40,21,1,0,0,0,2882,4,0,3,12,27,3,1369
kquinlan,Kevin,Quinlan,MTL,11,1,1,5,2,0,0,0,32,36,4,0,0,34,250,195,0,1,22,15,0,0,0,0,1515,4,2,6,14,33,3,1564
kquinlan,Kevin,Quinlan,MTL,13,1,0,4,6,0,0,0,28,28,0,0,0,26,251,120,3,3,19,16,1,0,0,0,1210,0,4,4,18,37,3,1684
jradack,Jake,Radack,ATX,1,1,0,0,0,0,0,0,0,0,0,0,0,0,0,0,0,0,0,0,0,0,0,0,0,0,0,0,0,0,0,0
jradack,Jake,Radack,ATX,2,1,0,0,0,0,0,0,0,0,0,0,0,0,0,0,0,0,0,0,0,0,0,0,0,0,0,0,0,0,0,0
jradack,Jake,Radack,ATX,3,1,0,0,0,0,0,0,0,0,0,0,0,0,0,0,0,0,0,0,0,0,0,0,0,0,0,0,0,0,0,0
jradack,Jake,Radack,ATX,4,1,0,0,0,0,0,0,0,0,0,0,0,0,0,0,0,0,0,0,0,0,0,0,0,0,0,0,0,0,0,0
jradack,Jake,Radack,ATX,7,2,0,0,0,0,0,0,0,0,0,0,0,0,0,0,0,0,0,0,0,0,0,0,0,0,0,0,0,0,0,0
jradack,Jake,Radack,ATX,8,1,0,0,0,0,0,0,0,0,0,0,0,0,0,0,0,0,0,0,0,0,0,0,0,0,0,0,0,0,0,0
jradack,Jake,Radack,ATX,10,2,0,0,0,0,0,0,0,0,0,0,0,0,0,0,0,0,0,0,0,0,0,0,0,0,0,0,0,0,0,0
jradack,Jake,Radack,ATX,11,1,0,0,0,0,0,0,0,0,0,0,0,0,0,0,0,0,0,0,0,0,0,0,0,0,0,0,0,0,0,0
jradack,Jake,Radack,ATX,12,1,0,0,0,0,0,0,0,0,0,0,0,0,0,0,0,0,0,0,0,0,0,0,0,0,0,0,0,0,0,0
jradack,Jake,Radack,ATX,13,1,0,0,0,0,0,0,0,0,0,0,0,0,0,0,0,0,0,0,0,0,0,0,0,0,0,0,0,0,0,0
dramsey,Dean,Ramsey,ATL,1,1,1,0,1,0,0,0,1,1,0,0,0,2,-2,134,0,0,1,1,16,3,14,0,958,0,1,1,1,1,0,134
dramsey,Dean,Ramsey,ATL,3,2,4,0,0,1,0,0,1,1,0,0,0,5,16,220,0,0,2,1,33,8,22,3,2288,0,5,4,6,5,1,354
dramsey,Dean,Ramsey,ATL,4,2,2,1,0,2,0,0,3,3,0,0,0,5,-12,79,0,0,2,1,33,11,23,3,2120,0,5,3,11,8,3,433
dramsey,Dean,Ramsey,ATL,5,1,2,1,0,0,0,0,1,1,0,0,0,3,21,93,0,0,1,1,20,5,19,1,1257,0,3,3,14,11,3,526
dramsey,Dean,Ramsey,ATL,6,2,0,0,0,0,0,0,2,2,0,0,0,1,-3,22,0,0,3,0,33,6,18,1,2527,0,0,0,14,11,3,548
dramsey,Dean,Ramsey,ATL,7,1,0,1,0,1,0,0,3,3,0,0,0,2,15,58,0,0,0,0,14,2,1,0,986,0,2,1,16,12,4,606
dramsey,Dean,Ramsey,ATL,9,1,2,0,0,3,1,0,2,2,0,0,0,2,24,78,0,0,0,0,20,8,6,0,1314,0,5,2,21,14,7,684
dramsey,Dean,Ramsey,ATL,10,1,0,1,0,1,0,0,1,1,0,0,0,1,3,50,0,0,0,0,11,4,1,1,555,0,2,1,23,15,8,734
dramsey,Dean,Ramsey,ATL,12,1,1,1,0,1,0,0,1,2,0,0,0,3,48,31,1,1,0,0,18,4,5,1,1257,0,3,2,26,17,9,765
nranabhat,Nico,Ranabhat,MAD,2,2,0,0,0,0,0,0,0,0,0,0,0,0,0,0,0,0,0,0,0,0,0,0,0,0,0,0,0,0,0,0
nranabhat,Nico,Ranabhat,MAD,4,1,3,1,1,1,0,0,10,11,1,0,1,14,96,205,1,1,13,8,0,0,0,0,1176,2,3,4,3,4,1,205
nranabhat,Nico,Ranabhat,MAD,6,1,1,1,1,0,0,0,8,9,1,0,1,10,43,115,0,0,9,7,0,0,0,0,582,2,0,2,3,6,1,320
nranabhat,Nico,Ranabhat,MAD,7,1,2,1,0,0,0,0,11,11,0,0,0,13,72,178,0,0,15,12,0,0,0,0,1125,0,3,3,6,9,1,498
nranabhat,Nico,Ranabhat,MAD,8,2,5,3,2,0,0,0,31,33,2,0,1,37,35,363,0,0,30,22,0,0,0,0,2352,3,5,8,11,17,1,861
nranabhat,Nico,Ranabhat,MAD,10,2,5,2,4,1,0,0,23,25,1,0,0,27,128,336,0,0,26,22,13,5,1,0,2822,1,7,7,18,24,2,1197
nranabhat,Nico,Ranabhat,MAD,11,1,2,1,1,0,0,0,2,2,0,0,0,4,23,69,0,0,3,2,13,7,0,0,889,0,3,3,21,27,2,1266
nranabhat,Nico,Ranabhat,MAD,12,1,0,1,0,1,0,0,11,12,1,0,1,11,30,92,1,2,10,8,0,0,0,0,1171,2,0,1,21,28,3,1358
nranabhat,Nico,Ranabhat,MAD,13,1,5,0,1,0,0,0,15,15,0,0,1,20,50,244,0,0,18,9,2,1,0,0,1465,1,4,5,25,33,3,1602
trandall,Tyler,Randall,ATL,1,1,0,1,0,0,0,0,2,3,1,0,0,3,-3,11,0,0,0,0,16,2,0,0,858,1,0,1,0,1,0,11
trandall,Tyler,Randall,ATL,3,2,1,0,0,2,0,0,2,3,1,0,0,4,11,37,0,0,0,0,38,10,0,0,2434,1,2,1,2,2,2,48
trandall,Tyler,Randall,ATL,4,2,0,1,2,1,0,0,12,13,1,0,0,11,19,93,0,0,0,0,32,12,0,0,2398,1,1,1,3,3,3,141
trandall,Tyler,Randall,ATL,5,1,1,0,1,0,0,0,9,9,0,0,0,9,16,0,0,0,0,0,21,5,0,0,1319,0,1,1,4,4,3,141
trandall,Tyler,Randall,ATL,6,2,2,0,1,1,0,0,11,11,0,0,0,11,43,63,0,0,0,0,37,8,0,0,2573,0,3,2,7,6,4,204
trandall,Tyler,Randall,ATL,7,1,1,1,0,0,0,0,6,6,0,0,0,7,33,41,0,0,0,0,20,4,0,0,1454,0,2,2,9,8,4,245
trandall,Tyler,Randall,ATL,9,1,1,1,1,1,0,0,2,2,0,0,0,3,66,19,1,1,0,0,22,9,0,0,1428,0,3,2,12,10,5,264
trandall,Tyler,Randall,ATL,10,1,0,0,0,0,0,0,4,4,0,0,0,4,19,5,0,0,0,0,12,4,0,0,674,0,0,0,12,10,5,269
trandall,Tyler,Randall,ATL,12,1,0,0,2,2,0,0,5,5,0,0,1,4,1,19,0,0,0,0,19,5,0,0,1271,1,1,0,13,10,7,288
jrandolph,John,Randolph,NY,1,2,2,1,2,2,0,0,22,24,2,0,0,25,125,115,0,1,7,4,30,11,0,0,2513,2,3,3,3,3,2,115
jrandolph,John,Randolph,NY,3,1,1,1,2,0,0,0,6,6,0,0,0,7,107,18,1,1,2,1,17,4,0,0,1150,0,2,2,5,5,2,133
jrandolph,John,Randolph,NY,4,2,7,6,7,0,0,0,62,65,2,0,0,68,382,300,0,2,38,28,19,5,0,0,3434,2,11,13,16,18,2,433
jrandolph,John,Randolph,NY,5,1,2,4,0,1,0,0,48,48,0,0,0,50,366,263,1,1,19,14,2,0,0,0,1473,0,7,6,23,24,3,696
jrandolph,John,Randolph,NY,6,1,4,4,1,1,0,0,34,35,1,0,0,36,229,271,1,1,24,19,7,1,0,0,1967,1,8,8,31,32,4,967
jrandolph,John,Randolph,NY,7,1,0,4,3,1,0,0,40,42,1,0,0,40,286,198,1,1,23,14,2,0,0,0,1779,1,4,4,35,36,5,1165
jrandolph,John,Randolph,NY,8,1,3,6,1,0,0,0,46,47,0,0,0,50,315,263,1,1,22,17,6,0,0,0,1668,0,9,9,44,45,5,1428
jrandolph,John,Randolph,NY,9,1,2,8,2,1,0,0,38,39,1,0,0,41,321,257,4,4,23,20,3,0,0,0,1809,1,10,10,54,55,6,1685
jrandolph,John,Randolph,NY,12,1,3,1,6,0,0,0,34,34,0,0,0,37,265,219,1,1,15,15,1,0,0,0,1180,0,4,4,58,59,6,1904
jrandolph,John,Randolph,NY,13,1,4,4,4,0,0,0,40,42,2,0,0,46,288,296,1,2,25,16,2,1,0,0,1731,2,6,8,64,67,6,2200
nransom,Nate,Ransom,LA,2,2,2,1,0,0,0,0,42,48,6,0,0,41,192,121,1,1,26,12,0,0,0,0,1871,6,-3,3,-3,3,0,121
nransom,Nate,Ransom,LA,3,1,1,1,1,0,0,0,30,33,3,0,0,25,77,41,0,2,19,13,1,1,0,0,994,3,-1,2,-4,5,0,162
nransom,Nate,Ransom,LA,4,1,0,0,0,0,0,0,0,0,0,0,0,0,0,0,0,0,0,0,0,0,0,0,0,0,0,0,-4,5,0,162
nransom,Nate,Ransom,LA,6,1,3,0,1,0,0,0,37,38,1,0,0,29,249,158,0,0,23,17,0,0,0,0,1630,1,2,3,-2,8,0,320
nransom,Nate,Ransom,LA,7,1,0,0,1,0,0,0,20,23,3,0,0,19,79,43,0,0,18,9,0,0,0,0,1355,3,-3,0,-5,8,0,363
nransom,Nate,Ransom,LA,9,2,0,0,0,0,0,0,0,0,0,0,0,0,0,0,0,0,0,0,0,0,0,0,0,0,0,0,-5,8,0,363
nransom,Nate,Ransom,LA,11,1,0,0,0,0,0,0,0,0,0,0,0,0,0,0,0,0,0,0,0,0,0,0,0,0,0,0,-5,8,0,363
nransom,Nate,Ransom,LA,12,2,0,0,0,0,0,0,0,0,0,0,0,0,0,0,0,0,0,0,0,0,0,0,0,0,0,0,-5,8,0,363
nransom,Nate,Ransom,LA,13,1,0,0,0,0,0,0,0,0,0,0,0,0,0,0,0,0,0,0,0,0,0,0,0,0,0,0,-5,8,0,363
draskin,Dox,Raskin,LA,2,2,0,5,1,2,0,0,29,31,2,0,1,26,109,56,0,1,9,3,28,5,0,0,2557,3,4,5,4,5,2,56
draskin,Dox,Raskin,LA,3,1,0,0,0,0,0,0,14,14,0,0,0,9,110,1,0,0,6,1,15,1,11,0,926,0,0,0,4,5,2,57
draskin,Dox,Raskin,LA,4,1,0,0,0,0,0,0,0,0,0,0,0,0,0,0,0,0,0,0,0,0,0,0,0,0,0,0,4,5,2,57
draskin,Dox,Raskin,LA,6,1,0,1,1,1,0,0,22,22,0,0,0,20,87,23,0,0,4,1,15,4,1,0,1402,0,2,1,6,6,3,80
draskin,Dox,Raskin,LA,7,1,0,0,1,0,0,0,13,14,1,0,0,13,15,5,0,1,0,0,12,6,5,0,1187,1,-1,0,5,6,3,85
draskin,Dox,Raskin,LA,9,2,0,2,1,1,0,0,15,15,0,0,0,14,83,49,0,0,0,0,28,10,19,0,2233,0,3,2,8,8,4,134
draskin,Dox,Raskin,LA,11,1,0,1,0,0,0,0,12,13,1,0,0,10,103,56,0,0,5,3,12,4,0,0,1180,1,0,1,8,9,4,190
draskin,Dox,Raskin,LA,12,2,4,3,2,1,0,0,18,20,2,0,0,23,137,229,0,0,13,6,24,6,0,0,2072,2,6,7,14,16,5,419
draskin,Dox,Raskin,LA,13,1,1,0,0,2,0,0,7,8,1,1,0,7,19,6,0,0,3,1,15,5,0,0,1210,2,1,1,15,17,7,425
zraunig,Zeppelin,Raunig,SEA,2,1,10,0,0,1,0,0,14,15,1,0,0,26,70,484,0,0,23,18,0,0,0,0,1315,1,10,10,10,10,1,484
zraunig,Zeppelin,Raunig,SEA,3,2,7,3,0,0,0,0,19,21,2,0,0,28,172,503,2,2,44,30,1,0,0,0,2416,2,8,10,18,20,1,987
zraunig,Zeppelin,Raunig,SEA,4,1,4,2,2,1,0,0,14,14,0,0,0,17,111,296,0,0,20,13,0,0,0,0,1633,0,7,6,25,26,2,1283
zraunig,Zeppelin,Raunig,SEA,5,2,4,0,2,3,0,0,18,20,1,0,1,23,44,476,0,0,39,21,2,0,0,0,2772,2,5,4,30,30,5,1759
zraunig,Zeppelin,Raunig,SEA,6,1,3,1,3,0,0,0,14,14,0,0,0,17,84,305,0,0,28,17,0,0,0,0,1672,0,4,4,34,34,5,2064
zraunig,Zeppelin,Raunig,SEA,7,1,0,2,1,1,0,0,10,10,0,0,0,9,41,174,0,0,15,12,2,0,0,0,1079,0,3,2,37,36,6,2238
zraunig,Zeppelin,Raunig,SEA,9,1,0,0,0,0,0,0,0,0,0,0,0,0,0,0,0,0,0,0,0,0,0,0,0,0,0,0,37,36,6,2238
zraunig,Zeppelin,Raunig,SEA,10,1,0,0,0,0,0,0,0,0,0,0,0,0,0,0,0,0,0,0,0,0,0,0,0,0,0,0,37,36,6,2238
zraunig,Zeppelin,Raunig,SEA,13,2,3,3,1,0,0,0,13,14,1,0,0,16,41,422,0,0,20,16,0,0,0,0,1292,1,5,6,42,42,6,2660
crawlins,Chase,Rawlins,PHI,1,1,1,0,0,0,0,0,1,2,0,0,0,3,2,59,0,0,2,2,4,0,0,0,514,0,1,1,1,1,0,59
crawlins,Chase,Rawlins,PHI,2,1,0,0,0,0,0,0,0,3,2,0,0,3,0,32,0,1,4,2,11,1,3,0,943,2,-2,0,-1,1,0,91
crawlins,Chase,Rawlins,PHI,3,1,0,0,0,0,0,0,0,0,0,0,0,0,0,0,0,0,0,0,0,0,0,0,0,0,0,0,-1,1,0,91
crawlins,Chase,Rawlins,PHI,5,1,1,0,0,0,0,0,0,0,0,0,0,1,0,9,0,0,2,2,7,1,0,0,473,0,1,1,0,2,0,100
crawlins,Chase,Rawlins,PHI,6,1,0,2,1,0,0,0,10,10,0,0,1,9,90,140,0,0,13,9,3,0,1,0,1315,1,1,2,1,4,0,240
crawlins,Chase,Rawlins,PHI,7,2,1,1,0,1,0,0,6,7,1,0,0,8,-27,216,0,0,8,5,20,2,0,0,1780,1,2,2,3,6,1,456
crawlins,Chase,Rawlins,PHI,8,1,2,2,0,1,0,0,5,5,0,0,0,6,-11,119,0,0,1,1,15,4,0,0,847,0,5,4,8,10,2,575
crawlins,Chase,Rawlins,PHI,10,1,0,0,0,0,0,0,0,0,0,0,0,0,0,0,0,0,0,0,0,0,0,0,0,0,0,0,8,10,2,575
crawlins,Chase,Rawlins,PHI,12,2,0,0,1,1,0,0,6,6,0,0,0,5,57,89,0,0,4,0,17,3,0,0,1496,0,1,0,9,10,3,664
crawlins,Chase,Rawlins,PHI,13,1,0,1,1,1,0,0,6,6,0,0,0,6,38,108,0,0,2,2,11,3,0,0,812,0,2,1,11,11,4,772
mraymond,Malachi,Raymond,BOS,1,1,0,0,0,0,0,0,0,0,0,0,0,0,0,0,0,0,0,0,0,0,0,0,0,0,0,0,0,0,0,0
mraymond,Malachi,Raymond,BOS,3,1,0,0,0,0,0,0,0,0,0,0,0,0,0,0,0,0,0,0,0,0,0,0,0,0,0,0,0,0,0,0
mraymond,Malachi,Raymond,BOS,4,2,0,0,0,0,0,0,0,0,0,0,0,0,0,0,0,0,0,0,0,0,0,0,0,0,0,0,0,0,0,0
mraymond,Malachi,Raymond,BOS,7,1,0,0,0,0,0,0,0,0,0,0,0,0,0,0,0,0,0,0,0,0,0,0,0,0,0,0,0,0,0,0
mraymond,Malachi,Raymond,BOS,8,2,0,0,0,0,0,0,0,0,0,0,0,0,0,0,0,0,0,0,0,0,0,0,0,0,0,0,0,0,0,0
mraymond,Malachi,Raymond,BOS,9,1,0,0,0,0,0,0,0,0,0,0,0,0,0,0,0,0,0,0,0,0,0,0,0,0,0,0,0,0,0,0
mraymond,Malachi,Raymond,BOS,11,1,0,0,0,0,0,0,0,0,0,0,0,0,0,0,0,0,0,0,0,0,0,0,0,0,0,0,0,0,0,0
mraymond,Malachi,Raymond,BOS,12,2,0,0,0,0,0,0,0,0,0,0,0,0,0,0,0,0,0,0,0,0,0,0,0,0,0,0,0,0,0,0
mraymond,Malachi,Raymond,BOS,13,1,0,0,0,0,0,0,0,0,0,0,0,0,0,0,0,0,0,0,0,0,0,0,0,0,0,0,0,0,0,0
arees,Adam,Rees,OAK,1,1,2,0,2,0,0,0,13,13,0,0,1,15,94,133,1,1,15,11,2,0,0,0,1272,1,1,2,1,2,0,133
arees,Adam,Rees,OAK,2,2,9,0,6,0,0,0,30,34,4,0,0,44,153,473,1,1,40,33,3,1,0,0,2870,4,5,9,6,11,0,606
arees,Adam,Rees,OAK,3,1,7,1,2,0,0,0,33,33,0,0,1,40,153,364,0,0,26,22,1,0,0,0,1319,1,7,8,13,19,0,970
arees,Adam,Rees,OAK,5,1,3,4,2,1,0,0,29,30,1,0,0,33,298,351,1,1,19,16,2,0,0,0,1432,1,7,7,20,26,1,1321
arees,Adam,Rees,OAK,6,1,6,2,2,1,0,0,11,12,1,0,0,18,31,308,0,0,26,17,1,0,0,0,1337,1,8,8,28,34,2,1629
arees,Adam,Rees,OAK,7,1,0,0,0,0,0,0,0,0,0,0,0,0,0,0,0,0,0,0,0,0,0,0,0,0,0,0,28,34,2,1629
arees,Adam,Rees,OAK,8,1,0,0,0,0,0,0,0,0,0,0,0,0,0,0,0,0,0,0,0,0,0,0,0,0,0,0,28,34,2,1629
arees,Adam,Rees,OAK,9,1,2,1,2,1,0,0,20,20,0,0,1,20,98,94,0,0,13,13,0,0,0,0,706,1,3,3,31,37,3,1723
arees,Adam,Rees,OAK,10,2,6,4,1,2,0,0,33,34,1,0,0,41,143,443,0,0,35,25,10,5,1,0,2687,1,11,10,42,47,5,2166
arees,Adam,Rees,OAK,13,1,1,1,3,0,0,0,10,10,0,0,0,12,80,179,1,1,14,7,1,0,0,0,1138,0,2,2,44,49,5,2345
jreeves,Julian,Reeves,ORE,1,1,0,1,0,0,0,0,5,5,0,0,0,5,34,23,0,0,3,1,9,0,0,0,1022,0,1,1,1,1,0,23
jreeves,Julian,Reeves,ORE,2,1,0,2,1,0,0,0,18,19,1,0,1,17,134,-10,0,0,6,2,10,1,0,0,1114,2,0,2,1,3,0,13
jreeves,Julian,Reeves,ORE,4,1,0,0,0,1,0,0,7,7,0,0,0,6,18,1,0,0,0,0,12,4,0,0,1002,0,1,0,2,3,1,14
jreeves,Julian,Reeves,ORE,5,2,0,0,0,0,0,0,11,16,4,0,0,12,40,27,0,1,0,0,16,1,0,0,1538,4,-4,0,-2,3,1,41
jreeves,Julian,Reeves,ORE,6,1,1,0,0,0,0,0,4,4,0,0,0,5,30,30,0,0,0,0,6,4,0,0,677,0,1,1,-1,4,1,71
jreeves,Julian,Reeves,ORE,7,1,1,0,0,0,0,0,5,5,0,0,0,5,50,48,0,0,0,0,12,3,0,0,786,0,1,1,0,5,1,119
jreeves,Julian,Reeves,ORE,8,2,0,0,0,0,0,0,0,1,1,0,0,1,0,17,0,0,1,1,16,2,0,0,797,1,-1,0,-1,5,1,136
jreeves,Julian,Reeves,ORE,9,1,0,0,0,0,0,0,3,3,0,0,0,3,-12,0,0,0,0,0,7,3,0,0,572,0,0,0,-1,5,1,136
jreeves,Julian,Reeves,ORE,10,1,0,0,1,0,0,0,11,11,0,0,0,10,49,40,0,0,1,1,10,5,0,0,591,0,0,0,-1,5,1,176
jreeves,Julian,Reeves,ORE,13,1,0,0,0,0,0,0,0,0,0,0,0,0,0,0,0,0,0,0,0,0,0,0,0,0,0,0,-1,5,1,176
jregruth,Jared,Regruth,IND,2,1,0,0,0,0,0,0,0,0,0,0,0,0,0,0,0,0,0,0,0,0,0,0,0,0,0,0,0,0,0,0
jregruth,Jared,Regruth,IND,3,1,0,0,0,0,0,0,0,0,0,0,0,0,0,0,0,0,0,0,0,0,0,0,0,0,0,0,0,0,0,0
jregruth,Jared,Regruth,IND,5,1,0,0,0,0,0,0,0,0,0,0,0,0,0,0,0,0,0,0,0,0,0,0,0,0,0,0,0,0,0,0
jregruth,Jared,Regruth,IND,6,1,0,0,0,0,0,0,0,0,0,0,0,0,0,0,0,0,0,0,0,0,0,0,0,0,0,0,0,0,0,0
jregruth,Jared,Regruth,IND,7,1,0,0,0,0,0,0,0,0,0,0,0,0,0,0,0,0,0,0,0,0,0,0,0,0,0,0,0,0,0,0
jregruth,Jared,Regruth,IND,8,1,0,0,0,0,0,0,0,0,0,0,0,0,0,0,0,0,0,0,0,0,0,0,0,0,0,0,0,0,0,0
jregruth,Jared,Regruth,IND,9,1,0,0,0,0,0,0,0,0,0,0,0,0,0,0,0,0,0,0,0,0,0,0,0,0,0,0,0,0,0,0
jregruth,Jared,Regruth,IND,10,2,0,0,0,0,0,0,0,0,0,0,0,0,0,0,0,0,0,0,0,0,0,0,0,0,0,0,0,0,0,0
jregruth,Jared,Regruth,IND,11,1,0,0,0,0,0,0,0,0,0,0,0,0,0,0,0,0,0,0,0,0,0,0,0,0,0,0,0,0,0,0
jregruth,Jared,Regruth,IND,12,1,0,0,0,0,0,0,0,0,0,0,0,0,0,0,0,0,0,0,0,0,0,0,0,0,0,0,0,0,0,0
jregruth,Jared,Regruth,IND,13,1,0,0,0,0,0,0,0,0,0,0,0,0,0,0,0,0,0,0,0,0,0,0,0,0,0,0,0,0,0,0
mrehder,Matthew,Rehder,MIN,3,1,5,1,1,1,0,0,11,11,0,0,0,14,105,165,0,0,15,13,2,0,0,0,915,0,7,6,7,6,1,165
mrehder,Matthew,Rehder,MIN,4,1,2,0,0,0,0,0,10,14,3,0,0,15,29,120,0,1,13,5,1,0,0,0,1429,3,-1,2,6,8,1,285
mrehder,Matthew,Rehder,MIN,5,1,0,0,0,0,0,0,0,0,0,0,0,0,0,0,0,0,0,0,0,0,0,0,0,0,0,0,6,8,1,285
mrehder,Matthew,Rehder,MIN,6,1,2,0,1,2,0,0,5,5,0,0,0,7,48,50,0,0,14,10,1,0,0,0,1038,0,4,2,10,10,3,335
mrehder,Matthew,Rehder,MIN,7,1,0,0,0,0,0,0,0,0,0,0,0,0,0,0,0,0,0,0,0,0,0,0,0,0,0,0,10,10,3,335
mrehder,Matthew,Rehder,MIN,8,1,0,0,0,0,0,0,0,0,0,0,0,0,0,0,0,0,0,0,0,0,0,0,0,0,0,0,10,10,3,335
mrehder,Matthew,Rehder,MIN,9,1,2,2,1,0,0,0,8,11,2,0,1,12,71,148,0,0,15,11,2,1,0,0,842,3,1,4,11,14,3,483
mrehder,Matthew,Rehder,MIN,11,2,2,1,0,1,0,0,15,18,3,0,0,20,156,80,0,0,19,8,1,0,0,0,1095,3,1,3,12,17,4,563
mrehder,Matthew,Rehder,MIN,12,1,0,0,0,0,0,0,0,0,0,0,0,0,0,0,0,0,0,0,0,0,0,0,0,0,0,0,12,17,4,563
mrehder,Matthew,Rehder,MIN,13,2,0,2,1,0,0,0,15,18,2,0,0,18,133,128,0,1,20,12,2,0,0,0,1134,2,0,2,12,19,4,691
lrehfuss,Luke,Rehfuss,DC,1,1,0,0,0,0,0,0,0,0,0,0,0,0,0,0,0,0,0,0,0,0,0,0,0,0,0,0,0,0,0,0
lrehfuss,Luke,Rehfuss,DC,2,1,1,0,0,0,0,0,5,5,0,0,0,6,31,44,0,0,0,0,7,2,0,0,674,0,1,1,1,1,0,44
lrehfuss,Luke,Rehfuss,DC,3,1,0,0,0,1,0,0,7,7,0,0,0,6,25,36,0,0,0,0,16,4,0,0,1185,0,1,0,2,1,1,80
lrehfuss,Luke,Rehfuss,DC,4,1,0,0,0,0,0,0,3,3,0,0,0,3,-5,2,0,0,0,0,2,0,0,0,376,0,0,0,2,1,1,82
lrehfuss,Luke,Rehfuss,DC,6,2,0,0,0,0,0,0,0,0,0,0,0,0,0,0,0,0,0,0,0,0,0,0,0,0,0,0,2,1,1,82
lrehfuss,Luke,Rehfuss,DC,7,1,0,0,0,0,0,0,0,0,0,0,0,0,0,0,0,0,0,0,0,0,0,0,0,0,0,0,2,1,1,82
lrehfuss,Luke,Rehfuss,DC,8,1,0,0,0,0,0,0,0,0,0,0,0,0,0,0,0,0,0,0,0,0,0,0,0,0,0,0,2,1,1,82
lrehfuss,Luke,Rehfuss,DC,10,1,0,0,0,0,0,0,0,0,0,0,0,0,0,0,0,0,0,0,0,0,0,0,0,0,0,0,2,1,1,82
lrehfuss,Luke,Rehfuss,DC,11,1,0,0,0,0,0,0,0,0,0,0,0,0,0,0,0,0,0,0,0,0,0,0,0,0,0,0,2,1,1,82
lrehfuss,Luke,Rehfuss,DC,12,1,0,0,0,0,0,0,0,0,0,0,0,0,0,0,0,0,0,0,0,0,0,0,0,0,0,0,2,1,1,82
lrehfuss,Luke,Rehfuss,DC,13,1,0,0,0,0,0,0,5,6,1,0,0,6,16,63,0,0,1,0,11,1,8,1,867,1,-1,0,1,1,1,145
jreinhard,Jake,Reinhardt,ATX,1,1,1,3,1,1,0,0,13,13,0,1,0,11,177,82,1,1,2,2,24,8,19,4,1412,1,4,4,4,4,1,82
jreinhard,Jake,Reinhardt,ATX,2,1,0,1,2,1,0,0,18,22,4,0,0,20,199,-2,2,3,2,0,18,7,15,1,1351,4,-2,1,2,5,2,80
jreinhard,Jake,Reinhardt,ATX,3,1,1,0,4,0,0,0,11,13,2,0,0,8,141,-1,0,1,1,1,19,8,17,2,1011,2,-1,1,1,6,2,79
jreinhard,Jake,Reinhardt,ATX,4,1,0,1,1,2,0,0,13,16,3,0,0,11,180,21,1,2,4,2,9,4,8,1,1251,3,0,1,1,7,4,100
jreinhard,Jake,Reinhardt,ATX,7,2,3,2,2,1,0,0,27,31,4,0,0,26,284,91,2,4,8,7,33,11,26,1,2386,4,2,5,3,12,5,191
jreinhard,Jake,Reinhardt,ATX,8,1,0,1,2,0,0,0,15,18,2,0,0,14,198,56,1,1,2,1,14,4,12,3,1281,2,-1,1,2,13,5,247
jreinhard,Jake,Reinhardt,ATX,10,2,0,1,1,0,0,0,12,15,3,0,0,8,164,41,1,1,9,6,28,3,18,1,2061,3,-2,1,0,14,5,288
jreinhard,Jake,Reinhardt,ATX,11,1,0,1,1,0,0,0,5,7,2,0,0,7,36,37,0,1,1,1,20,7,15,2,1325,2,-1,1,-1,15,5,325
jreinhard,Jake,Reinhardt,ATX,12,1,2,2,0,0,0,0,8,11,3,0,0,13,65,80,0,2,2,2,16,7,14,1,1246,3,1,4,0,19,5,405
jreinhard,Jake,Reinhardt,ATX,13,1,0,1,2,0,0,0,12,12,0,0,1,11,64,82,0,0,5,4,16,4,13,1,1341,1,0,1,0,20,5,487
treinhard,Tyler,Reinhardt,HTX,1,1,5,0,3,0,0,0,26,27,1,0,0,29,308,110,0,0,25,16,5,2,0,0,1629,1,4,5,4,5,0,110
treinhard,Tyler,Reinhardt,HTX,2,1,0,1,1,0,0,0,21,25,3,0,0,16,120,13,0,0,6,3,9,2,0,0,1442,3,-2,1,2,6,0,123
treinhard,Tyler,Reinhardt,HTX,3,1,0,2,1,1,0,0,25,28,3,0,1,19,194,79,0,1,10,6,13,1,0,0,1537,4,-1,2,1,8,1,202
treinhard,Tyler,Reinhardt,HTX,4,1,0,1,1,1,0,0,25,26,1,0,0,18,121,36,0,0,6,3,16,6,2,0,1677,1,1,1,2,9,2,238
treinhard,Tyler,Reinhardt,HTX,6,2,2,3,5,0,0,1,48,51,3,0,0,46,334,161,3,3,17,10,27,3,0,0,2690,3,2,5,4,14,2,399
treinhard,Tyler,Reinhardt,HTX,8,1,1,0,1,0,0,0,21,21,0,0,0,19,61,8,0,0,9,6,12,1,0,0,1628,0,1,1,5,15,2,407
treinhard,Tyler,Reinhardt,HTX,9,2,0,1,2,0,0,0,34,39,5,0,1,31,365,138,1,3,17,7,27,1,18,1,2448,6,-5,1,0,16,2,545
treinhard,Tyler,Reinhardt,HTX,11,1,0,0,0,0,0,0,10,12,2,0,0,8,93,43,0,1,6,1,18,2,1,0,1197,2,-2,0,-2,16,2,588
treinhard,Tyler,Reinhardt,HTX,12,1,0,0,3,0,0,0,31,31,0,0,0,29,138,55,0,0,6,4,10,4,4,0,1389,0,0,0,-2,16,2,643
treinhard,Tyler,Reinhardt,HTX,13,1,1,1,3,0,0,0,24,28,4,0,0,26,152,161,0,1,20,13,6,2,2,0,1264,4,-2,2,-4,18,2,804
areppermu,Anson,Reppermund,PIT,2,1,1,1,2,1,0,0,10,12,1,0,0,13,120,150,1,2,8,5,16,7,7,0,1358,1,2,2,2,2,1,150
areppermu,Anson,Reppermund,PIT,3,1,3,3,0,0,0,0,25,26,0,0,0,29,136,309,1,1,22,19,2,0,0,0,1556,0,6,6,8,8,1,459
areppermu,Anson,Reppermund,PIT,4,1,1,2,0,0,0,0,13,15,2,0,0,16,108,156,2,3,19,8,5,1,0,0,1614,2,1,3,9,11,1,615
areppermu,Anson,Reppermund,PIT,5,1,0,0,0,0,0,0,0,0,0,0,0,0,0,0,0,0,0,0,0,0,0,0,0,0,0,0,9,11,1,615
areppermu,Anson,Reppermund,PIT,6,1,0,0,0,0,0,0,0,0,0,0,0,0,0,0,0,0,0,0,0,0,0,0,0,0,0,0,9,11,1,615
areppermu,Anson,Reppermund,PIT,7,1,2,0,1,1,0,0,2,3,1,0,0,4,-1,76,0,1,4,0,12,5,4,0,1052,1,2,2,11,13,2,691
areppermu,Anson,Reppermund,PIT,8,1,0,0,1,1,0,0,4,5,1,0,1,5,78,30,1,2,4,2,12,3,9,0,1054,2,-1,0,10,13,3,721
areppermu,Anson,Reppermund,PIT,9,2,0,0,0,0,0,0,0,0,0,0,0,0,0,0,0,0,0,0,0,0,0,0,0,0,0,0,10,13,3,721
areppermu,Anson,Reppermund,PIT,10,1,0,1,1,1,0,0,12,17,5,0,0,16,57,198,0,1,19,11,2,1,1,0,1366,5,-3,1,7,14,4,919
areppermu,Anson,Reppermund,PIT,11,1,0,0,0,0,0,0,4,4,0,0,0,3,25,40,0,0,2,1,12,1,4,0,1010,0,0,0,7,14,4,959
areppermu,Anson,Reppermund,PIT,13,1,3,0,2,1,0,0,4,4,0,0,0,7,14,136,0,0,8,5,12,3,3,0,934,0,4,3,11,17,5,1095
grettberg,Grayson,Rettberg,SLC,1,1,0,0,0,0,0,0,0,0,0,0,0,0,0,0,0,0,0,0,0,0,0,0,0,0,0,0,0,0,0,0
grettberg,Grayson,Rettberg,SLC,2,1,0,0,0,0,0,0,0,0,0,0,0,0,0,0,0,0,0,0,0,0,0,0,0,0,0,0,0,0,0,0
grettberg,Grayson,Rettberg,SLC,5,1,0,0,0,0,0,0,0,0,0,0,0,0,0,0,0,0,0,0,0,0,0,0,0,0,0,0,0,0,0,0
grettberg,Grayson,Rettberg,SLC,6,2,1,2,0,1,0,0,8,9,0,0,0,9,45,116,0,0,1,1,26,9,0,0,1499,0,4,3,4,3,1,116
grettberg,Grayson,Rettberg,SLC,7,1,0,0,0,0,0,0,0,0,0,0,0,0,0,0,0,0,0,0,0,0,0,0,0,0,0,0,4,3,1,116
grettberg,Grayson,Rettberg,SLC,8,1,0,0,0,0,0,0,0,0,0,0,0,0,0,0,0,0,0,0,0,0,0,0,0,0,0,0,4,3,1,116
grettberg,Grayson,Rettberg,SLC,10,1,0,0,0,0,0,0,0,0,0,0,0,0,0,0,0,0,0,0,0,0,0,0,0,0,0,0,4,3,1,116
grettberg,Grayson,Rettberg,SLC,11,2,0,0,0,0,0,0,0,0,0,0,0,0,0,0,0,0,0,0,0,0,0,0,0,0,0,0,4,3,1,116
grettberg,Grayson,Rettberg,SLC,12,1,0,0,0,0,0,0,0,0,0,0,0,0,0,0,0,0,0,0,0,0,0,0,0,0,0,0,4,3,1,116
grettberg,Grayson,Rettberg,SLC,13,1,0,0,0,0,0,0,0,0,0,0,0,0,0,0,0,0,0,0,0,0,0,0,0,0,0,0,4,3,1,116
dritthale,Daniel,Ritthaler,OAK,1,1,1,2,0,0,0,0,15,16,1,0,0,15,74,50,0,0,3,2,16,7,0,0,1371,1,2,3,2,3,0,50
dritthale,Daniel,Ritthaler,OAK,2,2,4,1,3,1,0,0,49,52,2,0,0,47,284,196,0,0,5,3,29,8,1,0,2636,2,4,5,6,8,1,246
dritthale,Daniel,Ritthaler,OAK,3,1,2,0,2,0,0,0,18,20,2,0,0,14,36,98,0,0,1,1,20,7,0,0,1198,2,0,2,6,10,1,344
dritthale,Daniel,Ritthaler,OAK,5,1,1,0,2,2,0,0,10,10,0,0,1,5,-14,13,0,0,1,0,19,5,0,0,1518,1,2,1,8,11,3,357
dritthale,Daniel,Ritthaler,OAK,6,1,0,0,0,0,0,0,0,0,0,0,0,0,0,0,0,0,0,0,0,0,0,0,0,0,0,0,8,11,3,357
dritthale,Daniel,Ritthaler,OAK,7,1,0,0,1,1,0,0,13,13,0,0,0,9,26,0,0,0,5,2,20,4,0,0,1301,0,1,0,9,11,4,357
dritthale,Daniel,Ritthaler,OAK,8,1,2,3,0,1,0,0,33,34,1,0,1,24,100,52,0,0,0,0,16,9,0,0,1513,2,4,5,13,16,5,409
dritthale,Daniel,Ritthaler,OAK,9,1,2,2,5,2,0,0,39,39,0,0,0,37,201,130,0,0,0,0,21,12,0,0,1121,0,6,4,19,20,7,539
dritthale,Daniel,Ritthaler,OAK,10,2,0,1,3,3,0,0,30,31,1,0,0,19,149,90,0,0,4,2,35,10,0,0,2616,1,3,1,22,21,10,629
dritthale,Daniel,Ritthaler,OAK,13,1,1,4,4,0,0,0,27,28,0,0,0,24,261,34,2,2,3,3,16,6,0,0,1711,0,5,5,27,26,10,663
mrivas,Milan,Rivas,CHI,4,1,0,1,0,0,0,0,4,4,0,0,0,3,-10,29,0,0,0,0,5,2,0,0,467,0,1,1,1,1,0,29
mrivas,Milan,Rivas,CHI,6,1,0,0,0,0,0,0,0,0,0,0,0,0,0,0,0,0,0,0,0,0,0,0,0,0,0,0,1,1,0,29
mrivas,Milan,Rivas,CHI,7,1,0,0,0,0,0,0,0,0,0,0,0,0,0,0,0,0,0,0,0,0,0,0,0,0,0,0,1,1,0,29
mrivas,Milan,Rivas,CHI,8,1,1,0,1,0,0,0,3,3,0,0,0,4,25,58,0,0,0,0,11,5,0,0,840,0,1,1,2,2,0,87
mrivas,Milan,Rivas,CHI,9,2,2,2,2,1,1,0,18,20,2,0,1,16,210,36,1,1,0,0,22,14,0,0,1712,3,2,4,4,6,1,123
mrivas,Milan,Rivas,CHI,10,2,2,2,3,1,0,0,27,31,3,0,0,32,189,191,1,3,0,0,33,19,0,0,2768,3,2,4,6,10,2,314
mrivas,Milan,Rivas,CHI,11,2,0,0,0,0,0,0,0,0,0,0,0,0,0,0,0,0,0,0,0,0,0,0,0,0,0,0,6,10,2,314
mrivas,Milan,Rivas,CHI,13,2,0,0,2,1,0,0,16,16,0,0,0,11,107,29,0,0,0,0,21,11,0,0,1258,0,1,0,7,10,3,343
erivera1,Elliot,Rivera,PIT,2,1,0,0,0,0,0,0,0,0,0,0,0,0,0,0,0,0,0,0,0,0,0,0,0,0,0,0,0,0,0,0
erivera1,Elliot,Rivera,PIT,3,1,0,0,0,0,0,0,2,2,0,0,0,2,12,9,0,0,0,0,6,0,1,0,310,0,0,0,0,0,0,9
erivera1,Elliot,Rivera,PIT,4,1,0,0,0,0,0,0,0,0,0,0,0,0,0,0,0,0,0,0,0,0,0,0,0,0,0,0,0,0,0,9
erivera1,Elliot,Rivera,PIT,5,1,0,0,0,0,0,0,0,0,0,0,0,0,0,0,0,0,0,0,0,0,0,0,0,0,0,0,0,0,0,9
erivera1,Elliot,Rivera,PIT,6,1,0,0,0,0,0,0,0,0,0,0,0,0,0,0,0,0,0,0,0,0,0,0,0,0,0,0,0,0,0,9
erivera1,Elliot,Rivera,PIT,7,1,0,0,0,0,0,0,0,0,0,0,0,0,0,0,0,0,0,0,0,0,0,0,0,0,0,0,0,0,0,9
erivera1,Elliot,Rivera,PIT,8,1,0,0,0,0,0,0,0,0,0,0,0,0,0,0,0,0,0,0,0,0,0,0,0,0,0,0,0,0,0,9
erivera1,Elliot,Rivera,PIT,9,2,1,0,0,0,0,0,2,2,0,0,0,3,-7,12,0,0,2,0,7,1,0,0,744,0,1,1,1,1,0,21
erivera1,Elliot,Rivera,PIT,10,1,0,0,0,0,0,0,0,0,0,0,0,0,0,0,0,0,0,0,0,0,0,0,0,0,0,0,1,1,0,21
erivera1,Elliot,Rivera,PIT,11,1,0,0,0,0,0,0,0,0,0,0,0,0,0,0,0,0,0,0,0,0,0,0,0,0,0,0,1,1,0,21
erivera1,Elliot,Rivera,PIT,13,1,0,0,0,0,0,0,0,0,0,0,0,0,0,0,0,0,0,0,0,0,0,0,0,0,0,0,1,1,0,21
croach,Chris,Roach,SEA,2,1,0,0,0,0,0,0,0,0,0,0,0,0,0,0,0,0,0,0,0,0,0,0,0,0,0,0,0,0,0,0
croach,Chris,Roach,SEA,3,2,0,0,0,0,0,0,0,0,0,0,0,0,0,0,0,0,0,0,0,0,0,0,0,0,0,0,0,0,0,0
croach,Chris,Roach,SEA,4,1,0,0,0,0,0,0,0,0,0,0,1,0,0,0,0,0,0,0,9,2,4,0,768,1,-1,0,-1,0,0,0
croach,Chris,Roach,SEA,5,2,0,0,0,0,0,0,0,0,0,0,0,0,0,0,0,0,0,0,0,0,0,0,0,0,0,0,-1,0,0,0
croach,Chris,Roach,SEA,6,1,0,0,0,0,0,0,0,0,0,0,0,0,0,0,0,0,0,0,8,1,7,0,377,0,0,0,-1,0,0,0
croach,Chris,Roach,SEA,7,1,0,1,0,0,0,0,4,4,0,0,0,3,78,53,1,1,0,0,12,3,9,0,1081,0,1,1,0,1,0,53
croach,Chris,Roach,SEA,9,1,0,0,0,0,0,0,0,0,0,0,0,0,0,0,0,0,0,0,0,0,0,0,0,0,0,0,0,1,0,53
croach,Chris,Roach,SEA,10,1,0,0,0,0,0,0,0,0,0,0,0,0,0,0,0,0,0,0,0,0,0,0,0,0,0,0,0,1,0,53
croach,Chris,Roach,SEA,13,2,1,1,0,0,0,0,4,5,1,0,0,6,56,90,0,0,4,2,28,9,15,0,1882,1,1,2,1,3,0,143
rpieran,Pieran,Robert,MAD,2,2,3,0,0,0,0,0,3,4,1,0,0,7,24,127,0,0,9,4,27,7,0,0,2498,1,2,3,2,3,0,127
rpieran,Pieran,Robert,MAD,4,1,0,1,0,2,0,0,3,3,0,0,0,2,33,21,0,0,4,3,13,4,0,0,1023,0,3,1,5,4,2,148
rpieran,Pieran,Robert,MAD,6,1,3,1,2,0,0,0,9,9,0,0,0,9,63,114,0,0,4,4,15,8,0,0,1334,0,4,4,9,8,2,262
rpieran,Pieran,Robert,MAD,7,1,0,0,0,1,0,0,4,4,0,0,0,2,12,44,0,0,4,1,15,4,0,0,1374,0,1,0,10,8,3,306
rpieran,Pieran,Robert,MAD,8,2,5,0,3,6,0,0,14,16,2,0,0,17,58,266,0,0,11,8,35,13,0,0,2860,2,9,5,19,13,9,572
rpieran,Pieran,Robert,MAD,10,2,5,1,0,5,0,0,6,7,1,0,1,11,32,155,0,0,4,3,34,14,0,0,2362,2,9,6,28,19,14,727
rpieran,Pieran,Robert,MAD,11,1,3,1,1,0,0,0,3,3,0,0,1,6,-10,212,0,0,3,2,21,12,0,0,1275,1,3,4,31,23,14,939
rpieran,Pieran,Robert,MAD,12,1,2,0,1,0,0,0,5,5,0,0,0,8,19,162,0,0,3,2,13,4,0,0,1476,0,2,2,33,25,14,1101
rpieran,Pieran,Robert,MAD,13,1,0,2,0,3,0,0,3,3,0,0,0,1,5,34,0,0,0,0,17,5,0,0,1110,0,5,2,38,27,17,1135
troberts1,Tanner,Roberts,CAR,3,1,0,0,0,0,0,0,0,0,0,0,0,0,0,0,0,0,0,0,0,0,0,0,0,0,0,0,0,0,0,0
troberts1,Tanner,Roberts,CAR,4,2,1,0,0,0,0,0,1,2,0,0,0,3,5,27,0,1,0,0,6,2,0,0,517,0,1,1,1,1,0,27
troberts1,Tanner,Roberts,CAR,5,1,0,0,0,0,0,0,0,0,0,0,0,0,0,0,0,0,0,0,0,0,0,0,0,0,0,0,1,1,0,27
troberts1,Tanner,Roberts,CAR,6,2,0,0,0,0,0,0,2,2,0,0,0,3,22,13,0,0,0,0,10,3,0,0,806,0,0,0,1,1,0,40
troberts1,Tanner,Roberts,CAR,7,1,0,0,0,0,0,0,0,0,0,0,0,0,0,0,0,0,0,0,0,0,0,0,0,0,0,0,1,1,0,40
troberts1,Tanner,Roberts,CAR,9,1,1,0,0,1,0,0,3,4,1,0,0,5,-9,104,0,0,0,0,17,8,0,0,1161,1,1,1,2,2,1,144
troberts1,Tanner,Roberts,CAR,10,1,0,0,0,1,0,0,0,0,0,0,0,0,0,0,0,0,0,0,3,0,0,0,295,0,1,0,3,2,2,144
troberts1,Tanner,Roberts,CAR,12,1,0,0,0,0,0,0,0,0,0,0,0,0,0,0,0,0,0,0,0,0,0,0,0,0,0,0,3,2,2,144
troberts1,Tanner,Roberts,CAR,13,2,0,0,0,0,0,0,0,0,0,0,0,0,0,0,0,0,0,0,0,0,0,0,0,0,0,0,3,2,2,144
orobinson,Owen,Robinson,TOR,2,2,1,1,2,1,0,0,46,48,2,0,0,34,309,-23,0,1,27,19,6,1,0,0,2489,2,1,2,1,2,1,-23
orobinson,Owen,Robinson,TOR,3,1,1,1,0,0,0,0,5,5,0,0,0,5,101,50,1,1,3,2,10,1,0,0,718,0,2,2,3,4,1,27
orobinson,Owen,Robinson,TOR,6,2,0,1,0,0,0,0,6,6,0,1,0,4,56,9,0,0,2,1,17,4,0,0,1079,1,0,1,3,5,1,36
orobinson,Owen,Robinson,TOR,7,1,0,0,1,0,0,0,6,8,1,0,0,6,1,11,0,1,1,1,14,9,0,0,877,1,-1,0,2,5,1,47
orobinson,Owen,Robinson,TOR,8,1,0,0,0,0,0,0,0,0,0,0,0,0,0,0,0,0,0,0,0,0,0,0,0,0,0,0,2,5,1,47
orobinson,Owen,Robinson,TOR,9,2,1,0,1,0,0,0,16,18,1,0,0,15,122,35,0,0,7,4,19,3,0,0,1751,1,0,1,2,6,1,82
orobinson,Owen,Robinson,TOR,10,1,1,0,1,0,0,0,15,16,0,0,0,14,73,87,0,0,7,5,7,1,0,0,756,0,1,1,3,7,1,169
orobinson,Owen,Robinson,TOR,11,1,0,0,0,0,0,0,0,0,0,0,0,0,0,0,0,0,0,0,0,0,0,0,0,0,0,0,3,7,1,169
orobinson,Owen,Robinson,TOR,13,1,0,0,1,0,0,0,14,14,0,0,0,9,76,14,0,0,6,5,9,2,0,0,1019,0,0,0,3,7,1,183
srobinson,Seamus,Robinson,OAK,1,1,1,2,1,2,0,0,8,10,2,0,0,10,92,124,1,2,3,2,18,6,0,0,1265,2,3,3,3,3,2,124
srobinson,Seamus,Robinson,OAK,2,2,2,0,0,2,0,0,12,15,3,0,1,17,79,177,0,0,5,4,27,6,0,0,2672,4,0,2,3,5,4,301
srobinson,Seamus,Robinson,OAK,3,1,1,0,0,1,0,0,9,10,1,0,0,10,55,105,0,1,0,0,17,7,0,0,971,1,1,1,4,6,5,406
srobinson,Seamus,Robinson,OAK,5,1,0,0,0,0,0,0,0,0,0,0,0,0,0,0,0,0,0,0,0,0,0,0,0,0,0,0,4,6,5,406
srobinson,Seamus,Robinson,OAK,6,1,0,1,2,2,0,0,4,6,2,0,0,5,64,30,0,0,3,1,16,3,2,0,1446,2,1,1,5,7,7,436
srobinson,Seamus,Robinson,OAK,7,1,0,0,1,0,0,0,1,1,0,0,0,1,7,0,0,0,3,1,19,3,0,0,1148,0,0,0,5,7,7,436
srobinson,Seamus,Robinson,OAK,8,1,0,0,1,3,0,0,12,13,1,0,0,13,53,68,0,1,0,0,13,9,11,0,1159,1,2,0,7,7,10,504
srobinson,Seamus,Robinson,OAK,9,1,0,1,1,0,0,0,21,21,0,0,0,20,61,76,0,0,1,1,17,9,1,0,947,0,1,1,8,8,10,580
srobinson,Seamus,Robinson,OAK,10,2,1,2,0,2,0,0,13,14,1,0,0,14,102,105,1,1,3,2,33,11,13,0,2098,1,4,3,12,11,12,685
srobinson,Seamus,Robinson,OAK,13,1,1,2,0,0,0,0,9,11,2,0,0,11,118,156,1,1,4,3,11,5,5,0,1247,2,1,3,13,14,12,841
trobinson,Tanner,Robinson,ATL,1,1,0,0,0,0,0,0,0,0,0,0,0,0,0,0,0,0,0,0,13,2,0,0,767,0,0,0,0,0,0,0
trobinson,Tanner,Robinson,ATL,3,2,0,0,1,0,0,0,8,8,0,0,0,8,23,13,0,0,0,0,29,8,0,0,1867,0,0,0,0,0,0,13
trobinson,Tanner,Robinson,ATL,4,2,0,0,1,0,0,0,3,3,0,0,0,3,53,-23,0,0,0,0,13,5,0,0,828,0,0,0,0,0,0,-10
trobinson,Tanner,Robinson,ATL,5,1,0,0,0,0,0,0,0,0,0,0,0,0,0,0,0,0,0,0,0,0,0,0,0,0,0,0,0,0,0,-10
trobinson,Tanner,Robinson,ATL,6,2,1,0,0,1,0,0,3,3,0,0,0,3,-4,20,0,0,0,0,6,2,0,0,531,0,2,1,2,1,1,10
trobinson,Tanner,Robinson,ATL,7,1,0,0,0,0,0,0,1,1,0,0,0,1,5,6,0,0,0,0,13,1,0,0,1137,0,0,0,2,1,1,16
trobinson,Tanner,Robinson,ATL,9,1,0,1,0,0,0,0,1,1,0,0,0,1,0,27,0,0,0,0,17,7,0,0,1342,0,1,1,3,2,1,43
trobinson,Tanner,Robinson,ATL,10,1,0,0,0,0,0,0,4,4,0,0,0,3,5,12,0,0,0,0,10,3,0,0,633,0,0,0,3,2,1,55
trobinson,Tanner,Robinson,ATL,12,1,0,0,0,0,0,0,0,0,0,0,0,0,0,0,0,0,0,0,0,0,0,0,0,0,0,0,3,2,1,55
arodrigue,Andres,Rodriguez,PHI,1,1,0,0,0,1,0,0,5,6,1,0,1,5,9,33,0,0,1,1,16,5,0,0,1406,2,-1,0,-1,0,1,33
arodrigue,Andres,Rodriguez,PHI,2,1,0,0,1,0,0,0,4,4,0,0,0,4,16,11,0,0,0,0,9,3,0,0,621,0,0,0,-1,0,1,44
arodrigue,Andres,Rodriguez,PHI,3,1,0,0,0,0,0,0,0,0,0,0,0,0,0,0,0,0,0,0,0,0,0,0,0,0,0,0,-1,0,1,44
arodrigue,Andres,Rodriguez,PHI,5,1,1,0,0,0,0,0,0,1,0,0,0,2,0,38,0,0,0,0,5,1,0,0,318,0,1,1,0,1,1,82
arodrigue,Andres,Rodriguez,PHI,6,1,0,0,0,0,0,0,7,8,0,0,0,8,6,26,0,0,0,0,7,1,0,0,1003,0,0,0,0,1,1,108
arodrigue,Andres,Rodriguez,PHI,7,2,0,0,0,2,0,0,1,2,1,0,0,2,18,7,0,0,1,1,8,0,0,0,850,1,1,0,1,1,3,115
arodrigue,Andres,Rodriguez,PHI,8,1,1,1,2,1,0,0,12,12,0,0,0,11,141,58,0,0,1,1,14,8,3,0,1054,0,3,2,4,3,4,173
arodrigue,Andres,Rodriguez,PHI,10,1,0,2,1,1,0,0,9,11,2,0,0,10,60,36,0,0,0,0,18,7,0,0,1331,2,1,2,5,5,5,209
arodrigue,Andres,Rodriguez,PHI,12,2,0,0,0,0,0,0,0,0,0,0,0,0,0,0,0,0,0,0,0,0,0,0,0,0,0,0,5,5,5,209
arodrigue,Andres,Rodriguez,PHI,13,1,0,0,0,0,0,0,0,0,0,0,0,0,0,0,0,0,0,0,0,0,0,0,0,0,0,0,5,5,5,209
jrollins,Jacob,Rollins,PIT,2,1,0,0,0,0,0,0,0,0,0,0,0,0,0,0,0,0,0,0,0,0,0,0,0,0,0,0,0,0,0,0
jrollins,Jacob,Rollins,PIT,3,1,0,0,0,0,0,0,0,0,0,0,0,0,0,0,0,0,0,0,0,0,0,0,0,0,0,0,0,0,0,0
jrollins,Jacob,Rollins,PIT,4,1,1,0,0,0,0,0,4,4,0,0,0,5,-27,52,0,0,1,1,6,1,0,0,472,0,1,1,1,1,0,52
jrollins,Jacob,Rollins,PIT,5,1,0,0,1,0,0,0,2,2,0,0,0,2,4,0,0,0,1,0,11,2,0,0,427,0,0,0,1,1,0,52
jrollins,Jacob,Rollins,PIT,6,1,0,0,0,1,0,0,2,2,0,0,0,2,2,8,0,0,1,0,6,2,0,0,477,0,1,0,2,1,1,60
jrollins,Jacob,Rollins,PIT,7,1,0,0,0,0,0,0,0,0,0,0,0,0,0,0,0,0,0,0,0,0,0,0,0,0,0,0,2,1,1,60
jrollins,Jacob,Rollins,PIT,8,1,0,0,0,0,0,0,0,0,0,0,0,0,0,0,0,0,0,0,0,0,0,0,0,0,0,0,2,1,1,60
jrollins,Jacob,Rollins,PIT,9,2,0,0,1,0,0,0,5,5,0,0,0,5,28,31,0,0,1,0,18,2,1,0,1405,0,0,0,2,1,1,91
jrollins,Jacob,Rollins,PIT,10,1,2,0,0,0,0,0,3,3,0,0,0,5,18,32,0,0,0,0,19,9,0,0,1517,0,2,2,4,3,1,123
jrollins,Jacob,Rollins,PIT,11,1,1,1,0,0,0,0,1,2,1,0,0,3,49,90,1,1,1,1,9,1,0,0,507,1,1,2,5,5,1,213
jrollins,Jacob,Rollins,PIT,13,1,1,2,2,0,0,0,8,8,0,0,1,9,5,96,0,0,6,5,11,4,0,0,1002,1,2,3,7,8,1,309
arosentha,Aaron,Rosenthal,OAK,1,1,0,0,0,0,0,0,0,0,0,0,0,0,0,0,0,0,0,0,0,0,0,0,0,0,0,0,0,0,0,0
arosentha,Aaron,Rosenthal,OAK,2,2,1,0,0,2,0,0,6,7,1,0,0,7,-11,86,0,0,4,3,27,6,0,0,2044,1,2,1,2,1,2,86
arosentha,Aaron,Rosenthal,OAK,3,1,0,0,0,0,0,0,2,3,1,0,0,4,10,77,0,0,0,0,18,3,0,0,816,1,-1,0,1,1,2,163
arosentha,Aaron,Rosenthal,OAK,5,1,1,0,0,1,0,0,2,2,0,0,0,3,-11,74,0,0,1,0,13,3,0,0,1128,0,2,1,3,2,3,237
arosentha,Aaron,Rosenthal,OAK,6,1,3,0,0,0,0,0,1,1,0,0,0,4,0,113,0,0,3,1,16,3,0,0,1314,0,3,3,6,5,3,350
arosentha,Aaron,Rosenthal,OAK,7,1,1,0,0,1,0,0,0,0,0,0,0,1,0,30,0,0,0,0,12,3,0,0,774,0,2,1,8,6,4,380
arosentha,Aaron,Rosenthal,OAK,8,1,1,0,2,2,0,0,7,7,0,0,0,7,26,87,0,0,0,0,14,9,0,0,1266,0,3,1,11,7,6,467
arosentha,Aaron,Rosenthal,OAK,9,1,6,0,0,2,1,0,2,2,0,0,0,7,14,96,0,0,0,0,17,11,0,0,1085,0,8,6,19,13,8,563
arosentha,Aaron,Rosenthal,OAK,10,2,1,0,0,0,0,0,2,2,0,0,0,3,12,62,0,0,0,0,26,4,0,0,1522,0,1,1,20,14,8,625
arosentha,Aaron,Rosenthal,OAK,13,1,1,0,0,3,0,0,4,4,0,0,0,5,-5,63,0,0,0,0,10,4,0,0,1021,0,4,1,24,15,11,688
srossi,Sebastian,Rossi,BOS,1,1,0,0,0,0,0,0,0,0,0,0,0,0,0,0,0,0,0,0,0,0,0,0,0,0,0,0,0,0,0,0
srossi,Sebastian,Rossi,BOS,3,1,0,0,0,0,0,0,0,0,0,0,0,0,0,0,0,0,0,0,0,0,0,0,0,0,0,0,0,0,0,0
srossi,Sebastian,Rossi,BOS,4,2,0,0,0,0,0,0,0,0,0,0,0,0,0,0,0,0,0,0,0,0,0,0,0,0,0,0,0,0,0,0
srossi,Sebastian,Rossi,BOS,7,1,0,0,0,0,0,0,0,0,0,0,0,0,0,0,0,0,0,0,0,0,0,0,0,0,0,0,0,0,0,0
srossi,Sebastian,Rossi,BOS,8,2,1,0,0,1,0,0,2,2,0,0,0,3,12,62,0,0,2,1,25,4,0,0,1576,0,2,1,2,1,1,62
srossi,Sebastian,Rossi,BOS,9,1,0,1,0,2,0,0,5,6,1,0,0,5,56,63,1,1,1,1,16,9,0,0,1251,1,2,1,4,2,3,125
srossi,Sebastian,Rossi,BOS,11,1,1,0,1,0,0,0,1,1,0,0,0,2,1,29,0,0,2,1,10,5,0,0,1077,0,1,1,5,3,3,154
srossi,Sebastian,Rossi,BOS,12,2,0,1,0,1,0,0,9,9,0,0,0,9,65,102,1,1,4,3,21,2,2,0,1753,0,2,1,7,4,4,256
srossi,Sebastian,Rossi,BOS,13,1,1,1,0,3,0,0,5,6,1,0,0,7,45,43,0,0,3,2,19,6,4,0,1337,1,4,2,11,6,7,299
arousseau,Antoine,Rousseau,MTL,1,1,0,0,0,0,0,0,0,0,0,0,0,0,0,0,0,0,0,0,0,0,0,0,0,0,0,0,0,0,0,0
arousseau,Antoine,Rousseau,MTL,3,2,0,2,2,3,0,0,20,23,2,0,0,15,152,78,0,0,7,6,22,4,15,3,2232,2,3,2,3,2,3,78
arousseau,Antoine,Rousseau,MTL,4,1,0,2,1,1,0,0,14,15,1,0,1,9,120,8,1,2,3,1,15,6,12,2,1007,2,1,2,4,4,4,86
arousseau,Antoine,Rousseau,MTL,6,1,1,1,0,0,0,0,10,11,1,0,0,9,55,13,0,0,1,1,14,4,12,2,1209,1,1,2,5,6,4,99
arousseau,Antoine,Rousseau,MTL,7,2,2,1,0,1,0,0,18,21,3,0,0,14,186,21,1,1,8,4,8,2,7,1,1152,3,1,3,6,9,5,120
arousseau,Antoine,Rousseau,MTL,8,1,0,0,0,1,0,0,10,10,0,0,0,7,74,4,0,0,2,2,11,2,7,0,1421,0,1,0,7,9,6,124
arousseau,Antoine,Rousseau,MTL,10,2,0,0,0,0,0,0,0,0,0,0,0,0,0,0,0,0,0,0,0,0,0,0,0,0,0,0,7,9,6,124
arousseau,Antoine,Rousseau,MTL,11,1,0,0,0,0,0,0,0,0,0,0,0,0,0,0,0,0,0,0,0,0,0,0,0,0,0,0,7,9,6,124
arousseau,Antoine,Rousseau,MTL,13,1,0,0,0,0,0,0,7,8,1,0,0,5,58,-15,0,1,1,1,14,4,14,2,846,1,-1,0,6,9,6,109
aroy,Andrew,Roy,DC,1,1,2,2,1,1,0,0,68,70,1,0,0,62,450,77,0,0,19,12,0,0,0,0,1409,1,4,4,4,4,1,77
aroy,Andrew,Roy,DC,2,1,0,0,0,0,0,0,0,0,0,0,0,0,0,0,0,0,0,0,0,0,0,0,0,0,0,0,4,4,1,77
aroy,Andrew,Roy,DC,3,1,3,1,2,0,0,0,40,40,0,0,0,38,347,70,2,2,22,17,0,0,0,0,1497,0,4,4,8,8,1,147
aroy,Andrew,Roy,DC,4,1,2,0,1,1,0,0,40,42,2,0,1,35,171,78,0,0,16,8,0,0,0,0,1510,3,0,2,8,10,2,225
aroy,Andrew,Roy,DC,6,2,2,5,4,0,0,0,92,95,3,0,0,82,699,163,2,4,44,28,0,0,0,0,3110,3,4,7,12,17,2,388
aroy,Andrew,Roy,DC,7,1,0,2,2,1,0,0,46,47,1,0,0,40,323,-75,0,0,19,16,0,0,0,0,1245,1,2,2,14,19,3,313
aroy,Andrew,Roy,DC,8,1,1,2,6,0,0,0,86,88,2,0,0,82,528,20,1,1,23,16,0,0,0,0,1873,2,1,3,15,22,3,333
aroy,Andrew,Roy,DC,10,1,2,0,4,0,0,0,36,37,1,0,0,27,262,85,0,0,18,14,3,1,0,0,1333,1,1,2,16,24,3,418
aroy,Andrew,Roy,DC,11,1,1,4,2,0,0,0,40,42,2,0,0,34,243,150,0,0,20,12,0,0,0,0,1721,2,3,5,19,29,3,568
aroy,Andrew,Roy,DC,12,1,1,4,3,0,0,0,51,51,0,0,0,41,303,108,0,0,20,15,0,0,0,0,1454,0,5,5,24,34,3,676
aroy,Andrew,Roy,DC,13,1,2,1,1,0,0,0,57,58,1,0,0,49,496,142,0,0,20,10,0,0,0,0,1307,1,2,3,26,37,3,818
krubin,Kyle,Rubin,SD,2,2,0,0,0,0,0,0,0,0,0,0,0,0,0,0,0,0,0,0,0,0,0,0,0,0,0,0,0,0,0,0
krubin,Kyle,Rubin,SD,3,1,0,1,1,0,0,0,16,17,1,0,0,17,101,84,1,1,20,15,0,0,0,0,1459,1,0,1,0,1,0,84
krubin,Kyle,Rubin,SD,4,1,1,1,3,1,0,0,13,14,1,0,0,15,196,143,1,1,19,15,0,0,0,0,1512,1,2,2,2,3,1,227
krubin,Kyle,Rubin,SD,5,2,1,2,3,0,0,0,39,41,0,0,0,40,314,180,0,0,50,35,0,0,0,0,2861,0,3,3,5,6,1,407
krubin,Kyle,Rubin,SD,6,1,2,1,4,0,0,0,13,13,0,0,0,13,115,129,0,0,19,16,0,0,0,0,874,0,3,3,8,9,1,536
krubin,Kyle,Rubin,SD,7,1,1,3,1,0,0,0,17,17,0,0,0,17,161,149,2,2,21,12,0,0,0,0,1079,0,4,4,12,13,1,685
krubin,Kyle,Rubin,SD,8,1,0,2,0,1,0,0,12,12,0,0,0,11,65,42,0,0,17,13,1,0,0,0,1027,0,3,2,15,15,2,727
krubin,Kyle,Rubin,SD,10,1,1,1,1,1,0,0,19,19,0,0,0,18,176,31,0,0,21,11,0,0,0,0,1391,0,3,2,18,17,3,758
krubin,Kyle,Rubin,SD,11,1,0,3,2,0,0,0,20,22,2,0,2,21,165,93,0,0,19,12,0,0,0,0,1205,4,-1,3,17,20,3,851
krubin,Kyle,Rubin,SD,13,1,0,0,0,0,0,0,0,0,0,0,0,0,0,0,0,0,0,0,0,0,0,0,0,0,0,0,17,20,3,851
jrubinmil,Jake,Rubin-Miller,CHI,4,1,1,1,2,2,0,0,8,9,1,0,1,9,40,29,0,0,0,0,14,8,0,0,1472,2,2,2,2,2,2,29
jrubinmil,Jake,Rubin-Miller,CHI,6,1,0,1,1,0,0,0,5,5,0,0,0,5,41,41,0,0,0,0,16,7,0,0,1440,0,1,1,3,3,2,70
jrubinmil,Jake,Rubin-Miller,CHI,7,1,1,0,0,1,0,0,1,1,0,0,0,2,6,26,0,0,0,0,11,3,0,0,840,0,2,1,5,4,3,96
jrubinmil,Jake,Rubin-Miller,CHI,8,1,2,0,2,0,0,0,2,3,1,0,0,5,-4,62,0,0,1,1,14,7,0,0,1288,1,1,2,6,6,3,158
jrubinmil,Jake,Rubin-Miller,CHI,9,2,3,0,0,4,1,0,9,9,0,0,0,8,11,99,0,0,2,1,23,16,0,0,1556,0,7,3,13,9,7,257
jrubinmil,Jake,Rubin-Miller,CHI,10,2,2,0,1,0,0,0,5,6,1,0,0,7,16,63,0,0,0,0,21,13,0,0,1405,1,1,2,14,11,7,320
jrubinmil,Jake,Rubin-Miller,CHI,11,2,0,0,1,0,0,0,6,6,0,0,0,6,31,42,0,0,1,0,34,12,0,0,2607,0,0,0,14,11,7,362
jrubinmil,Jake,Rubin-Miller,CHI,13,2,2,3,1,1,0,0,14,14,0,0,0,16,70,189,1,1,0,0,34,22,0,0,2191,0,6,5,20,16,8,551
arudy,Aiden,Rudy,DET,3,1,1,1,1,1,0,0,11,11,0,0,0,7,55,14,1,1,2,2,22,2,15,1,1780,0,3,2,3,2,1,14
arudy,Aiden,Rudy,DET,5,1,0,1,1,0,0,0,12,16,4,0,0,6,213,17,1,4,1,0,21,6,20,3,1572,4,-3,1,0,3,1,31
arudy,Aiden,Rudy,DET,7,1,0,0,0,1,0,0,12,14,2,0,0,10,49,33,0,0,4,1,12,4,5,0,1177,2,-1,0,-1,3,2,64
arudy,Aiden,Rudy,DET,8,1,0,1,1,0,0,0,10,10,0,0,0,6,68,25,0,0,3,1,16,3,12,1,1072,0,1,1,0,4,2,89
arudy,Aiden,Rudy,DET,9,2,0,1,0,1,0,0,24,25,1,0,0,18,163,-34,1,2,5,0,18,4,18,2,1460,1,1,1,1,5,3,55
arudy,Aiden,Rudy,DET,10,2,0,0,2,1,0,0,29,32,3,0,0,22,204,-28,1,1,10,4,18,3,13,0,1855,3,-2,0,-1,5,4,27
arudy,Aiden,Rudy,DET,11,1,0,1,0,0,0,0,10,13,3,0,0,9,81,15,1,1,3,0,11,3,6,0,1054,3,-2,1,-3,6,4,42
arudy,Aiden,Rudy,DET,12,1,0,0,0,0,0,0,0,0,0,0,0,0,0,0,0,0,0,0,0,0,0,0,0,0,0,0,-3,6,4,42
arudy,Aiden,Rudy,DET,13,2,0,0,0,0,0,0,0,0,0,0,0,0,0,0,0,0,0,0,0,0,0,0,0,0,0,0,-3,6,4,42
arueda,Antonio,Rueda,ORE,1,1,4,0,1,0,0,0,41,46,5,0,1,46,227,130,0,0,20,8,0,0,0,0,1344,6,-2,4,-2,4,0,130
arueda,Antonio,Rueda,ORE,2,1,0,1,1,0,0,0,24,26,1,0,1,22,80,100,1,1,21,9,1,0,0,0,1490,2,-1,1,-3,5,0,230
arueda,Antonio,Rueda,ORE,4,1,4,1,2,1,0,0,22,24,1,0,0,23,87,237,0,0,18,13,2,1,0,0,1515,1,5,5,2,10,1,467
arueda,Antonio,Rueda,ORE,5,2,3,2,3,0,0,0,51,54,2,0,0,55,96,225,0,0,36,23,3,0,0,0,3279,2,3,5,5,15,1,692
arueda,Antonio,Rueda,ORE,6,1,1,1,0,1,0,0,18,21,3,0,0,20,47,101,0,0,12,5,4,1,0,0,1276,3,0,2,5,17,2,793
arueda,Antonio,Rueda,ORE,7,1,0,0,2,0,0,0,23,23,0,0,0,19,120,92,0,0,16,11,0,0,0,0,1194,0,0,0,5,17,2,885
arueda,Antonio,Rueda,ORE,8,2,1,3,4,2,0,0,38,40,2,0,1,35,171,212,0,0,42,20,2,0,0,0,3163,3,3,4,8,21,4,1097
arueda,Antonio,Rueda,ORE,9,1,0,1,0,1,0,0,37,38,1,0,0,30,128,131,0,0,19,9,0,0,0,0,1560,1,1,1,9,22,5,1228
arueda,Antonio,Rueda,ORE,10,1,1,0,1,0,0,0,16,16,0,0,1,15,70,43,0,0,18,8,0,0,0,0,1365,1,0,1,9,23,5,1271
arueda,Antonio,Rueda,ORE,13,1,1,0,2,1,0,0,43,46,1,0,0,41,199,177,0,0,24,14,1,0,0,0,1484,1,1,1,10,24,6,1448
srueschem,Solomon,Rueschemeyer-Bailey,NY,1,2,1,3,5,0,0,0,86,89,3,0,0,62,648,96,0,0,37,26,0,0,0,0,2236,3,1,4,1,4,0,96
srueschem,Solomon,Rueschemeyer-Bailey,NY,3,1,2,1,3,0,0,0,47,49,1,0,1,40,382,242,0,0,24,17,0,0,0,0,1741,2,1,3,2,7,0,338
srueschem,Solomon,Rueschemeyer-Bailey,NY,4,2,4,3,9,0,0,0,107,107,0,0,0,85,902,271,0,0,48,34,0,0,0,0,3273,0,7,7,9,14,0,609
srueschem,Solomon,Rueschemeyer-Bailey,NY,5,1,0,0,0,0,0,0,0,0,0,0,0,0,0,0,0,0,0,0,0,0,0,0,0,0,0,0,9,14,0,609
srueschem,Solomon,Rueschemeyer-Bailey,NY,6,1,2,1,7,0,0,0,53,56,1,0,1,42,427,33,0,0,26,19,0,0,0,0,1681,2,1,3,10,17,0,642
srueschem,Solomon,Rueschemeyer-Bailey,NY,7,1,0,2,0,0,0,0,51,51,0,0,0,40,452,80,0,0,25,14,0,0,0,0,1683,0,2,2,12,19,0,722
srueschem,Solomon,Rueschemeyer-Bailey,NY,8,1,1,1,3,0,0,0,45,45,0,0,1,37,310,130,0,0,22,17,0,0,0,0,1389,1,1,2,13,21,0,852
srueschem,Solomon,Rueschemeyer-Bailey,NY,9,1,0,2,2,0,0,0,47,48,1,0,1,35,300,76,0,0,23,20,0,0,0,0,1639,2,0,2,13,23,0,928
srueschem,Solomon,Rueschemeyer-Bailey,NY,12,1,2,1,0,0,0,0,24,26,2,0,0,17,212,98,0,1,15,15,0,0,0,0,1138,2,1,3,14,26,0,1026
srueschem,Solomon,Rueschemeyer-Bailey,NY,13,1,0,0,2,0,0,0,40,42,2,0,0,30,330,168,0,1,25,15,0,0,0,0,1655,2,-2,0,12,26,0,1194
mrussnogl,Matt,Russnogle,SLC,1,1,5,2,2,0,0,0,10,10,0,1,0,16,11,257,0,0,22,18,0,0,0,0,1210,1,6,7,6,7,0,257
mrussnogl,Matt,Russnogle,SLC,2,1,0,0,0,0,0,0,0,0,0,0,0,0,0,0,0,0,0,0,0,0,0,0,0,0,0,0,6,7,0,257
mrussnogl,Matt,Russnogle,SLC,5,1,2,2,0,0,0,0,5,6,1,0,0,8,50,130,0,0,23,15,0,0,0,0,1323,1,3,4,9,11,0,387
mrussnogl,Matt,Russnogle,SLC,6,2,8,1,2,0,0,0,14,15,1,0,0,23,76,413,1,1,34,21,3,0,0,0,2743,1,8,9,17,20,0,800
mrussnogl,Matt,Russnogle,SLC,7,1,6,1,2,0,0,0,18,18,0,0,0,24,50,323,0,0,25,19,0,0,0,0,1558,0,7,7,24,27,0,1123
mrussnogl,Matt,Russnogle,SLC,8,1,4,1,1,1,0,0,13,13,0,0,0,18,92,267,1,1,21,19,0,0,0,0,1114,0,6,5,30,32,1,1390
mrussnogl,Matt,Russnogle,SLC,10,1,2,0,1,0,0,0,13,14,1,0,0,15,68,125,0,1,20,15,0,0,0,0,1189,1,1,2,31,34,1,1515
mrussnogl,Matt,Russnogle,SLC,11,2,10,2,1,1,0,0,14,14,0,0,0,22,-2,398,0,0,35,30,0,0,0,0,1650,0,13,12,44,46,2,1913
mrussnogl,Matt,Russnogle,SLC,12,1,5,0,2,0,0,0,10,11,1,0,0,16,7,198,0,1,21,15,0,0,0,0,1246,1,4,5,48,51,2,2111
mrussnogl,Matt,Russnogle,SLC,13,1,0,0,1,0,0,0,3,3,0,0,1,3,-7,22,0,0,13,8,0,0,0,0,750,1,-1,0,47,51,2,2133
frusso,Francesco,Russo,LA,2,2,0,0,0,0,0,0,0,0,0,0,0,0,0,0,0,0,0,0,4,0,0,0,365,0,0,0,0,0,0,0
frusso,Francesco,Russo,LA,3,1,0,0,0,0,0,0,1,1,0,0,0,2,12,26,0,0,0,0,9,1,0,0,834,0,0,0,0,0,0,26
frusso,Francesco,Russo,LA,4,1,0,0,0,0,0,0,0,0,0,0,0,0,0,0,0,0,0,0,0,0,0,0,0,0,0,0,0,0,0,26
frusso,Francesco,Russo,LA,6,1,0,0,0,0,0,0,0,0,0,0,0,0,0,0,0,0,0,0,0,0,0,0,0,0,0,0,0,0,0,26
frusso,Francesco,Russo,LA,7,1,0,0,0,0,0,0,0,0,0,0,0,0,0,0,0,0,0,0,0,0,0,0,0,0,0,0,0,0,0,26
frusso,Francesco,Russo,LA,9,2,1,0,0,0,0,0,1,1,0,0,1,2,5,21,0,0,0,0,17,5,0,0,1816,1,0,1,0,1,0,47
frusso,Francesco,Russo,LA,11,1,0,0,0,0,0,0,0,0,0,0,0,0,0,0,0,0,0,0,0,0,0,0,0,0,0,0,0,1,0,47
frusso,Francesco,Russo,LA,12,2,0,0,0,0,0,0,4,4,0,0,0,4,-5,91,0,0,1,1,21,3,0,0,1718,0,0,0,0,1,0,138
frusso,Francesco,Russo,LA,13,1,1,0,0,0,0,0,4,4,0,0,0,5,29,83,0,0,1,0,11,4,0,0,1067,0,1,1,1,2,0,221
krutledge,Kyle,Rutledge,CHI,4,1,2,1,1,2,0,0,35,37,1,0,0,36,185,65,0,0,13,6,1,1,0,0,1076,1,4,3,4,3,2,65
krutledge,Kyle,Rutledge,CHI,6,1,0,0,0,0,0,0,0,0,0,0,0,0,0,0,0,0,0,0,0,0,0,0,0,0,0,0,4,3,2,65
krutledge,Kyle,Rutledge,CHI,7,1,0,0,0,0,0,0,0,0,0,0,0,0,0,0,0,0,0,0,0,0,0,0,0,0,0,0,4,3,2,65
krutledge,Kyle,Rutledge,CHI,8,1,0,1,1,0,0,0,21,22,1,0,0,16,200,80,1,1,11,10,6,3,0,0,866,1,0,1,4,4,2,145
krutledge,Kyle,Rutledge,CHI,9,2,6,0,1,3,0,0,39,44,2,0,1,36,246,202,0,2,24,21,10,7,0,0,2423,3,6,6,10,10,5,347
krutledge,Kyle,Rutledge,CHI,10,2,3,2,1,0,0,0,14,16,1,0,0,18,118,173,0,1,15,12,2,0,0,0,1242,1,4,5,14,15,5,520
krutledge,Kyle,Rutledge,CHI,11,2,2,1,3,1,0,0,22,24,2,0,0,16,192,121,0,1,17,13,2,2,0,0,1358,2,2,3,16,18,6,641
krutledge,Kyle,Rutledge,CHI,13,2,1,2,2,0,0,0,23,24,1,0,1,18,178,98,1,1,17,10,1,1,0,0,1139,2,1,3,17,21,6,739
vsachdeva,Vedant,Sachdeva,NY,1,2,2,0,2,1,0,0,7,7,0,0,0,8,40,48,0,0,0,0,16,10,0,0,650,0,3,2,3,2,1,48
vsachdeva,Vedant,Sachdeva,NY,3,1,0,0,0,0,0,0,2,2,0,0,0,2,7,15,0,0,0,0,12,5,0,0,1139,0,0,0,3,2,1,63
vsachdeva,Vedant,Sachdeva,NY,4,2,0,0,0,1,0,0,2,2,0,0,0,3,1,0,0,0,0,0,19,4,0,0,1244,0,1,0,4,2,2,63
vsachdeva,Vedant,Sachdeva,NY,5,1,0,0,0,0,0,0,0,1,1,0,0,1,0,5,0,0,0,0,10,0,0,0,795,1,-1,0,3,2,2,68
vsachdeva,Vedant,Sachdeva,NY,6,1,0,0,0,0,0,0,0,0,0,0,0,0,0,0,0,0,0,0,7,0,0,0,321,0,0,0,3,2,2,68
vsachdeva,Vedant,Sachdeva,NY,7,1,0,0,0,0,0,0,0,0,0,0,0,0,0,0,0,0,0,0,5,0,0,0,454,0,0,0,3,2,2,68
vsachdeva,Vedant,Sachdeva,NY,8,1,0,0,0,0,0,0,0,0,0,0,0,1,0,13,0,0,0,0,6,2,0,0,422,0,0,0,3,2,2,81
vsachdeva,Vedant,Sachdeva,NY,9,1,0,0,0,0,0,0,0,0,0,0,0,0,0,0,0,0,0,0,0,0,0,0,0,0,0,0,3,2,2,81
vsachdeva,Vedant,Sachdeva,NY,12,1,0,0,0,0,0,0,0,0,0,0,0,0,0,0,0,0,0,0,0,0,0,0,0,0,0,0,3,2,2,81
vsachdeva,Vedant,Sachdeva,NY,13,1,0,0,0,0,0,0,0,0,0,0,0,1,0,-3,0,0,0,0,9,3,0,0,497,0,0,0,3,2,2,78
bsadok,Benjamin,Sadok,BOS,1,1,0,2,4,0,0,0,40,41,1,0,0,31,484,92,3,4,19,16,0,0,0,0,1003,1,1,2,1,2,0,92
bsadok,Benjamin,Sadok,BOS,3,1,0,0,0,0,0,0,0,0,0,0,0,0,0,0,0,0,0,0,0,0,0,0,0,0,0,0,1,2,0,92
bsadok,Benjamin,Sadok,BOS,4,2,2,3,5,0,0,0,84,87,3,0,0,63,628,115,2,3,35,21,0,0,0,0,3152,3,2,5,3,7,0,207
bsadok,Benjamin,Sadok,BOS,7,1,0,1,0,0,0,0,23,25,2,0,0,19,158,43,0,1,14,13,0,0,0,0,1102,2,-1,1,2,8,0,250
bsadok,Benjamin,Sadok,BOS,8,2,3,5,5,1,0,0,68,69,1,0,0,46,719,290,2,2,41,32,0,0,0,0,2609,1,8,8,10,16,1,540
bsadok,Benjamin,Sadok,BOS,9,1,3,2,0,1,0,0,27,28,1,0,0,19,251,102,1,2,17,13,0,0,0,0,1163,1,5,5,15,21,2,642
bsadok,Benjamin,Sadok,BOS,11,1,0,5,0,0,0,0,37,37,0,0,0,27,273,119,1,1,20,12,0,0,0,0,1470,0,5,5,20,26,2,761
bsadok,Benjamin,Sadok,BOS,12,2,4,8,3,1,0,0,77,80,2,0,0,67,818,240,4,4,35,25,0,0,0,0,2913,2,11,12,31,38,3,1001
bsadok,Benjamin,Sadok,BOS,13,1,0,1,2,1,0,0,33,34,1,0,0,27,332,99,1,1,20,13,0,0,0,0,1415,1,1,1,32,39,4,1100
esakach,Elliot,Sakach,HTX,1,1,0,0,0,0,0,0,0,0,0,0,0,0,0,0,0,0,0,0,0,0,0,0,0,0,0,0,0,0,0,0
esakach,Elliot,Sakach,HTX,2,1,0,0,0,0,0,0,0,0,0,0,0,0,0,0,0,0,0,0,0,0,0,0,0,0,0,0,0,0,0,0
esakach,Elliot,Sakach,HTX,3,1,0,0,0,0,0,0,0,0,0,0,0,0,0,0,0,0,0,0,0,0,0,0,0,0,0,0,0,0,0,0
esakach,Elliot,Sakach,HTX,4,1,0,0,0,0,0,0,0,0,0,0,0,0,0,0,0,0,0,0,0,0,0,0,0,0,0,0,0,0,0,0
esakach,Elliot,Sakach,HTX,6,2,0,0,0,0,0,0,0,0,0,0,0,0,0,0,0,0,0,0,0,0,0,0,0,0,0,0,0,0,0,0
esakach,Elliot,Sakach,HTX,8,1,0,0,0,0,0,0,0,0,0,0,0,0,0,0,0,0,0,0,0,0,0,0,0,0,0,0,0,0,0,0
esakach,Elliot,Sakach,HTX,9,2,0,0,0,0,0,0,0,0,0,0,0,0,0,0,0,0,0,0,0,0,0,0,0,0,0,0,0,0,0,0
esakach,Elliot,Sakach,HTX,11,1,0,0,0,0,0,0,0,0,0,0,0,0,0,0,0,0,0,0,0,0,0,0,0,0,0,0,0,0,0,0
esakach,Elliot,Sakach,HTX,12,1,0,0,0,0,0,0,0,0,0,0,0,0,0,0,0,0,0,0,0,0,0,0,0,0,0,0,0,0,0,0
esakach,Elliot,Sakach,HTX,13,1,0,0,0,0,0,0,0,0,0,0,0,0,0,0,0,0,0,0,0,0,0,0,0,0,0,0,0,0,0,0
jsalazar,Jordan,Salazar,HTX,1,1,2,2,0,2,0,0,9,10,0,0,1,11,59,209,1,1,15,11,7,2,0,0,1291,1,5,4,5,4,2,209
jsalazar,Jordan,Salazar,HTX,2,1,0,0,1,0,0,0,2,2,0,0,0,2,13,21,0,0,4,1,4,1,0,0,769,0,0,0,5,4,2,230
jsalazar,Jordan,Salazar,HTX,3,1,2,2,1,1,0,0,11,11,0,0,0,13,38,170,0,0,13,11,8,0,0,0,865,0,5,4,10,8,3,400
jsalazar,Jordan,Salazar,HTX,4,1,0,0,0,0,0,0,0,0,0,0,0,0,0,0,0,0,0,0,0,0,0,0,0,0,0,0,10,8,3,400
jsalazar,Jordan,Salazar,HTX,6,2,3,0,1,1,0,0,16,17,1,0,0,20,84,222,0,0,15,10,20,5,0,0,2584,1,3,3,13,11,4,622
jsalazar,Jordan,Salazar,HTX,8,1,4,1,1,0,0,0,14,16,2,0,1,20,61,350,0,0,16,12,4,1,0,0,1459,3,2,5,15,16,4,972
jsalazar,Jordan,Salazar,HTX,9,2,6,1,1,0,0,0,21,21,0,0,0,25,139,472,0,0,38,19,4,0,0,0,2912,0,7,7,22,23,4,1444
jsalazar,Jordan,Salazar,HTX,11,1,0,0,1,0,0,0,13,13,0,0,0,13,26,123,0,0,17,10,7,0,0,0,1391,0,0,0,22,23,4,1567
jsalazar,Jordan,Salazar,HTX,12,1,2,2,1,0,0,0,11,11,0,0,0,13,26,200,0,0,14,10,12,2,0,0,1519,0,4,4,26,27,4,1767
jsalazar,Jordan,Salazar,HTX,13,1,2,2,3,0,0,0,20,20,0,0,0,22,76,265,0,0,19,12,7,2,0,0,1357,0,4,4,30,31,4,2032
esalmon,Elijah,Salmon,SD,2,2,0,0,0,0,0,0,0,0,0,0,0,0,0,0,0,0,0,0,0,0,0,0,0,0,0,0,0,0,0,0
esalmon,Elijah,Salmon,SD,3,1,0,0,0,0,0,0,0,0,0,0,0,0,0,0,0,0,0,0,0,0,0,0,0,0,0,0,0,0,0,0
esalmon,Elijah,Salmon,SD,4,1,0,0,0,0,0,0,3,3,0,0,0,3,12,3,0,0,0,0,10,3,1,0,920,0,0,0,0,0,0,3
esalmon,Elijah,Salmon,SD,5,2,0,0,0,0,0,0,0,0,0,0,0,0,0,0,0,0,0,0,0,0,0,0,0,0,0,0,0,0,0,3
esalmon,Elijah,Salmon,SD,6,1,0,0,0,0,0,0,0,0,0,0,0,0,0,0,0,0,0,0,0,0,0,0,0,0,0,0,0,0,0,3
esalmon,Elijah,Salmon,SD,7,1,0,0,0,0,0,0,0,0,0,0,0,0,0,0,0,0,0,0,0,0,0,0,0,0,0,0,0,0,0,3
esalmon,Elijah,Salmon,SD,8,1,0,0,1,0,0,0,7,8,1,0,0,7,7,15,0,0,0,0,12,4,0,0,691,1,-1,0,-1,0,0,18
esalmon,Elijah,Salmon,SD,10,1,0,0,0,0,0,0,0,0,0,0,0,0,0,0,0,0,0,0,0,0,0,0,0,0,0,0,-1,0,0,18
esalmon,Elijah,Salmon,SD,11,1,0,0,0,0,0,0,0,0,0,0,0,0,0,0,0,0,0,0,0,0,0,0,0,0,0,0,-1,0,0,18
esalmon,Elijah,Salmon,SD,13,1,0,0,0,0,0,0,0,0,0,0,0,0,0,0,0,0,0,0,0,0,0,0,0,0,0,0,-1,0,0,18
rsalvas,Raphael,Salvas,MTL,1,1,0,0,0,0,0,0,3,4,1,0,0,2,24,6,0,0,1,0,8,0,0,0,571,1,-1,0,-1,0,0,6
rsalvas,Raphael,Salvas,MTL,3,2,0,0,0,0,0,0,3,6,3,0,0,5,9,15,0,0,0,0,19,3,0,0,1285,3,-3,0,-4,0,0,21
rsalvas,Raphael,Salvas,MTL,4,1,0,0,0,0,0,0,0,0,0,0,0,0,0,0,0,0,0,0,11,0,0,0,849,0,0,0,-4,0,0,21
rsalvas,Raphael,Salvas,MTL,6,1,0,0,0,0,0,0,0,0,0,0,0,0,0,0,0,0,0,0,0,0,0,0,0,0,0,0,-4,0,0,21
rsalvas,Raphael,Salvas,MTL,7,2,0,0,0,0,0,0,0,0,0,0,0,0,0,0,0,0,0,0,0,0,0,0,0,0,0,0,-4,0,0,21
rsalvas,Raphael,Salvas,MTL,8,1,0,0,0,0,0,0,0,0,0,0,0,0,0,0,0,0,0,0,0,0,0,0,0,0,0,0,-4,0,0,21
rsalvas,Raphael,Salvas,MTL,10,2,1,0,2,2,0,0,18,22,4,0,2,18,32,134,0,0,12,5,22,7,0,0,2222,6,-3,1,-7,1,2,155
rsalvas,Raphael,Salvas,MTL,11,1,0,0,0,0,0,0,1,2,1,0,0,1,9,10,0,1,0,0,8,2,0,0,972,1,-1,0,-8,1,2,165
rsalvas,Raphael,Salvas,MTL,13,1,0,1,0,2,0,0,6,6,0,0,0,6,33,36,0,0,1,1,13,4,0,0,1054,0,3,1,-5,2,4,201
msample,Max,Sample,MAD,2,2,1,1,1,0,0,0,8,8,0,0,0,9,46,69,0,0,8,6,1,0,0,0,928,0,2,2,2,2,0,69
msample,Max,Sample,MAD,4,1,0,0,0,0,0,0,0,0,0,0,0,0,0,0,0,0,0,0,0,0,0,0,0,0,0,0,2,2,0,69
msample,Max,Sample,MAD,6,1,0,0,0,0,0,0,0,0,0,0,0,0,0,0,0,0,0,0,0,0,0,0,0,0,0,0,2,2,0,69
msample,Max,Sample,MAD,7,1,0,0,0,0,0,0,0,0,0,0,0,0,0,0,0,0,0,0,0,0,0,0,0,0,0,0,2,2,0,69
msample,Max,Sample,MAD,8,2,0,0,0,0,0,0,0,0,0,0,0,0,0,0,0,0,0,0,0,0,0,0,0,0,0,0,2,2,0,69
msample,Max,Sample,MAD,10,2,1,2,1,0,0,0,9,9,0,0,1,9,65,70,1,1,13,8,0,0,0,0,1316,1,2,3,4,5,0,139
msample,Max,Sample,MAD,11,1,2,0,0,0,0,0,16,16,0,0,1,19,28,131,0,0,7,4,2,0,0,0,718,1,1,2,5,7,0,270
msample,Max,Sample,MAD,12,1,1,0,0,1,0,0,7,9,2,0,0,10,67,172,0,1,8,3,1,0,0,0,643,2,0,1,5,8,1,442
msample,Max,Sample,MAD,13,1,0,0,0,0,0,0,8,8,0,0,1,8,15,12,0,0,11,6,1,0,0,0,1168,1,-1,0,4,8,1,454
ssamu,Stefan,Samu,SD,2,2,3,1,0,0,0,0,7,10,2,0,0,13,116,127,2,2,2,1,30,13,2,0,2454,2,2,4,2,4,0,127
ssamu,Stefan,Samu,SD,3,1,1,1,0,1,0,0,4,4,0,0,0,5,47,129,0,0,2,1,13,4,2,1,1156,0,3,2,5,6,1,256
ssamu,Stefan,Samu,SD,4,1,0,0,0,0,0,0,0,0,0,0,0,0,0,0,0,0,0,0,0,0,0,0,0,0,0,0,5,6,1,256
ssamu,Stefan,Samu,SD,5,2,1,1,2,1,0,0,12,13,1,0,0,12,85,67,1,2,0,0,35,7,0,0,2235,1,2,2,7,8,2,323
ssamu,Stefan,Samu,SD,6,1,0,0,0,0,0,0,0,0,0,0,0,0,0,0,0,0,0,0,0,0,0,0,0,0,0,0,7,8,2,323
ssamu,Stefan,Samu,SD,7,1,0,0,0,0,0,0,0,0,0,0,0,0,0,0,0,0,0,0,0,0,0,0,0,0,0,0,7,8,2,323
ssamu,Stefan,Samu,SD,8,1,0,0,0,0,0,0,0,0,0,0,0,0,0,0,0,0,0,0,0,0,0,0,0,0,0,0,7,8,2,323
ssamu,Stefan,Samu,SD,10,1,0,0,0,0,0,0,0,0,0,0,0,0,0,0,0,0,0,0,0,0,0,0,0,0,0,0,7,8,2,323
ssamu,Stefan,Samu,SD,11,1,0,0,0,0,0,0,2,2,0,0,0,2,17,13,0,0,0,0,13,4,0,0,885,0,0,0,7,8,2,336
ssamu,Stefan,Samu,SD,13,1,1,1,0,2,0,0,7,7,0,0,0,7,32,107,0,0,4,2,7,2,0,0,743,0,4,2,11,10,4,443
tsander,Tynan,Sander,SD,2,2,0,0,0,0,0,0,0,0,0,0,0,0,0,0,0,0,0,0,0,0,0,0,0,0,0,0,0,0,0,0
tsander,Tynan,Sander,SD,3,1,1,0,1,1,0,0,6,7,1,0,0,6,59,23,0,0,2,1,14,5,1,0,1012,1,1,1,1,1,1,23
tsander,Tynan,Sander,SD,4,1,0,0,0,0,0,0,6,6,0,0,0,5,69,9,0,0,1,1,16,5,10,0,1241,0,0,0,1,1,1,32
tsander,Tynan,Sander,SD,5,2,0,0,0,0,0,0,4,5,0,0,0,4,2,0,0,0,0,0,31,4,13,0,1678,0,0,0,1,1,1,32
tsander,Tynan,Sander,SD,6,1,0,0,0,0,0,0,0,0,0,0,0,0,0,0,0,0,0,0,0,0,0,0,0,0,0,0,1,1,1,32
tsander,Tynan,Sander,SD,7,1,2,0,0,0,0,0,1,1,0,0,0,3,16,53,0,0,0,0,15,3,3,0,993,0,2,2,3,3,1,85
tsander,Tynan,Sander,SD,8,1,0,0,0,0,0,0,0,0,0,0,0,0,0,0,0,0,0,0,0,0,0,0,0,0,0,0,3,3,1,85
tsander,Tynan,Sander,SD,10,1,0,0,1,0,0,0,5,5,0,0,0,4,75,16,1,1,2,1,13,1,5,0,929,0,0,0,3,3,1,101
tsander,Tynan,Sander,SD,11,1,1,0,2,1,0,0,8,9,1,0,0,9,31,74,0,0,0,0,17,7,4,0,1123,1,1,1,4,4,2,175
tsander,Tynan,Sander,SD,13,1,2,0,0,1,0,0,8,8,0,0,0,6,101,58,1,1,13,5,4,1,1,0,1704,0,3,2,7,6,3,233
gsanner,Grayson,Sanner,CAR,3,1,4,1,1,1,0,0,16,18,1,0,0,22,132,370,0,0,19,14,0,0,0,0,1611,1,5,5,5,5,1,370
gsanner,Grayson,Sanner,CAR,4,2,5,3,0,0,0,0,26,28,2,0,0,33,107,428,0,0,36,22,0,0,0,0,2016,2,6,8,11,13,1,798
gsanner,Grayson,Sanner,CAR,5,1,4,2,5,2,0,0,30,31,1,0,0,35,132,447,1,2,30,23,0,0,0,0,1680,1,7,6,18,19,3,1245
gsanner,Grayson,Sanner,CAR,6,2,6,2,4,2,0,0,31,34,3,0,1,40,158,488,1,1,29,24,3,1,1,0,2677,4,6,8,24,27,5,1733
gsanner,Grayson,Sanner,CAR,7,1,2,2,1,0,0,0,22,24,2,0,1,26,187,192,0,0,20,17,0,0,0,0,1391,3,1,4,25,31,5,1925
gsanner,Grayson,Sanner,CAR,9,1,4,4,3,1,0,0,21,21,0,0,0,25,256,215,2,2,18,18,0,0,0,0,1114,0,9,8,34,39,6,2140
gsanner,Grayson,Sanner,CAR,10,1,3,2,4,0,0,0,26,28,2,0,0,31,38,347,0,0,23,19,0,0,0,0,1321,2,3,5,37,44,6,2487
gsanner,Grayson,Sanner,CAR,12,1,2,3,0,0,0,0,10,12,2,0,0,14,102,203,2,2,21,16,0,0,0,0,1234,2,3,5,40,49,6,2690
gsanner,Grayson,Sanner,CAR,13,2,2,5,3,1,0,0,28,33,2,0,3,34,295,290,4,5,41,25,1,0,0,0,2638,5,3,7,43,56,7,2980
gsanti,Garrett,Santi,LA,2,2,1,1,2,0,0,0,24,28,2,0,1,31,30,116,0,2,4,1,35,5,32,0,2641,3,-1,2,-1,2,0,116
gsanti,Garrett,Santi,LA,3,1,0,0,0,0,0,0,0,0,0,0,0,0,0,0,0,0,0,0,0,0,0,0,0,0,0,0,-1,2,0,116
gsanti,Garrett,Santi,LA,4,1,1,0,2,0,0,0,15,16,1,0,0,18,33,-12,0,1,3,1,16,2,10,0,1485,1,0,1,-1,3,0,104
gsanti,Garrett,Santi,LA,6,1,0,0,0,0,0,0,7,7,0,0,0,8,54,61,1,1,0,0,18,5,16,1,1204,0,0,0,-1,3,0,165
gsanti,Garrett,Santi,LA,7,1,0,3,0,0,0,1,16,20,4,0,0,20,83,79,2,4,7,2,14,4,13,0,1335,4,-1,3,-2,6,0,244
gsanti,Garrett,Santi,LA,9,2,0,0,0,0,0,0,0,0,0,0,0,0,0,0,0,0,0,0,0,0,0,0,0,0,0,0,-2,6,0,244
gsanti,Garrett,Santi,LA,11,1,0,2,2,1,0,0,17,20,3,0,0,16,137,18,3,5,5,3,13,4,13,0,1166,3,0,2,-2,8,1,262
gsanti,Garrett,Santi,LA,12,2,1,1,0,0,0,0,17,19,2,0,0,17,160,53,2,3,12,5,27,7,19,0,2520,2,0,2,-2,10,1,315
gsanti,Garrett,Santi,LA,13,1,1,0,2,1,0,0,11,13,2,0,0,12,79,54,0,1,4,1,16,7,13,1,1277,2,0,1,-2,11,2,369
esarles,Ethan,Sarles,PHI,1,1,0,0,0,0,0,0,4,5,1,0,0,1,6,2,0,0,0,0,5,0,4,1,415,1,-1,0,-1,0,0,2
esarles,Ethan,Sarles,PHI,2,1,0,0,0,0,0,0,0,0,0,0,0,0,0,0,0,0,0,0,0,0,0,0,0,0,0,0,-1,0,0,2
esarles,Ethan,Sarles,PHI,3,1,0,0,0,0,0,0,5,5,0,0,0,5,9,62,0,0,0,0,6,3,6,0,452,0,0,0,-1,0,0,64
esarles,Ethan,Sarles,PHI,5,1,0,0,0,0,0,0,2,2,0,0,0,1,-16,1,0,0,0,0,4,0,4,0,131,0,0,0,-1,0,0,65
esarles,Ethan,Sarles,PHI,6,1,0,0,0,0,0,0,0,0,0,0,0,0,0,0,0,0,0,0,0,0,0,0,0,0,0,0,-1,0,0,65
esarles,Ethan,Sarles,PHI,7,2,0,1,0,0,0,0,13,14,1,0,0,9,203,56,2,3,7,5,16,2,14,0,1653,1,0,1,-1,1,0,121
esarles,Ethan,Sarles,PHI,8,1,2,1,1,0,0,0,5,6,0,0,0,6,133,46,2,2,0,0,15,6,8,0,865,0,3,3,2,4,0,167
esarles,Ethan,Sarles,PHI,10,1,0,0,0,0,0,0,0,0,0,0,0,0,0,0,0,0,0,0,0,0,0,0,0,0,0,0,2,4,0,167
esarles,Ethan,Sarles,PHI,12,2,0,0,0,0,0,0,0,0,0,0,0,0,0,0,0,0,0,0,0,0,0,0,0,0,0,0,2,4,0,167
esarles,Ethan,Sarles,PHI,13,1,0,2,0,0,0,0,10,11,1,0,0,10,142,15,2,3,0,0,11,3,11,2,748,1,1,2,3,6,0,182
vsauv,Victor,Sauvé,MTL,1,1,0,0,0,0,0,0,0,0,0,0,0,0,0,0,0,0,0,0,0,0,0,0,0,0,0,0,0,0,0,0
vsauv,Victor,Sauvé,MTL,3,2,0,0,0,0,0,0,1,1,0,0,0,1,4,-3,0,0,0,0,9,3,0,0,598,0,0,0,0,0,0,-3
vsauv,Victor,Sauvé,MTL,4,1,0,0,0,0,0,0,0,0,0,0,0,0,0,0,0,0,0,0,0,0,0,0,0,0,0,0,0,0,0,-3
vsauv,Victor,Sauvé,MTL,6,1,1,0,0,0,0,0,3,3,0,0,0,4,18,92,0,0,0,0,12,5,0,0,962,0,1,1,1,1,0,89
vsauv,Victor,Sauvé,MTL,7,2,3,0,1,0,0,0,6,6,0,0,0,9,14,91,0,0,3,2,11,2,0,0,919,0,3,3,4,4,0,180
vsauv,Victor,Sauvé,MTL,8,1,0,0,0,0,0,0,0,0,0,0,0,0,0,0,0,0,0,0,8,1,0,0,562,0,0,0,4,4,0,180
vsauv,Victor,Sauvé,MTL,10,2,2,1,3,0,0,0,13,14,1,0,0,16,63,156,0,0,29,18,4,0,0,0,2247,1,2,3,6,7,0,336
vsauv,Victor,Sauvé,MTL,11,1,1,0,0,0,0,0,0,1,1,0,0,2,0,25,0,0,10,10,2,0,0,0,651,1,0,1,6,8,0,361
vsauv,Victor,Sauvé,MTL,13,1,0,0,0,0,0,0,0,0,0,0,0,0,0,0,0,0,0,0,0,0,0,0,0,0,0,0,6,8,0,361
msavage,Mitchell,Savage,DET,3,1,0,0,1,0,0,0,2,2,0,0,0,2,26,10,0,0,2,2,15,1,0,0,1148,0,0,0,0,0,0,10
msavage,Mitchell,Savage,DET,5,1,0,0,0,0,0,0,0,0,0,0,0,0,0,0,0,0,0,0,8,1,0,0,398,0,0,0,0,0,0,10
msavage,Mitchell,Savage,DET,7,1,0,0,0,1,0,0,1,1,0,0,0,1,17,14,0,0,0,0,10,2,0,0,697,0,1,0,1,0,1,24
msavage,Mitchell,Savage,DET,8,1,0,0,0,0,0,0,0,0,0,0,0,0,0,0,0,0,0,0,0,0,0,0,0,0,0,0,1,0,1,24
msavage,Mitchell,Savage,DET,9,2,0,0,1,0,0,0,8,9,0,0,1,9,2,72,0,0,4,1,27,4,0,0,2068,1,-1,0,0,0,1,96
msavage,Mitchell,Savage,DET,10,2,0,0,1,0,0,0,2,2,0,0,0,2,22,17,0,0,2,1,16,2,0,0,997,0,0,0,0,0,1,113
msavage,Mitchell,Savage,DET,11,1,0,0,0,0,0,0,0,0,0,0,0,0,0,0,0,0,0,0,0,0,0,0,0,0,0,0,0,0,1,113
msavage,Mitchell,Savage,DET,12,1,0,0,0,0,0,0,0,0,0,0,0,0,0,0,0,0,0,0,0,0,0,0,0,0,0,0,0,0,1,113
msavage,Mitchell,Savage,DET,13,2,1,0,0,0,0,0,8,8,0,0,0,9,21,57,0,0,6,0,15,1,0,0,1079,0,1,1,1,1,1,170
xschafer,Xavier,Schafer,DC,1,1,0,0,0,0,0,0,1,1,0,0,1,1,-13,23,0,0,0,0,4,0,0,0,452,1,-1,0,-1,0,0,23
xschafer,Xavier,Schafer,DC,2,1,0,0,0,1,0,0,5,5,0,0,0,4,-5,36,0,0,0,0,6,2,0,0,556,0,1,0,0,0,1,59
xschafer,Xavier,Schafer,DC,3,1,0,0,0,0,0,0,0,0,0,0,0,0,0,0,0,0,0,0,7,0,0,0,544,0,0,0,0,0,1,59
xschafer,Xavier,Schafer,DC,4,1,0,0,0,0,0,0,0,0,0,0,0,0,0,0,0,0,0,0,0,0,0,0,0,0,0,0,0,0,1,59
xschafer,Xavier,Schafer,DC,6,2,0,0,0,0,0,0,0,0,0,0,0,0,0,0,0,0,0,0,0,0,0,0,0,0,0,0,0,0,1,59
xschafer,Xavier,Schafer,DC,7,1,0,0,0,0,0,0,0,0,0,0,0,0,0,0,0,0,0,0,0,0,0,0,0,0,0,0,0,0,1,59
xschafer,Xavier,Schafer,DC,8,1,0,0,0,0,0,0,0,0,0,0,0,0,0,0,0,0,0,0,0,0,0,0,0,0,0,0,0,0,1,59
xschafer,Xavier,Schafer,DC,10,1,0,0,0,0,0,0,0,0,0,0,0,0,0,0,0,0,0,0,0,0,0,0,0,0,0,0,0,0,1,59
xschafer,Xavier,Schafer,DC,11,1,0,0,0,0,0,0,0,0,0,0,0,0,0,0,0,0,0,0,0,0,0,0,0,0,0,0,0,0,1,59
xschafer,Xavier,Schafer,DC,12,1,0,0,0,0,0,0,0,0,0,0,0,0,0,0,0,0,0,0,0,0,0,0,0,0,0,0,0,0,1,59
xschafer,Xavier,Schafer,DC,13,1,0,0,1,0,0,0,13,14,1,0,0,12,61,29,0,0,2,1,9,1,0,0,816,1,-1,0,-1,0,1,88
zschakner,Zac,Schakner,LA,2,2,0,0,0,1,0,0,4,4,0,0,0,4,-28,40,0,0,2,1,6,1,0,0,677,0,1,0,1,0,1,40
zschakner,Zac,Schakner,LA,3,1,0,0,1,1,0,0,2,5,3,0,0,4,-5,19,0,2,4,1,9,1,1,0,1069,3,-2,0,-1,0,2,59
zschakner,Zac,Schakner,LA,4,1,1,0,0,1,0,0,9,9,0,0,0,6,34,49,0,0,3,1,11,2,0,0,1154,0,2,1,1,1,3,108
zschakner,Zac,Schakner,LA,6,1,0,0,0,0,0,0,1,1,0,0,0,2,-7,-1,0,0,0,0,7,0,0,0,532,0,0,0,1,1,3,107
zschakner,Zac,Schakner,LA,7,1,0,0,0,0,0,0,0,0,0,0,0,0,0,0,0,0,0,0,0,0,0,0,0,0,0,0,1,1,3,107
zschakner,Zac,Schakner,LA,9,2,1,1,1,1,0,0,21,23,1,0,0,22,0,117,0,1,3,1,18,5,0,0,2069,1,2,2,3,3,4,224
zschakner,Zac,Schakner,LA,11,1,0,0,0,0,0,0,1,1,0,0,0,1,5,15,0,0,0,0,11,1,0,0,694,0,0,0,3,3,4,239
zschakner,Zac,Schakner,LA,12,2,0,0,0,0,0,0,0,0,0,0,0,0,0,0,0,0,0,0,0,0,0,0,0,0,0,0,3,3,4,239
zschakner,Zac,Schakner,LA,13,1,0,0,0,0,0,0,0,0,0,0,0,0,0,0,0,0,0,0,0,0,0,0,0,0,0,0,3,3,4,239
zscheuerm,Zac,Scheuerman,ORE,1,1,1,0,0,2,0,0,2,2,0,0,0,3,-5,23,0,0,4,2,10,0,0,0,1148,0,3,1,3,1,2,23
zscheuerm,Zac,Scheuerman,ORE,2,1,1,0,0,0,0,0,5,7,1,0,1,8,16,111,0,1,7,2,11,1,0,0,1221,2,-1,1,2,2,2,134
zscheuerm,Zac,Scheuerman,ORE,4,1,0,0,0,2,0,0,4,4,0,0,1,4,-25,58,0,0,0,0,18,6,0,0,1435,1,1,0,3,2,4,192
zscheuerm,Zac,Scheuerman,ORE,5,2,1,0,0,0,0,0,1,2,1,0,1,3,16,41,0,0,3,1,23,1,0,0,2340,2,-1,1,2,3,4,233
zscheuerm,Zac,Scheuerman,ORE,6,1,4,0,0,0,0,0,1,1,0,0,0,5,-13,111,0,0,2,1,14,5,0,0,1360,0,4,4,6,7,4,344
zscheuerm,Zac,Scheuerman,ORE,7,1,2,0,0,1,0,0,1,1,0,0,0,3,7,38,0,0,2,1,17,8,0,0,1241,0,3,2,9,9,5,382
zscheuerm,Zac,Scheuerman,ORE,8,2,0,0,0,1,0,0,3,7,1,0,0,7,21,205,0,0,6,2,28,2,0,0,1944,1,0,0,9,9,6,587
zscheuerm,Zac,Scheuerman,ORE,9,1,0,0,1,1,0,0,4,4,0,0,0,3,19,52,0,0,0,0,17,6,0,0,932,0,1,0,10,9,7,639
zscheuerm,Zac,Scheuerman,ORE,10,1,3,0,0,1,0,0,7,7,0,0,0,10,-6,98,0,0,6,6,12,2,0,0,1091,0,4,3,14,12,8,737
zscheuerm,Zac,Scheuerman,ORE,13,1,1,1,0,1,0,0,2,3,0,0,0,4,-11,58,0,0,2,1,13,1,0,0,737,0,3,2,17,14,9,795
tschewe,Ted,Schewe,MAD,2,2,0,0,3,0,0,0,29,33,3,0,1,31,204,232,0,2,27,17,0,0,0,0,2538,4,-4,0,-4,0,0,232
tschewe,Ted,Schewe,MAD,4,1,0,0,1,0,0,0,13,14,0,0,0,10,147,48,0,0,12,8,0,0,0,0,1007,0,0,0,-4,0,0,280
tschewe,Ted,Schewe,MAD,6,1,0,1,0,0,0,0,4,5,1,0,0,4,46,-13,0,0,10,6,0,0,0,0,573,1,0,1,-4,1,0,267
tschewe,Ted,Schewe,MAD,7,1,2,2,1,0,0,0,44,46,2,0,0,35,232,93,0,0,20,13,0,0,0,0,1479,2,2,4,-2,5,0,360
tschewe,Ted,Schewe,MAD,8,2,3,3,5,0,0,0,83,85,2,0,0,66,598,99,1,1,39,26,0,0,0,0,2922,2,4,6,2,11,0,459
tschewe,Ted,Schewe,MAD,10,2,2,3,0,1,0,0,48,52,3,0,0,38,375,132,1,1,33,26,0,0,0,0,2198,3,3,5,5,16,1,591
tschewe,Ted,Schewe,MAD,11,1,0,0,2,1,0,0,51,53,1,0,0,39,296,-22,1,1,12,9,0,0,0,0,1060,1,0,0,5,16,2,569
tschewe,Ted,Schewe,MAD,12,1,0,0,0,0,0,0,0,0,0,0,0,0,0,0,0,0,0,0,0,0,0,0,0,0,0,0,5,16,2,569
tschewe,Ted,Schewe,MAD,13,1,0,2,3,1,0,0,36,36,0,0,0,26,277,80,2,2,21,12,0,0,0,0,1671,0,3,2,8,18,3,649
bschlaefe,Biz,Schlaefer,MAD,2,2,0,0,0,0,0,0,0,0,0,0,0,0,0,0,0,0,0,0,0,0,0,0,0,0,0,0,0,0,0,0
bschlaefe,Biz,Schlaefer,MAD,4,1,0,0,0,0,0,0,0,0,0,0,0,0,0,0,0,0,0,0,0,0,0,0,0,0,0,0,0,0,0,0
bschlaefe,Biz,Schlaefer,MAD,6,1,0,0,0,0,0,0,0,0,0,0,0,0,0,0,0,0,0,0,0,0,0,0,0,0,0,0,0,0,0,0
bschlaefe,Biz,Schlaefer,MAD,7,1,0,0,0,0,0,0,0,0,0,0,0,0,0,0,0,0,0,0,0,0,0,0,0,0,0,0,0,0,0,0
bschlaefe,Biz,Schlaefer,MAD,8,2,0,0,0,0,0,0,0,0,0,0,0,0,0,0,0,0,0,0,0,0,0,0,0,0,0,0,0,0,0,0
bschlaefe,Biz,Schlaefer,MAD,10,2,0,0,0,0,0,0,0,0,0,0,0,0,0,0,0,0,0,0,0,0,0,0,0,0,0,0,0,0,0,0
bschlaefe,Biz,Schlaefer,MAD,11,1,0,4,0,0,0,0,10,10,0,0,0,9,78,28,0,0,1,1,17,13,0,0,1137,0,4,4,4,4,0,28
bschlaefe,Biz,Schlaefer,MAD,12,1,0,0,0,0,0,0,0,0,0,0,0,0,0,0,0,0,0,0,0,0,0,0,0,0,0,0,4,4,0,28
bschlaefe,Biz,Schlaefer,MAD,13,1,0,0,0,0,0,0,0,0,0,0,0,0,0,0,0,0,0,0,0,0,0,0,0,0,0,0,4,4,0,28
jschmiesi,Jude,Schmiesing,PIT,2,1,0,0,0,0,0,0,0,0,0,0,0,0,0,0,0,0,0,0,0,0,0,0,0,0,0,0,0,0,0,0
jschmiesi,Jude,Schmiesing,PIT,3,1,0,0,0,0,0,0,0,0,0,0,0,0,0,0,0,0,0,0,0,0,0,0,0,0,0,0,0,0,0,0
jschmiesi,Jude,Schmiesing,PIT,4,1,0,0,0,0,0,0,0,0,0,0,0,0,0,0,0,0,0,0,0,0,0,0,0,0,0,0,0,0,0,0
jschmiesi,Jude,Schmiesing,PIT,5,1,0,0,0,0,0,0,0,0,0,0,0,0,0,0,0,0,0,0,0,0,0,0,0,0,0,0,0,0,0,0
jschmiesi,Jude,Schmiesing,PIT,6,1,0,0,0,0,0,0,0,0,0,0,0,0,0,0,0,0,0,0,0,0,0,0,0,0,0,0,0,0,0,0
jschmiesi,Jude,Schmiesing,PIT,7,1,0,0,0,0,0,0,0,0,0,0,0,0,0,0,0,0,0,0,0,0,0,0,0,0,0,0,0,0,0,0
jschmiesi,Jude,Schmiesing,PIT,8,1,0,0,0,0,0,0,0,0,0,0,0,0,0,0,0,0,0,0,0,0,0,0,0,0,0,0,0,0,0,0
jschmiesi,Jude,Schmiesing,PIT,9,2,0,0,0,0,0,0,0,0,0,0,0,0,0,0,0,0,0,0,0,0,0,0,0,0,0,0,0,0,0,0
jschmiesi,Jude,Schmiesing,PIT,10,1,0,0,0,0,0,0,0,0,0,0,0,0,0,0,0,0,0,0,0,0,0,0,0,0,0,0,0,0,0,0
jschmiesi,Jude,Schmiesing,PIT,11,1,0,0,0,0,0,0,0,0,0,0,0,0,0,0,0,0,0,0,0,0,0,0,0,0,0,0,0,0,0,0
jschmiesi,Jude,Schmiesing,PIT,13,1,0,0,0,0,0,0,0,0,0,0,0,0,0,0,0,0,0,0,0,0,0,0,0,0,0,0,0,0,0,0
dschnaudi,Drew,Schnaudigel,NY,1,2,1,0,1,0,0,0,6,6,0,0,0,6,46,61,0,0,0,0,16,10,0,0,650,0,1,1,1,1,0,61
dschnaudi,Drew,Schnaudigel,NY,3,1,0,0,0,0,0,0,0,0,0,0,0,0,0,0,0,0,0,0,0,0,0,0,0,0,0,0,1,1,0,61
dschnaudi,Drew,Schnaudigel,NY,4,2,0,0,0,0,0,0,0,0,0,0,0,0,0,0,0,0,0,0,0,0,0,0,0,0,0,0,1,1,0,61
dschnaudi,Drew,Schnaudigel,NY,5,1,0,0,0,0,0,0,0,0,0,0,0,0,0,0,0,0,0,0,0,0,0,0,0,0,0,0,1,1,0,61
dschnaudi,Drew,Schnaudigel,NY,6,1,0,0,0,0,0,0,0,0,0,0,0,0,0,0,0,0,0,0,0,0,0,0,0,0,0,0,1,1,0,61
dschnaudi,Drew,Schnaudigel,NY,7,1,0,0,0,0,0,0,0,0,0,0,0,0,0,0,0,0,0,0,0,0,0,0,0,0,0,0,1,1,0,61
dschnaudi,Drew,Schnaudigel,NY,8,1,0,0,0,0,0,0,0,0,0,0,0,0,0,0,0,0,0,0,0,0,0,0,0,0,0,0,1,1,0,61
dschnaudi,Drew,Schnaudigel,NY,9,1,0,0,0,0,0,0,0,0,0,0,0,0,0,0,0,0,0,0,0,0,0,0,0,0,0,0,1,1,0,61
dschnaudi,Drew,Schnaudigel,NY,12,1,0,0,0,1,0,0,1,2,1,0,0,1,-12,12,0,0,2,1,13,4,0,0,847,1,0,0,1,1,1,73
dschnaudi,Drew,Schnaudigel,NY,13,1,0,0,0,1,0,0,2,2,0,0,0,1,0,13,0,0,0,0,14,3,0,0,1005,0,1,0,2,1,2,86
tschoch,Tim,Schoch,CHI,4,1,0,0,0,0,0,0,0,0,0,0,0,0,0,0,0,0,0,0,0,0,0,0,0,0,0,0,0,0,0,0
tschoch,Tim,Schoch,CHI,6,1,1,0,0,1,0,0,3,3,0,0,0,4,-1,34,0,0,3,2,13,5,0,0,1087,0,2,1,2,1,1,34
tschoch,Tim,Schoch,CHI,7,1,1,0,0,1,0,0,9,9,0,0,0,10,-21,12,0,0,1,1,12,4,0,0,959,0,2,1,4,2,2,46
tschoch,Tim,Schoch,CHI,8,1,0,0,0,0,0,0,0,0,0,0,0,0,0,0,0,0,0,0,0,0,0,0,0,0,0,0,4,2,2,46
tschoch,Tim,Schoch,CHI,9,2,2,2,1,2,0,0,16,17,0,0,0,18,51,108,0,0,2,1,28,16,0,0,1722,0,6,4,10,6,4,154
tschoch,Tim,Schoch,CHI,10,2,1,2,0,3,0,0,14,14,0,1,2,13,89,116,0,0,2,1,23,10,0,0,2051,3,3,3,13,9,7,270
tschoch,Tim,Schoch,CHI,11,2,1,1,1,0,0,0,4,4,0,0,0,6,11,27,0,0,2,2,18,9,0,0,1383,0,2,2,15,11,7,297
tschoch,Tim,Schoch,CHI,13,2,0,0,0,2,0,0,10,10,0,0,0,9,23,99,0,0,2,1,16,5,0,0,1337,0,2,0,17,11,9,396
gschoepke,Gabe,Schoepke,CHI,4,1,0,0,0,0,0,0,0,0,0,0,0,0,0,0,0,0,0,0,0,0,0,0,0,0,0,0,0,0,0,0
gschoepke,Gabe,Schoepke,CHI,6,1,0,0,0,0,0,0,0,0,0,0,0,0,0,0,0,0,0,0,0,0,0,0,0,0,0,0,0,0,0,0
gschoepke,Gabe,Schoepke,CHI,7,1,0,0,0,0,0,0,0,0,0,0,0,0,0,0,0,0,0,0,0,0,0,0,0,0,0,0,0,0,0,0
gschoepke,Gabe,Schoepke,CHI,8,1,0,0,0,2,0,0,2,2,0,0,1,2,13,17,0,0,0,0,17,5,0,0,1112,1,1,0,1,0,2,17
gschoepke,Gabe,Schoepke,CHI,9,2,3,1,1,1,0,0,3,3,0,0,1,6,30,185,0,0,0,0,19,13,0,0,1477,1,4,4,5,4,3,202
gschoepke,Gabe,Schoepke,CHI,10,2,7,2,0,1,0,0,3,3,0,0,1,10,22,255,0,0,0,0,35,20,0,0,2628,1,9,9,14,13,4,457
gschoepke,Gabe,Schoepke,CHI,11,2,0,0,0,1,0,0,1,1,0,0,0,1,-12,11,0,0,0,0,10,2,0,0,753,0,1,0,15,13,5,468
gschoepke,Gabe,Schoepke,CHI,13,2,4,1,1,2,0,0,5,5,0,0,0,8,-10,152,0,0,0,0,19,10,1,0,1152,0,7,5,22,18,7,620
cschuweil,Charlie,Schuweiler,MIN,3,1,0,0,0,0,0,0,0,0,0,0,0,0,0,0,0,0,0,0,0,0,0,0,0,0,0,0,0,0,0,0
cschuweil,Charlie,Schuweiler,MIN,4,1,0,0,0,0,0,0,0,0,0,0,0,0,0,0,0,0,0,0,0,0,0,0,0,0,0,0,0,0,0,0
cschuweil,Charlie,Schuweiler,MIN,5,1,0,2,2,0,0,0,9,11,2,0,0,10,66,40,0,0,9,8,5,2,0,0,841,2,0,2,0,2,0,40
cschuweil,Charlie,Schuweiler,MIN,6,1,0,0,0,0,0,0,0,0,0,0,0,0,0,0,0,0,0,0,0,0,0,0,0,0,0,0,0,2,0,40
cschuweil,Charlie,Schuweiler,MIN,7,1,0,0,0,0,0,0,0,0,0,0,0,0,0,0,0,0,0,0,0,0,0,0,0,0,0,0,0,2,0,40
cschuweil,Charlie,Schuweiler,MIN,8,1,0,0,0,0,0,0,0,0,0,0,0,0,0,0,0,0,0,0,0,0,0,0,0,0,0,0,0,2,0,40
cschuweil,Charlie,Schuweiler,MIN,9,1,0,0,0,0,0,0,0,0,0,0,0,0,0,0,0,0,0,0,0,0,0,0,0,0,0,0,0,2,0,40
cschuweil,Charlie,Schuweiler,MIN,11,2,0,0,0,0,0,0,0,0,0,0,0,0,0,0,0,0,0,0,0,0,0,0,0,0,0,0,0,2,0,40
cschuweil,Charlie,Schuweiler,MIN,12,1,0,0,0,0,0,0,0,0,0,0,0,0,0,0,0,0,0,0,0,0,0,0,0,0,0,0,0,2,0,40
cschuweil,Charlie,Schuweiler,MIN,13,2,0,0,0,0,0,0,0,0,0,0,0,0,0,0,0,0,0,0,0,0,0,0,0,0,0,0,0,2,0,40
esebastia,Evan,Sebastian,CHI,4,1,0,0,0,0,0,0,0,0,0,0,0,0,0,0,0,0,0,0,0,0,0,0,0,0,0,0,0,0,0,0
esebastia,Evan,Sebastian,CHI,6,1,0,0,0,0,0,0,0,0,0,0,0,0,0,0,0,0,0,0,0,0,0,0,0,0,0,0,0,0,0,0
esebastia,Evan,Sebastian,CHI,7,1,0,0,0,0,0,0,0,0,0,0,0,0,0,0,0,0,0,0,0,0,0,0,0,0,0,0,0,0,0,0
esebastia,Evan,Sebastian,CHI,8,1,0,0,0,0,0,0,0,0,0,0,0,0,0,0,0,0,0,0,0,0,0,0,0,0,0,0,0,0,0,0
esebastia,Evan,Sebastian,CHI,9,2,0,1,0,1,0,0,4,4,0,0,1,3,5,24,0,0,0,0,15,8,0,0,1174,1,1,1,1,1,1,24
esebastia,Evan,Sebastian,CHI,10,2,2,1,0,0,0,0,4,4,0,0,0,5,22,54,0,0,0,0,12,7,0,0,1070,0,3,3,4,4,1,78
esebastia,Evan,Sebastian,CHI,11,2,0,0,0,0,0,0,0,0,0,0,0,0,0,0,0,0,0,0,0,0,0,0,0,0,0,0,4,4,1,78
esebastia,Evan,Sebastian,CHI,13,2,0,0,0,0,0,0,0,0,0,0,0,0,0,0,0,0,0,0,0,0,0,0,0,0,0,0,4,4,1,78
asehgal,Araav,Sehgal,TOR,2,2,0,0,1,0,0,0,3,3,0,0,0,1,38,6,0,0,0,0,16,3,0,0,1070,0,0,0,0,0,0,6
asehgal,Araav,Sehgal,TOR,3,1,0,0,0,0,0,0,4,4,0,0,0,3,42,-12,0,0,0,0,8,2,0,0,542,0,0,0,0,0,0,-6
asehgal,Araav,Sehgal,TOR,6,2,0,2,0,0,0,0,9,9,0,0,0,5,75,12,1,1,0,0,19,5,0,0,1290,0,2,2,2,2,0,6
asehgal,Araav,Sehgal,TOR,7,1,0,0,1,2,0,0,8,8,0,0,0,7,53,21,0,0,0,0,14,5,0,0,879,0,2,0,4,2,2,27
asehgal,Araav,Sehgal,TOR,8,1,0,0,0,0,0,0,0,0,0,0,0,0,0,0,0,0,0,0,0,0,0,0,0,0,0,0,4,2,2,27
asehgal,Araav,Sehgal,TOR,9,2,0,0,0,0,0,0,0,0,0,0,0,0,0,0,0,0,0,0,0,0,0,0,0,0,0,0,4,2,2,27
asehgal,Araav,Sehgal,TOR,10,1,0,0,0,0,0,0,0,0,0,0,0,0,0,0,0,0,0,0,0,0,0,0,0,0,0,0,4,2,2,27
asehgal,Araav,Sehgal,TOR,11,1,0,1,0,0,0,0,8,8,0,0,0,5,55,16,0,0,1,1,12,2,0,0,1027,0,1,1,5,3,2,43
asehgal,Araav,Sehgal,TOR,13,1,0,1,1,0,0,0,14,14,0,0,1,14,82,26,0,0,8,6,8,1,0,0,1117,1,0,1,5,4,2,69
sseidenbe,Shaun,Seidenberger,HTX,1,1,0,0,0,0,0,0,0,0,0,0,0,0,0,0,0,0,0,0,0,0,0,0,0,0,0,0,0,0,0,0
sseidenbe,Shaun,Seidenberger,HTX,2,1,0,0,0,0,0,0,0,0,0,0,0,0,0,0,0,0,0,0,0,0,0,0,0,0,0,0,0,0,0,0
sseidenbe,Shaun,Seidenberger,HTX,3,1,0,0,0,0,0,0,0,0,0,0,0,0,0,0,0,0,0,0,0,0,0,0,0,0,0,0,0,0,0,0
sseidenbe,Shaun,Seidenberger,HTX,4,1,0,0,0,0,0,0,0,0,0,0,0,0,0,0,0,0,0,0,0,0,0,0,0,0,0,0,0,0,0,0
sseidenbe,Shaun,Seidenberger,HTX,6,2,2,0,0,0,0,0,13,13,0,0,0,13,13,93,0,0,5,4,5,1,0,0,932,0,2,2,2,2,0,93
sseidenbe,Shaun,Seidenberger,HTX,8,1,0,0,0,0,0,0,0,0,0,0,0,0,0,0,0,0,0,0,0,0,0,0,0,0,0,0,2,2,0,93
sseidenbe,Shaun,Seidenberger,HTX,9,2,0,2,0,0,0,1,27,30,2,0,0,24,171,71,0,1,12,5,16,0,0,0,2050,2,0,2,2,4,0,164
sseidenbe,Shaun,Seidenberger,HTX,11,1,0,0,0,0,0,0,0,0,0,0,0,0,0,0,0,0,0,0,0,0,0,0,0,0,0,0,2,4,0,164
sseidenbe,Shaun,Seidenberger,HTX,12,1,0,0,0,0,0,0,0,0,0,0,0,0,0,0,0,0,0,0,0,0,0,0,0,0,0,0,2,4,0,164
sseidenbe,Shaun,Seidenberger,HTX,13,1,0,0,1,0,0,0,11,14,3,0,0,8,99,16,1,1,7,3,10,1,0,0,1111,3,-3,0,-1,4,0,180
wselfridg,Will,Selfridge,SLC,1,1,6,2,2,2,0,0,23,24,1,0,0,30,165,313,1,1,22,18,4,2,0,0,1523,1,9,8,9,8,2,313
wselfridg,Will,Selfridge,SLC,2,1,0,0,0,0,0,0,0,0,0,0,0,0,0,0,0,0,0,0,0,0,0,0,0,0,0,0,9,8,2,313
wselfridg,Will,Selfridge,SLC,5,1,0,0,0,0,0,0,0,0,0,0,0,0,0,0,0,0,0,0,0,0,0,0,0,0,0,0,9,8,2,313
wselfridg,Will,Selfridge,SLC,6,2,6,9,5,0,0,0,55,61,5,0,0,67,553,527,2,5,43,30,3,1,0,0,3324,5,10,15,19,23,2,840
wselfridg,Will,Selfridge,SLC,7,1,2,1,0,1,0,0,28,30,2,0,0,32,96,121,1,1,26,20,10,3,0,0,2019,2,2,3,21,26,3,961
wselfridg,Will,Selfridge,SLC,8,1,3,4,3,0,0,0,30,31,0,0,0,34,269,242,2,3,21,19,2,1,0,0,1312,0,7,7,28,33,3,1203
wselfridg,Will,Selfridge,SLC,10,1,6,2,2,1,0,0,22,26,4,0,0,32,91,384,0,1,23,17,0,0,0,0,1320,4,5,8,33,41,4,1587
wselfridg,Will,Selfridge,SLC,11,2,0,0,0,0,0,0,0,0,0,0,0,0,0,0,0,0,0,0,0,0,0,0,0,0,0,0,33,41,4,1587
wselfridg,Will,Selfridge,SLC,12,1,0,0,0,0,0,0,0,0,0,0,0,0,0,0,0,0,0,0,0,0,0,0,0,0,0,0,33,41,4,1587
wselfridg,Will,Selfridge,SLC,13,1,2,2,0,0,0,0,25,26,1,0,0,28,108,200,1,2,16,11,4,2,0,0,1165,1,3,4,36,45,4,1787
ssemrin,Saeed,Semrin,COL,1,1,1,1,1,0,0,0,5,6,1,0,0,7,13,62,0,0,3,1,13,5,0,0,1380,1,1,2,1,2,0,62
ssemrin,Saeed,Semrin,COL,4,2,1,4,2,1,0,0,10,10,0,0,0,10,93,226,0,0,4,4,19,9,0,0,1446,0,6,5,7,7,1,288
ssemrin,Saeed,Semrin,COL,5,1,0,0,0,0,0,0,0,0,0,0,0,0,0,0,0,0,0,0,0,0,0,0,0,0,0,0,7,7,1,288
ssemrin,Saeed,Semrin,COL,6,1,0,0,0,0,0,0,0,0,0,0,0,0,0,0,0,0,0,0,0,0,0,0,0,0,0,0,7,7,1,288
ssemrin,Saeed,Semrin,COL,9,1,0,0,0,0,0,0,0,0,0,0,0,0,0,0,0,0,0,0,0,0,0,0,0,0,0,0,7,7,1,288
ssemrin,Saeed,Semrin,COL,10,2,1,1,0,0,0,0,7,8,1,0,0,8,12,86,0,0,0,0,31,11,0,0,2074,1,1,2,8,9,1,374
ssemrin,Saeed,Semrin,COL,11,1,0,0,0,0,0,0,1,1,0,0,1,1,-4,10,0,0,1,0,11,1,0,0,832,1,-1,0,7,9,1,384
ssemrin,Saeed,Semrin,COL,12,2,0,0,0,0,0,0,0,0,0,0,0,0,0,0,0,0,0,0,0,0,0,0,0,0,0,0,7,9,1,384
ssemrin,Saeed,Semrin,COL,13,1,2,0,0,1,0,0,2,3,1,0,0,4,15,85,0,1,0,0,17,8,0,0,1259,1,2,2,9,11,2,469
bsessums,Beckett,Sessums,ORE,1,1,1,1,1,0,0,0,3,3,0,0,0,3,20,46,0,0,3,1,9,2,0,0,784,0,2,2,2,2,0,46
bsessums,Beckett,Sessums,ORE,2,1,0,0,0,0,0,0,0,0,0,0,0,0,0,0,0,0,0,0,0,0,0,0,0,0,0,0,2,2,0,46
bsessums,Beckett,Sessums,ORE,4,1,0,1,0,2,0,0,2,2,0,0,0,2,32,51,0,0,0,0,9,2,0,0,818,0,3,1,5,3,2,97
bsessums,Beckett,Sessums,ORE,5,2,0,0,0,0,0,0,0,0,0,0,0,0,0,0,0,0,0,0,0,0,0,0,0,0,0,0,5,3,2,97
bsessums,Beckett,Sessums,ORE,6,1,2,1,2,0,0,0,4,4,0,0,1,6,-8,105,0,0,1,1,16,7,0,0,1057,1,2,3,7,6,2,202
bsessums,Beckett,Sessums,ORE,7,1,1,0,1,0,0,0,6,6,0,0,0,7,71,91,0,0,2,1,12,6,0,0,899,0,1,1,8,7,2,293
bsessums,Beckett,Sessums,ORE,8,2,0,0,0,0,0,0,0,0,0,0,0,0,0,0,0,0,0,0,0,0,0,0,0,0,0,0,8,7,2,293
bsessums,Beckett,Sessums,ORE,9,1,4,2,0,0,0,0,6,7,1,0,0,9,81,152,1,1,4,3,20,8,0,0,1459,1,5,6,13,13,2,445
bsessums,Beckett,Sessums,ORE,10,1,1,2,1,0,0,0,10,14,3,0,2,15,51,140,1,2,9,4,15,5,0,0,1205,5,-2,3,11,16,2,585
bsessums,Beckett,Sessums,ORE,13,1,0,0,0,0,0,0,0,0,0,0,0,0,0,0,0,0,0,0,4,0,0,0,232,0,0,0,11,16,2,585
bseuntjen,Bradley,Seuntjens,ATL,1,1,1,0,0,0,0,0,6,6,0,0,0,7,4,6,0,0,0,0,17,3,0,0,847,0,1,1,1,1,0,6
bseuntjen,Bradley,Seuntjens,ATL,3,2,1,0,1,0,0,0,10,11,1,0,0,13,26,15,0,0,0,0,32,8,0,0,2054,1,0,1,1,2,0,21
bseuntjen,Bradley,Seuntjens,ATL,4,2,0,0,2,0,0,0,17,17,0,0,0,17,116,-9,0,0,0,0,28,10,0,0,1726,0,0,0,1,2,0,12
bseuntjen,Bradley,Seuntjens,ATL,5,1,0,0,0,0,0,0,4,4,0,0,0,4,40,2,0,0,0,0,18,5,0,0,1100,0,0,0,1,2,0,14
bseuntjen,Bradley,Seuntjens,ATL,6,2,0,0,1,0,0,0,4,5,1,0,0,5,10,2,0,0,0,0,20,3,0,0,1505,1,-1,0,0,2,0,16
bseuntjen,Bradley,Seuntjens,ATL,7,1,0,0,0,0,0,0,0,0,0,0,0,0,0,0,0,0,0,0,0,0,0,0,0,0,0,0,0,2,0,16
bseuntjen,Bradley,Seuntjens,ATL,9,1,0,0,0,0,0,0,0,0,0,0,0,0,0,0,0,0,0,0,0,0,0,0,0,0,0,0,0,2,0,16
bseuntjen,Bradley,Seuntjens,ATL,10,1,0,0,0,0,0,0,2,2,0,0,0,2,0,8,0,0,0,0,7,4,0,0,419,0,0,0,0,2,0,24
bseuntjen,Bradley,Seuntjens,ATL,12,1,1,0,1,0,0,0,5,5,0,0,0,7,1,37,0,0,0,0,12,4,0,0,698,0,1,1,1,3,0,61
oshaff,Owen,Shaff,LA,2,2,3,0,0,3,0,0,7,9,2,0,1,12,50,197,0,0,9,4,27,3,0,0,2595,3,3,3,3,3,3,197
oshaff,Owen,Shaff,LA,3,1,0,0,1,0,0,0,3,3,0,0,1,3,17,68,0,0,2,0,17,2,0,0,816,1,-1,0,2,3,3,265
oshaff,Owen,Shaff,LA,4,1,0,1,0,0,0,0,6,7,1,0,0,7,24,75,0,1,4,2,14,2,0,0,1478,1,0,1,2,4,3,340
oshaff,Owen,Shaff,LA,6,1,0,0,1,1,0,0,3,3,0,0,0,3,46,36,0,0,1,0,17,4,0,0,1241,0,1,0,3,4,4,376
oshaff,Owen,Shaff,LA,7,1,1,0,0,0,0,0,3,3,0,0,1,4,68,60,1,1,1,0,8,4,0,0,922,1,0,1,3,5,4,436
oshaff,Owen,Shaff,LA,9,2,1,0,0,1,0,0,9,10,1,0,0,11,16,103,0,0,2,0,17,5,0,0,1840,1,1,1,4,6,5,539
oshaff,Owen,Shaff,LA,11,1,0,0,0,1,0,0,0,0,0,0,0,0,0,0,0,0,0,0,11,1,0,0,614,0,1,0,5,6,6,539
oshaff,Owen,Shaff,LA,12,2,0,1,0,2,0,0,3,4,1,0,0,4,50,45,1,1,7,1,23,3,0,0,2175,1,2,1,7,7,8,584
oshaff,Owen,Shaff,LA,13,1,0,1,1,2,0,0,3,4,0,0,0,4,9,26,0,0,0,0,13,6,0,0,586,0,3,1,10,8,10,610
jshanahan,Jack,Shanahan,CHI,4,1,0,1,0,0,0,0,17,17,0,0,1,17,64,78,0,0,14,6,0,0,0,0,1141,1,0,1,0,1,0,78
jshanahan,Jack,Shanahan,CHI,6,1,1,3,1,2,0,0,27,31,4,0,0,24,246,191,2,3,20,13,0,0,0,0,1427,4,2,4,2,5,2,269
jshanahan,Jack,Shanahan,CHI,7,1,4,0,3,1,0,0,16,18,2,0,0,19,101,173,0,1,16,12,0,0,0,0,1432,2,3,4,5,9,3,442
jshanahan,Jack,Shanahan,CHI,8,1,0,0,4,0,0,0,14,15,1,0,0,14,126,119,1,1,14,11,1,1,0,0,697,1,-1,0,4,9,3,561
jshanahan,Jack,Shanahan,CHI,9,2,2,1,2,0,0,0,12,14,1,0,0,14,58,90,0,1,12,8,2,1,0,0,858,1,2,3,6,12,3,651
jshanahan,Jack,Shanahan,CHI,10,2,3,5,3,0,0,0,31,32,0,1,0,31,353,286,2,2,30,24,1,0,1,0,2143,1,7,8,13,20,3,937
jshanahan,Jack,Shanahan,CHI,11,2,0,2,0,0,0,0,14,14,0,0,0,13,67,134,1,1,15,12,1,0,0,0,1155,0,2,2,15,22,3,1071
jshanahan,Jack,Shanahan,CHI,13,2,0,2,5,0,0,0,22,23,1,0,1,21,165,181,0,1,32,26,4,3,1,1,1784,2,0,2,15,24,3,1252
tshapinsk,Theo,Shapinsky,DC,1,1,0,0,0,0,0,0,7,7,0,0,1,6,-17,44,0,0,0,0,15,4,0,0,871,1,-1,0,-1,0,0,44
tshapinsk,Theo,Shapinsky,DC,2,1,0,1,0,0,0,0,7,7,0,0,0,7,46,3,0,0,0,0,12,2,0,0,822,0,1,1,0,1,0,47
tshapinsk,Theo,Shapinsky,DC,3,1,0,0,0,0,0,0,13,13,0,0,0,11,47,-3,0,0,0,0,14,3,0,0,1253,0,0,0,0,1,0,44
tshapinsk,Theo,Shapinsky,DC,4,1,0,0,0,0,0,0,0,0,0,0,0,0,0,0,0,0,0,0,0,0,0,0,0,0,0,0,0,1,0,44
tshapinsk,Theo,Shapinsky,DC,6,2,0,0,0,0,0,0,5,5,0,0,0,5,10,15,0,0,1,0,10,3,0,0,610,0,0,0,0,1,0,59
tshapinsk,Theo,Shapinsky,DC,7,1,0,0,0,0,0,0,0,0,0,0,0,0,0,0,0,0,0,0,0,0,0,0,0,0,0,0,0,1,0,59
tshapinsk,Theo,Shapinsky,DC,8,1,0,1,0,0,0,0,6,6,0,0,0,5,7,8,0,0,0,0,8,2,0,0,500,0,1,1,1,2,0,67
tshapinsk,Theo,Shapinsky,DC,10,1,0,0,0,0,0,0,0,0,0,0,0,0,0,0,0,0,0,0,0,0,0,0,0,0,0,0,1,2,0,67
tshapinsk,Theo,Shapinsky,DC,11,1,0,0,0,0,0,0,0,0,0,0,0,0,0,0,0,0,0,0,0,0,0,0,0,0,0,0,1,2,0,67
tshapinsk,Theo,Shapinsky,DC,12,1,0,0,0,0,0,0,0,0,0,0,0,0,0,0,0,0,0,0,0,0,0,0,0,0,0,0,1,2,0,67
tshapinsk,Theo,Shapinsky,DC,13,1,0,0,0,0,0,0,0,0,0,0,0,0,0,0,0,0,0,0,0,0,0,0,0,0,0,0,1,2,0,67
eshapiro,Everest,Shapiro,NY,1,2,3,1,1,0,0,0,4,4,0,0,0,7,27,124,0,0,15,6,8,2,0,0,1230,0,4,4,4,4,0,124
eshapiro,Everest,Shapiro,NY,3,1,1,1,1,0,0,0,19,19,0,0,2,20,136,165,1,1,19,14,0,0,0,0,1477,2,0,2,4,6,0,289
eshapiro,Everest,Shapiro,NY,4,2,5,2,3,1,0,0,43,44,1,0,1,47,242,448,0,0,50,34,7,1,0,0,3733,2,6,7,10,13,1,737
eshapiro,Everest,Shapiro,NY,5,1,0,0,2,0,0,0,20,21,0,0,1,21,123,167,1,1,18,13,1,0,0,0,1319,1,-1,0,9,13,1,904
eshapiro,Everest,Shapiro,NY,6,1,3,2,2,0,0,0,15,17,2,0,1,20,210,169,2,2,25,19,4,0,0,0,1834,3,2,5,11,18,1,1073
eshapiro,Everest,Shapiro,NY,7,1,4,0,3,0,0,0,21,24,3,0,1,28,54,202,0,1,18,11,2,0,0,0,1438,4,0,4,11,22,1,1275
eshapiro,Everest,Shapiro,NY,8,1,0,0,0,0,0,0,7,7,0,0,0,7,22,127,0,0,9,4,8,2,0,0,1129,0,0,0,11,22,1,1402
eshapiro,Everest,Shapiro,NY,9,1,0,0,0,1,0,0,0,0,0,0,0,0,0,0,0,0,1,0,14,4,0,0,885,0,1,0,12,22,2,1402
eshapiro,Everest,Shapiro,NY,12,1,0,0,1,3,0,0,4,4,0,0,1,4,26,31,0,0,1,0,15,6,0,0,1060,1,2,0,14,22,5,1433
eshapiro,Everest,Shapiro,NY,13,1,1,0,1,0,0,0,2,2,0,0,0,3,4,26,0,0,2,1,12,4,0,0,646,0,1,1,15,23,5,1459
msheppard,Max,Sheppard,NY,1,2,5,4,2,0,0,0,29,31,2,0,0,33,211,302,1,3,36,26,0,0,0,0,2086,2,7,9,7,9,0,302
msheppard,Max,Sheppard,NY,3,1,2,1,1,2,0,0,11,11,0,0,0,14,40,84,1,1,21,15,0,0,0,0,1581,0,5,3,12,12,2,386
msheppard,Max,Sheppard,NY,4,2,1,2,1,1,0,0,23,28,4,0,0,28,63,132,2,3,14,7,17,3,2,0,2378,4,0,3,12,15,3,518
msheppard,Max,Sheppard,NY,5,1,2,1,1,0,0,0,14,14,0,0,1,16,85,73,1,1,17,12,0,0,0,0,1136,1,2,3,14,18,3,591
msheppard,Max,Sheppard,NY,6,1,0,0,0,1,0,0,0,1,1,0,0,0,0,0,0,0,2,0,8,0,8,2,496,1,0,0,14,18,4,591
msheppard,Max,Sheppard,NY,7,1,0,0,1,0,0,0,7,9,2,0,1,8,48,82,0,1,11,6,2,0,2,1,836,3,-3,0,11,18,4,673
msheppard,Max,Sheppard,NY,8,1,0,0,0,0,0,0,0,1,1,0,0,1,0,6,0,1,1,0,4,2,0,0,330,1,-1,0,10,18,4,679
msheppard,Max,Sheppard,NY,9,1,0,0,0,1,0,0,0,2,2,0,0,2,0,10,0,1,1,0,9,5,7,0,689,2,-1,0,9,18,5,689
msheppard,Max,Sheppard,NY,12,1,0,0,0,1,0,0,4,6,1,0,0,6,-13,52,0,2,1,0,12,4,11,1,851,1,0,0,9,18,6,741
msheppard,Max,Sheppard,NY,13,1,0,2,0,0,0,0,6,7,1,0,0,6,92,29,2,3,2,1,9,3,0,0,530,1,1,2,10,20,6,770
eshipway,Emmet,Shipway,SEA,2,1,0,0,0,0,0,0,0,1,1,0,0,0,0,0,0,0,0,0,5,0,0,0,206,1,-1,0,-1,0,0,0
eshipway,Emmet,Shipway,SEA,3,2,2,0,0,0,0,0,8,9,1,0,0,8,50,33,0,0,4,3,22,6,0,0,1722,1,1,2,0,2,0,33
eshipway,Emmet,Shipway,SEA,4,1,2,1,1,0,0,0,23,25,2,0,1,23,252,27,0,0,20,13,0,0,0,0,1633,3,0,3,0,5,0,60
eshipway,Emmet,Shipway,SEA,5,2,1,0,0,1,0,0,3,4,0,0,0,3,5,60,0,0,0,0,12,5,0,0,612,0,2,1,2,6,1,120
eshipway,Emmet,Shipway,SEA,6,1,0,0,0,0,0,0,0,0,0,0,0,0,0,0,0,0,0,0,7,0,0,0,314,0,0,0,2,6,1,120
eshipway,Emmet,Shipway,SEA,7,1,1,0,0,1,0,0,13,15,1,0,0,10,70,8,0,0,1,1,12,2,0,0,1088,1,1,1,3,7,2,128
eshipway,Emmet,Shipway,SEA,9,1,1,0,0,0,0,0,15,15,0,0,0,12,66,63,0,0,6,2,7,3,0,0,922,0,1,1,4,8,2,191
eshipway,Emmet,Shipway,SEA,10,1,3,0,0,0,0,0,14,15,1,0,0,13,129,33,1,1,10,6,12,6,0,0,1528,1,2,3,6,11,2,224
eshipway,Emmet,Shipway,SEA,13,2,6,1,2,2,0,0,52,56,3,0,0,49,270,262,0,1,38,22,3,2,2,0,3087,3,6,7,12,18,4,486
tshope,Thomas,Shope,MIN,3,1,0,0,0,0,0,0,0,0,0,0,0,0,0,0,0,0,0,0,0,0,0,0,0,0,0,0,0,0,0,0
tshope,Thomas,Shope,MIN,4,1,0,0,0,0,0,0,0,0,0,0,0,0,0,0,0,0,0,0,0,0,0,0,0,0,0,0,0,0,0,0
tshope,Thomas,Shope,MIN,5,1,0,0,0,0,0,0,0,0,0,0,0,0,0,0,0,0,0,0,0,0,0,0,0,0,0,0,0,0,0,0
tshope,Thomas,Shope,MIN,6,1,0,0,0,0,0,0,0,0,0,0,0,0,0,0,0,0,0,0,0,0,0,0,0,0,0,0,0,0,0,0
tshope,Thomas,Shope,MIN,7,1,0,0,0,0,0,0,0,0,0,0,0,0,0,0,0,0,0,0,0,0,0,0,0,0,0,0,0,0,0,0
tshope,Thomas,Shope,MIN,8,1,1,1,0,0,0,0,3,3,0,0,0,4,25,99,0,0,0,0,15,7,0,0,1139,0,2,2,2,2,0,99
tshope,Thomas,Shope,MIN,9,1,2,0,2,2,0,0,8,8,0,0,0,8,52,69,0,0,0,0,17,10,0,0,1028,0,4,2,6,4,2,168
tshope,Thomas,Shope,MIN,11,2,2,1,0,4,0,0,9,10,1,0,0,10,60,138,0,0,9,7,23,6,0,0,2456,1,6,3,12,7,6,306
tshope,Thomas,Shope,MIN,12,1,2,0,1,0,0,0,10,11,1,0,0,13,19,157,0,0,9,6,4,2,0,0,1409,1,1,2,13,9,6,463
tshope,Thomas,Shope,MIN,13,2,4,0,2,0,0,0,10,10,0,0,0,14,18,240,0,0,16,11,6,0,0,0,1245,0,4,4,17,13,6,703
jshorey,James,Shorey,LV,1,1,1,1,0,0,0,0,5,7,2,0,0,8,39,117,0,0,15,6,1,0,0,0,906,2,0,2,0,2,0,117
jshorey,James,Shorey,LV,2,1,0,0,0,0,0,0,2,3,1,0,0,3,29,36,0,0,8,5,3,0,0,0,1303,1,-1,0,-1,2,0,153
jshorey,James,Shorey,LV,3,1,0,0,1,0,0,0,5,5,0,0,0,3,8,4,0,0,9,2,2,1,0,0,969,0,0,0,-1,2,0,157
jshorey,James,Shorey,LV,5,1,0,0,0,0,0,0,0,0,0,0,0,0,0,0,0,0,0,0,0,0,0,0,0,0,0,0,-1,2,0,157
jshorey,James,Shorey,LV,7,2,2,0,1,1,0,0,13,15,2,0,0,15,15,81,0,1,31,12,2,0,0,0,2572,2,1,2,0,4,1,238
jshorey,James,Shorey,LV,8,1,0,0,0,1,0,0,5,6,1,0,0,5,16,15,0,0,9,4,4,1,0,0,830,1,0,0,0,4,2,253
jshorey,James,Shorey,LV,9,2,1,0,0,0,0,0,2,4,2,0,0,4,48,100,0,0,20,6,10,0,0,0,2145,2,-1,1,-1,5,2,353
jshorey,James,Shorey,LV,11,1,1,0,0,0,0,0,1,2,1,0,0,3,-17,33,0,0,10,1,7,1,0,0,1032,1,0,1,-1,6,2,386
jshorey,James,Shorey,LV,12,1,0,1,1,0,0,0,7,7,0,0,0,7,35,99,0,0,11,3,9,0,0,0,1165,0,1,1,0,7,2,485
jshorey,James,Shorey,LV,13,1,0,1,1,1,0,0,6,6,0,0,0,6,19,47,0,0,5,2,4,2,0,0,562,0,2,1,2,8,3,532
cshugarma,Casey,Shugarman,SD,2,2,0,0,2,1,0,0,7,8,1,0,0,7,29,99,0,0,1,0,24,8,0,0,2187,1,0,0,0,0,1,99
cshugarma,Casey,Shugarman,SD,3,1,0,0,1,2,0,0,1,1,0,0,0,1,20,12,0,0,1,0,14,4,0,0,1081,0,2,0,2,0,3,111
cshugarma,Casey,Shugarman,SD,4,1,1,0,0,0,0,0,1,1,0,0,0,3,-5,35,0,0,0,0,12,4,0,0,864,0,1,1,3,1,3,146
cshugarma,Casey,Shugarman,SD,5,2,0,0,1,0,0,0,4,4,0,0,0,4,7,24,0,0,0,0,32,5,0,0,2016,0,0,0,3,1,3,170
cshugarma,Casey,Shugarman,SD,6,1,0,2,0,3,0,0,5,5,0,0,0,5,35,52,0,0,1,0,12,7,0,0,675,0,5,2,8,3,6,222
cshugarma,Casey,Shugarman,SD,7,1,0,0,0,0,0,0,1,1,0,0,0,1,-14,7,0,0,1,0,15,2,0,0,1008,0,0,0,8,3,6,229
cshugarma,Casey,Shugarman,SD,8,1,0,0,1,1,0,0,4,5,1,0,0,5,32,30,0,0,0,0,16,6,0,0,871,1,0,0,8,3,7,259
cshugarma,Casey,Shugarman,SD,10,1,0,0,0,2,0,0,4,4,0,0,0,4,23,89,0,0,2,0,12,2,0,0,1079,0,2,0,10,3,9,348
cshugarma,Casey,Shugarman,SD,11,1,0,1,0,1,0,0,1,1,0,0,0,1,6,46,0,0,0,0,12,4,0,0,716,0,2,1,12,4,10,394
cshugarma,Casey,Shugarman,SD,13,1,0,1,0,2,0,0,2,3,1,0,0,3,19,100,0,0,0,0,11,4,0,0,1031,1,2,1,14,5,12,494
jsickles,John,Sickles,COL,1,1,0,0,0,0,0,0,0,0,0,0,0,0,0,0,0,0,0,0,0,0,0,0,0,0,0,0,0,0,0,0
jsickles,John,Sickles,COL,4,2,0,0,0,0,0,0,0,0,0,0,0,0,0,0,0,0,0,0,0,0,0,0,0,0,0,0,0,0,0,0
jsickles,John,Sickles,COL,5,1,0,2,0,1,0,0,7,8,1,0,0,7,126,45,2,2,0,0,9,3,0,0,885,1,2,2,2,2,1,45
jsickles,John,Sickles,COL,6,1,0,0,0,0,0,0,0,0,0,0,0,0,0,0,0,0,0,0,0,0,0,0,0,0,0,0,2,2,1,45
jsickles,John,Sickles,COL,9,1,0,0,0,0,0,0,0,0,0,0,0,0,0,0,0,0,0,0,0,0,0,0,0,0,0,0,2,2,1,45
jsickles,John,Sickles,COL,10,2,0,0,0,0,0,0,0,0,0,0,0,0,0,0,0,0,0,0,0,0,0,0,0,0,0,0,2,2,1,45
jsickles,John,Sickles,COL,11,1,0,0,0,0,0,0,0,0,0,0,0,0,0,0,0,0,0,0,0,0,0,0,0,0,0,0,2,2,1,45
jsickles,John,Sickles,COL,12,2,0,0,0,0,0,0,0,0,0,0,0,0,0,0,0,0,0,0,0,0,0,0,0,0,0,0,2,2,1,45
jsickles,John,Sickles,COL,13,1,0,0,0,0,0,0,0,0,0,0,0,0,0,0,0,0,0,0,0,0,0,0,0,0,0,0,2,2,1,45
ssih,Spencer,Sih,LA,2,2,0,0,0,0,0,0,0,0,0,0,0,0,0,0,0,0,0,0,0,0,0,0,0,0,0,0,0,0,0,0
ssih,Spencer,Sih,LA,3,1,0,0,0,0,0,0,2,2,0,0,0,1,15,12,0,0,0,0,9,1,0,0,834,0,0,0,0,0,0,12
ssih,Spencer,Sih,LA,4,1,0,0,0,0,0,0,4,4,0,0,0,3,-7,-1,0,0,0,0,7,1,0,0,585,0,0,0,0,0,0,11
ssih,Spencer,Sih,LA,6,1,0,0,0,0,0,0,0,0,0,0,0,0,0,0,0,0,0,0,0,0,0,0,0,0,0,0,0,0,0,11
ssih,Spencer,Sih,LA,7,1,0,0,0,0,0,0,0,0,0,0,0,0,0,0,0,0,0,0,0,0,0,0,0,0,0,0,0,0,0,11
ssih,Spencer,Sih,LA,9,2,0,0,0,0,0,0,0,0,0,0,0,0,0,0,0,0,0,0,0,0,0,0,0,0,0,0,0,0,0,11
ssih,Spencer,Sih,LA,11,1,0,0,0,0,0,0,0,0,0,0,0,0,0,0,0,0,0,0,0,0,0,0,0,0,0,0,0,0,0,11
ssih,Spencer,Sih,LA,12,2,0,0,0,0,0,0,0,0,0,0,0,0,0,0,0,0,0,0,0,0,0,0,0,0,0,0,0,0,0,11
ssih,Spencer,Sih,LA,13,1,0,0,0,0,0,0,2,2,0,0,0,2,19,-16,0,0,0,0,13,4,0,0,1119,0,0,0,0,0,0,-5
bsimmons,Benjamin,Simmons,NY,1,2,0,1,1,3,0,0,11,11,0,0,0,10,30,140,0,0,2,2,30,12,0,0,2083,0,4,1,4,1,3,140
bsimmons,Benjamin,Simmons,NY,3,1,2,0,0,1,0,0,0,0,0,0,0,2,0,58,0,0,0,0,16,2,0,0,1051,0,3,2,7,3,4,198
bsimmons,Benjamin,Simmons,NY,4,2,0,1,1,0,0,0,9,9,0,0,0,10,57,86,0,0,3,2,32,5,0,0,2296,0,1,1,8,4,4,284
bsimmons,Benjamin,Simmons,NY,5,1,0,0,0,0,0,0,0,0,0,0,0,0,0,0,0,0,0,0,0,0,0,0,0,0,0,0,8,4,4,284
bsimmons,Benjamin,Simmons,NY,6,1,0,0,0,0,0,0,1,1,0,0,0,1,-9,-14,0,0,0,0,18,3,0,0,920,0,0,0,8,4,4,270
bsimmons,Benjamin,Simmons,NY,7,1,0,0,0,0,0,0,0,1,0,0,0,1,0,10,0,0,1,0,15,2,0,0,954,0,0,0,8,4,4,280
bsimmons,Benjamin,Simmons,NY,8,1,0,0,0,0,0,0,0,0,0,0,0,0,0,0,0,0,0,0,0,0,0,0,0,0,0,0,8,4,4,280
bsimmons,Benjamin,Simmons,NY,9,1,0,0,0,0,0,0,0,0,0,0,0,0,0,0,0,0,0,0,14,3,0,0,919,0,0,0,8,4,4,280
bsimmons,Benjamin,Simmons,NY,12,1,1,0,2,0,0,0,5,5,0,0,0,6,70,82,1,1,2,1,16,7,0,0,1189,0,1,1,9,5,4,362
bsimmons,Benjamin,Simmons,NY,13,1,1,0,1,0,0,0,6,6,0,0,0,6,45,20,0,0,0,0,13,3,0,0,974,0,1,1,10,6,4,382
zsinger,Zach,Singer,BOS,1,1,0,0,0,0,0,0,0,0,0,0,0,0,0,0,0,0,0,0,0,0,0,0,0,0,0,0,0,0,0,0
zsinger,Zach,Singer,BOS,3,1,1,0,0,1,0,0,3,4,1,0,0,3,-2,22,0,0,0,0,8,2,0,0,750,1,1,1,1,1,1,22
zsinger,Zach,Singer,BOS,4,2,0,0,0,0,0,0,5,5,0,0,0,5,-5,29,0,0,0,0,7,4,0,0,615,0,0,0,1,1,1,51
zsinger,Zach,Singer,BOS,7,1,0,0,0,0,0,0,0,0,0,0,0,0,0,0,0,0,0,0,0,0,0,0,0,0,0,0,1,1,1,51
zsinger,Zach,Singer,BOS,8,2,0,0,0,0,0,0,0,0,0,0,0,0,0,0,0,0,0,0,0,0,0,0,0,0,0,0,1,1,1,51
zsinger,Zach,Singer,BOS,9,1,0,0,0,0,0,0,0,0,0,0,0,0,0,0,0,0,0,0,0,0,0,0,0,0,0,0,1,1,1,51
zsinger,Zach,Singer,BOS,11,1,0,0,0,0,0,0,0,0,0,0,0,0,0,0,0,0,0,0,0,0,0,0,0,0,0,0,1,1,1,51
zsinger,Zach,Singer,BOS,12,2,0,0,0,0,0,0,0,0,0,0,0,0,0,0,0,0,0,0,0,0,0,0,0,0,0,0,1,1,1,51
zsinger,Zach,Singer,BOS,13,1,0,0,0,0,0,0,0,0,0,0,0,0,0,0,0,0,0,0,0,0,0,0,0,0,0,0,1,1,1,51
asjogren,Andrew,Sjogren,CHI,4,1,1,0,0,0,0,0,3,3,0,0,0,3,-4,28,0,0,3,2,10,6,0,0,1133,0,1,1,1,1,0,28
asjogren,Andrew,Sjogren,CHI,6,1,0,0,0,1,0,0,1,1,0,0,0,0,-8,0,0,0,0,0,4,1,0,0,235,0,1,0,2,1,1,28
asjogren,Andrew,Sjogren,CHI,7,1,0,1,0,0,0,0,5,5,0,0,0,5,18,62,0,0,1,1,11,3,0,0,836,0,1,1,3,2,1,90
asjogren,Andrew,Sjogren,CHI,8,1,1,1,0,1,0,0,2,2,0,0,0,2,19,31,0,0,0,0,3,2,0,0,300,0,3,2,6,4,2,121
asjogren,Andrew,Sjogren,CHI,9,2,0,0,0,0,0,0,0,0,0,0,0,0,0,0,0,0,0,0,0,0,0,0,0,0,0,0,6,4,2,121
asjogren,Andrew,Sjogren,CHI,10,2,0,1,1,1,0,0,14,16,2,0,0,14,77,101,0,0,0,0,17,12,0,0,1192,2,0,1,6,5,3,222
asjogren,Andrew,Sjogren,CHI,11,2,1,0,0,0,0,0,1,1,0,0,0,2,0,30,0,0,0,0,16,9,0,0,1089,0,1,1,7,6,3,252
asjogren,Andrew,Sjogren,CHI,13,2,3,0,1,1,0,0,4,4,0,0,0,7,-6,148,0,0,0,0,12,7,0,0,869,0,4,3,11,9,4,400
esjostrom,Eric,Sjostrom,MAD,2,2,0,0,0,0,0,0,0,0,0,0,0,0,0,0,0,0,0,0,0,0,0,0,0,0,0,0,0,0,0,0
esjostrom,Eric,Sjostrom,MAD,4,1,0,0,0,0,0,0,0,0,0,0,0,0,0,0,0,0,0,0,0,0,0,0,0,0,0,0,0,0,0,0
esjostrom,Eric,Sjostrom,MAD,6,1,0,0,0,0,0,0,0,0,0,0,0,0,0,0,0,0,0,0,0,0,0,0,0,0,0,0,0,0,0,0
esjostrom,Eric,Sjostrom,MAD,7,1,0,0,0,0,0,0,0,0,0,0,0,0,0,0,0,0,0,0,0,0,0,0,0,0,0,0,0,0,0,0
esjostrom,Eric,Sjostrom,MAD,8,2,1,4,2,0,0,0,26,26,0,0,0,24,407,111,2,2,19,15,1,0,0,0,1237,0,5,5,5,5,0,111
esjostrom,Eric,Sjostrom,MAD,10,2,2,4,4,1,0,0,44,45,1,0,1,37,401,44,2,2,30,24,0,0,0,0,2536,2,5,6,10,11,1,155
esjostrom,Eric,Sjostrom,MAD,11,1,1,3,0,0,0,0,26,28,2,0,0,27,265,113,2,2,11,9,0,0,0,0,1017,2,2,4,12,15,1,268
esjostrom,Eric,Sjostrom,MAD,12,1,0,2,0,1,0,0,41,42,0,0,0,35,471,-67,3,3,13,8,0,0,0,0,1368,0,3,2,15,17,2,201
esjostrom,Eric,Sjostrom,MAD,13,1,1,2,3,0,0,0,32,34,2,0,0,27,303,83,2,3,19,11,0,0,0,0,1583,2,1,3,16,20,2,284
zslayton,Zach,Slayton,COL,1,1,1,1,2,0,0,0,19,20,1,0,0,20,136,121,1,1,16,12,1,0,0,0,1359,1,1,2,1,2,0,121
zslayton,Zach,Slayton,COL,4,2,2,2,3,0,0,0,54,61,5,0,0,50,300,238,1,5,38,20,0,0,0,0,2813,5,-1,4,0,6,0,359
zslayton,Zach,Slayton,COL,5,1,2,0,3,0,0,0,19,22,2,0,1,17,132,19,0,2,14,11,0,0,0,0,815,3,-1,2,-1,8,0,378
zslayton,Zach,Slayton,COL,6,1,1,0,1,0,0,0,4,4,0,0,0,4,3,28,0,0,2,2,15,6,0,0,937,0,1,1,0,9,0,406
zslayton,Zach,Slayton,COL,9,1,0,1,0,1,0,0,8,8,0,0,0,7,23,24,0,0,0,0,14,7,11,1,1071,0,2,1,2,10,1,430
zslayton,Zach,Slayton,COL,10,2,1,2,2,1,0,0,37,39,2,0,1,34,149,95,0,1,5,4,23,9,17,0,2180,3,1,3,3,13,2,525
zslayton,Zach,Slayton,COL,11,1,0,0,0,0,0,0,7,7,0,0,0,6,45,11,0,0,3,0,10,1,9,1,617,0,0,0,3,13,2,536
zslayton,Zach,Slayton,COL,12,2,0,0,0,0,0,0,0,0,0,0,0,0,0,0,0,0,0,0,0,0,0,0,0,0,0,0,3,13,2,536
zslayton,Zach,Slayton,COL,13,1,2,2,0,0,0,0,10,11,0,0,0,12,59,71,1,1,2,2,13,9,0,0,1191,0,4,4,7,17,2,607
dsmith,Dalton,Smith,HTX,1,1,0,0,0,0,0,0,0,0,0,0,0,0,0,0,0,0,0,0,0,0,0,0,0,0,0,0,0,0,0,0
dsmith,Dalton,Smith,HTX,2,1,0,0,2,1,0,0,18,20,2,0,0,16,77,-4,0,0,9,4,3,2,0,0,985,2,-1,0,-1,0,1,-4
dsmith,Dalton,Smith,HTX,3,1,1,2,2,0,0,0,38,40,2,0,0,26,339,92,0,0,23,16,1,0,0,0,1383,2,1,3,0,3,1,88
dsmith,Dalton,Smith,HTX,4,1,3,2,3,0,0,0,33,35,2,0,0,34,290,-18,1,2,16,11,5,4,0,0,1316,2,3,5,3,8,1,70
dsmith,Dalton,Smith,HTX,6,2,0,0,0,0,0,0,0,0,0,0,0,0,0,0,0,0,0,0,0,0,0,0,0,0,0,0,3,8,1,70
dsmith,Dalton,Smith,HTX,8,1,0,0,0,0,0,0,0,0,0,0,0,0,0,0,0,0,0,0,0,0,0,0,0,0,0,0,3,8,1,70
dsmith,Dalton,Smith,HTX,9,2,0,0,0,0,0,0,0,0,0,0,0,0,0,0,0,0,0,0,0,0,0,0,0,0,0,0,3,8,1,70
dsmith,Dalton,Smith,HTX,11,1,0,0,0,0,0,0,0,0,0,0,0,0,0,0,0,0,0,0,0,0,0,0,0,0,0,0,3,8,1,70
dsmith,Dalton,Smith,HTX,12,1,1,5,2,0,0,0,64,65,0,0,0,58,335,129,1,1,19,15,3,1,0,0,1461,0,6,6,9,14,1,199
dsmith,Dalton,Smith,HTX,13,1,0,0,0,0,0,0,0,0,0,0,0,0,0,0,0,0,0,0,0,0,0,0,0,0,0,0,9,14,1,199
rsmith3,Rutledge,Smith,CAR,3,1,2,1,2,1,0,0,45,45,0,0,0,38,164,179,0,0,19,14,0,0,0,0,1611,0,4,3,4,3,1,179
rsmith3,Rutledge,Smith,CAR,4,2,7,3,2,1,0,0,92,94,1,0,2,72,590,205,0,0,42,26,1,0,0,0,2752,3,8,10,12,13,2,384
rsmith3,Rutledge,Smith,CAR,5,1,5,3,2,0,0,0,50,50,0,0,0,46,328,178,0,0,29,22,0,0,0,0,1647,0,8,8,20,21,2,562
rsmith3,Rutledge,Smith,CAR,6,2,5,2,4,0,0,0,89,93,3,0,0,87,377,297,0,0,34,29,5,0,0,0,2955,3,4,7,24,28,2,859
rsmith3,Rutledge,Smith,CAR,7,1,6,3,4,0,0,0,28,29,1,0,0,29,171,234,0,0,20,17,0,0,0,0,1391,1,8,9,32,37,2,1093
rsmith3,Rutledge,Smith,CAR,9,1,0,0,0,0,0,0,0,0,0,0,0,0,0,0,0,0,0,0,0,0,0,0,0,0,0,0,32,37,2,1093
rsmith3,Rutledge,Smith,CAR,10,1,0,0,0,0,0,0,0,0,0,0,0,0,0,0,0,0,0,0,0,0,0,0,0,0,0,0,32,37,2,1093
rsmith3,Rutledge,Smith,CAR,12,1,4,0,1,1,0,0,19,20,1,0,0,20,26,234,0,0,22,16,1,0,0,0,1409,1,4,4,36,41,3,1327
rsmith3,Rutledge,Smith,CAR,13,2,0,0,0,0,0,0,0,0,0,0,0,0,0,0,0,0,0,0,0,0,0,0,0,0,0,0,36,41,3,1327
msnead,Michael,Snead,CAR,3,1,0,0,0,0,0,0,0,0,0,0,0,0,0,0,0,0,0,0,0,0,0,0,0,0,0,0,0,0,0,0
msnead,Michael,Snead,CAR,4,2,0,0,0,0,0,0,0,0,0,0,0,0,0,0,0,0,0,0,0,0,0,0,0,0,0,0,0,0,0,0
msnead,Michael,Snead,CAR,5,1,0,0,0,0,0,0,0,0,0,0,0,0,0,0,0,0,0,0,0,0,0,0,0,0,0,0,0,0,0,0
msnead,Michael,Snead,CAR,6,2,0,0,0,0,0,0,0,0,0,0,0,0,0,0,0,0,0,0,0,0,0,0,0,0,0,0,0,0,0,0
msnead,Michael,Snead,CAR,7,1,0,0,0,0,0,0,0,0,0,0,0,0,0,0,0,0,0,0,0,0,0,0,0,0,0,0,0,0,0,0
msnead,Michael,Snead,CAR,9,1,0,0,0,0,0,0,0,0,0,0,0,0,0,0,0,0,0,0,0,0,0,0,0,0,0,0,0,0,0,0
msnead,Michael,Snead,CAR,10,1,0,0,0,0,0,0,0,0,0,0,0,0,0,0,0,0,0,0,0,0,0,0,0,0,0,0,0,0,0,0
msnead,Michael,Snead,CAR,12,1,0,0,0,0,0,0,0,0,0,0,0,0,0,0,0,0,0,0,0,0,0,0,0,0,0,0,0,0,0,0
msnead,Michael,Snead,CAR,13,2,0,0,0,0,0,0,1,1,0,0,0,1,5,3,0,0,0,0,27,8,0,0,1724,0,0,0,0,0,0,3
qsnider,Quinn,Snider,MIN,3,1,0,0,0,0,0,0,0,0,0,0,0,0,0,0,0,0,0,0,0,0,0,0,0,0,0,0,0,0,0,0
qsnider,Quinn,Snider,MIN,4,1,2,0,1,0,0,0,3,3,0,0,0,5,-1,116,0,0,13,6,0,0,0,0,988,0,2,2,2,2,0,116
qsnider,Quinn,Snider,MIN,5,1,0,0,0,0,0,0,0,0,0,0,0,0,0,0,0,0,0,0,0,0,0,0,0,0,0,0,2,2,0,116
qsnider,Quinn,Snider,MIN,6,1,4,1,1,0,0,0,6,6,0,0,0,10,-4,232,0,0,15,11,0,0,0,0,898,0,5,5,7,7,0,348
qsnider,Quinn,Snider,MIN,7,1,0,0,0,0,0,0,0,0,0,0,0,0,0,0,0,0,0,0,0,0,0,0,0,0,0,0,7,7,0,348
qsnider,Quinn,Snider,MIN,8,1,0,0,0,0,0,0,0,0,0,0,0,0,0,0,0,0,0,0,0,0,0,0,0,0,0,0,7,7,0,348
qsnider,Quinn,Snider,MIN,9,1,0,0,0,0,0,0,0,0,0,0,0,0,0,0,0,0,0,0,0,0,0,0,0,0,0,0,7,7,0,348
qsnider,Quinn,Snider,MIN,11,2,2,0,0,0,0,0,5,5,0,1,1,8,13,90,0,0,16,4,0,0,0,0,1196,2,0,2,7,9,0,438
qsnider,Quinn,Snider,MIN,12,1,0,0,0,0,0,0,0,0,0,0,0,0,0,0,0,0,0,0,0,0,0,0,0,0,0,0,7,9,0,438
qsnider,Quinn,Snider,MIN,13,2,0,0,0,0,0,0,0,0,0,0,0,0,0,0,0,0,0,0,0,0,0,0,0,0,0,0,7,9,0,438
msommer,Morgan,Sommer,OAK,1,1,0,0,0,0,0,0,0,0,0,0,0,0,0,0,0,0,0,0,0,0,0,0,0,0,0,0,0,0,0,0
msommer,Morgan,Sommer,OAK,2,2,2,0,0,4,0,0,5,6,1,0,0,3,-43,64,0,0,1,1,26,11,0,0,2144,1,5,2,5,2,4,64
msommer,Morgan,Sommer,OAK,3,1,0,0,0,0,0,0,0,0,0,0,0,1,0,11,0,0,0,0,12,1,0,0,573,0,0,0,5,2,4,75
msommer,Morgan,Sommer,OAK,5,1,0,0,0,0,0,0,2,2,0,0,0,2,6,13,0,0,0,0,11,6,6,0,1097,0,0,0,5,2,4,88
msommer,Morgan,Sommer,OAK,6,1,0,0,0,1,0,0,0,0,0,0,0,0,0,0,0,0,0,0,13,2,0,0,852,0,1,0,6,2,5,88
msommer,Morgan,Sommer,OAK,7,1,0,0,0,0,0,0,0,0,0,0,0,0,0,0,0,0,0,0,0,0,0,0,0,0,0,0,6,2,5,88
msommer,Morgan,Sommer,OAK,8,1,2,0,0,0,0,0,6,7,1,0,1,9,36,115,0,1,12,10,1,1,0,0,807,2,0,2,6,4,5,203
msommer,Morgan,Sommer,OAK,9,1,1,0,1,0,0,0,2,2,0,0,0,3,17,60,0,0,12,12,0,0,0,0,631,0,1,1,7,5,5,263
msommer,Morgan,Sommer,OAK,10,2,0,0,0,0,0,0,0,0,0,0,0,0,0,0,0,0,0,0,0,0,0,0,0,0,0,0,7,5,5,263
msommer,Morgan,Sommer,OAK,13,1,0,0,0,0,0,0,0,0,0,0,0,0,0,0,0,0,0,0,0,0,0,0,0,0,0,0,7,5,5,263
lsovellfe,Leo,Sovell-Fernandez,MIN,3,1,0,0,3,0,0,0,21,21,0,0,0,18,201,159,0,0,18,16,0,0,0,0,930,0,0,0,0,0,0,159
lsovellfe,Leo,Sovell-Fernandez,MIN,4,1,0,1,1,2,0,0,19,23,4,0,0,18,100,66,0,0,13,4,0,0,0,0,1242,4,-1,1,-1,1,2,225
lsovellfe,Leo,Sovell-Fernandez,MIN,5,1,0,0,0,0,0,0,0,0,0,0,0,0,0,0,0,0,0,0,0,0,0,0,0,0,0,0,-1,1,2,225
lsovellfe,Leo,Sovell-Fernandez,MIN,6,1,1,0,0,0,0,0,23,23,0,0,0,14,167,75,0,0,16,12,0,0,0,0,1211,0,1,1,0,2,2,300
lsovellfe,Leo,Sovell-Fernandez,MIN,7,1,0,0,4,0,0,0,14,14,0,0,0,10,132,8,0,0,15,9,0,0,0,0,982,0,0,0,0,2,2,308
lsovellfe,Leo,Sovell-Fernandez,MIN,8,1,0,1,1,1,0,0,15,17,2,0,0,11,105,115,0,0,12,8,7,4,0,0,1518,2,0,1,0,3,3,423
lsovellfe,Leo,Sovell-Fernandez,MIN,9,1,2,1,1,0,0,0,12,13,1,0,1,12,83,57,0,0,12,9,6,3,0,0,1026,2,1,3,1,6,3,480
lsovellfe,Leo,Sovell-Fernandez,MIN,11,2,3,1,3,0,0,0,49,50,1,0,0,43,237,223,0,0,25,17,7,2,0,0,2214,1,3,4,4,10,3,703
lsovellfe,Leo,Sovell-Fernandez,MIN,12,1,0,0,3,0,0,0,30,31,1,0,1,28,160,94,0,0,13,9,0,0,0,0,1432,2,-2,0,2,10,3,797
lsovellfe,Leo,Sovell-Fernandez,MIN,13,2,1,3,3,0,0,0,35,35,0,0,0,29,263,66,0,0,22,14,9,6,0,0,1554,0,4,4,6,14,3,863
tspinks,Trenton,Spinks,ATL,1,1,0,0,0,0,0,0,0,0,0,0,0,0,0,0,0,0,0,0,0,0,0,0,0,0,0,0,0,0,0,0
tspinks,Trenton,Spinks,ATL,3,2,0,1,0,0,0,0,2,3,1,0,0,3,31,34,0,0,0,0,16,5,0,0,1187,1,0,1,0,1,0,34
tspinks,Trenton,Spinks,ATL,4,2,0,0,0,0,0,0,0,0,0,0,0,0,0,0,0,0,0,0,0,0,0,0,0,0,0,0,0,1,0,34
tspinks,Trenton,Spinks,ATL,5,1,0,0,0,0,0,0,0,0,0,0,0,0,0,0,0,0,0,0,0,0,0,0,0,0,0,0,0,1,0,34
tspinks,Trenton,Spinks,ATL,6,2,0,0,0,0,0,0,0,0,0,0,0,0,0,0,0,0,0,0,0,0,0,0,0,0,0,0,0,1,0,34
tspinks,Trenton,Spinks,ATL,7,1,0,0,0,0,0,0,0,0,0,0,0,1,0,2,0,0,0,0,5,0,0,0,424,0,0,0,0,1,0,36
tspinks,Trenton,Spinks,ATL,9,1,0,0,0,0,0,0,0,0,0,0,0,0,0,0,0,0,0,0,0,0,0,0,0,0,0,0,0,1,0,36
tspinks,Trenton,Spinks,ATL,10,1,0,0,0,0,0,0,0,0,0,0,0,0,0,0,0,0,0,0,0,0,0,0,0,0,0,0,0,1,0,36
tspinks,Trenton,Spinks,ATL,12,1,0,0,0,0,0,0,0,0,0,0,0,0,0,0,0,0,0,0,0,0,0,0,0,0,0,0,0,1,0,36
wstpierre,William,St-Pierre,MTL,1,1,1,0,1,0,0,0,4,4,0,0,0,5,33,68,0,0,10,4,6,0,0,0,891,0,1,1,1,1,0,68
wstpierre,William,St-Pierre,MTL,3,2,0,0,0,0,0,0,0,0,0,0,0,0,0,0,0,0,0,0,0,0,0,0,0,0,0,0,1,1,0,68
wstpierre,William,St-Pierre,MTL,4,1,0,0,0,0,0,0,0,0,0,0,0,0,0,0,0,0,0,0,0,0,0,0,0,0,0,0,1,1,0,68
wstpierre,William,St-Pierre,MTL,6,1,1,2,1,1,0,0,3,3,0,0,0,3,27,97,0,0,1,1,12,6,0,0,1050,0,4,3,5,4,1,165
wstpierre,William,St-Pierre,MTL,7,2,1,2,1,1,0,0,10,11,1,0,0,12,63,208,0,0,11,5,25,9,0,0,2271,1,3,3,8,7,2,373
wstpierre,William,St-Pierre,MTL,8,1,1,0,0,1,0,0,2,3,1,0,0,4,13,48,0,0,1,1,12,3,0,0,1199,1,1,1,9,8,3,421
wstpierre,William,St-Pierre,MTL,10,2,5,1,2,0,0,0,20,20,0,0,0,26,78,397,0,0,12,7,24,7,0,0,2413,0,6,6,15,14,3,818
wstpierre,William,St-Pierre,MTL,11,1,1,0,1,0,0,0,1,1,0,0,0,2,15,14,0,0,5,4,11,1,0,0,934,0,1,1,16,15,3,832
wstpierre,William,St-Pierre,MTL,13,1,4,0,1,1,0,0,15,15,0,0,0,19,32,221,0,0,19,16,1,0,0,0,1349,0,5,4,21,19,4,1053
cstanish,Caleb,Stanish,PIT,2,1,0,0,0,0,0,0,0,0,0,0,0,0,0,0,0,0,0,0,0,0,0,0,0,0,0,0,0,0,0,0
cstanish,Caleb,Stanish,PIT,3,1,1,0,0,1,0,0,0,0,0,0,0,1,0,19,0,0,0,0,7,1,0,0,383,0,2,1,2,1,1,19
cstanish,Caleb,Stanish,PIT,4,1,0,0,0,0,0,0,0,0,0,0,0,0,0,0,0,0,0,0,0,0,0,0,0,0,0,0,2,1,1,19
cstanish,Caleb,Stanish,PIT,5,1,0,0,0,1,0,0,0,0,0,0,0,0,0,0,0,0,1,0,6,1,0,0,308,0,1,0,3,1,2,19
cstanish,Caleb,Stanish,PIT,6,1,0,0,0,0,0,0,0,0,0,0,0,0,0,0,0,0,0,0,0,0,0,0,0,0,0,0,3,1,2,19
cstanish,Caleb,Stanish,PIT,7,1,0,0,0,0,0,0,0,0,0,0,0,0,0,0,0,0,0,0,0,0,0,0,0,0,0,0,3,1,2,19
cstanish,Caleb,Stanish,PIT,8,1,0,0,0,0,0,0,0,0,0,0,0,0,0,0,0,0,0,0,8,1,0,0,480,0,0,0,3,1,2,19
cstanish,Caleb,Stanish,PIT,9,2,0,0,0,0,0,0,1,1,0,0,0,1,-10,21,0,0,2,0,8,1,0,0,744,0,0,0,3,1,2,40
cstanish,Caleb,Stanish,PIT,10,1,0,1,0,0,0,0,2,2,0,0,0,2,2,59,0,0,0,0,12,5,0,0,793,0,1,1,4,2,2,99
cstanish,Caleb,Stanish,PIT,11,1,0,0,1,0,0,0,1,1,0,0,0,1,22,7,0,0,0,0,10,1,0,0,702,0,0,0,4,2,2,106
cstanish,Caleb,Stanish,PIT,13,1,0,0,0,0,0,0,0,0,0,0,0,0,0,0,0,0,0,0,0,0,0,0,0,0,0,0,4,2,2,106
sstark,Sam,Stark,MAD,2,2,0,1,1,0,0,0,7,7,0,0,0,7,187,67,3,3,8,4,15,5,0,0,1475,0,1,1,1,1,0,67
sstark,Sam,Stark,MAD,4,1,0,1,1,0,0,0,5,5,0,0,1,5,13,100,0,0,4,3,12,4,1,0,1008,1,0,1,1,2,0,167
sstark,Sam,Stark,MAD,6,1,0,1,1,1,0,0,6,6,0,0,1,5,76,82,1,1,4,4,13,7,2,0,1133,1,1,1,2,3,1,249
sstark,Sam,Stark,MAD,7,1,0,1,0,1,0,0,6,6,0,0,0,6,-2,36,0,0,4,1,10,3,2,0,1081,0,2,1,4,4,2,285
sstark,Sam,Stark,MAD,8,2,1,1,1,4,0,0,8,10,2,0,1,10,64,137,0,0,11,8,32,11,9,0,2677,3,3,2,7,6,6,422
sstark,Sam,Stark,MAD,10,2,2,1,1,3,0,0,10,10,0,0,0,10,120,160,0,0,4,4,28,11,7,0,2111,0,6,3,13,9,9,582
sstark,Sam,Stark,MAD,11,1,2,0,2,0,0,0,9,9,0,0,0,7,54,72,0,0,0,0,18,12,3,0,1028,0,2,2,15,11,9,654
sstark,Sam,Stark,MAD,12,1,0,0,0,0,0,0,0,0,0,0,0,0,0,0,0,0,0,0,0,0,0,0,0,0,0,0,15,11,9,654
sstark,Sam,Stark,MAD,13,1,1,3,0,1,0,0,6,8,1,0,0,8,78,101,1,2,6,2,13,5,0,0,1139,1,4,4,19,15,10,755
msteiner,Mitchell,Steiner,LA,2,2,1,2,2,1,0,0,56,57,1,1,0,55,106,383,0,0,26,14,12,4,0,0,2884,2,2,3,2,3,1,383
msteiner,Mitchell,Steiner,LA,3,1,0,0,1,1,0,0,7,9,2,0,0,9,14,66,0,0,6,2,15,0,3,0,1201,2,-1,0,1,3,2,449
msteiner,Mitchell,Steiner,LA,4,1,0,0,0,0,0,0,0,0,0,0,0,0,0,0,0,0,0,0,0,0,0,0,0,0,0,0,1,3,2,449
msteiner,Mitchell,Steiner,LA,6,1,1,0,0,1,1,0,3,3,0,0,0,3,19,11,0,0,3,1,14,5,1,0,1426,0,2,1,3,4,3,460
msteiner,Mitchell,Steiner,LA,7,1,1,1,1,0,0,0,20,20,0,0,0,17,81,102,0,0,9,3,11,4,0,0,1343,0,2,2,5,6,3,562
msteiner,Mitchell,Steiner,LA,9,2,2,2,1,1,0,0,34,37,1,0,0,37,135,202,1,2,11,3,28,9,9,0,2958,1,4,4,9,10,4,764
msteiner,Mitchell,Steiner,LA,11,1,0,2,0,0,0,0,19,20,1,0,0,17,67,110,0,1,5,3,14,4,0,0,1160,1,1,2,10,12,4,874
msteiner,Mitchell,Steiner,LA,12,2,0,2,4,4,0,0,21,24,3,0,0,19,137,89,0,0,13,6,28,7,2,0,2538,3,3,2,13,14,8,963
msteiner,Mitchell,Steiner,LA,13,1,0,0,0,0,0,0,0,0,0,0,0,0,0,0,0,0,0,0,0,0,0,0,0,0,0,0,13,14,8,963
cstenseth,Cole,Stenseth,SLC,1,1,0,0,0,0,0,0,0,0,0,0,0,0,0,0,0,0,0,0,0,0,0,0,0,0,0,0,0,0,0,0
cstenseth,Cole,Stenseth,SLC,2,1,1,0,0,2,0,0,1,1,0,0,0,2,10,33,0,0,0,0,13,5,0,0,1145,0,3,1,3,1,2,33
cstenseth,Cole,Stenseth,SLC,5,1,0,0,1,0,0,0,2,2,0,0,0,2,15,25,0,0,0,0,9,3,0,0,603,0,0,0,3,1,2,58
cstenseth,Cole,Stenseth,SLC,6,2,0,0,0,0,0,0,0,0,0,0,0,0,0,0,0,0,0,0,0,0,0,0,0,0,0,0,3,1,2,58
cstenseth,Cole,Stenseth,SLC,7,1,0,0,0,0,0,0,0,1,1,0,0,1,0,-7,0,0,0,0,7,0,0,0,265,1,-1,0,2,1,2,51
cstenseth,Cole,Stenseth,SLC,8,1,0,0,0,0,0,0,0,0,0,0,0,0,0,0,0,0,0,0,0,0,0,0,0,0,0,0,2,1,2,51
cstenseth,Cole,Stenseth,SLC,10,1,0,0,0,0,0,0,0,0,0,0,0,0,0,0,0,0,0,0,0,0,0,0,0,0,0,0,2,1,2,51
cstenseth,Cole,Stenseth,SLC,11,2,0,0,0,0,0,0,0,0,0,0,0,0,0,0,0,0,0,0,0,0,0,0,0,0,0,0,2,1,2,51
cstenseth,Cole,Stenseth,SLC,12,1,0,0,0,0,0,0,0,0,0,0,0,0,0,0,0,0,0,0,0,0,0,0,0,0,0,0,2,1,2,51
cstenseth,Cole,Stenseth,SLC,13,1,0,0,0,0,0,0,0,0,0,0,0,0,0,0,0,0,0,0,0,0,0,0,0,0,0,0,2,1,2,51
jsteslick,Jake,Steslicki,CHI,4,1,0,0,0,0,0,0,0,0,0,0,0,0,0,0,0,0,0,0,0,0,0,0,0,0,0,0,0,0,0,0
jsteslick,Jake,Steslicki,CHI,6,1,0,1,0,0,0,0,7,7,0,0,0,7,22,38,0,0,0,0,15,3,0,0,1445,0,1,1,1,1,0,38
jsteslick,Jake,Steslicki,CHI,7,1,0,0,1,0,0,0,20,20,0,0,0,20,18,-37,0,0,0,0,11,4,0,0,745,0,0,0,1,1,0,1
jsteslick,Jake,Steslicki,CHI,8,1,0,0,0,0,0,0,0,0,0,0,0,0,0,0,0,0,0,0,0,0,0,0,0,0,0,0,1,1,0,1
jsteslick,Jake,Steslicki,CHI,9,2,1,1,2,0,0,0,17,17,0,0,0,17,49,82,0,0,0,0,22,12,0,0,1406,0,2,2,3,3,0,83
jsteslick,Jake,Steslicki,CHI,10,2,2,3,3,2,0,0,35,37,1,0,0,31,124,120,0,0,2,1,37,21,0,0,2945,1,6,5,9,8,2,203
jsteslick,Jake,Steslicki,CHI,11,2,0,1,0,1,0,0,19,19,0,0,0,18,27,10,0,0,2,2,13,8,1,0,1209,0,2,1,11,9,3,213
jsteslick,Jake,Steslicki,CHI,13,2,1,1,0,0,0,0,10,10,0,0,0,9,15,45,0,0,0,0,15,8,0,0,968,0,2,2,13,11,3,258
cstillwel,Conner,Stillwell,ORE,1,1,1,1,2,0,0,0,17,18,1,0,0,19,88,162,0,0,18,7,0,0,0,0,1115,1,1,2,1,2,0,162
cstillwel,Conner,Stillwell,ORE,2,1,2,0,0,0,0,0,5,5,0,0,0,6,30,67,0,0,13,4,0,0,0,0,903,0,2,2,3,4,0,229
cstillwel,Conner,Stillwell,ORE,4,1,0,1,1,0,0,0,11,11,0,0,0,11,76,99,1,1,10,7,0,0,0,0,445,0,1,1,4,5,0,328
cstillwel,Conner,Stillwell,ORE,5,2,1,2,3,2,0,0,35,38,3,0,1,37,140,461,0,0,29,17,2,0,0,0,2311,4,1,3,5,8,2,789
cstillwel,Conner,Stillwell,ORE,6,1,1,0,1,0,0,0,9,11,2,0,0,10,60,122,0,0,12,6,0,0,0,0,878,2,-1,1,4,9,2,911
cstillwel,Conner,Stillwell,ORE,7,1,0,2,2,1,0,0,15,16,1,0,0,15,82,244,0,0,12,9,0,0,0,0,817,1,2,2,6,11,3,1155
cstillwel,Conner,Stillwell,ORE,8,2,2,4,3,0,0,0,24,31,5,0,1,30,104,461,1,1,34,13,3,0,0,0,2177,6,0,6,6,17,3,1616
cstillwel,Conner,Stillwell,ORE,9,1,1,0,0,0,0,0,13,15,1,0,1,16,116,114,0,0,13,6,0,0,0,0,1308,2,-1,1,5,18,3,1730
cstillwel,Conner,Stillwell,ORE,10,1,0,0,0,0,0,0,0,0,0,0,0,0,0,0,0,0,0,0,0,0,0,0,0,0,0,0,5,18,3,1730
cstillwel,Conner,Stillwell,ORE,13,1,0,3,0,0,0,0,13,13,0,0,1,13,104,162,1,1,21,10,1,0,0,0,1456,1,2,3,7,21,3,1892
pstobbe,Porter,Stobbe,LV,1,1,0,0,0,0,0,0,0,0,0,0,0,0,0,0,0,0,0,0,0,0,0,0,0,0,0,0,0,0,0,0
pstobbe,Porter,Stobbe,LV,2,1,0,0,0,0,0,0,0,0,0,0,0,0,0,0,0,0,0,0,0,0,0,0,0,0,0,0,0,0,0,0
pstobbe,Porter,Stobbe,LV,3,1,1,0,0,1,0,0,0,2,2,0,0,3,0,14,0,1,7,2,6,1,0,0,624,2,0,1,0,1,1,14
pstobbe,Porter,Stobbe,LV,5,1,0,0,0,0,0,0,2,5,2,0,0,5,-8,45,0,1,0,0,10,2,0,0,1065,2,-2,0,-2,1,1,59
pstobbe,Porter,Stobbe,LV,7,2,3,4,1,0,0,0,9,10,1,0,0,13,94,298,2,3,21,13,10,1,0,0,1811,1,6,7,4,8,1,357
pstobbe,Porter,Stobbe,LV,8,1,2,4,0,0,0,0,11,11,0,0,0,13,156,204,3,3,21,11,2,0,0,0,1277,0,6,6,10,14,1,561
pstobbe,Porter,Stobbe,LV,9,2,1,5,1,1,0,0,16,25,9,0,1,21,157,243,2,5,39,12,0,0,0,0,2534,10,-3,6,7,20,2,804
pstobbe,Porter,Stobbe,LV,11,1,0,2,2,2,0,0,15,19,3,0,1,19,233,61,2,4,24,9,0,0,0,0,1648,4,0,2,7,22,4,865
pstobbe,Porter,Stobbe,LV,12,1,1,2,0,1,0,0,6,9,3,0,1,10,93,57,1,3,24,8,0,0,0,0,1431,4,0,3,7,25,5,922
pstobbe,Porter,Stobbe,LV,13,1,5,1,0,0,0,0,3,7,4,0,0,12,33,249,0,1,17,10,0,0,0,0,1169,4,2,6,9,31,5,1171
ostonehou,Oscar,Stonehouse,TOR,2,2,1,0,2,2,0,0,17,18,1,0,0,16,38,169,0,0,10,8,23,3,0,0,2631,1,2,1,2,1,2,169
ostonehou,Oscar,Stonehouse,TOR,3,1,1,0,1,0,0,0,6,6,0,0,0,6,24,50,0,0,1,1,21,3,0,0,1198,0,1,1,3,2,2,219
ostonehou,Oscar,Stonehouse,TOR,6,2,2,1,3,1,0,0,10,10,0,0,0,12,50,124,0,0,5,4,29,4,0,0,2148,0,4,3,7,5,3,343
ostonehou,Oscar,Stonehouse,TOR,7,1,4,0,0,0,0,0,6,6,0,0,0,9,57,152,0,0,3,2,16,10,0,0,969,0,4,4,11,9,3,495
ostonehou,Oscar,Stonehouse,TOR,8,1,0,0,0,0,0,0,0,0,0,0,0,0,0,0,0,0,0,0,0,0,0,0,0,0,0,0,11,9,3,495
ostonehou,Oscar,Stonehouse,TOR,9,2,0,0,0,0,0,0,0,0,0,0,0,0,0,0,0,0,0,0,0,0,0,0,0,0,0,0,11,9,3,495
ostonehou,Oscar,Stonehouse,TOR,10,1,0,0,0,0,0,0,0,0,0,0,0,0,0,0,0,0,0,0,0,0,0,0,0,0,0,0,11,9,3,495
ostonehou,Oscar,Stonehouse,TOR,11,1,1,3,0,1,0,0,5,6,1,0,0,6,25,212,0,0,1,1,21,6,0,0,1421,1,4,4,15,13,4,707
ostonehou,Oscar,Stonehouse,TOR,13,1,2,0,2,0,0,0,7,7,0,0,0,9,41,123,0,0,8,6,12,1,0,0,1112,0,2,2,17,15,4,830
nstoppel,Nolan,Stoppel,SEA,2,1,0,0,0,0,0,0,0,0,0,0,0,0,0,0,0,0,0,0,0,0,0,0,0,0,0,0,0,0,0,0
nstoppel,Nolan,Stoppel,SEA,3,2,0,0,0,0,0,0,0,0,0,0,0,0,0,0,0,0,0,0,0,0,0,0,0,0,0,0,0,0,0,0
nstoppel,Nolan,Stoppel,SEA,4,1,0,0,0,0,0,0,0,1,1,0,0,1,0,12,0,1,0,0,7,2,0,0,567,1,-1,0,-1,0,0,12
nstoppel,Nolan,Stoppel,SEA,5,2,0,0,0,0,0,0,0,0,0,0,0,0,0,0,0,0,0,0,0,0,0,0,0,0,0,0,-1,0,0,12
nstoppel,Nolan,Stoppel,SEA,6,1,0,0,0,0,0,0,0,0,0,0,0,0,0,0,0,0,0,0,0,0,0,0,0,0,0,0,-1,0,0,12
nstoppel,Nolan,Stoppel,SEA,7,1,0,0,0,0,0,0,0,0,0,0,0,0,0,0,0,0,0,0,0,0,0,0,0,0,0,0,-1,0,0,12
nstoppel,Nolan,Stoppel,SEA,9,1,0,0,0,0,0,0,0,0,0,0,0,0,0,0,0,0,0,0,0,0,0,0,0,0,0,0,-1,0,0,12
nstoppel,Nolan,Stoppel,SEA,10,1,0,0,0,0,0,0,0,0,0,0,0,0,0,0,0,0,0,0,0,0,0,0,0,0,0,0,-1,0,0,12
nstoppel,Nolan,Stoppel,SEA,13,2,0,0,0,0,0,0,0,0,0,0,0,0,0,0,0,0,1,0,8,1,0,0,483,0,0,0,-1,0,0,12
lstorm,Lucas,Storm,PIT,2,1,0,0,0,0,0,0,0,0,0,0,0,0,0,0,0,0,0,0,0,0,0,0,0,0,0,0,0,0,0,0
lstorm,Lucas,Storm,PIT,3,1,0,0,0,0,0,0,0,0,0,0,0,0,0,0,0,0,0,0,0,0,0,0,0,0,0,0,0,0,0,0
lstorm,Lucas,Storm,PIT,4,1,0,0,0,0,0,0,0,0,0,0,0,0,0,0,0,0,0,0,0,0,0,0,0,0,0,0,0,0,0,0
lstorm,Lucas,Storm,PIT,5,1,0,0,0,0,0,0,0,0,0,0,0,0,0,0,0,0,0,0,0,0,0,0,0,0,0,0,0,0,0,0
lstorm,Lucas,Storm,PIT,6,1,0,1,0,0,0,0,4,4,0,0,0,4,6,31,0,0,1,0,6,2,0,0,488,0,1,1,1,1,0,31
lstorm,Lucas,Storm,PIT,7,1,0,0,0,0,0,0,0,0,0,0,0,0,0,0,0,0,0,0,0,0,0,0,0,0,0,0,1,1,0,31
lstorm,Lucas,Storm,PIT,8,1,0,1,0,1,0,0,6,6,0,0,0,5,96,39,1,1,4,2,12,3,0,0,1197,0,2,1,3,2,1,70
lstorm,Lucas,Storm,PIT,9,2,3,4,2,1,0,0,29,31,2,0,1,34,149,233,2,2,37,20,9,2,0,0,2828,3,5,7,8,9,2,303
lstorm,Lucas,Storm,PIT,10,1,3,0,1,0,0,0,10,10,0,0,0,13,84,197,0,0,22,13,2,1,0,0,1487,0,3,3,11,12,2,500
lstorm,Lucas,Storm,PIT,11,1,3,3,2,2,0,0,17,19,2,0,0,22,77,303,0,2,23,16,1,0,0,0,1764,2,6,6,17,18,4,803
lstorm,Lucas,Storm,PIT,13,1,2,2,0,0,0,0,22,24,2,0,0,26,114,161,0,0,23,8,2,1,0,0,1392,2,2,4,19,22,4,964
cstoughto,Calvin,Stoughton,BOS,1,1,2,3,4,0,0,0,32,35,2,0,0,37,172,286,0,0,16,13,5,4,1,0,1233,2,3,5,3,5,0,286
cstoughto,Calvin,Stoughton,BOS,3,1,3,3,2,1,0,0,24,26,1,0,0,29,269,274,2,2,12,10,3,1,0,0,1246,1,6,6,9,11,1,560
cstoughto,Calvin,Stoughton,BOS,4,2,0,0,0,0,0,0,0,0,0,0,0,0,0,0,0,0,0,0,0,0,0,0,0,0,0,0,9,11,1,560
cstoughto,Calvin,Stoughton,BOS,7,1,1,3,3,1,0,0,26,26,0,0,0,26,277,52,3,3,14,13,6,2,0,0,1457,0,5,4,14,15,2,612
cstoughto,Calvin,Stoughton,BOS,8,2,5,9,6,3,0,0,78,84,6,0,0,88,439,616,0,3,45,35,6,1,0,0,3549,6,11,14,25,29,5,1228
cstoughto,Calvin,Stoughton,BOS,9,1,0,0,0,0,0,0,0,0,0,0,0,0,0,0,0,0,0,0,0,0,0,0,0,0,0,0,25,29,5,1228
cstoughto,Calvin,Stoughton,BOS,11,1,1,1,1,0,0,0,11,12,1,0,0,13,90,95,1,2,14,8,1,0,0,0,1277,1,1,2,26,31,5,1323
cstoughto,Calvin,Stoughton,BOS,12,2,3,3,4,1,0,0,55,60,5,0,0,63,341,318,2,3,28,18,5,1,0,0,3010,5,2,6,28,37,6,1641
cstoughto,Calvin,Stoughton,BOS,13,1,2,2,2,0,0,0,24,28,4,0,0,30,118,180,0,1,21,14,2,0,0,0,1547,4,0,4,28,41,6,1821
nstuart1,Nayland,Stuart,LV,1,1,0,0,0,0,0,0,1,1,0,0,0,1,-2,3,0,0,4,2,3,1,0,0,311,0,0,0,0,0,0,3
nstuart1,Nayland,Stuart,LV,2,1,1,0,0,0,0,0,3,5,2,0,0,6,19,0,0,1,7,2,5,1,0,0,1170,2,-1,1,-1,1,0,3
nstuart1,Nayland,Stuart,LV,3,1,0,0,0,0,0,0,0,0,0,0,0,0,0,0,0,0,0,0,0,0,0,0,0,0,0,0,-1,1,0,3
nstuart1,Nayland,Stuart,LV,5,1,0,0,0,0,0,0,0,0,0,0,0,0,0,0,0,0,0,0,0,0,0,0,0,0,0,0,-1,1,0,3
nstuart1,Nayland,Stuart,LV,7,2,0,0,0,0,0,0,0,0,0,0,0,0,0,0,0,0,0,0,0,0,0,0,0,0,0,0,-1,1,0,3
nstuart1,Nayland,Stuart,LV,8,1,1,1,0,0,0,0,8,9,1,0,0,10,32,117,0,1,7,4,7,2,0,0,925,1,1,2,0,3,0,120
nstuart1,Nayland,Stuart,LV,9,2,0,1,0,1,0,0,10,11,1,0,2,9,122,72,1,1,18,6,12,1,6,2,2057,3,-1,1,-1,4,1,192
nstuart1,Nayland,Stuart,LV,11,1,0,1,0,0,0,0,1,1,0,0,0,0,12,0,0,0,1,0,7,1,0,0,360,0,1,1,0,5,1,192
nstuart1,Nayland,Stuart,LV,12,1,0,1,0,0,0,0,4,6,2,0,0,6,44,50,0,1,5,1,3,0,2,0,439,2,-1,1,-1,6,1,242
nstuart1,Nayland,Stuart,LV,13,1,0,0,0,1,0,0,0,0,0,0,0,0,0,0,0,0,0,0,8,1,0,0,392,0,1,0,0,6,2,242
hstuck,Hudson,Stuck,LA,2,2,0,0,0,0,0,0,0,0,0,0,0,0,0,0,0,0,0,0,0,0,0,0,0,0,0,0,0,0,0,0
hstuck,Hudson,Stuck,LA,3,1,0,0,0,0,0,0,0,0,0,0,0,0,0,0,0,0,0,0,0,0,0,0,0,0,0,0,0,0,0,0
hstuck,Hudson,Stuck,LA,4,1,0,0,0,0,0,0,11,11,0,0,0,10,56,-2,0,0,3,1,12,2,0,0,1182,0,0,0,0,0,0,-2
hstuck,Hudson,Stuck,LA,6,1,0,0,0,0,0,0,0,0,0,0,0,0,0,0,0,0,0,0,0,0,0,0,0,0,0,0,0,0,0,-2
hstuck,Hudson,Stuck,LA,7,1,1,0,0,0,0,0,5,5,0,0,0,6,22,93,0,0,0,0,7,2,0,0,853,0,1,1,1,1,0,91
hstuck,Hudson,Stuck,LA,9,2,0,0,0,0,0,0,13,13,0,0,0,11,60,37,0,0,0,0,18,6,0,0,1880,0,0,0,1,1,0,128
hstuck,Hudson,Stuck,LA,11,1,0,0,0,0,0,0,0,0,0,0,0,0,0,0,0,0,0,0,0,0,0,0,0,0,0,0,1,1,0,128
hstuck,Hudson,Stuck,LA,12,2,3,0,1,1,0,0,5,5,0,0,0,7,57,153,0,0,7,3,17,3,0,0,1971,0,4,3,5,4,1,281
hstuck,Hudson,Stuck,LA,13,1,0,0,0,0,0,0,0,0,0,0,0,0,0,0,0,0,0,0,0,0,0,0,0,0,0,0,5,4,1,281
ksuelflow,Kyle,Suelflow,MIN,3,1,0,0,0,0,0,0,0,0,0,0,0,0,0,0,0,0,0,0,0,0,0,0,0,0,0,0,0,0,0,0
ksuelflow,Kyle,Suelflow,MIN,4,1,0,0,0,0,0,0,0,0,0,0,0,0,0,0,0,0,0,0,0,0,0,0,0,0,0,0,0,0,0,0
ksuelflow,Kyle,Suelflow,MIN,5,1,0,0,0,0,0,0,0,0,0,0,0,0,0,0,0,0,0,0,0,0,0,0,0,0,0,0,0,0,0,0
ksuelflow,Kyle,Suelflow,MIN,6,1,0,0,0,0,0,0,0,0,0,0,0,0,0,0,0,0,0,0,0,0,0,0,0,0,0,0,0,0,0,0
ksuelflow,Kyle,Suelflow,MIN,7,1,1,1,0,2,0,0,2,2,0,0,0,3,55,53,1,1,0,0,12,5,0,0,1009,0,4,2,4,2,2,53
ksuelflow,Kyle,Suelflow,MIN,8,1,1,0,0,1,0,0,1,2,1,0,0,4,3,72,0,1,0,0,13,6,0,0,1046,1,1,1,5,3,3,125
ksuelflow,Kyle,Suelflow,MIN,9,1,0,0,0,0,0,0,0,0,0,0,0,0,0,0,0,0,0,0,0,0,0,0,0,0,0,0,5,3,3,125
ksuelflow,Kyle,Suelflow,MIN,11,2,3,2,2,1,0,0,7,8,1,0,0,10,49,171,0,0,8,7,24,10,0,0,1937,1,5,5,10,8,4,296
ksuelflow,Kyle,Suelflow,MIN,12,1,0,0,0,0,0,0,0,0,0,0,0,0,0,0,0,0,0,0,0,0,0,0,0,0,0,0,10,8,4,296
ksuelflow,Kyle,Suelflow,MIN,13,2,2,1,0,1,0,0,4,6,2,0,0,8,49,102,1,2,7,4,13,4,0,0,1113,2,2,3,12,11,5,398
nsullivan,Noah,Sullivan,SEA,2,1,0,0,0,0,0,0,0,0,0,0,0,0,0,0,0,0,0,0,0,0,0,0,0,0,0,0,0,0,0,0
nsullivan,Noah,Sullivan,SEA,3,2,0,0,0,0,0,0,0,0,0,0,0,0,0,0,0,0,0,0,0,0,0,0,0,0,0,0,0,0,0,0
nsullivan,Noah,Sullivan,SEA,4,1,0,0,0,0,0,0,0,0,0,0,0,0,0,0,0,0,0,0,0,0,0,0,0,0,0,0,0,0,0,0
nsullivan,Noah,Sullivan,SEA,5,2,0,0,0,0,0,0,0,0,0,0,0,0,0,0,0,0,0,0,0,0,0,0,0,0,0,0,0,0,0,0
nsullivan,Noah,Sullivan,SEA,6,1,0,0,0,0,0,0,0,0,0,0,0,0,0,0,0,0,0,0,0,0,0,0,0,0,0,0,0,0,0,0
nsullivan,Noah,Sullivan,SEA,7,1,0,0,0,0,0,0,0,0,0,0,0,0,0,0,0,0,0,0,0,0,0,0,0,0,0,0,0,0,0,0
nsullivan,Noah,Sullivan,SEA,9,1,0,0,0,0,0,0,0,0,0,0,0,0,0,0,0,0,0,0,0,0,0,0,0,0,0,0,0,0,0,0
nsullivan,Noah,Sullivan,SEA,10,1,0,0,0,0,0,0,0,0,0,0,0,0,0,0,0,0,0,0,0,0,0,0,0,0,0,0,0,0,0,0
nsullivan,Noah,Sullivan,SEA,13,2,0,0,0,0,0,0,0,0,0,0,0,0,0,0,0,0,0,0,0,0,0,0,0,0,0,0,0,0,0,0
rsung,Reggie,Sung,SD,2,2,2,1,0,0,0,0,3,4,1,0,0,6,21,41,0,0,0,0,25,11,0,0,1718,1,2,3,2,3,0,41
rsung,Reggie,Sung,SD,3,1,0,0,0,0,0,0,0,0,0,0,0,0,0,0,0,0,0,0,0,0,0,0,0,0,0,0,2,3,0,41
rsung,Reggie,Sung,SD,4,1,2,0,2,0,0,0,4,5,1,0,0,6,56,23,0,0,0,0,11,4,0,0,815,1,1,2,3,5,0,64
rsung,Reggie,Sung,SD,5,2,1,0,0,1,0,0,0,0,0,0,0,1,0,7,0,0,0,0,20,3,0,0,1410,0,2,1,5,6,1,71
rsung,Reggie,Sung,SD,6,1,0,0,0,0,0,0,1,2,1,0,0,2,2,18,0,0,0,0,12,3,0,0,975,1,-1,0,4,6,1,89
rsung,Reggie,Sung,SD,7,1,0,0,0,0,0,0,0,0,0,0,0,0,0,0,0,0,0,0,0,0,0,0,0,0,0,0,4,6,1,89
rsung,Reggie,Sung,SD,8,1,0,0,0,0,0,0,0,0,0,0,0,0,0,0,0,0,0,0,0,0,0,0,0,0,0,0,4,6,1,89
rsung,Reggie,Sung,SD,10,1,0,1,0,0,0,0,2,2,0,0,0,1,11,4,0,0,0,0,9,2,0,0,367,0,1,1,5,7,1,93
rsung,Reggie,Sung,SD,11,1,1,0,1,0,0,0,2,2,0,0,0,2,33,21,0,0,0,0,11,4,0,0,722,0,1,1,6,8,1,114
rsung,Reggie,Sung,SD,13,1,0,0,0,0,0,0,0,0,0,0,0,0,0,0,0,0,0,0,0,0,0,0,0,0,0,0,6,8,1,114
dsurrell,Doc,Surrell,IND,2,1,0,0,0,0,0,0,0,0,0,0,0,0,0,0,0,0,0,0,0,0,0,0,0,0,0,0,0,0,0,0
dsurrell,Doc,Surrell,IND,3,1,0,0,0,0,0,0,0,0,0,0,0,0,0,0,0,0,0,0,0,0,0,0,0,0,0,0,0,0,0,0
dsurrell,Doc,Surrell,IND,5,1,0,0,0,0,0,0,0,0,0,0,0,0,0,0,0,0,0,0,0,0,0,0,0,0,0,0,0,0,0,0
dsurrell,Doc,Surrell,IND,6,1,0,0,0,0,0,0,0,0,0,0,0,0,0,0,0,0,0,0,0,0,0,0,0,0,0,0,0,0,0,0
dsurrell,Doc,Surrell,IND,7,1,0,0,0,0,0,0,0,0,0,0,0,0,0,0,0,0,0,0,0,0,0,0,0,0,0,0,0,0,0,0
dsurrell,Doc,Surrell,IND,8,1,0,0,0,0,0,0,0,0,0,0,0,0,0,0,0,0,0,0,0,0,0,0,0,0,0,0,0,0,0,0
dsurrell,Doc,Surrell,IND,9,1,0,0,0,0,0,0,0,0,0,0,0,0,0,0,0,0,0,0,0,0,0,0,0,0,0,0,0,0,0,0
dsurrell,Doc,Surrell,IND,10,2,0,1,0,0,0,0,1,3,1,0,1,2,11,6,0,0,5,2,10,1,0,0,1154,2,-1,1,-1,1,0,6
dsurrell,Doc,Surrell,IND,11,1,0,0,0,0,0,0,0,0,0,0,0,0,0,0,0,0,0,0,0,0,0,0,0,0,0,0,-1,1,0,6
dsurrell,Doc,Surrell,IND,12,1,0,0,0,0,0,0,0,0,0,0,0,0,0,0,0,0,0,0,0,0,0,0,0,0,0,0,-1,1,0,6
dsurrell,Doc,Surrell,IND,13,1,0,0,0,0,0,0,0,0,0,0,0,0,0,0,0,0,0,0,0,0,0,0,0,0,0,0,-1,1,0,6
dsuvorov,Dmitry,Suvorov,NY,1,2,1,2,0,0,0,0,6,6,0,0,0,7,50,86,0,0,1,0,24,13,0,0,1142,0,3,3,3,3,0,86
dsuvorov,Dmitry,Suvorov,NY,3,1,1,0,0,1,0,0,0,0,0,0,0,1,0,2,0,0,0,0,9,3,0,0,869,0,2,1,5,4,1,88
dsuvorov,Dmitry,Suvorov,NY,4,2,0,0,1,0,0,0,11,11,0,0,1,11,69,26,0,0,0,0,19,4,0,0,1244,1,-1,0,4,4,1,114
dsuvorov,Dmitry,Suvorov,NY,5,1,0,0,0,0,0,0,1,1,0,0,0,0,13,0,0,0,0,0,12,0,0,0,894,0,0,0,4,4,1,114
dsuvorov,Dmitry,Suvorov,NY,6,1,0,0,0,0,0,0,1,1,0,0,1,1,6,8,0,0,0,0,7,2,0,0,368,1,-1,0,3,4,1,122
dsuvorov,Dmitry,Suvorov,NY,7,1,0,0,0,0,0,0,0,0,0,0,0,0,0,0,0,0,0,0,0,0,0,0,0,0,0,0,3,4,1,122
dsuvorov,Dmitry,Suvorov,NY,8,1,0,0,0,0,0,0,0,0,0,0,0,0,0,0,0,0,0,0,0,0,0,0,0,0,0,0,3,4,1,122
dsuvorov,Dmitry,Suvorov,NY,9,1,0,0,0,0,0,0,0,0,0,0,0,0,0,0,0,0,0,0,0,0,0,0,0,0,0,0,3,4,1,122
dsuvorov,Dmitry,Suvorov,NY,12,1,0,0,0,0,0,0,0,0,0,0,0,0,0,0,0,0,0,0,0,0,0,0,0,0,0,0,3,4,1,122
dsuvorov,Dmitry,Suvorov,NY,13,1,1,0,0,0,0,0,1,1,0,0,0,2,8,39,0,0,0,0,13,3,0,0,974,0,1,1,4,5,1,161
sswafford,Skyler,Swafford,DET,3,1,0,0,0,0,0,0,0,0,0,0,0,0,0,0,0,0,0,0,0,0,0,0,0,0,0,0,0,0,0,0
sswafford,Skyler,Swafford,DET,5,1,0,0,0,0,0,0,0,0,0,0,0,0,0,0,0,0,0,0,0,0,0,0,0,0,0,0,0,0,0,0
sswafford,Skyler,Swafford,DET,7,1,0,0,0,0,0,0,0,0,0,0,0,0,0,0,0,0,0,0,0,0,0,0,0,0,0,0,0,0,0,0
sswafford,Skyler,Swafford,DET,8,1,0,0,0,0,0,0,4,5,0,0,0,4,39,-8,0,0,2,1,11,3,0,0,836,0,0,0,0,0,0,-8
sswafford,Skyler,Swafford,DET,9,2,0,0,0,0,0,0,6,7,1,0,1,6,59,-25,0,1,5,2,6,0,0,0,995,2,-2,0,-2,0,0,-33
sswafford,Skyler,Swafford,DET,10,2,1,1,3,1,0,0,37,40,3,0,1,28,193,60,0,0,45,19,0,0,0,0,2907,4,-1,2,-3,2,1,27
sswafford,Skyler,Swafford,DET,11,1,1,0,0,0,0,0,5,5,0,0,0,3,17,34,0,0,3,0,11,3,0,0,1091,0,1,1,-2,3,1,61
sswafford,Skyler,Swafford,DET,12,1,0,0,1,0,0,0,4,5,0,0,0,3,6,9,0,0,2,1,6,2,0,0,611,0,0,0,-2,3,1,70
sswafford,Skyler,Swafford,DET,13,2,1,0,1,1,0,0,60,65,5,0,0,51,308,44,0,0,54,20,0,0,0,0,2760,5,-3,1,-5,4,2,114
dswanson,Drew,Swanson,CAR,3,1,0,1,0,1,0,0,1,1,0,0,0,1,3,52,0,0,2,1,12,3,0,0,856,0,2,1,2,1,1,52
dswanson,Drew,Swanson,CAR,4,2,0,0,0,0,0,0,0,0,0,0,0,0,0,0,0,0,0,0,6,0,0,0,395,0,0,0,2,1,1,52
dswanson,Drew,Swanson,CAR,5,1,0,0,0,0,0,0,1,1,0,0,0,1,7,8,0,0,0,0,19,4,0,0,1038,0,0,0,2,1,1,60
dswanson,Drew,Swanson,CAR,6,2,0,0,0,0,0,0,0,0,0,0,0,0,0,0,0,0,0,0,0,0,0,0,0,0,0,0,2,1,1,60
dswanson,Drew,Swanson,CAR,7,1,0,0,0,0,0,0,0,0,0,0,0,0,0,0,0,0,0,0,0,0,0,0,0,0,0,0,2,1,1,60
dswanson,Drew,Swanson,CAR,9,1,0,0,0,0,0,0,0,0,0,0,0,0,0,0,0,0,0,0,0,0,0,0,0,0,0,0,2,1,1,60
dswanson,Drew,Swanson,CAR,10,1,0,0,0,3,0,0,0,0,0,0,0,0,0,0,0,0,0,0,18,3,0,0,1113,0,3,0,5,1,4,60
dswanson,Drew,Swanson,CAR,12,1,1,0,1,2,0,0,2,2,0,0,0,2,1,28,0,0,1,0,8,1,0,0,689,0,3,1,8,2,6,88
dswanson,Drew,Swanson,CAR,13,2,1,1,0,4,0,0,5,5,0,0,0,6,21,112,0,0,3,1,33,12,0,0,2050,0,6,2,14,4,10,200
isweeney,Ian,Sweeney,SEA,2,1,0,1,0,0,0,0,9,10,1,0,0,6,98,29,1,1,2,1,17,4,9,0,1293,1,0,1,0,1,0,29
isweeney,Ian,Sweeney,SEA,3,2,0,0,0,0,0,0,0,0,0,0,0,0,0,0,0,0,0,0,0,0,0,0,0,0,0,0,0,1,0,29
isweeney,Ian,Sweeney,SEA,4,1,1,1,0,1,0,0,13,17,3,0,0,9,98,63,0,1,5,3,17,5,5,1,1757,3,0,2,0,3,1,92
isweeney,Ian,Sweeney,SEA,5,2,0,1,1,0,0,0,12,16,3,0,0,10,148,28,1,3,2,1,37,7,24,2,2580,3,-2,1,-2,4,1,120
isweeney,Ian,Sweeney,SEA,6,1,0,0,1,0,0,0,13,14,1,0,0,10,144,34,1,1,2,1,15,3,11,0,1213,1,-1,0,-3,4,1,154
isweeney,Ian,Sweeney,SEA,7,1,0,0,1,2,0,0,14,18,3,0,1,12,152,30,1,1,2,2,14,8,2,0,1212,4,-2,0,-5,4,3,184
isweeney,Ian,Sweeney,SEA,9,1,1,0,1,0,0,0,13,14,1,0,0,14,71,1,0,0,1,1,12,3,2,0,792,1,0,1,-5,5,3,185
isweeney,Ian,Sweeney,SEA,10,1,0,0,0,0,0,0,0,0,0,0,0,0,0,0,0,0,0,0,0,0,0,0,0,0,0,0,-5,5,3,185
isweeney,Ian,Sweeney,SEA,13,2,0,3,0,0,0,0,9,9,0,0,0,6,91,11,0,0,1,1,16,5,7,1,942,0,3,3,-2,8,3,196
rtakayama,Ryan,Takayama,OAK,1,1,0,0,0,0,0,0,0,0,0,0,0,0,0,0,0,0,0,0,0,0,0,0,0,0,0,0,0,0,0,0
rtakayama,Ryan,Takayama,OAK,2,2,0,0,0,0,0,0,0,0,0,0,0,0,0,0,0,0,0,0,0,0,0,0,0,0,0,0,0,0,0,0
rtakayama,Ryan,Takayama,OAK,3,1,0,0,0,0,0,0,0,0,0,0,0,0,0,0,0,0,0,0,0,0,0,0,0,0,0,0,0,0,0,0
rtakayama,Ryan,Takayama,OAK,5,1,0,0,0,1,0,0,2,3,1,0,0,2,11,3,0,0,1,0,13,3,0,0,1128,1,0,0,0,0,1,3
rtakayama,Ryan,Takayama,OAK,6,1,0,0,0,0,0,0,0,0,0,0,0,0,0,0,0,0,0,0,0,0,0,0,0,0,0,0,0,0,1,3
rtakayama,Ryan,Takayama,OAK,7,1,0,0,0,0,0,0,0,0,0,0,0,0,0,0,0,0,0,0,0,0,0,0,0,0,0,0,0,0,1,3
rtakayama,Ryan,Takayama,OAK,8,1,0,0,0,0,0,0,0,0,0,0,0,0,0,0,0,0,0,0,0,0,0,0,0,0,0,0,0,0,1,3
rtakayama,Ryan,Takayama,OAK,9,1,0,0,0,0,0,0,0,0,0,0,0,0,0,0,0,0,0,0,0,0,0,0,0,0,0,0,0,0,1,3
rtakayama,Ryan,Takayama,OAK,10,2,0,0,0,0,0,0,0,0,0,0,0,0,0,0,0,0,0,0,0,0,0,0,0,0,0,0,0,0,1,3
rtakayama,Ryan,Takayama,OAK,13,1,0,0,0,0,0,0,0,0,0,0,0,0,0,0,0,0,0,0,0,0,0,0,0,0,0,0,0,0,1,3
ctaleghan,Cameron,Taleghani,DET,3,1,0,0,0,0,0,0,0,0,0,0,0,0,0,0,0,0,0,0,0,0,0,0,0,0,0,0,0,0,0,0
ctaleghan,Cameron,Taleghani,DET,5,1,0,0,0,0,0,0,0,0,0,0,0,0,0,0,0,0,0,0,0,0,0,0,0,0,0,0,0,0,0,0
ctaleghan,Cameron,Taleghani,DET,7,1,0,0,1,0,0,0,7,8,1,0,0,7,17,18,0,0,3,0,12,4,1,0,1311,1,-1,0,-1,0,0,18
ctaleghan,Cameron,Taleghani,DET,8,1,0,0,0,0,0,0,3,5,2,0,0,2,-4,1,0,0,3,1,16,3,7,2,1215,2,-2,0,-3,0,0,19
ctaleghan,Cameron,Taleghani,DET,9,2,0,1,0,2,0,1,22,29,7,0,0,18,81,58,0,0,6,1,31,2,12,2,2413,7,-4,1,-7,1,2,77
ctaleghan,Cameron,Taleghani,DET,10,2,2,0,0,0,0,0,18,19,1,0,0,21,83,153,0,0,10,4,20,2,11,1,1837,1,1,2,-6,3,2,230
ctaleghan,Cameron,Taleghani,DET,11,1,0,0,0,0,0,0,0,0,0,0,0,0,0,0,0,0,0,0,0,0,0,0,0,0,0,0,-6,3,2,230
ctaleghan,Cameron,Taleghani,DET,12,1,1,0,1,2,0,0,8,9,1,0,0,5,32,59,0,0,2,1,18,2,8,0,1452,1,2,1,-4,4,4,289
ctaleghan,Cameron,Taleghani,DET,13,2,0,0,0,0,0,0,26,30,4,0,0,23,156,62,0,1,18,2,24,3,12,2,2418,4,-4,0,-8,4,4,351
jtan1,John,Tan,MAD,2,2,1,0,1,0,0,0,3,3,0,0,0,3,12,23,0,0,0,0,20,3,0,0,1419,0,1,1,1,1,0,23
jtan1,John,Tan,MAD,4,1,0,0,0,0,0,0,0,0,0,0,0,0,0,0,0,0,0,0,0,0,0,0,0,0,0,0,1,1,0,23
jtan1,John,Tan,MAD,6,1,0,0,0,0,0,0,0,0,0,0,0,0,0,0,0,0,0,0,0,0,0,0,0,0,0,0,1,1,0,23
jtan1,John,Tan,MAD,7,1,0,0,0,0,0,0,0,1,1,0,0,1,0,-5,0,0,0,0,11,1,0,0,577,1,-1,0,0,1,0,18
jtan1,John,Tan,MAD,8,2,0,0,0,0,0,0,2,2,0,0,0,2,-16,30,0,0,0,0,19,6,11,0,889,0,0,0,0,1,0,48
jtan1,John,Tan,MAD,10,2,0,0,0,1,0,0,2,4,2,0,0,4,-14,54,0,0,0,0,17,4,2,0,857,2,-1,0,-1,1,1,102
jtan1,John,Tan,MAD,11,1,0,0,0,0,0,0,0,0,0,0,0,0,0,0,0,0,0,0,0,0,0,0,0,0,0,0,-1,1,1,102
jtan1,John,Tan,MAD,12,1,0,0,0,0,0,0,0,0,0,0,0,0,0,0,0,0,0,0,0,0,0,0,0,0,0,0,-1,1,1,102
jtan1,John,Tan,MAD,13,1,0,0,0,0,0,0,0,0,0,0,0,0,0,0,0,0,0,0,0,0,0,0,0,0,0,0,-1,1,1,102
jtapper,Jason,Tapper,BOS,1,1,0,0,0,0,0,0,0,0,0,0,0,0,0,0,0,0,0,0,0,0,0,0,0,0,0,0,0,0,0,0
jtapper,Jason,Tapper,BOS,3,1,0,0,0,0,0,0,0,0,0,0,0,0,0,0,0,0,0,0,0,0,0,0,0,0,0,0,0,0,0,0
jtapper,Jason,Tapper,BOS,4,2,1,0,0,0,0,0,6,6,0,0,0,5,-5,74,0,0,0,0,14,5,0,0,1158,0,1,1,1,1,0,74
jtapper,Jason,Tapper,BOS,7,1,0,1,0,1,0,0,7,8,1,0,0,7,17,178,0,0,0,0,14,5,0,0,1106,1,1,1,2,2,1,252
jtapper,Jason,Tapper,BOS,8,2,0,1,0,0,0,0,1,1,0,0,0,1,44,-3,1,1,0,0,16,2,0,0,956,0,1,1,3,3,1,249
jtapper,Jason,Tapper,BOS,9,1,0,0,0,0,0,0,1,1,0,0,0,1,14,11,0,0,0,0,14,6,0,0,1197,0,0,0,3,3,1,260
jtapper,Jason,Tapper,BOS,11,1,0,0,0,0,0,0,0,0,0,0,0,0,0,0,0,0,0,0,0,0,0,0,0,0,0,0,3,3,1,260
jtapper,Jason,Tapper,BOS,12,2,0,0,0,1,0,0,1,1,0,0,0,1,2,4,0,0,0,0,9,1,0,0,701,0,1,0,4,3,2,264
jtapper,Jason,Tapper,BOS,13,1,0,0,0,0,0,0,1,2,1,0,0,2,11,16,0,0,0,0,12,4,0,0,635,1,-1,0,3,3,2,280
ctappero,Coleman,Tappero,ATL,1,1,0,0,0,0,0,0,12,12,0,0,0,10,44,-22,0,0,0,0,16,3,0,0,906,0,0,0,0,0,0,-22
ctappero,Coleman,Tappero,ATL,3,2,1,1,0,2,0,0,10,10,0,0,0,10,50,15,0,0,0,0,28,8,0,0,1688,0,4,2,4,2,2,-7
ctappero,Coleman,Tappero,ATL,4,2,0,1,0,0,0,0,12,12,0,0,0,10,29,4,0,0,0,0,12,3,0,0,625,0,1,1,5,3,2,-3
ctappero,Coleman,Tappero,ATL,5,1,0,0,0,0,0,0,0,0,0,0,0,0,0,0,0,0,0,0,0,0,0,0,0,0,0,0,5,3,2,-3
ctappero,Coleman,Tappero,ATL,6,2,1,0,0,0,0,0,10,11,1,0,0,10,40,-9,0,0,0,0,16,2,0,0,1391,1,0,1,5,4,2,-12
ctappero,Coleman,Tappero,ATL,7,1,0,0,1,0,0,0,4,4,0,0,0,2,59,14,1,1,0,0,9,1,0,0,667,0,0,0,5,4,2,2
ctappero,Coleman,Tappero,ATL,9,1,1,0,0,0,0,0,5,6,1,0,0,5,45,-7,0,0,0,0,18,5,0,0,1223,1,0,1,5,5,2,-5
ctappero,Coleman,Tappero,ATL,10,1,0,0,0,0,0,0,0,0,0,0,0,0,0,0,0,0,0,0,0,0,0,0,0,0,0,0,5,5,2,-5
ctappero,Coleman,Tappero,ATL,12,1,0,0,0,0,0,0,0,0,0,0,0,0,0,0,0,0,0,0,0,0,0,0,0,0,0,0,5,5,2,-5
ataylor,Austin,Taylor,ATL,1,1,2,5,3,0,0,0,48,48,0,0,0,44,278,162,1,1,22,21,0,0,0,0,1318,0,7,7,7,7,0,162
ataylor,Austin,Taylor,ATL,3,2,1,9,5,0,0,0,87,90,3,0,0,77,783,288,5,7,44,35,1,0,0,0,2962,3,7,10,14,17,0,450
ataylor,Austin,Taylor,ATL,4,2,0,7,4,1,0,0,72,78,4,0,1,56,745,162,5,7,40,30,0,0,0,0,2573,5,3,7,17,24,1,612
ataylor,Austin,Taylor,ATL,5,1,1,6,3,0,0,0,40,41,1,0,0,35,414,115,4,4,22,18,0,0,0,0,1562,1,6,7,23,31,1,727
ataylor,Austin,Taylor,ATL,6,2,1,9,2,0,0,0,143,149,4,0,1,134,914,255,3,6,45,27,0,0,0,0,3962,5,5,10,28,41,1,982
ataylor,Austin,Taylor,ATL,7,1,4,3,2,0,0,0,38,38,0,0,0,35,358,243,2,2,23,15,2,1,0,0,1603,0,7,7,35,48,1,1225
ataylor,Austin,Taylor,ATL,9,1,1,6,3,0,0,0,27,29,2,0,0,25,482,228,5,6,21,20,1,0,0,0,1110,2,5,7,40,55,1,1453
ataylor,Austin,Taylor,ATL,10,1,0,2,2,1,0,0,27,27,0,0,0,24,242,142,1,1,12,10,0,0,0,0,733,0,3,2,43,57,2,1595
ataylor,Austin,Taylor,ATL,12,1,1,6,1,0,0,0,41,42,1,0,0,37,332,310,1,1,20,16,0,0,0,0,1416,1,6,7,49,64,2,1905
jtaylor,Jordan,Taylor,HTX,1,1,0,0,0,0,0,0,0,0,0,0,0,0,0,0,0,0,0,0,0,0,0,0,0,0,0,0,0,0,0,0
jtaylor,Jordan,Taylor,HTX,2,1,0,0,0,0,0,0,0,0,0,0,0,0,0,0,0,0,0,0,0,0,0,0,0,0,0,0,0,0,0,0
jtaylor,Jordan,Taylor,HTX,3,2,0,0,0,0,0,0,0,0,0,0,0,0,0,0,0,0,0,0,0,0,0,0,0,0,0,0,0,0,0,0
jtaylor,Jordan,Taylor,HTX,4,2,0,0,0,0,0,0,0,0,0,0,0,0,0,0,0,0,0,0,0,0,0,0,0,0,0,0,0,0,0,0
jtaylor,Jordan,Taylor,HTX,5,1,0,0,0,0,0,0,0,0,0,0,0,0,0,0,0,0,0,0,0,0,0,0,0,0,0,0,0,0,0,0
jtaylor,Jordan,Taylor,HTX,6,3,0,0,0,0,0,0,0,0,0,0,0,0,0,0,0,0,0,0,0,0,0,0,0,0,0,0,0,0,0,0
jtaylor,Jordan,Taylor,HTX,7,1,0,0,0,0,0,0,0,0,0,0,0,0,0,0,0,0,0,0,0,0,0,0,0,0,0,0,0,0,0,0
jtaylor,Jordan,Taylor,HTX,8,2,0,0,0,0,0,0,0,0,0,0,0,0,0,0,0,0,0,0,0,0,0,0,0,0,0,0,0,0,0,0
jtaylor,Jordan,Taylor,HTX,9,3,0,0,0,0,0,0,0,0,0,0,0,0,0,0,0,0,0,0,0,0,0,0,0,0,0,0,0,0,0,0
jtaylor,Jordan,Taylor,HTX,11,3,0,0,0,0,0,0,0,0,0,0,0,0,0,0,0,0,0,0,0,0,0,0,0,0,0,0,0,0,0,0
jtaylor,Jordan,Taylor,HTX,12,2,0,0,0,0,0,0,0,0,0,0,0,0,0,0,0,0,0,0,0,0,0,0,0,0,0,0,0,0,0,0
jtaylor,Jordan,Taylor,HTX,13,3,0,0,0,0,0,0,0,0,0,0,0,0,0,0,0,0,0,0,0,0,0,0,0,0,0,0,0,0,0,0
jtaylor3,Jordan,Taylor,HTX,1,1,1,0,0,0,0,0,2,2,0,0,0,2,-9,14,0,0,1,0,19,5,0,0,913,0,1,1,1,1,0,14
jtaylor3,Jordan,Taylor,HTX,2,1,0,0,0,0,0,0,0,0,0,0,0,0,0,0,0,0,0,0,0,0,0,0,0,0,0,0,1,1,0,14
jtaylor3,Jordan,Taylor,HTX,3,1,0,0,0,0,0,0,1,2,1,0,0,2,10,16,0,0,1,0,12,0,0,0,662,1,-1,0,0,1,0,30
jtaylor3,Jordan,Taylor,HTX,4,1,0,0,0,0,0,0,0,0,0,0,0,0,0,0,0,0,0,0,0,0,0,0,0,0,0,0,0,1,0,30
jtaylor3,Jordan,Taylor,HTX,6,2,0,0,0,0,0,0,0,0,0,0,0,0,0,0,0,0,0,0,0,0,0,0,0,0,0,0,0,1,0,30
jtaylor3,Jordan,Taylor,HTX,8,1,0,0,0,0,0,0,3,3,0,0,0,3,23,26,0,0,0,0,14,2,0,0,976,0,0,0,0,1,0,56
jtaylor3,Jordan,Taylor,HTX,9,2,0,0,0,0,0,0,5,6,1,0,0,7,14,20,0,0,3,1,9,0,0,0,833,1,-1,0,-1,1,0,76
jtaylor3,Jordan,Taylor,HTX,11,1,0,0,0,0,0,0,0,0,0,0,0,0,0,0,0,0,0,0,14,0,0,0,696,0,0,0,-1,1,0,76
jtaylor3,Jordan,Taylor,HTX,12,1,0,0,0,0,0,0,0,0,0,0,0,0,0,0,0,0,0,0,0,0,0,0,0,0,0,0,-1,1,0,76
jtaylor3,Jordan,Taylor,HTX,13,1,0,0,0,0,0,0,0,0,0,0,0,0,0,0,0,0,0,0,0,0,0,0,0,0,0,0,-1,1,0,76
ktaylor,Kennith,Taylor,ATL,1,1,1,0,0,0,0,0,3,3,0,0,0,4,61,7,1,1,0,0,13,3,0,0,797,0,1,1,1,1,0,7
ktaylor,Kennith,Taylor,ATL,3,2,1,2,1,1,0,0,17,17,0,0,0,16,37,72,0,0,1,1,35,8,4,1,2372,0,4,3,5,4,1,79
ktaylor,Kennith,Taylor,ATL,4,2,0,0,0,0,0,0,0,0,0,0,0,0,0,0,0,0,0,0,0,0,0,0,0,0,0,0,5,4,1,79
ktaylor,Kennith,Taylor,ATL,5,1,0,0,0,0,0,0,7,8,1,0,0,6,46,22,0,0,0,0,17,4,0,0,956,1,-1,0,4,4,1,101
ktaylor,Kennith,Taylor,ATL,6,2,0,2,0,3,0,0,12,14,2,0,0,11,65,39,0,0,0,0,34,6,2,0,2265,2,3,2,7,6,4,140
ktaylor,Kennith,Taylor,ATL,7,1,0,0,0,0,0,0,0,0,0,0,0,0,0,0,0,0,0,0,0,0,0,0,0,0,0,0,7,6,4,140
ktaylor,Kennith,Taylor,ATL,9,1,0,0,3,2,0,0,8,8,0,0,0,5,82,1,1,1,0,0,21,8,0,0,1417,0,2,0,9,6,6,141
ktaylor,Kennith,Taylor,ATL,10,1,0,0,3,3,0,0,6,7,1,0,0,3,73,-27,1,1,0,0,12,5,0,0,727,1,2,0,11,6,9,114
ktaylor,Kennith,Taylor,ATL,12,1,0,0,0,1,0,0,10,11,1,0,0,9,61,-33,0,0,0,0,18,4,0,0,1194,1,0,0,11,6,10,81
rtetreaul,Ray,Tetreault,BOS,1,1,0,0,0,0,0,0,0,0,0,0,0,0,0,0,0,0,0,0,0,0,0,0,0,0,0,0,0,0,0,0
rtetreaul,Ray,Tetreault,BOS,3,1,0,0,0,0,0,0,0,0,0,0,0,0,0,0,0,0,0,0,0,0,0,0,0,0,0,0,0,0,0,0
rtetreaul,Ray,Tetreault,BOS,4,2,0,0,0,0,0,0,0,0,0,0,0,0,0,0,0,0,0,0,0,0,0,0,0,0,0,0,0,0,0,0
rtetreaul,Ray,Tetreault,BOS,7,1,0,0,0,0,0,0,0,0,0,0,0,0,0,0,0,0,0,0,0,0,0,0,0,0,0,0,0,0,0,0
rtetreaul,Ray,Tetreault,BOS,8,2,0,0,0,0,0,0,0,0,0,0,0,0,0,0,0,0,0,0,0,0,0,0,0,0,0,0,0,0,0,0
rtetreaul,Ray,Tetreault,BOS,9,1,0,0,0,0,0,0,0,0,0,0,0,0,0,0,0,0,0,0,0,0,0,0,0,0,0,0,0,0,0,0
rtetreaul,Ray,Tetreault,BOS,11,1,0,0,0,0,0,0,0,0,0,0,0,0,0,0,0,0,0,0,0,0,0,0,0,0,0,0,0,0,0,0
rtetreaul,Ray,Tetreault,BOS,12,2,0,0,0,0,0,0,0,0,0,0,0,0,0,0,0,0,0,0,0,0,0,0,0,0,0,0,0,0,0,0
rtetreaul,Ray,Tetreault,BOS,13,1,0,0,0,0,0,0,1,1,0,0,0,1,0,61,0,0,0,0,13,7,0,0,884,0,0,0,0,0,0,61
athai,Andrew,Thai,ATL,1,1,0,0,0,0,0,0,0,0,0,0,0,0,0,0,0,0,0,0,0,0,0,0,0,0,0,0,0,0,0,0
athai,Andrew,Thai,ATL,3,2,0,0,0,0,0,0,0,0,0,0,0,0,0,0,0,0,0,0,0,0,0,0,0,0,0,0,0,0,0,0
athai,Andrew,Thai,ATL,4,2,0,0,0,0,0,0,0,0,0,0,0,0,0,0,0,0,0,0,0,0,0,0,0,0,0,0,0,0,0,0
athai,Andrew,Thai,ATL,5,1,0,0,0,0,0,0,0,0,0,0,0,0,0,0,0,0,0,0,0,0,0,0,0,0,0,0,0,0,0,0
athai,Andrew,Thai,ATL,6,2,0,0,0,0,0,0,0,0,0,0,0,0,0,0,0,0,0,0,0,0,0,0,0,0,0,0,0,0,0,0
athai,Andrew,Thai,ATL,7,1,0,0,0,0,0,0,2,2,0,0,0,2,7,0,0,0,0,0,5,1,0,0,413,0,0,0,0,0,0,0
athai,Andrew,Thai,ATL,9,1,0,0,0,0,0,0,0,0,0,0,0,0,0,0,0,0,0,0,0,0,0,0,0,0,0,0,0,0,0,0
athai,Andrew,Thai,ATL,10,1,0,0,0,0,0,0,0,0,0,0,0,0,0,0,0,0,0,0,0,0,0,0,0,0,0,0,0,0,0,0
athai,Andrew,Thai,ATL,12,1,0,0,0,0,0,0,0,0,0,0,0,0,0,0,0,0,0,0,0,0,0,0,0,0,0,0,0,0,0,0
bthibodea,Brock,Thibodeaux,HTX,1,1,0,0,0,0,0,0,0,0,0,0,0,0,0,0,0,0,0,0,0,0,0,0,0,0,0,0,0,0,0,0
bthibodea,Brock,Thibodeaux,HTX,2,1,0,0,0,0,0,0,0,0,0,0,0,0,0,0,0,0,0,0,0,0,0,0,0,0,0,0,0,0,0,0
bthibodea,Brock,Thibodeaux,HTX,3,1,0,0,0,0,0,0,0,0,0,0,0,0,0,0,0,0,0,0,0,0,0,0,0,0,0,0,0,0,0,0
bthibodea,Brock,Thibodeaux,HTX,4,1,0,0,0,0,0,0,0,0,0,0,0,0,0,0,0,0,0,0,0,0,0,0,0,0,0,0,0,0,0,0
bthibodea,Brock,Thibodeaux,HTX,6,2,0,0,0,0,0,0,0,0,0,0,0,0,0,0,0,0,0,0,0,0,0,0,0,0,0,0,0,0,0,0
bthibodea,Brock,Thibodeaux,HTX,8,1,0,0,0,0,0,0,0,0,0,0,0,0,0,0,0,0,0,0,0,0,0,0,0,0,0,0,0,0,0,0
bthibodea,Brock,Thibodeaux,HTX,9,2,0,0,0,0,0,0,0,1,1,0,0,1,0,18,0,0,4,1,12,0,0,0,954,1,-1,0,-1,0,0,18
bthibodea,Brock,Thibodeaux,HTX,11,1,1,0,0,0,0,0,2,3,1,0,0,4,13,39,0,0,1,1,12,1,0,0,847,1,0,1,-1,1,0,57
bthibodea,Brock,Thibodeaux,HTX,12,1,0,0,0,0,0,0,0,0,0,0,0,0,0,0,0,0,0,0,0,0,0,0,0,0,0,0,-1,1,0,57
bthibodea,Brock,Thibodeaux,HTX,13,1,1,0,0,0,0,0,5,5,0,0,0,6,51,31,0,0,2,1,12,2,0,0,1056,0,1,1,0,2,0,88
bthoennes,Ben,Thoennes,ORE,1,1,0,0,0,0,0,0,0,0,0,0,0,0,0,0,0,0,0,0,0,0,0,0,0,0,0,0,0,0,0,0
bthoennes,Ben,Thoennes,ORE,2,1,0,0,0,0,0,0,0,0,0,0,0,0,0,0,0,0,0,0,0,0,0,0,0,0,0,0,0,0,0,0
bthoennes,Ben,Thoennes,ORE,4,1,2,5,2,1,0,0,35,47,7,1,0,38,496,169,6,11,8,5,19,6,12,0,2035,8,0,7,0,7,1,169
bthoennes,Ben,Thoennes,ORE,5,2,0,0,0,0,0,0,0,0,0,0,0,0,0,0,0,0,0,0,0,0,0,0,0,0,0,0,0,7,1,169
bthoennes,Ben,Thoennes,ORE,6,1,0,4,2,4,0,0,26,30,3,0,0,21,411,77,7,9,8,3,17,5,13,1,1800,3,5,4,5,11,5,246
bthoennes,Ben,Thoennes,ORE,7,1,0,5,3,3,0,0,26,31,5,0,0,21,352,102,3,5,7,4,18,8,11,0,1652,5,3,5,8,16,8,348
bthoennes,Ben,Thoennes,ORE,8,2,5,4,1,3,0,0,33,46,11,0,1,40,391,424,3,9,29,12,19,1,12,4,3138,12,0,9,8,25,11,772
bthoennes,Ben,Thoennes,ORE,9,1,2,4,2,0,0,0,21,25,4,0,0,22,278,63,1,2,7,3,18,8,15,1,1428,4,2,6,10,31,11,835
bthoennes,Ben,Thoennes,ORE,10,1,2,4,0,1,0,0,35,46,10,0,0,42,336,328,2,8,20,9,7,2,6,0,1904,10,-3,6,7,37,12,1163
bthoennes,Ben,Thoennes,ORE,13,1,0,4,4,1,0,0,29,30,1,0,0,24,334,172,4,5,14,9,13,2,12,1,1475,1,4,4,11,41,13,1335
mthomas,Matt,Thomas,DC,1,1,0,0,0,0,0,0,0,0,0,0,0,0,0,0,0,0,0,0,0,0,0,0,0,0,0,0,0,0,0,0
mthomas,Matt,Thomas,DC,2,1,0,0,0,0,0,0,0,0,0,0,0,0,0,0,0,0,0,0,0,0,0,0,0,0,0,0,0,0,0,0
mthomas,Matt,Thomas,DC,3,1,0,0,0,0,0,0,0,0,0,0,0,0,0,0,0,0,0,0,0,0,0,0,0,0,0,0,0,0,0,0
mthomas,Matt,Thomas,DC,4,1,0,0,0,0,0,0,0,0,0,0,0,0,0,0,0,0,0,0,0,0,0,0,0,0,0,0,0,0,0,0
mthomas,Matt,Thomas,DC,6,2,0,0,0,0,0,0,0,0,0,0,0,0,0,0,0,0,0,0,0,0,0,0,0,0,0,0,0,0,0,0
mthomas,Matt,Thomas,DC,7,1,0,0,0,0,0,0,0,0,0,0,0,0,0,0,0,0,0,0,0,0,0,0,0,0,0,0,0,0,0,0
mthomas,Matt,Thomas,DC,8,1,0,0,0,0,0,0,0,0,0,0,0,0,0,0,0,0,0,0,0,0,0,0,0,0,0,0,0,0,0,0
mthomas,Matt,Thomas,DC,10,1,0,0,0,0,0,0,0,0,0,0,0,0,0,0,0,0,0,0,0,0,0,0,0,0,0,0,0,0,0,0
mthomas,Matt,Thomas,DC,11,1,0,0,0,0,0,0,0,0,0,0,0,0,0,0,0,0,0,0,0,0,0,0,0,0,0,0,0,0,0,0
mthomas,Matt,Thomas,DC,12,1,0,0,0,0,0,0,0,0,0,0,0,0,0,0,0,0,0,0,0,0,0,0,0,0,0,0,0,0,0,0
mthomas,Matt,Thomas,DC,13,1,1,0,0,0,0,0,1,1,0,0,0,2,7,22,0,0,1,1,10,1,0,0,514,0,1,1,1,1,0,22
sthompson,Sawyer,Thompson,OAK,1,1,1,0,1,0,0,0,3,3,0,0,0,5,2,44,0,0,0,0,19,7,2,0,1108,0,1,1,1,1,0,44
sthompson,Sawyer,Thompson,OAK,2,2,2,3,3,2,0,0,16,18,2,0,0,16,203,140,0,0,1,1,38,12,2,0,2841,2,5,5,6,6,2,184
sthompson,Sawyer,Thompson,OAK,3,1,0,1,1,1,0,0,10,10,0,0,0,8,66,39,1,1,0,0,18,7,0,0,1006,0,2,1,8,7,3,223
sthompson,Sawyer,Thompson,OAK,5,1,0,0,0,0,0,0,0,0,0,0,0,0,0,0,0,0,1,0,15,3,0,0,1149,0,0,0,8,7,3,223
sthompson,Sawyer,Thompson,OAK,6,1,0,0,0,0,0,0,0,0,0,0,0,0,0,0,0,0,0,0,0,0,0,0,0,0,0,0,8,7,3,223
sthompson,Sawyer,Thompson,OAK,7,1,2,0,0,0,0,0,1,2,1,0,0,4,7,118,0,0,2,0,15,3,0,0,962,1,1,2,9,9,3,341
sthompson,Sawyer,Thompson,OAK,8,1,1,0,0,1,0,0,4,7,3,0,0,7,58,40,0,1,0,0,13,8,1,0,1133,3,-1,1,8,10,4,381
sthompson,Sawyer,Thompson,OAK,9,1,0,0,0,0,0,0,0,0,0,0,0,0,0,0,0,0,0,0,0,0,0,0,0,0,0,0,8,10,4,381
sthompson,Sawyer,Thompson,OAK,10,2,0,0,0,0,0,0,1,1,0,0,0,1,23,5,0,0,0,0,7,0,1,0,499,0,0,0,8,10,4,386
sthompson,Sawyer,Thompson,OAK,13,1,0,0,0,0,0,0,0,0,0,0,0,0,0,0,0,0,0,0,0,0,0,0,0,0,0,0,8,10,4,386
zthoreson,Zeke,Thoreson,COL,1,1,0,0,0,0,0,0,0,0,0,0,0,0,0,0,0,0,0,0,0,0,0,0,0,0,0,0,0,0,0,0
zthoreson,Zeke,Thoreson,COL,4,2,0,0,0,0,0,0,0,0,0,0,0,0,0,0,0,0,0,0,0,0,0,0,0,0,0,0,0,0,0,0
zthoreson,Zeke,Thoreson,COL,5,1,0,0,0,0,0,0,0,0,0,0,0,0,0,0,0,0,0,0,0,0,0,0,0,0,0,0,0,0,0,0
zthoreson,Zeke,Thoreson,COL,6,1,3,3,3,0,0,0,27,28,0,0,0,31,90,363,1,1,24,19,0,0,0,0,1863,0,6,6,6,6,0,363
zthoreson,Zeke,Thoreson,COL,9,1,0,0,0,0,0,0,0,0,0,0,0,0,0,0,0,0,0,0,0,0,0,0,0,0,0,0,6,6,0,363
zthoreson,Zeke,Thoreson,COL,10,2,0,0,0,0,0,0,0,0,0,0,0,0,0,0,0,0,0,0,0,0,0,0,0,0,0,0,6,6,0,363
zthoreson,Zeke,Thoreson,COL,11,1,4,1,2,1,0,0,24,27,3,0,0,31,73,435,0,1,22,17,0,0,0,0,1643,3,3,5,9,11,1,798
zthoreson,Zeke,Thoreson,COL,12,2,5,3,4,0,0,0,29,30,1,0,2,35,157,718,0,0,38,29,3,1,0,0,2741,3,5,8,14,19,1,1516
zthoreson,Zeke,Thoreson,COL,13,1,2,0,2,1,0,0,8,9,1,0,0,11,41,185,0,0,17,11,3,1,0,0,1083,1,2,2,16,21,2,1701
jthorne,Jake,Thorne,CAR,3,1,1,0,0,0,0,0,0,0,0,0,0,1,0,11,0,0,1,1,12,1,0,0,919,0,1,1,1,1,0,11
jthorne,Jake,Thorne,CAR,4,2,1,0,2,0,0,0,12,12,0,0,0,13,36,121,0,0,9,7,11,3,0,0,1288,0,1,1,2,2,0,132
jthorne,Jake,Thorne,CAR,5,1,0,0,0,0,0,0,1,1,0,0,0,1,-1,-11,0,0,0,0,12,2,0,0,660,0,0,0,2,2,0,121
jthorne,Jake,Thorne,CAR,6,2,0,0,0,0,0,0,0,0,0,0,0,0,0,0,0,0,0,0,0,0,0,0,0,0,0,0,2,2,0,121
jthorne,Jake,Thorne,CAR,7,1,0,0,0,0,0,0,3,3,0,0,0,3,-6,31,0,0,1,0,8,2,0,0,717,0,0,0,2,2,0,152
jthorne,Jake,Thorne,CAR,9,1,0,0,0,2,0,0,5,5,0,0,0,4,1,73,0,0,0,0,17,6,0,0,1135,0,2,0,4,2,2,225
jthorne,Jake,Thorne,CAR,10,1,0,0,0,0,0,0,1,1,0,0,0,1,-10,17,0,0,1,0,6,2,0,0,494,0,0,0,4,2,2,242
jthorne,Jake,Thorne,CAR,12,1,0,0,0,1,0,0,1,2,1,0,0,2,-8,15,0,0,0,0,9,2,0,0,725,1,0,0,4,2,3,257
jthorne,Jake,Thorne,CAR,13,2,0,0,0,0,0,0,0,0,0,0,0,0,0,0,0,0,0,0,0,0,0,0,0,0,0,0,4,2,3,257
cthornton,Casey,Thornton,PHI,1,1,0,0,0,0,0,0,0,0,0,0,0,0,0,0,0,0,0,0,0,0,0,0,0,0,0,0,0,0,0,0
cthornton,Casey,Thornton,PHI,2,1,0,0,0,0,0,0,0,0,0,0,0,0,0,0,0,0,0,0,0,0,0,0,0,0,0,0,0,0,0,0
cthornton,Casey,Thornton,PHI,3,1,0,0,0,0,0,0,0,0,0,0,0,0,0,0,0,0,0,0,0,0,0,0,0,0,0,0,0,0,0,0
cthornton,Casey,Thornton,PHI,5,1,0,0,0,0,0,0,0,0,0,0,0,0,0,0,0,0,0,0,0,0,0,0,0,0,0,0,0,0,0,0
cthornton,Casey,Thornton,PHI,6,1,0,0,0,0,0,0,0,0,0,0,0,0,0,0,0,0,0,0,0,0,0,0,0,0,0,0,0,0,0,0
cthornton,Casey,Thornton,PHI,7,2,0,0,0,0,0,0,0,0,0,0,0,0,0,0,0,0,0,0,0,0,0,0,0,0,0,0,0,0,0,0
cthornton,Casey,Thornton,PHI,8,1,0,0,0,0,0,0,32,33,1,0,0,27,177,108,0,0,18,13,0,0,0,0,1254,1,-1,0,-1,0,0,108
cthornton,Casey,Thornton,PHI,10,1,0,1,0,0,0,0,30,35,3,0,0,26,105,-2,1,3,23,11,0,0,0,0,1608,3,-2,1,-3,1,0,106
cthornton,Casey,Thornton,PHI,12,2,0,4,0,0,0,0,42,44,2,0,0,34,323,162,3,3,15,9,8,1,0,0,1830,2,2,4,-1,5,0,268
cthornton,Casey,Thornton,PHI,13,1,0,0,0,0,0,0,0,0,0,0,0,0,0,0,0,0,0,0,0,0,0,0,0,0,0,0,-1,5,0,268
nto,Noriaki,To,NY,1,2,0,0,0,0,0,0,0,0,0,0,0,0,0,0,0,0,0,0,0,0,0,0,0,0,0,0,0,0,0,0
nto,Noriaki,To,NY,3,1,0,0,0,0,0,0,0,0,0,0,0,0,0,0,0,0,0,0,0,0,0,0,0,0,0,0,0,0,0,0
nto,Noriaki,To,NY,4,2,0,0,0,0,0,0,0,0,0,0,0,0,0,0,0,0,0,0,8,0,0,0,457,0,0,0,0,0,0,0
nto,Noriaki,To,NY,5,1,0,0,0,0,0,0,0,0,0,0,0,0,0,0,0,0,0,0,0,0,0,0,0,0,0,0,0,0,0,0
nto,Noriaki,To,NY,6,1,0,0,0,0,0,0,0,0,0,0,0,0,0,0,0,0,0,0,0,0,0,0,0,0,0,0,0,0,0,0
nto,Noriaki,To,NY,7,1,0,0,0,0,0,0,0,0,0,0,0,0,0,0,0,0,0,0,0,0,0,0,0,0,0,0,0,0,0,0
nto,Noriaki,To,NY,8,1,0,0,0,0,0,0,0,0,0,0,0,0,0,0,0,0,0,0,0,0,0,0,0,0,0,0,0,0,0,0
nto,Noriaki,To,NY,9,1,0,0,0,0,0,0,0,0,0,0,0,0,0,0,0,0,0,0,0,0,0,0,0,0,0,0,0,0,0,0
nto,Noriaki,To,NY,12,1,0,0,0,0,0,0,0,0,0,0,0,0,0,0,0,0,0,0,0,0,0,0,0,0,0,0,0,0,0,0
nto,Noriaki,To,NY,13,1,0,0,0,0,0,0,0,0,0,0,0,0,0,0,0,0,0,0,0,0,0,0,0,0,0,0,0,0,0,0
wtober,William,Tober,PHI,1,1,2,0,3,0,0,0,21,21,0,0,2,23,171,150,0,0,20,14,0,0,0,0,1371,2,0,2,0,2,0,150
wtober,William,Tober,PHI,2,1,0,0,0,0,0,0,20,20,0,0,0,20,52,149,0,0,19,14,1,0,0,0,1230,0,0,0,0,2,0,299
wtober,William,Tober,PHI,3,1,2,2,1,1,0,0,18,19,1,0,1,21,94,199,0,0,24,19,1,0,0,0,1553,2,3,4,3,6,1,498
wtober,William,Tober,PHI,5,1,0,0,0,0,0,0,0,0,0,0,0,0,0,0,0,0,0,0,0,0,0,0,0,0,0,0,3,6,1,498
wtober,William,Tober,PHI,6,1,1,0,2,0,0,0,20,22,1,0,1,23,99,190,0,0,20,13,1,0,0,0,1780,2,-1,1,2,7,1,688
wtober,William,Tober,PHI,7,2,2,1,4,0,0,0,16,18,2,0,0,20,121,256,1,1,28,14,3,1,0,0,1905,2,1,3,3,10,1,944
wtober,William,Tober,PHI,8,1,1,0,2,0,0,0,24,25,1,0,0,26,149,266,0,0,16,11,4,1,0,0,1345,1,0,1,3,11,1,1210
wtober,William,Tober,PHI,10,1,1,2,1,0,0,0,14,16,2,0,0,17,73,170,0,0,21,9,1,0,0,0,1507,2,1,3,4,14,1,1380
wtober,William,Tober,PHI,12,2,1,0,1,0,0,0,22,22,0,0,1,23,35,228,0,0,32,20,2,0,0,0,2370,1,0,1,4,15,1,1608
wtober,William,Tober,PHI,13,1,0,0,2,0,0,0,17,17,0,0,0,17,45,150,0,0,18,15,2,0,0,0,1157,0,0,0,4,15,1,1758
ctolbert,Corey,Tolbert,HTX,1,1,0,0,0,0,0,0,0,0,0,0,0,0,0,0,0,0,0,0,0,0,0,0,0,0,0,0,0,0,0,0
ctolbert,Corey,Tolbert,HTX,2,1,0,0,0,0,0,0,0,0,0,0,0,0,0,0,0,0,0,0,0,0,0,0,0,0,0,0,0,0,0,0
ctolbert,Corey,Tolbert,HTX,3,1,0,0,0,0,0,0,0,0,0,0,0,0,0,0,0,0,0,0,0,0,0,0,0,0,0,0,0,0,0,0
ctolbert,Corey,Tolbert,HTX,4,1,0,0,0,0,0,0,0,0,0,0,0,0,0,0,0,0,0,0,0,0,0,0,0,0,0,0,0,0,0,0
ctolbert,Corey,Tolbert,HTX,6,2,0,0,0,0,0,0,0,0,0,0,0,0,0,0,0,0,0,0,0,0,0,0,0,0,0,0,0,0,0,0
ctolbert,Corey,Tolbert,HTX,8,1,0,0,0,0,0,0,0,0,0,0,0,0,0,0,0,0,0,0,0,0,0,0,0,0,0,0,0,0,0,0
ctolbert,Corey,Tolbert,HTX,9,2,0,0,0,0,0,0,0,0,0,0,0,0,0,0,0,0,0,0,0,0,0,0,0,0,0,0,0,0,0,0
ctolbert,Corey,Tolbert,HTX,11,1,0,0,0,0,0,0,0,0,0,0,0,0,0,0,0,0,0,0,0,0,0,0,0,0,0,0,0,0,0,0
ctolbert,Corey,Tolbert,HTX,12,1,0,0,0,0,0,0,0,0,0,0,0,0,0,0,0,0,0,0,0,0,0,0,0,0,0,0,0,0,0,0
ctolbert,Corey,Tolbert,HTX,13,1,2,0,0,0,0,0,0,0,0,0,0,2,0,29,0,0,1,1,7,2,0,0,507,0,2,2,2,2,0,29
ntolfa,Nick,Tolfa,OAK,1,1,1,0,0,0,0,0,3,5,2,0,0,5,17,37,0,0,0,0,18,7,0,0,1149,2,-1,1,-1,1,0,37
ntolfa,Nick,Tolfa,OAK,2,2,0,0,0,1,0,0,8,11,3,0,0,9,-69,108,0,1,4,3,31,7,0,0,2188,3,-2,0,-3,1,1,145
ntolfa,Nick,Tolfa,OAK,3,1,3,0,0,2,0,0,3,3,0,0,0,6,16,48,0,0,0,0,17,7,0,0,993,0,5,3,2,4,3,193
ntolfa,Nick,Tolfa,OAK,5,1,0,0,0,0,0,0,0,0,0,0,0,0,0,0,0,0,0,0,0,0,0,0,0,0,0,0,2,4,3,193
ntolfa,Nick,Tolfa,OAK,6,1,0,0,0,0,0,0,0,0,0,0,0,0,0,0,0,0,0,0,3,2,0,0,204,0,0,0,2,4,3,193
ntolfa,Nick,Tolfa,OAK,7,1,0,0,0,0,0,0,0,0,0,0,0,0,0,0,0,0,0,0,0,0,0,0,0,0,0,0,2,4,3,193
ntolfa,Nick,Tolfa,OAK,8,1,0,0,0,0,0,0,0,0,0,0,0,0,0,0,0,0,0,0,0,0,0,0,0,0,0,0,2,4,3,193
ntolfa,Nick,Tolfa,OAK,9,1,0,0,0,0,0,0,0,0,0,0,0,0,0,0,0,0,0,0,0,0,0,0,0,0,0,0,2,4,3,193
ntolfa,Nick,Tolfa,OAK,10,2,0,0,0,0,0,0,0,1,1,0,0,1,0,2,0,0,0,0,19,3,0,0,1241,1,-1,0,1,4,3,195
ntolfa,Nick,Tolfa,OAK,13,1,1,0,0,1,0,0,3,4,1,0,0,5,6,85,0,0,0,0,10,4,0,0,1021,1,1,1,2,5,4,280
jtom,Jasper,Tom,DC,1,1,0,0,0,2,0,0,5,5,0,0,0,5,-15,27,0,0,0,0,15,3,0,0,920,0,2,0,2,0,2,27
jtom,Jasper,Tom,DC,2,1,0,0,1,0,0,0,4,4,0,0,0,4,-13,24,0,0,0,0,15,3,0,0,1046,0,0,0,2,0,2,51
jtom,Jasper,Tom,DC,3,1,0,0,0,0,0,0,0,0,0,0,0,0,0,0,0,0,0,0,0,0,0,0,0,0,0,0,2,0,2,51
jtom,Jasper,Tom,DC,4,1,1,1,0,0,0,0,10,10,0,0,0,9,72,-15,0,0,1,0,11,4,0,0,966,0,2,2,4,2,2,36
jtom,Jasper,Tom,DC,6,2,0,0,0,0,0,0,0,0,0,0,0,0,0,0,0,0,0,0,0,0,0,0,0,0,0,0,4,2,2,36
jtom,Jasper,Tom,DC,7,1,0,0,0,1,0,0,8,8,0,0,0,7,23,-25,0,0,0,0,14,5,0,0,961,0,1,0,5,2,3,11
jtom,Jasper,Tom,DC,8,1,1,1,0,1,0,0,8,8,0,0,0,9,50,8,0,0,0,0,19,3,0,0,1160,0,3,2,8,4,4,19
jtom,Jasper,Tom,DC,10,1,1,2,0,2,0,0,11,11,0,0,0,11,93,-35,1,1,0,0,17,8,0,0,1168,0,5,3,13,7,6,-16
jtom,Jasper,Tom,DC,11,1,1,0,0,1,0,0,7,8,1,0,1,7,41,31,0,0,0,0,16,6,0,0,1206,2,0,1,13,8,7,15
jtom,Jasper,Tom,DC,12,1,1,0,1,2,0,0,12,12,0,0,0,13,65,0,1,1,0,0,16,7,0,0,1272,0,3,1,16,9,9,15
jtom,Jasper,Tom,DC,13,1,0,0,0,0,0,0,7,7,0,0,0,6,40,-15,0,0,1,0,13,1,0,0,906,0,0,0,16,9,9,0
ctoriello,Cy,Toriello,LA,2,2,0,0,0,0,0,0,20,20,0,0,0,20,48,73,0,0,5,1,28,4,0,0,2300,0,0,0,0,0,0,73
ctoriello,Cy,Toriello,LA,3,1,0,0,0,1,0,0,2,3,0,0,0,3,12,5,0,0,1,0,16,0,4,1,1004,0,1,0,1,0,1,78
ctoriello,Cy,Toriello,LA,4,1,0,0,0,1,0,0,11,14,3,0,0,13,2,19,0,1,4,2,12,2,0,0,1220,3,-2,0,-1,0,2,97
ctoriello,Cy,Toriello,LA,6,1,0,0,0,0,0,0,2,3,1,0,0,3,16,35,0,0,3,1,13,4,0,0,1243,1,-1,0,-2,0,2,132
ctoriello,Cy,Toriello,LA,7,1,2,0,1,0,0,0,3,3,0,0,0,5,3,66,0,0,4,2,9,4,0,0,1004,0,2,2,0,2,2,198
ctoriello,Cy,Toriello,LA,9,2,2,0,0,2,0,0,10,10,0,0,0,12,74,66,0,0,6,3,25,7,0,0,2334,0,4,2,4,4,4,264
ctoriello,Cy,Toriello,LA,11,1,1,0,0,1,0,0,3,4,1,0,0,5,6,28,0,0,5,3,10,4,0,0,1104,1,1,1,5,5,5,292
ctoriello,Cy,Toriello,LA,12,2,2,3,2,1,0,0,17,18,1,0,0,19,137,95,1,1,7,5,24,7,0,0,1825,1,5,5,10,10,6,387
ctoriello,Cy,Toriello,LA,13,1,0,2,1,2,0,0,12,12,0,0,1,12,104,74,1,1,3,1,14,6,0,0,1068,1,3,2,13,12,8,461
jtowle,Jimmy,Towle,PIT,2,1,3,0,0,1,0,0,10,10,0,0,0,13,69,134,0,0,16,14,0,0,0,0,739,0,4,3,4,3,1,134
jtowle,Jimmy,Towle,PIT,3,1,0,0,0,0,0,0,0,0,0,0,0,0,0,0,0,0,0,0,0,0,0,0,0,0,0,0,4,3,1,134
jtowle,Jimmy,Towle,PIT,4,1,0,0,0,0,0,0,0,0,0,0,0,0,0,0,0,0,0,0,0,0,0,0,0,0,0,0,4,3,1,134
jtowle,Jimmy,Towle,PIT,5,1,0,0,0,0,0,0,0,0,0,0,0,0,0,0,0,0,0,0,0,0,0,0,0,0,0,0,4,3,1,134
jtowle,Jimmy,Towle,PIT,6,1,2,0,0,0,0,0,11,12,1,0,0,15,66,218,0,0,21,8,0,0,0,0,1495,1,1,2,5,5,1,352
jtowle,Jimmy,Towle,PIT,7,1,0,0,0,0,0,0,0,0,0,0,0,0,0,0,0,0,0,0,0,0,0,0,0,0,0,0,5,5,1,352
jtowle,Jimmy,Towle,PIT,8,1,1,2,0,0,0,0,16,17,1,0,0,17,112,132,0,0,24,11,0,0,0,0,1428,1,2,3,7,8,1,484
jtowle,Jimmy,Towle,PIT,9,2,2,0,6,0,0,0,26,28,1,0,0,29,109,134,0,1,47,24,0,0,0,0,2742,1,1,2,8,10,1,618
jtowle,Jimmy,Towle,PIT,10,1,0,0,2,0,0,0,29,30,1,0,0,27,82,110,0,0,22,13,0,0,0,0,1441,1,-1,0,7,10,1,728
jtowle,Jimmy,Towle,PIT,11,1,2,2,2,0,0,0,28,28,0,0,0,29,235,162,0,0,23,16,0,0,0,0,1749,0,4,4,11,14,1,890
jtowle,Jimmy,Towle,PIT,13,1,0,1,0,1,0,0,16,16,0,0,1,16,76,80,0,0,21,8,0,0,0,0,1326,1,1,1,12,15,2,970
itran,Ivan,Tran,BOS,1,1,2,0,1,0,0,0,6,6,0,0,0,8,11,41,0,0,0,0,15,3,0,0,864,0,2,2,2,2,0,41
itran,Ivan,Tran,BOS,3,1,0,0,0,1,0,0,7,7,0,0,0,7,-28,48,0,0,0,0,10,3,0,0,1162,0,1,0,3,2,1,89
itran,Ivan,Tran,BOS,4,2,0,1,1,3,0,0,10,10,0,0,0,9,48,57,1,1,0,0,17,5,0,0,1329,0,4,1,7,3,4,146
itran,Ivan,Tran,BOS,7,1,1,1,1,0,0,0,10,10,0,0,0,11,23,79,0,0,0,0,13,7,0,0,1032,0,2,2,9,5,4,225
itran,Ivan,Tran,BOS,8,2,0,0,2,0,0,0,6,6,0,0,0,6,33,-1,0,0,0,0,30,8,0,0,1723,0,0,0,9,5,4,224
itran,Ivan,Tran,BOS,9,1,0,0,0,3,0,0,7,7,0,0,0,6,29,19,0,0,0,0,15,7,0,0,1199,0,3,0,12,5,7,243
itran,Ivan,Tran,BOS,11,1,2,0,0,0,0,0,9,9,0,0,0,11,24,45,0,0,0,0,12,3,0,0,904,0,2,2,14,7,7,288
itran,Ivan,Tran,BOS,12,2,0,0,0,1,0,0,5,5,0,0,0,5,-5,62,0,0,0,0,22,3,0,0,2009,0,1,0,15,7,8,350
itran,Ivan,Tran,BOS,13,1,0,0,0,0,0,0,0,0,0,0,0,0,0,0,0,0,0,0,0,0,0,0,0,0,0,0,15,7,8,350
mtran1,Max,Tran,PHI,1,1,0,0,0,0,0,0,0,0,0,0,0,0,0,0,0,0,0,0,0,0,0,0,0,0,0,0,0,0,0,0
mtran1,Max,Tran,PHI,2,1,0,0,0,0,0,0,0,0,0,0,0,0,0,0,0,0,0,0,0,0,0,0,0,0,0,0,0,0,0,0
mtran1,Max,Tran,PHI,3,1,0,0,0,0,0,0,0,0,0,0,0,0,0,0,0,0,0,0,0,0,0,0,0,0,0,0,0,0,0,0
mtran1,Max,Tran,PHI,5,1,0,1,0,0,0,0,2,2,0,0,1,3,-5,42,0,0,0,0,8,3,0,0,472,1,0,1,0,1,0,42
mtran1,Max,Tran,PHI,6,1,0,1,0,2,0,0,2,2,0,0,0,1,18,-8,0,0,0,0,11,2,0,0,1131,0,3,1,3,2,2,34
mtran1,Max,Tran,PHI,7,2,3,0,3,0,0,0,17,18,1,0,0,19,203,156,2,2,13,8,21,3,0,0,2080,1,2,3,5,5,2,190
mtran1,Max,Tran,PHI,8,1,0,0,0,0,0,0,0,0,0,0,0,0,0,0,0,0,0,0,0,0,0,0,0,0,0,0,5,5,2,190
mtran1,Max,Tran,PHI,10,1,2,1,0,0,0,0,2,2,0,0,0,4,36,43,0,0,1,1,19,7,0,0,1381,0,3,3,8,8,2,233
mtran1,Max,Tran,PHI,12,2,0,0,0,2,0,0,4,4,0,0,0,2,31,-1,0,0,0,0,26,3,0,0,2045,0,2,0,10,8,4,232
mtran1,Max,Tran,PHI,13,1,1,2,0,2,0,0,8,8,0,0,0,7,90,76,1,1,1,1,14,7,0,0,871,0,5,3,15,11,6,308
mtran,Michael,Tran,SD,2,2,2,2,0,2,0,0,12,13,1,0,0,9,89,57,1,1,2,1,13,7,9,0,1228,1,5,4,5,4,2,57
mtran,Michael,Tran,SD,3,1,0,0,0,0,0,0,1,2,1,0,0,1,-2,1,0,1,0,0,15,3,8,0,1017,1,-1,0,4,4,2,58
mtran,Michael,Tran,SD,4,1,0,0,0,0,0,0,0,0,0,0,0,0,0,0,0,0,0,0,0,0,0,0,0,0,0,0,4,4,2,58
mtran,Michael,Tran,SD,5,2,0,0,0,0,0,0,0,0,0,0,0,0,0,0,0,0,0,0,0,0,0,0,0,0,0,0,4,4,2,58
mtran,Michael,Tran,SD,6,1,0,0,1,1,0,0,13,13,0,0,0,10,79,-12,0,0,1,0,18,5,9,0,1509,0,1,0,5,4,3,46
mtran,Michael,Tran,SD,7,1,1,1,0,1,0,0,9,10,0,0,0,11,79,12,0,0,3,2,17,5,7,0,1210,0,3,2,8,6,4,58
mtran,Michael,Tran,SD,8,1,0,0,0,0,0,0,0,0,0,0,0,0,0,0,0,0,0,0,0,0,0,0,0,0,0,0,8,6,4,58
mtran,Michael,Tran,SD,10,1,0,1,0,0,0,0,11,12,1,0,0,11,75,40,0,1,4,3,11,2,1,0,1340,1,0,1,8,7,4,98
mtran,Michael,Tran,SD,11,1,0,0,2,0,0,0,11,11,0,0,0,12,68,43,0,0,4,4,18,5,4,0,1413,0,0,0,8,7,4,141
mtran,Michael,Tran,SD,13,1,0,0,1,2,0,0,16,17,1,0,0,11,39,13,0,1,6,3,12,2,7,0,1414,1,1,0,9,7,6,154
btravers,Ben,Travers,ORE,1,1,0,0,0,0,0,0,0,0,0,0,0,0,0,0,0,0,0,0,0,0,0,0,0,0,0,0,0,0,0,0
btravers,Ben,Travers,ORE,2,1,0,0,0,0,0,0,0,0,0,0,0,0,0,0,0,0,0,0,0,0,0,0,0,0,0,0,0,0,0,0
btravers,Ben,Travers,ORE,4,1,0,0,0,0,0,0,0,0,0,0,0,0,0,0,0,0,0,0,0,0,0,0,0,0,0,0,0,0,0,0
btravers,Ben,Travers,ORE,5,2,0,0,1,0,0,0,3,4,1,0,0,4,0,13,0,0,0,0,6,2,0,0,578,1,-1,0,-1,0,0,13
btravers,Ben,Travers,ORE,6,1,0,0,0,0,0,0,0,0,0,0,0,0,0,0,0,0,0,0,0,0,0,0,0,0,0,0,-1,0,0,13
btravers,Ben,Travers,ORE,7,1,0,0,0,0,0,0,0,0,0,0,0,0,0,0,0,0,0,0,0,0,0,0,0,0,0,0,-1,0,0,13
btravers,Ben,Travers,ORE,8,2,0,0,0,0,0,0,0,0,0,0,0,0,0,0,0,0,0,0,0,0,0,0,0,0,0,0,-1,0,0,13
btravers,Ben,Travers,ORE,9,1,0,0,0,0,0,0,0,0,0,0,0,0,0,0,0,0,0,0,0,0,0,0,0,0,0,0,-1,0,0,13
btravers,Ben,Travers,ORE,10,1,0,0,0,0,0,0,0,0,0,0,0,0,0,0,0,0,0,0,0,0,0,0,0,0,0,0,-1,0,0,13
btravers,Ben,Travers,ORE,13,1,0,0,0,0,0,0,0,0,0,0,0,0,0,0,0,0,0,0,0,0,0,0,0,0,0,0,-1,0,0,13
ctremblay,Christophe,Tremblay-Joncas,MTL,1,1,2,4,4,2,0,0,19,22,3,0,0,24,202,187,2,2,19,13,6,0,1,0,1395,3,5,6,5,6,2,187
ctremblay,Christophe,Tremblay-Joncas,MTL,3,2,3,6,0,2,0,0,39,44,3,0,0,44,408,391,4,4,30,18,9,1,1,0,3131,3,8,9,13,15,4,578
ctremblay,Christophe,Tremblay-Joncas,MTL,4,1,3,6,4,2,0,0,23,25,2,0,0,28,213,340,2,3,26,20,2,0,1,0,1421,2,9,9,22,24,6,918
ctremblay,Christophe,Tremblay-Joncas,MTL,6,1,0,1,2,0,0,0,25,26,0,0,2,26,279,164,2,2,19,13,2,0,0,0,1331,2,-1,1,21,25,6,1082
ctremblay,Christophe,Tremblay-Joncas,MTL,7,2,3,11,4,3,0,0,44,48,3,0,0,51,832,436,9,11,40,24,4,1,3,0,2894,3,14,14,35,39,9,1518
ctremblay,Christophe,Tremblay-Joncas,MTL,8,1,1,3,2,0,0,0,23,25,2,0,0,25,250,181,1,1,17,10,2,0,2,1,1289,2,2,4,37,43,9,1699
ctremblay,Christophe,Tremblay-Joncas,MTL,10,2,0,9,1,1,0,0,55,62,6,0,2,58,600,312,5,7,38,20,8,2,0,0,3161,8,2,9,39,52,10,2011
ctremblay,Christophe,Tremblay-Joncas,MTL,11,1,0,4,5,1,0,0,30,32,2,0,1,30,220,166,1,2,20,14,1,0,1,0,1268,3,2,4,41,56,11,2177
ctremblay,Christophe,Tremblay-Joncas,MTL,13,1,0,0,0,0,0,0,0,0,0,0,0,0,0,0,0,0,0,0,0,0,0,0,0,0,0,0,41,56,11,2177
ctrisolin,Calvin,Trisolini,PHI,1,1,0,0,0,0,0,0,0,0,0,0,0,0,0,0,0,0,0,0,0,0,0,0,0,0,0,0,0,0,0,0
ctrisolin,Calvin,Trisolini,PHI,2,1,0,1,0,0,0,0,5,6,1,0,0,4,102,30,1,2,3,2,5,0,1,0,560,1,0,1,0,1,0,30
ctrisolin,Calvin,Trisolini,PHI,3,1,0,0,0,0,0,0,2,2,0,0,0,0,17,0,0,0,3,1,0,0,0,0,77,0,0,0,0,1,0,30
ctrisolin,Calvin,Trisolini,PHI,5,1,0,0,0,0,0,0,0,0,0,0,0,0,0,0,0,0,0,0,0,0,0,0,0,0,0,0,0,1,0,30
ctrisolin,Calvin,Trisolini,PHI,6,1,0,0,0,0,0,0,0,0,0,0,0,0,0,0,0,0,0,0,0,0,0,0,0,0,0,0,0,1,0,30
ctrisolin,Calvin,Trisolini,PHI,7,2,0,0,0,0,0,0,0,0,0,0,0,0,0,0,0,0,0,0,0,0,0,0,0,0,0,0,0,1,0,30
ctrisolin,Calvin,Trisolini,PHI,8,1,3,0,0,0,0,0,25,25,0,0,0,20,226,121,0,0,12,9,1,0,0,0,891,0,3,3,3,4,0,151
ctrisolin,Calvin,Trisolini,PHI,10,1,1,2,1,0,0,0,30,31,1,0,1,20,146,49,0,0,22,10,0,0,0,0,1568,2,1,3,4,7,0,200
ctrisolin,Calvin,Trisolini,PHI,12,2,0,0,0,0,0,0,0,0,0,0,0,0,0,0,0,0,0,0,0,0,0,0,0,0,0,0,4,7,0,200
ctrisolin,Calvin,Trisolini,PHI,13,1,0,0,0,0,0,0,0,0,0,0,0,0,0,0,0,0,0,0,0,0,0,0,0,0,0,0,4,7,0,200
ttrompete,Tommy,Trompeter,HTX,1,1,0,0,0,0,0,0,0,0,0,0,0,0,0,0,0,0,0,0,0,0,0,0,0,0,0,0,0,0,0,0
ttrompete,Tommy,Trompeter,HTX,2,1,0,0,0,0,0,0,0,0,0,0,0,0,0,0,0,0,0,0,0,0,0,0,0,0,0,0,0,0,0,0
ttrompete,Tommy,Trompeter,HTX,3,1,0,0,0,0,0,0,1,1,0,0,0,1,-10,20,0,0,0,0,14,0,2,0,923,0,0,0,0,0,0,20
ttrompete,Tommy,Trompeter,HTX,4,1,0,0,0,0,0,0,0,0,0,0,0,0,0,0,0,0,0,0,0,0,0,0,0,0,0,0,0,0,0,20
ttrompete,Tommy,Trompeter,HTX,6,2,0,0,0,0,0,0,0,0,0,0,0,0,0,0,0,0,0,0,0,0,0,0,0,0,0,0,0,0,0,20
ttrompete,Tommy,Trompeter,HTX,8,1,0,0,0,0,0,0,0,0,0,0,0,0,0,0,0,0,0,0,0,0,0,0,0,0,0,0,0,0,0,20
ttrompete,Tommy,Trompeter,HTX,9,2,0,0,0,0,0,0,0,0,0,0,0,0,0,0,0,0,0,0,0,0,0,0,0,0,0,0,0,0,0,20
ttrompete,Tommy,Trompeter,HTX,11,1,0,0,0,0,0,0,0,0,0,0,0,0,0,0,0,0,0,0,0,0,0,0,0,0,0,0,0,0,0,20
ttrompete,Tommy,Trompeter,HTX,12,1,0,0,0,0,0,0,0,0,0,0,0,0,0,0,0,0,0,0,0,0,0,0,0,0,0,0,0,0,0,20
ttrompete,Tommy,Trompeter,HTX,13,1,0,0,0,0,0,0,0,0,0,0,0,0,0,0,0,0,0,0,0,0,0,0,0,0,0,0,0,0,0,20
htucker,Harrison,Tucker,LV,1,1,1,0,0,0,0,0,1,1,0,0,2,2,-5,77,0,0,4,2,7,0,0,0,708,2,-1,1,-1,1,0,77
htucker,Harrison,Tucker,LV,2,1,1,0,0,0,0,0,6,6,0,0,1,8,1,134,0,0,8,3,5,1,0,0,1178,1,0,1,-1,2,0,211
htucker,Harrison,Tucker,LV,3,1,0,1,1,0,0,0,4,4,0,0,0,5,19,101,0,0,10,5,3,0,0,0,819,0,1,1,0,3,0,312
htucker,Harrison,Tucker,LV,5,1,1,0,1,0,0,0,6,6,0,0,0,7,-33,143,0,0,12,7,1,0,0,0,1175,0,1,1,1,4,0,455
htucker,Harrison,Tucker,LV,7,2,1,0,1,0,0,0,7,7,0,0,0,8,-21,69,0,0,12,5,14,5,0,0,2023,0,1,1,2,5,0,524
htucker,Harrison,Tucker,LV,8,1,3,0,3,0,0,0,10,10,0,0,0,14,-28,298,0,0,20,10,0,0,0,0,1117,0,3,3,5,8,0,822
htucker,Harrison,Tucker,LV,9,2,3,0,0,0,0,0,14,14,0,0,0,16,45,280,0,0,39,11,2,0,0,0,2606,0,3,3,8,11,0,1102
htucker,Harrison,Tucker,LV,11,1,2,0,0,1,0,0,7,8,1,0,0,9,-38,115,0,0,16,3,4,1,0,0,1202,1,2,2,10,13,1,1217
htucker,Harrison,Tucker,LV,12,1,0,0,0,0,0,0,0,0,0,0,0,0,0,0,0,0,0,0,0,0,0,0,0,0,0,0,10,13,1,1217
htucker,Harrison,Tucker,LV,13,1,1,1,0,1,0,0,8,9,1,0,0,10,91,-14,1,1,5,2,12,3,0,0,1243,1,2,2,12,15,2,1203
mtucker,Matt,Tucker,CAR,3,1,0,0,0,1,0,0,1,1,0,0,0,1,6,18,0,0,0,0,17,3,0,0,1020,0,1,0,1,0,1,18
mtucker,Matt,Tucker,CAR,4,2,2,0,0,1,0,0,0,1,1,0,0,4,0,124,0,0,1,0,28,4,0,0,1761,1,2,2,3,2,2,142
mtucker,Matt,Tucker,CAR,5,1,0,0,0,1,0,0,0,0,0,0,0,0,0,0,0,0,0,0,14,2,0,0,679,0,1,0,4,2,3,142
mtucker,Matt,Tucker,CAR,6,2,3,1,1,1,0,0,6,7,1,0,1,10,13,141,0,0,0,0,35,14,0,0,2759,2,3,4,7,6,4,283
mtucker,Matt,Tucker,CAR,7,1,0,0,0,0,0,0,0,0,0,0,0,1,0,19,0,0,0,0,15,3,0,0,791,0,0,0,7,6,4,302
mtucker,Matt,Tucker,CAR,9,1,0,0,3,2,0,0,7,7,0,0,0,6,24,47,0,0,0,0,22,10,1,0,1355,0,2,0,9,6,6,349
mtucker,Matt,Tucker,CAR,10,1,1,0,2,0,0,0,6,7,1,0,0,8,-37,86,0,0,0,0,21,6,0,0,1422,1,0,1,9,7,6,435
mtucker,Matt,Tucker,CAR,12,1,0,0,0,0,0,0,0,0,0,0,0,0,0,0,0,0,0,0,14,2,0,0,956,0,0,0,9,7,6,435
mtucker,Matt,Tucker,CAR,13,2,4,0,2,3,0,0,7,8,1,0,0,11,46,135,0,0,0,0,44,15,0,0,2411,1,6,4,15,11,9,570
aturcotte,Adam,Turcotte,TOR,2,2,0,0,0,0,0,0,0,0,0,0,0,0,0,0,0,0,0,0,0,0,0,0,0,0,0,0,0,0,0,0
aturcotte,Adam,Turcotte,TOR,3,1,0,0,0,0,0,0,0,0,0,0,0,0,0,0,0,0,0,0,0,0,0,0,0,0,0,0,0,0,0,0
aturcotte,Adam,Turcotte,TOR,6,2,0,0,0,0,0,0,0,0,0,0,0,0,0,0,0,0,0,0,0,0,0,0,0,0,0,0,0,0,0,0
aturcotte,Adam,Turcotte,TOR,7,1,0,0,0,1,0,0,3,3,0,0,0,1,6,-3,0,0,0,0,17,6,0,0,1057,0,1,0,1,0,1,-3
aturcotte,Adam,Turcotte,TOR,8,1,0,0,0,1,0,0,4,4,0,0,0,4,-3,7,0,0,1,0,14,3,0,0,810,0,1,0,2,0,2,4
aturcotte,Adam,Turcotte,TOR,9,2,0,0,0,0,0,0,0,0,0,0,0,0,0,0,0,0,0,0,0,0,0,0,0,0,0,0,2,0,2,4
aturcotte,Adam,Turcotte,TOR,10,1,0,0,1,1,0,0,23,23,0,0,0,22,69,117,0,0,9,4,6,4,0,0,1370,0,1,0,3,0,3,121
aturcotte,Adam,Turcotte,TOR,11,1,0,0,0,0,0,0,0,0,0,0,0,0,0,0,0,0,0,0,0,0,0,0,0,0,0,0,3,0,3,121
aturcotte,Adam,Turcotte,TOR,13,1,0,0,0,0,0,0,0,0,0,0,0,0,0,0,0,0,0,0,0,0,0,0,0,0,0,0,3,0,3,121
gturner,Graham,Turner,DC,1,1,0,1,1,0,0,0,12,12,0,0,0,12,-24,108,0,0,12,9,0,0,0,0,927,0,1,1,1,1,0,108
gturner,Graham,Turner,DC,2,1,2,0,0,0,0,0,4,4,0,0,0,7,-19,40,0,0,17,11,1,1,0,0,1135,0,2,2,3,3,0,148
gturner,Graham,Turner,DC,3,1,0,0,0,0,0,0,0,0,0,0,0,0,0,0,0,0,0,0,0,0,0,0,0,0,0,0,3,3,0,148
gturner,Graham,Turner,DC,4,1,0,0,0,0,0,0,0,0,0,0,0,0,0,0,0,0,0,0,0,0,0,0,0,0,0,0,3,3,0,148
gturner,Graham,Turner,DC,6,2,0,0,0,0,0,0,0,0,0,0,0,0,0,0,0,0,0,0,0,0,0,0,0,0,0,0,3,3,0,148
gturner,Graham,Turner,DC,7,1,0,0,0,0,0,0,0,0,0,0,0,0,0,0,0,0,0,0,0,0,0,0,0,0,0,0,3,3,0,148
gturner,Graham,Turner,DC,8,1,0,0,0,0,0,0,0,0,0,0,0,0,0,0,0,0,0,0,0,0,0,0,0,0,0,0,3,3,0,148
gturner,Graham,Turner,DC,10,1,0,0,0,0,0,0,0,0,0,0,0,0,0,0,0,0,0,0,0,0,0,0,0,0,0,0,3,3,0,148
gturner,Graham,Turner,DC,11,1,0,0,0,0,0,0,0,0,0,0,0,0,0,0,0,0,0,0,0,0,0,0,0,0,0,0,3,3,0,148
gturner,Graham,Turner,DC,12,1,0,0,0,0,0,0,0,0,0,0,0,0,0,0,0,0,0,0,0,0,0,0,0,0,0,0,3,3,0,148
gturner,Graham,Turner,DC,13,1,0,0,0,0,0,0,0,0,0,0,0,0,0,0,0,0,0,0,0,0,0,0,0,0,0,0,3,3,0,148
mturner,Mark,Turner,HTX,1,1,3,5,1,0,0,1,27,30,2,0,0,22,272,215,1,2,20,15,0,0,0,0,1145,2,6,8,6,8,0,215
mturner,Mark,Turner,HTX,2,1,1,0,0,1,0,0,7,9,2,0,0,9,57,20,0,0,8,4,1,0,0,0,811,2,0,1,6,9,1,235
mturner,Mark,Turner,HTX,3,1,2,5,0,1,0,0,13,14,0,0,0,15,176,141,0,0,17,12,0,0,0,0,722,0,8,7,14,16,2,376
mturner,Mark,Turner,HTX,4,1,0,2,2,0,0,0,15,15,0,0,0,13,62,92,2,2,13,10,0,0,0,0,828,0,2,2,16,18,2,468
mturner,Mark,Turner,HTX,6,2,0,4,4,0,0,0,46,49,3,0,0,48,453,199,3,3,31,19,0,0,0,0,2315,3,1,4,17,22,2,667
mturner,Mark,Turner,HTX,8,1,0,0,0,0,0,0,0,0,0,0,0,0,0,0,0,0,0,0,0,0,0,0,0,0,0,0,17,22,2,667
mturner,Mark,Turner,HTX,9,2,5,1,0,0,0,0,10,12,2,0,0,16,8,222,0,1,16,9,2,0,0,0,1109,2,4,6,21,28,2,889
mturner,Mark,Turner,HTX,11,1,3,2,0,0,0,0,9,10,1,0,0,12,167,126,1,1,18,11,0,0,0,0,1122,1,4,5,25,33,2,1015
mturner,Mark,Turner,HTX,12,1,3,2,2,1,0,0,15,16,1,0,1,18,78,111,0,0,16,12,0,0,0,0,976,2,4,5,29,38,3,1126
mturner,Mark,Turner,HTX,13,1,0,0,0,0,0,0,0,0,0,0,0,0,0,0,0,0,0,0,0,0,0,0,0,0,0,0,29,38,3,1126
pturner,Phil,Turner,TOR,2,2,1,0,0,2,0,0,5,5,0,0,2,6,49,35,0,0,3,3,32,3,0,0,2599,2,1,1,1,1,2,35
pturner,Phil,Turner,TOR,3,1,1,0,1,1,0,0,4,4,0,0,0,5,25,109,0,0,3,2,16,3,7,0,1043,0,2,1,3,2,3,144
pturner,Phil,Turner,TOR,6,2,1,1,0,3,0,0,11,11,0,0,0,10,80,43,1,1,5,4,31,4,25,3,2280,0,5,2,8,4,6,187
pturner,Phil,Turner,TOR,7,1,1,0,2,2,0,0,6,6,0,0,0,6,42,54,0,0,3,2,18,11,10,1,981,0,3,1,11,5,8,241
pturner,Phil,Turner,TOR,8,1,1,0,0,1,0,0,2,3,1,0,0,4,40,48,0,0,2,0,19,3,14,1,1238,1,1,1,12,6,9,289
pturner,Phil,Turner,TOR,9,2,2,1,1,1,0,0,8,8,0,0,0,9,24,118,0,0,12,7,29,3,8,0,2797,0,4,3,16,9,10,407
pturner,Phil,Turner,TOR,10,1,0,0,1,1,0,0,8,8,0,0,0,8,4,92,0,0,10,5,11,2,9,0,1197,0,1,0,17,9,11,499
pturner,Phil,Turner,TOR,11,1,1,0,2,3,0,0,12,13,1,0,0,12,146,48,1,1,1,1,18,6,8,0,1120,1,3,1,20,10,14,547
pturner,Phil,Turner,TOR,13,1,2,0,0,3,1,0,6,6,0,0,0,6,25,85,0,0,8,6,13,1,6,0,1482,0,5,2,25,12,17,632
wturner,Will,Turner,SD,2,2,2,3,0,1,0,0,24,25,1,0,0,19,151,83,0,0,1,0,34,14,26,0,2578,1,5,5,5,5,1,83
wturner,Will,Turner,SD,3,1,0,0,0,0,0,0,0,0,0,0,0,0,0,0,0,0,0,0,0,0,0,0,0,0,0,0,5,5,1,83
wturner,Will,Turner,SD,4,1,0,0,0,0,0,0,0,0,0,0,0,0,0,0,0,0,0,0,0,0,0,0,0,0,0,0,5,5,1,83
wturner,Will,Turner,SD,5,2,2,0,1,1,0,0,18,19,1,0,0,14,65,41,0,0,0,0,34,7,26,0,2311,1,2,2,7,7,2,124
wturner,Will,Turner,SD,6,1,1,1,2,1,0,0,13,13,0,0,0,11,123,7,1,1,1,1,14,8,12,0,946,0,3,2,10,9,3,131
wturner,Will,Turner,SD,7,1,0,1,1,0,0,0,6,6,0,0,0,3,27,0,0,0,0,0,17,3,12,0,1051,0,1,1,11,10,3,131
wturner,Will,Turner,SD,8,1,0,0,1,0,0,0,8,10,1,0,1,7,32,44,0,0,0,0,19,6,14,1,1072,2,-2,0,9,10,3,175
wturner,Will,Turner,SD,10,1,1,0,0,2,0,0,14,15,0,0,0,10,96,66,0,0,2,1,15,3,10,0,1222,0,3,1,12,11,5,241
wturner,Will,Turner,SD,11,1,0,1,0,1,0,0,13,14,1,0,0,9,99,37,0,0,3,3,17,5,13,1,1083,1,1,1,13,12,6,278
wturner,Will,Turner,SD,13,1,1,0,2,1,0,0,17,17,0,0,0,17,176,60,2,2,6,5,11,3,6,0,1319,0,2,1,15,13,7,338
cughetta,Connor,Ughetta,HTX,1,1,1,0,0,1,0,0,9,11,2,0,1,7,17,52,0,0,8,2,18,3,15,1,1127,3,-1,1,-1,1,1,52
cughetta,Connor,Ughetta,HTX,2,1,0,1,0,0,0,0,13,13,0,0,0,12,93,35,0,0,5,3,7,2,5,1,997,0,1,1,0,2,1,87
cughetta,Connor,Ughetta,HTX,3,1,2,1,0,0,0,0,4,4,0,0,0,6,36,148,0,0,10,5,13,1,8,0,1593,0,3,3,3,5,1,235
cughetta,Connor,Ughetta,HTX,4,1,1,1,1,0,0,0,14,14,0,0,0,14,84,100,0,0,5,3,14,6,4,0,1397,0,2,2,5,7,1,335
cughetta,Connor,Ughetta,HTX,6,2,2,1,2,0,0,0,25,27,2,0,0,25,263,147,0,0,15,10,26,3,19,1,2479,2,1,3,6,10,1,482
cughetta,Connor,Ughetta,HTX,8,1,0,1,0,0,0,0,16,20,4,0,0,18,75,76,0,0,5,2,16,2,8,2,1366,4,-3,1,3,11,1,558
cughetta,Connor,Ughetta,HTX,9,2,0,0,0,0,0,0,0,0,0,0,0,0,0,0,0,0,0,0,0,0,0,0,0,0,0,0,3,11,1,558
cughetta,Connor,Ughetta,HTX,11,1,0,2,0,0,0,0,16,16,0,0,0,14,168,76,0,0,9,4,14,1,9,0,1194,0,2,2,5,13,1,634
cughetta,Connor,Ughetta,HTX,12,1,0,1,0,0,0,0,14,15,1,0,1,15,53,72,0,1,7,5,8,2,3,2,1208,2,-1,1,4,14,1,706
cughetta,Connor,Ughetta,HTX,13,1,0,0,1,0,0,0,16,19,2,0,0,9,89,53,0,0,8,3,16,3,9,0,1283,2,-2,0,2,14,1,759
rulmer,Riley,Ulmer,IND,2,1,0,0,0,0,0,0,0,0,0,0,0,0,0,0,0,0,0,0,0,0,0,0,0,0,0,0,0,0,0,0
rulmer,Riley,Ulmer,IND,3,1,0,0,0,0,0,0,0,0,0,0,0,0,0,0,0,0,0,0,0,0,0,0,0,0,0,0,0,0,0,0
rulmer,Riley,Ulmer,IND,5,1,0,0,0,0,0,0,0,0,0,0,0,0,0,0,0,0,0,0,0,0,0,0,0,0,0,0,0,0,0,0
rulmer,Riley,Ulmer,IND,6,1,0,0,0,0,0,0,0,0,0,0,0,0,0,0,0,0,0,0,0,0,0,0,0,0,0,0,0,0,0,0
rulmer,Riley,Ulmer,IND,7,1,0,0,0,0,0,0,0,0,0,0,0,0,0,0,0,0,0,0,0,0,0,0,0,0,0,0,0,0,0,0
rulmer,Riley,Ulmer,IND,8,1,0,0,0,0,0,0,0,0,0,0,0,0,0,0,0,0,0,0,0,0,0,0,0,0,0,0,0,0,0,0
rulmer,Riley,Ulmer,IND,9,1,2,0,0,0,0,0,0,0,0,0,0,2,0,29,0,0,0,0,8,2,0,0,298,0,2,2,2,2,0,29
rulmer,Riley,Ulmer,IND,10,2,0,0,0,0,0,0,5,6,1,0,0,5,4,68,0,0,8,2,7,1,0,0,1367,1,-1,0,1,2,0,97
rulmer,Riley,Ulmer,IND,11,1,0,0,0,0,0,0,0,0,0,0,0,0,0,0,0,0,0,0,0,0,0,0,0,0,0,0,1,2,0,97
rulmer,Riley,Ulmer,IND,12,1,0,0,0,0,0,0,0,0,0,0,0,0,0,0,0,0,0,0,0,0,0,0,0,0,0,0,1,2,0,97
rulmer,Riley,Ulmer,IND,13,1,0,0,0,0,0,0,0,0,0,0,0,0,0,0,0,0,0,0,0,0,0,0,0,0,0,0,1,2,0,97
jvallee,Jason,Vallee,OAK,1,1,0,2,0,1,0,0,25,26,1,0,0,25,150,47,0,0,16,11,3,0,0,0,1372,1,2,2,2,2,1,47
jvallee,Jason,Vallee,OAK,2,2,0,7,2,0,0,0,40,41,1,0,0,40,367,192,2,2,21,16,3,1,0,0,1411,1,6,7,8,9,1,239
jvallee,Jason,Vallee,OAK,3,1,4,5,5,0,0,0,41,42,0,0,0,45,257,192,2,2,26,22,1,1,0,0,1306,0,9,9,17,18,1,431
jvallee,Jason,Vallee,OAK,5,1,0,0,0,0,0,0,0,0,0,0,0,0,0,0,0,0,0,0,0,0,0,0,0,0,0,0,17,18,1,431
jvallee,Jason,Vallee,OAK,6,1,0,0,0,0,0,0,0,0,0,0,0,0,0,0,0,0,0,0,0,0,0,0,0,0,0,0,17,18,1,431
jvallee,Jason,Vallee,OAK,7,1,1,6,4,0,0,0,45,46,1,0,0,47,306,127,0,0,26,18,4,0,0,0,1768,1,6,7,23,25,1,558
jvallee,Jason,Vallee,OAK,8,1,2,2,5,2,0,0,31,33,2,0,0,35,251,137,0,0,12,10,3,3,0,0,763,2,4,4,27,29,3,695
jvallee,Jason,Vallee,OAK,9,1,0,0,0,0,0,0,0,0,0,0,0,0,0,0,0,0,0,0,0,0,0,0,0,0,0,0,27,29,3,695
jvallee,Jason,Vallee,OAK,10,2,2,4,7,0,0,0,67,70,3,0,0,71,241,248,1,1,39,28,7,2,0,0,2945,3,3,6,30,35,3,943
jvallee,Jason,Vallee,OAK,13,1,1,2,0,0,0,0,26,29,3,0,1,30,166,104,1,1,13,7,1,0,0,0,1133,4,-1,3,29,38,3,1047
bvandeuse,Brandon,Van Deusen,CHI,4,1,0,0,0,0,0,0,8,8,0,0,0,8,34,46,0,0,8,3,0,0,0,0,545,0,0,0,0,0,0,46
bvandeuse,Brandon,Van Deusen,CHI,6,1,0,3,4,1,0,0,31,31,0,0,0,27,287,150,2,2,20,13,0,0,0,0,1427,0,4,3,4,3,1,196
bvandeuse,Brandon,Van Deusen,CHI,7,1,0,4,2,1,0,0,42,43,1,0,0,36,341,57,2,2,20,15,0,0,0,0,1689,1,4,4,8,7,2,253
bvandeuse,Brandon,Van Deusen,CHI,8,1,0,2,1,0,0,0,15,15,0,0,0,12,125,62,1,1,13,12,3,2,0,0,785,0,2,2,10,9,2,315
bvandeuse,Brandon,Van Deusen,CHI,9,2,1,6,4,2,0,0,45,48,3,0,1,35,355,124,1,2,28,22,4,4,1,0,2157,4,5,7,15,16,4,439
bvandeuse,Brandon,Van Deusen,CHI,10,2,1,0,2,0,0,0,23,26,3,0,0,19,194,130,0,0,13,11,1,0,0,0,1126,3,-2,1,13,17,4,569
bvandeuse,Brandon,Van Deusen,CHI,11,2,1,7,7,0,0,0,78,82,3,0,0,64,744,155,2,3,37,31,0,0,0,0,2526,3,5,8,18,25,4,724
bvandeuse,Brandon,Van Deusen,CHI,13,2,1,3,5,0,0,0,61,65,3,0,0,52,674,74,3,3,30,21,6,4,1,0,1964,3,1,4,19,29,4,798
tvandemoo,Tristan,Van de Moortele,MIN,3,1,3,4,3,1,0,0,17,17,0,0,0,16,226,133,1,1,2,1,24,11,0,0,1482,0,8,7,8,7,1,133
tvandemoo,Tristan,Van de Moortele,MIN,4,1,0,1,1,1,0,0,14,17,3,0,0,11,123,66,0,1,5,2,12,3,0,0,1180,3,-1,1,7,8,2,199
tvandemoo,Tristan,Van de Moortele,MIN,5,1,1,5,1,1,0,0,23,26,3,0,0,20,179,58,0,3,4,3,17,9,1,0,1269,3,4,6,11,14,3,257
tvandemoo,Tristan,Van de Moortele,MIN,6,1,0,0,0,0,0,0,16,16,0,0,0,10,148,-6,1,1,3,2,17,6,0,0,1886,0,0,0,11,14,3,251
tvandemoo,Tristan,Van de Moortele,MIN,7,1,0,1,4,1,0,0,30,32,2,0,0,26,288,17,1,2,3,3,15,8,0,0,1775,2,0,1,11,15,4,268
tvandemoo,Tristan,Van de Moortele,MIN,8,1,1,4,1,1,0,0,36,36,0,0,0,32,214,127,0,0,8,6,6,2,0,0,1402,0,6,5,17,20,5,395
tvandemoo,Tristan,Van de Moortele,MIN,9,1,4,3,4,0,0,0,25,26,1,0,0,24,134,85,0,0,16,12,9,7,1,1,1564,1,6,7,23,27,5,480
tvandemoo,Tristan,Van de Moortele,MIN,11,2,0,4,4,0,0,0,68,70,1,0,0,62,492,359,3,3,25,11,17,6,1,0,3099,1,3,4,26,31,5,839
tvandemoo,Tristan,Van de Moortele,MIN,12,1,0,4,2,1,0,0,38,39,1,0,0,34,195,55,0,0,7,5,13,4,1,0,1583,1,4,4,30,35,6,894
tvandemoo,Tristan,Van de Moortele,MIN,13,2,3,4,3,0,0,0,48,53,5,0,2,41,277,133,0,1,10,4,33,15,4,0,2810,7,0,7,30,42,6,1027
svandusen,Sam,VanDusen,COL,1,1,0,3,1,2,0,0,15,16,1,0,0,13,125,-37,0,0,2,1,15,6,1,0,1384,1,4,3,4,3,2,-37
svandusen,Sam,VanDusen,COL,4,2,2,3,4,0,0,0,23,26,3,0,1,22,223,161,1,2,9,6,20,8,1,0,1654,4,1,5,5,8,2,124
svandusen,Sam,VanDusen,COL,5,1,1,1,2,1,0,0,8,10,2,0,0,8,104,-5,0,1,1,1,15,6,2,0,1106,2,1,2,6,10,3,119
svandusen,Sam,VanDusen,COL,6,1,0,0,0,1,0,0,3,3,0,0,0,1,-1,7,0,0,0,0,16,2,15,1,702,0,1,0,7,10,4,126
svandusen,Sam,VanDusen,COL,9,1,0,0,0,0,0,0,0,0,0,0,0,0,0,0,0,0,0,0,0,0,0,0,0,0,0,0,7,10,4,126
svandusen,Sam,VanDusen,COL,10,2,2,1,3,0,0,0,24,27,2,0,0,24,171,103,1,3,2,0,29,10,27,1,1833,2,1,3,8,13,4,229
svandusen,Sam,VanDusen,COL,11,1,0,0,1,0,0,0,5,7,1,0,0,5,31,43,0,1,2,0,12,2,9,1,910,1,-1,0,7,13,4,272
svandusen,Sam,VanDusen,COL,12,2,2,7,2,4,0,0,30,32,2,0,0,17,399,90,3,3,1,0,56,24,49,5,3268,2,11,9,18,22,8,362
svandusen,Sam,VanDusen,COL,13,1,0,2,2,2,0,0,7,9,2,0,0,4,71,32,0,2,0,0,18,10,10,2,1380,2,2,2,20,24,10,394
avandeber,Andrew,Vande Berg,CAR,3,1,0,0,0,0,0,0,1,1,0,0,0,1,4,17,0,0,2,2,10,0,4,0,887,0,0,0,0,0,0,17
avandeber,Andrew,Vande Berg,CAR,4,2,1,1,0,4,0,0,6,6,0,0,2,5,38,70,0,0,9,5,25,5,15,2,2465,2,4,2,4,2,4,87
avandeber,Andrew,Vande Berg,CAR,5,1,1,0,0,0,0,0,1,1,0,0,0,2,-9,13,0,0,0,0,14,3,8,0,839,0,1,1,5,3,4,100
avandeber,Andrew,Vande Berg,CAR,6,2,3,0,2,1,0,0,11,11,0,0,0,14,32,142,0,0,1,0,31,12,22,1,2264,0,4,3,9,6,5,242
avandeber,Andrew,Vande Berg,CAR,7,1,0,0,0,1,0,0,3,3,0,0,0,2,-8,37,0,0,0,0,13,3,0,0,811,0,1,0,10,6,6,279
avandeber,Andrew,Vande Berg,CAR,9,1,0,0,0,0,0,0,0,0,0,0,0,0,0,0,0,0,0,0,0,0,0,0,0,0,0,0,10,6,6,279
avandeber,Andrew,Vande Berg,CAR,10,1,0,0,0,0,0,0,0,0,0,0,0,0,0,0,0,0,0,0,0,0,0,0,0,0,0,0,10,6,6,279
avandeber,Andrew,Vande Berg,CAR,12,1,0,0,0,0,0,0,0,0,0,0,0,0,0,0,0,0,0,0,0,0,0,0,0,0,0,0,10,6,6,279
avandeber,Andrew,Vande Berg,CAR,13,2,0,0,0,0,0,0,0,0,0,0,0,0,0,0,0,0,0,0,0,0,0,0,0,0,0,0,10,6,6,279
mverdugo,Mario,Verdugo,LV,1,1,0,0,0,0,0,0,0,0,0,0,0,0,0,0,0,0,0,0,0,0,0,0,0,0,0,0,0,0,0,0
mverdugo,Mario,Verdugo,LV,2,1,0,0,0,0,0,0,0,0,0,0,0,0,0,0,0,0,0,0,0,0,0,0,0,0,0,0,0,0,0,0
mverdugo,Mario,Verdugo,LV,3,1,0,0,0,0,0,0,2,3,1,0,0,1,10,12,0,0,7,2,6,1,0,0,647,1,-1,0,-1,0,0,12
mverdugo,Mario,Verdugo,LV,5,1,0,0,0,0,0,0,0,0,0,0,0,0,0,0,0,0,0,0,0,0,0,0,0,0,0,0,-1,0,0,12
mverdugo,Mario,Verdugo,LV,7,2,0,0,0,0,0,0,0,0,0,0,0,0,0,0,0,0,0,0,0,0,0,0,0,0,0,0,-1,0,0,12
mverdugo,Mario,Verdugo,LV,8,1,0,0,0,0,0,0,0,0,0,0,0,0,0,0,0,0,0,0,0,0,0,0,0,0,0,0,-1,0,0,12
mverdugo,Mario,Verdugo,LV,9,2,1,0,1,0,0,0,5,5,0,0,1,6,-3,44,0,0,5,2,12,1,0,0,1009,1,0,1,-1,1,0,56
mverdugo,Mario,Verdugo,LV,11,1,0,1,0,0,0,0,16,18,2,0,0,11,102,37,0,0,9,1,8,1,0,0,996,2,-1,1,-2,2,0,93
mverdugo,Mario,Verdugo,LV,12,1,0,0,0,0,0,0,0,0,0,0,0,0,0,0,0,0,0,0,0,0,0,0,0,0,0,0,-2,2,0,93
mverdugo,Mario,Verdugo,LV,13,1,0,0,0,0,0,0,0,0,0,0,0,0,0,0,0,0,0,0,0,0,0,0,0,0,0,0,-2,2,0,93
rvickersb,Robin,Vickers Batzdorf,OAK,1,1,1,1,3,3,0,0,15,16,1,0,0,14,10,43,0,0,2,1,16,7,0,0,1205,1,4,2,4,2,3,43
rvickersb,Robin,Vickers Batzdorf,OAK,2,2,1,0,0,0,0,0,32,33,1,0,0,30,90,8,0,0,3,2,12,1,0,0,908,1,0,1,4,3,3,51
rvickersb,Robin,Vickers Batzdorf,OAK,3,1,0,0,0,0,0,0,0,0,0,0,0,0,0,0,0,0,0,0,0,0,0,0,0,0,0,0,4,3,3,51
rvickersb,Robin,Vickers Batzdorf,OAK,5,1,0,0,0,0,0,0,0,0,0,0,0,0,0,0,0,0,0,0,0,0,0,0,0,0,0,0,4,3,3,51
rvickersb,Robin,Vickers Batzdorf,OAK,6,1,0,0,0,0,0,0,0,0,0,0,0,0,0,0,0,0,0,0,0,0,0,0,0,0,0,0,4,3,3,51
rvickersb,Robin,Vickers Batzdorf,OAK,7,1,0,0,1,0,0,0,1,1,0,0,1,1,21,-1,0,0,0,0,14,2,0,0,799,1,-1,0,3,3,3,50
rvickersb,Robin,Vickers Batzdorf,OAK,8,1,0,0,0,0,0,0,0,0,0,0,0,0,0,0,0,0,0,0,0,0,0,0,0,0,0,0,3,3,3,50
rvickersb,Robin,Vickers Batzdorf,OAK,9,1,0,0,0,0,0,0,0,0,0,0,0,0,0,0,0,0,0,0,0,0,0,0,0,0,0,0,3,3,3,50
rvickersb,Robin,Vickers Batzdorf,OAK,10,2,0,0,0,0,0,0,0,0,0,0,0,0,0,0,0,0,0,0,0,0,0,0,0,0,0,0,3,3,3,50
rvickersb,Robin,Vickers Batzdorf,OAK,13,1,1,0,2,2,0,0,13,13,0,0,0,12,34,26,0,0,3,3,10,4,3,0,1135,0,3,1,6,4,5,76
dvockerot,Dan,Vockeroth,LV,1,1,1,1,1,2,0,0,22,24,1,0,0,25,66,325,0,0,24,9,8,1,0,0,1609,1,3,2,3,2,2,325
dvockerot,Dan,Vockeroth,LV,2,1,2,0,2,0,0,0,14,16,2,0,1,18,135,226,1,2,14,6,11,2,0,0,1907,3,-1,2,2,4,2,551
dvockerot,Dan,Vockeroth,LV,3,1,0,3,0,3,0,0,23,23,0,0,0,20,172,106,0,0,17,6,8,1,0,0,1999,0,6,3,8,7,5,657
dvockerot,Dan,Vockeroth,LV,5,1,0,0,0,0,0,0,0,0,0,0,0,0,0,0,0,0,0,0,0,0,0,0,0,0,0,0,8,7,5,657
dvockerot,Dan,Vockeroth,LV,7,2,4,3,3,1,0,0,37,41,3,0,1,38,186,352,2,4,39,20,2,0,1,0,3234,4,4,7,12,14,6,1009
dvockerot,Dan,Vockeroth,LV,8,1,0,0,0,0,0,0,0,0,0,0,0,0,0,0,0,0,0,0,0,0,0,0,0,0,0,0,12,14,6,1009
dvockerot,Dan,Vockeroth,LV,9,2,0,0,0,0,0,0,0,0,0,0,0,0,0,0,0,0,0,0,0,0,0,0,0,0,0,0,12,14,6,1009
dvockerot,Dan,Vockeroth,LV,11,1,0,0,0,0,0,0,0,0,0,0,0,0,0,0,0,0,0,0,0,0,0,0,0,0,0,0,12,14,6,1009
dvockerot,Dan,Vockeroth,LV,12,1,0,0,0,0,0,0,0,0,0,0,0,0,0,0,0,0,0,0,0,0,0,0,0,0,0,0,12,14,6,1009
dvockerot,Dan,Vockeroth,LV,13,1,0,0,0,0,0,0,0,0,0,0,0,0,0,0,0,0,0,0,0,0,0,0,0,0,0,0,12,14,6,1009
bvohnoutk,Bryan,Vohnoutka,MIN,3,1,2,0,2,0,0,0,9,10,1,0,0,11,113,174,1,1,14,12,5,2,0,0,754,1,1,2,1,2,0,174
bvohnoutk,Bryan,Vohnoutka,MIN,4,1,0,1,0,0,0,0,7,9,2,0,0,9,96,67,0,1,8,2,9,4,0,0,1352,2,-1,1,0,3,0,241
bvohnoutk,Bryan,Vohnoutka,MIN,5,1,1,2,3,0,0,0,12,12,0,0,0,13,140,166,1,1,14,11,3,2,0,0,832,0,3,3,3,6,0,407
bvohnoutk,Bryan,Vohnoutka,MIN,6,1,1,1,1,0,0,0,11,13,1,0,0,13,107,149,1,1,14,10,4,1,0,0,1206,1,1,2,4,8,0,556
bvohnoutk,Bryan,Vohnoutka,MIN,7,1,1,1,2,1,0,0,18,19,1,0,1,17,114,160,0,1,15,9,4,3,0,0,1315,2,1,2,5,10,1,716
bvohnoutk,Bryan,Vohnoutka,MIN,8,1,5,2,1,1,0,0,24,24,0,0,0,28,174,194,0,0,16,11,3,1,0,0,1420,0,8,7,13,17,2,910
bvohnoutk,Bryan,Vohnoutka,MIN,9,1,1,3,3,0,0,0,18,19,1,0,0,20,203,156,0,0,15,11,5,4,0,0,1175,1,3,4,16,21,2,1066
bvohnoutk,Bryan,Vohnoutka,MIN,11,2,3,5,4,1,0,0,40,45,5,0,0,46,219,422,1,1,34,20,10,2,1,0,2893,5,4,8,20,29,3,1488
bvohnoutk,Bryan,Vohnoutka,MIN,12,1,1,2,0,0,0,0,33,35,1,0,0,36,157,141,0,0,12,7,6,4,0,0,1757,1,2,3,22,32,3,1629
bvohnoutk,Bryan,Vohnoutka,MIN,13,2,9,3,6,3,0,0,34,37,3,0,0,44,187,428,0,1,28,18,14,7,1,0,2195,3,12,12,34,44,6,2057
gvordick,Gabe,Vordick,MAD,2,2,2,1,5,1,0,0,24,25,1,0,1,26,57,283,0,0,31,19,0,0,0,0,2811,2,2,3,2,3,1,283
gvordick,Gabe,Vordick,MAD,4,1,0,2,0,1,0,0,11,15,3,0,1,14,55,95,0,0,11,5,0,0,0,0,813,4,-1,2,1,5,2,378
gvordick,Gabe,Vordick,MAD,6,1,0,0,0,0,0,0,0,0,0,0,0,0,0,0,0,0,0,0,0,0,0,0,0,0,0,0,1,5,2,378
gvordick,Gabe,Vordick,MAD,7,1,2,2,3,1,0,0,32,34,2,0,1,34,65,153,0,1,17,10,0,0,0,0,1416,3,2,4,3,9,3,531
gvordick,Gabe,Vordick,MAD,8,2,1,3,5,0,0,0,46,47,1,0,1,49,168,302,2,2,38,25,1,0,0,0,2909,2,2,4,5,13,3,833
gvordick,Gabe,Vordick,MAD,10,2,6,1,9,0,0,0,40,40,0,0,2,45,83,417,0,0,33,26,2,2,1,0,2568,2,5,7,10,20,3,1250
gvordick,Gabe,Vordick,MAD,11,1,1,0,2,0,0,0,24,25,1,0,0,26,30,220,0,0,12,9,0,0,0,0,1060,1,0,1,10,21,3,1470
gvordick,Gabe,Vordick,MAD,12,1,1,2,4,0,0,0,27,29,2,0,0,30,77,188,0,0,13,8,0,0,0,0,1368,2,1,3,11,24,3,1658
gvordick,Gabe,Vordick,MAD,13,1,1,1,2,0,0,0,22,23,1,0,0,24,120,195,1,2,21,12,0,0,0,0,1671,1,1,2,12,26,3,1853
cvukovic,Charlie,Vukovic,PIT,2,1,1,1,1,2,0,0,9,12,2,0,0,10,72,125,0,1,0,0,19,7,11,0,972,2,2,2,2,2,2,125
cvukovic,Charlie,Vukovic,PIT,3,1,2,0,0,2,0,0,11,16,5,0,0,13,22,78,0,3,1,1,18,6,14,2,1310,5,-1,2,1,4,4,203
cvukovic,Charlie,Vukovic,PIT,4,1,0,0,2,0,0,0,12,13,1,0,1,11,93,-7,0,0,3,1,16,4,13,2,1352,2,-2,0,-1,4,4,196
cvukovic,Charlie,Vukovic,PIT,5,1,0,3,0,0,0,0,19,23,4,1,0,23,116,98,1,3,12,3,13,2,12,2,1377,5,-2,3,-3,7,4,294
cvukovic,Charlie,Vukovic,PIT,6,1,1,0,1,0,0,0,5,6,1,0,0,7,43,106,0,0,8,2,14,2,12,0,1340,1,0,1,-3,8,4,400
cvukovic,Charlie,Vukovic,PIT,7,1,1,1,1,0,0,0,9,11,1,0,1,11,78,145,0,1,4,0,16,8,9,2,1560,2,0,2,-3,10,4,545
cvukovic,Charlie,Vukovic,PIT,8,1,0,0,0,0,0,0,0,0,0,0,0,0,0,0,0,0,0,0,0,0,0,0,0,0,0,0,-3,10,4,545
cvukovic,Charlie,Vukovic,PIT,9,2,0,1,0,1,0,0,15,20,4,0,0,17,114,37,0,1,8,3,11,2,10,0,1208,4,-2,1,-5,11,5,582
cvukovic,Charlie,Vukovic,PIT,10,1,0,0,0,0,0,0,0,0,0,0,0,0,0,0,0,0,0,0,0,0,0,0,0,0,0,0,-5,11,5,582
cvukovic,Charlie,Vukovic,PIT,11,1,1,1,0,1,0,0,8,10,2,0,0,7,94,121,1,2,1,1,15,2,8,0,1126,2,1,2,-4,13,6,703
cvukovic,Charlie,Vukovic,PIT,13,1,1,4,0,0,0,0,10,10,0,0,0,9,23,103,1,1,8,5,17,5,9,0,1389,0,5,5,1,18,6,806
mwagner,Micah,Wagner,DC,1,1,0,0,0,0,0,0,0,0,0,0,0,0,0,0,0,0,0,0,0,0,0,0,0,0,0,0,0,0,0,0
mwagner,Micah,Wagner,DC,2,1,0,0,0,0,0,0,0,0,0,0,0,0,0,0,0,0,0,0,0,0,0,0,0,0,0,0,0,0,0,0
mwagner,Micah,Wagner,DC,3,1,0,0,0,0,0,0,0,0,0,0,0,0,0,0,0,0,0,0,0,0,0,0,0,0,0,0,0,0,0,0
mwagner,Micah,Wagner,DC,4,1,0,0,0,0,0,0,0,0,0,0,0,0,0,0,0,0,0,0,0,0,0,0,0,0,0,0,0,0,0,0
mwagner,Micah,Wagner,DC,6,2,0,0,0,0,0,0,0,0,0,0,0,0,0,0,0,0,0,0,0,0,0,0,0,0,0,0,0,0,0,0
mwagner,Micah,Wagner,DC,7,1,1,1,1,3,0,0,6,6,0,0,0,7,107,112,1,1,0,0,18,8,0,0,1319,0,5,2,5,2,3,112
mwagner,Micah,Wagner,DC,8,1,1,0,1,0,0,0,4,4,0,0,0,5,-3,61,0,0,0,0,17,3,0,0,1046,0,1,1,6,3,3,173
mwagner,Micah,Wagner,DC,10,1,3,0,0,2,0,0,12,12,0,0,0,13,42,131,0,0,0,0,15,10,0,0,973,0,5,3,11,6,5,304
mwagner,Micah,Wagner,DC,11,1,0,0,0,1,0,0,7,7,0,0,0,7,51,56,0,0,0,0,15,3,0,0,1146,0,1,0,12,6,6,360
mwagner,Micah,Wagner,DC,12,1,0,0,0,0,0,0,0,0,0,0,0,0,0,0,0,0,0,0,0,0,0,0,0,0,0,0,12,6,6,360
mwagner,Micah,Wagner,DC,13,1,0,0,0,0,0,0,0,0,0,0,0,0,0,0,0,0,0,0,0,0,0,0,0,0,0,0,12,6,6,360
jwahl,Jake,Wahl,IND,2,1,0,1,1,0,0,0,34,36,2,0,0,21,158,107,0,1,18,11,2,0,0,0,1196,2,-1,1,-1,1,0,107
jwahl,Jake,Wahl,IND,3,1,1,1,1,1,0,0,50,50,0,0,1,40,158,-14,0,0,25,11,0,0,0,0,1394,1,2,2,1,3,1,93
jwahl,Jake,Wahl,IND,5,1,1,2,1,1,0,0,29,32,3,0,0,30,268,201,1,2,21,15,0,0,0,0,1817,3,1,3,2,6,2,294
jwahl,Jake,Wahl,IND,6,1,0,1,1,0,0,0,29,30,1,0,2,29,92,218,0,1,18,4,0,0,0,0,1328,3,-2,1,0,7,2,512
jwahl,Jake,Wahl,IND,7,1,0,0,1,0,0,0,10,10,0,0,1,9,35,7,0,0,2,2,12,6,1,0,955,1,-1,0,-1,7,2,519
jwahl,Jake,Wahl,IND,8,1,0,0,0,0,0,0,1,1,0,0,1,1,7,5,0,0,6,1,7,0,0,0,700,1,-1,0,-2,7,2,524
jwahl,Jake,Wahl,IND,9,1,0,1,3,2,0,0,34,36,2,0,1,29,112,35,1,1,22,9,1,1,0,0,1434,3,0,1,-2,8,4,559
jwahl,Jake,Wahl,IND,10,2,2,0,2,1,0,0,42,47,4,0,1,36,178,144,0,1,19,6,12,3,1,0,2467,5,-2,2,-4,10,5,703
jwahl,Jake,Wahl,IND,11,1,0,0,1,1,0,0,8,9,0,0,0,7,50,4,0,0,4,1,9,2,0,0,840,0,1,0,-3,10,6,707
jwahl,Jake,Wahl,IND,12,1,0,0,1,2,0,0,11,12,0,0,0,11,59,55,0,0,0,0,13,5,0,0,964,0,2,0,-1,10,8,762
jwahl,Jake,Wahl,IND,13,1,0,0,3,1,0,0,12,12,0,0,0,9,97,104,0,0,4,3,14,6,0,0,1168,0,1,0,0,10,9,866
nwahl,Noah,Wahl,IND,2,1,0,2,1,0,0,0,30,31,1,0,0,28,394,94,3,4,17,10,2,0,0,0,926,1,1,2,1,2,0,94
nwahl,Noah,Wahl,IND,3,1,0,0,0,0,0,0,0,0,0,0,0,0,0,0,0,0,0,0,0,0,0,0,0,0,0,0,1,2,0,94
nwahl,Noah,Wahl,IND,5,1,0,0,0,0,0,0,0,0,0,0,0,0,0,0,0,0,0,0,0,0,0,0,0,0,0,0,1,2,0,94
nwahl,Noah,Wahl,IND,6,1,1,1,0,1,0,0,35,41,6,0,0,35,246,34,0,0,18,4,0,0,0,0,1278,6,-3,2,-2,4,1,128
nwahl,Noah,Wahl,IND,7,1,1,1,0,0,0,0,18,20,1,0,0,14,146,7,0,0,13,8,0,0,0,0,1003,1,1,2,-1,6,1,135
nwahl,Noah,Wahl,IND,8,1,0,0,1,0,0,0,13,13,0,0,0,11,37,-16,0,0,6,1,7,1,0,0,726,0,0,0,-1,6,1,119
nwahl,Noah,Wahl,IND,9,1,0,0,0,1,0,0,20,22,2,1,1,19,71,-12,0,1,13,2,6,1,0,0,1288,4,-3,0,-4,6,2,107
nwahl,Noah,Wahl,IND,10,2,2,0,0,0,0,0,19,19,0,0,0,19,139,118,2,2,8,6,9,2,0,0,1051,0,2,2,-2,8,2,225
nwahl,Noah,Wahl,IND,11,1,0,0,0,0,0,0,44,47,2,0,0,37,251,-37,1,3,22,6,0,0,0,0,1488,2,-2,0,-4,8,2,188
nwahl,Noah,Wahl,IND,12,1,0,2,1,0,0,0,39,40,1,0,0,34,184,-2,0,0,21,18,0,0,0,0,1452,1,1,2,-3,10,2,186
nwahl,Noah,Wahl,IND,13,1,0,2,2,1,0,0,34,35,1,0,0,28,253,16,0,1,19,13,0,0,0,0,1171,1,2,2,-1,12,3,202
cwalls,Chris,Walls,DET,3,1,0,0,0,0,0,0,0,0,0,0,0,0,0,0,0,0,0,0,0,0,0,0,0,0,0,0,0,0,0,0
cwalls,Chris,Walls,DET,5,1,0,0,0,0,0,0,0,0,0,0,0,0,0,0,0,0,0,0,0,0,0,0,0,0,0,0,0,0,0,0
cwalls,Chris,Walls,DET,7,1,0,0,0,0,0,0,0,0,0,0,0,0,0,0,0,0,0,0,0,0,0,0,0,0,0,0,0,0,0,0
cwalls,Chris,Walls,DET,8,1,0,0,0,0,0,0,0,0,0,0,1,0,0,0,0,0,1,0,18,2,0,0,1053,1,-1,0,-1,0,0,0
cwalls,Chris,Walls,DET,9,2,0,0,0,0,0,0,0,0,0,0,0,0,0,0,0,0,0,0,0,0,0,0,0,0,0,0,-1,0,0,0
cwalls,Chris,Walls,DET,10,2,0,0,0,0,0,0,0,0,0,0,0,0,0,0,0,0,0,0,0,0,0,0,0,0,0,0,-1,0,0,0
cwalls,Chris,Walls,DET,11,1,0,0,0,0,0,0,0,0,0,0,0,0,0,0,0,0,0,0,0,0,0,0,0,0,0,0,-1,0,0,0
cwalls,Chris,Walls,DET,12,1,1,0,0,0,0,0,0,0,0,0,0,1,0,14,0,0,0,0,8,2,0,0,614,0,1,1,0,1,0,14
cwalls,Chris,Walls,DET,13,2,0,0,0,0,0,0,0,0,0,0,0,0,0,0,0,0,0,0,0,0,0,0,0,0,0,0,0,1,0,14
cwalsh,Chris,Walsh,DET,3,1,0,0,0,0,0,0,0,0,0,0,0,0,0,0,0,0,0,0,0,0,0,0,0,0,0,0,0,0,0,0
cwalsh,Chris,Walsh,DET,5,1,0,0,0,0,0,0,0,0,0,0,0,0,0,0,0,0,0,0,0,0,0,0,0,0,0,0,0,0,0,0
cwalsh,Chris,Walsh,DET,7,1,0,0,0,0,0,0,0,0,0,0,0,0,0,0,0,0,0,0,0,0,0,0,0,0,0,0,0,0,0,0
cwalsh,Chris,Walsh,DET,8,1,0,3,0,1,0,0,33,37,3,0,0,25,271,143,1,1,25,13,0,0,0,0,1373,3,1,3,1,3,1,143
cwalsh,Chris,Walsh,DET,9,2,0,0,0,0,0,0,0,0,0,0,0,0,0,0,0,0,0,0,0,0,0,0,0,0,0,0,1,3,1,143
cwalsh,Chris,Walsh,DET,10,2,0,0,0,0,0,0,0,0,0,0,0,0,0,0,0,0,0,0,0,0,0,0,0,0,0,0,1,3,1,143
cwalsh,Chris,Walsh,DET,11,1,0,0,0,0,0,0,0,0,0,0,0,0,0,0,0,0,0,0,0,0,0,0,0,0,0,0,1,3,1,143
cwalsh,Chris,Walsh,DET,12,1,1,2,1,1,0,0,30,31,1,0,0,28,267,151,1,1,15,9,0,0,0,0,1188,1,3,3,4,6,2,294
cwalsh,Chris,Walsh,DET,13,2,0,0,0,0,0,0,0,0,0,0,0,0,0,0,0,0,0,0,0,0,0,0,0,0,0,0,4,6,2,294
mwalsh,Mickey,Walsh,MIN,3,1,0,0,0,0,0,0,0,0,0,0,0,0,0,0,0,0,0,0,0,0,0,0,0,0,0,0,0,0,0,0
mwalsh,Mickey,Walsh,MIN,4,1,0,0,0,0,0,0,0,0,0,0,0,0,0,0,0,0,0,0,0,0,0,0,0,0,0,0,0,0,0,0
mwalsh,Mickey,Walsh,MIN,5,1,1,2,4,1,0,0,8,8,0,0,0,8,98,62,1,1,0,0,16,10,0,0,912,0,4,3,4,3,1,62
mwalsh,Mickey,Walsh,MIN,6,1,0,0,0,0,0,0,0,0,0,0,0,0,0,0,0,0,0,0,0,0,0,0,0,0,0,0,4,3,1,62
mwalsh,Mickey,Walsh,MIN,7,1,0,0,0,0,0,0,0,0,0,0,0,0,0,0,0,0,0,0,0,0,0,0,0,0,0,0,4,3,1,62
mwalsh,Mickey,Walsh,MIN,8,1,0,0,0,0,0,0,0,0,0,0,0,0,0,0,0,0,0,0,0,0,0,0,0,0,0,0,4,3,1,62
mwalsh,Mickey,Walsh,MIN,9,1,0,0,0,0,0,0,0,0,0,0,0,0,0,0,0,0,0,0,0,0,0,0,0,0,0,0,4,3,1,62
mwalsh,Mickey,Walsh,MIN,11,2,1,3,0,0,0,0,11,11,0,0,0,11,81,28,0,0,0,0,11,7,0,0,862,0,4,4,8,7,1,90
mwalsh,Mickey,Walsh,MIN,12,1,0,0,0,0,0,0,2,3,1,0,0,3,20,24,0,1,0,0,9,2,0,0,792,1,-1,0,7,7,1,114
mwalsh,Mickey,Walsh,MIN,13,2,2,4,0,1,0,0,12,14,2,0,0,15,154,82,1,2,2,2,17,11,0,0,1219,2,5,6,12,13,2,196
mwalter,Mick,Walter,ATX,1,1,0,2,0,0,0,0,5,5,0,0,0,5,51,14,0,0,2,2,20,7,0,0,1372,0,2,2,2,2,0,14
mwalter,Mick,Walter,ATX,2,1,1,0,1,0,0,0,5,5,0,0,0,5,14,36,0,0,2,0,17,7,0,0,1351,0,1,1,3,3,0,50
mwalter,Mick,Walter,ATX,3,1,0,0,2,1,0,0,6,6,0,0,0,5,36,18,0,0,1,1,18,7,0,0,907,0,1,0,4,3,1,68
mwalter,Mick,Walter,ATX,4,1,1,0,0,0,0,0,9,9,0,0,0,10,37,79,0,0,3,1,10,4,0,0,1202,0,1,1,5,4,1,147
mwalter,Mick,Walter,ATX,7,2,2,1,1,4,0,0,12,12,0,0,0,11,118,68,0,0,0,0,26,12,0,0,1651,0,7,3,12,7,5,215
mwalter,Mick,Walter,ATX,8,1,1,0,0,0,0,0,1,1,0,0,0,2,-3,10,0,0,1,0,13,1,0,0,1279,0,1,1,13,8,5,225
mwalter,Mick,Walter,ATX,10,2,0,1,0,1,0,0,7,7,0,0,0,4,63,53,0,0,9,5,20,2,0,0,1685,0,2,1,15,9,6,278
mwalter,Mick,Walter,ATX,11,1,0,0,0,0,0,0,0,0,0,0,0,0,0,0,0,0,0,0,0,0,0,0,0,0,0,0,15,9,6,278
mwalter,Mick,Walter,ATX,12,1,0,1,0,1,0,0,10,10,0,0,0,7,117,20,1,1,1,1,14,7,0,0,1063,0,2,1,17,10,7,298
mwalter,Mick,Walter,ATX,13,1,0,0,0,0,0,0,0,0,0,0,0,0,0,0,0,0,0,0,0,0,0,0,0,0,0,0,17,10,7,298
rware,Richard,Ware,DET,3,1,0,0,0,0,0,0,0,0,0,0,0,0,0,0,0,0,0,0,0,0,0,0,0,0,0,0,0,0,0,0
rware,Richard,Ware,DET,5,1,1,0,0,0,0,0,0,0,0,0,0,1,0,4,0,0,0,0,5,1,0,0,274,0,1,1,1,1,0,4
rware,Richard,Ware,DET,7,1,1,0,1,0,0,0,2,2,0,0,0,3,7,56,0,0,0,0,9,4,0,0,700,0,1,1,2,2,0,60
rware,Richard,Ware,DET,8,1,0,0,0,0,0,0,0,0,0,0,0,0,0,0,0,0,0,0,0,0,0,0,0,0,0,0,2,2,0,60
rware,Richard,Ware,DET,9,2,1,0,1,2,0,0,1,1,0,0,1,1,1,19,0,0,3,1,22,3,0,0,1363,1,2,1,4,3,2,79
rware,Richard,Ware,DET,10,2,0,0,0,1,0,0,2,3,0,0,0,4,22,61,0,0,0,0,21,2,0,0,1132,0,1,0,5,3,3,140
rware,Richard,Ware,DET,11,1,0,0,0,0,0,0,0,0,0,0,0,0,0,0,0,0,0,0,0,0,0,0,0,0,0,0,5,3,3,140
rware,Richard,Ware,DET,12,1,0,0,0,0,0,0,0,0,0,0,0,0,0,0,0,0,0,0,15,0,0,0,1042,0,0,0,5,3,3,140
rware,Richard,Ware,DET,13,2,0,0,0,0,0,0,4,4,0,0,0,4,-46,51,0,0,6,0,21,3,0,0,1370,0,0,0,5,3,3,191
ewarner1,Emmett,Warner,ORE,1,1,0,2,0,0,0,0,13,15,2,0,0,14,125,47,1,3,4,1,9,2,4,1,1146,2,0,2,0,2,0,47
ewarner1,Emmett,Warner,ORE,2,1,0,0,0,0,0,0,0,0,0,0,0,0,0,0,0,0,0,0,0,0,0,0,0,0,0,0,0,2,0,47
ewarner1,Emmett,Warner,ORE,4,1,0,0,0,0,0,0,0,0,0,0,0,0,0,0,0,0,0,0,0,0,0,0,0,0,0,0,0,2,0,47
ewarner1,Emmett,Warner,ORE,5,2,0,0,0,0,0,0,0,0,0,0,0,0,0,0,0,0,0,0,0,0,0,0,0,0,0,0,0,2,0,47
ewarner1,Emmett,Warner,ORE,6,1,0,0,0,0,0,0,0,0,0,0,0,0,0,0,0,0,0,0,0,0,0,0,0,0,0,0,0,2,0,47
ewarner1,Emmett,Warner,ORE,7,1,0,1,1,0,0,0,8,8,0,0,1,6,90,16,1,1,2,1,17,5,3,0,1176,1,0,1,0,3,0,63
ewarner1,Emmett,Warner,ORE,8,2,0,0,0,0,0,0,0,0,0,0,0,0,0,0,0,0,0,0,0,0,0,0,0,0,0,0,0,3,0,63
ewarner1,Emmett,Warner,ORE,9,1,0,0,1,0,0,0,13,13,0,0,0,10,80,10,1,1,5,3,10,3,2,0,1120,0,0,0,0,3,0,73
ewarner1,Emmett,Warner,ORE,10,1,0,3,0,1,0,0,18,18,0,0,0,15,58,116,0,0,8,3,7,2,5,0,957,0,4,3,4,6,1,189
ewarner1,Emmett,Warner,ORE,13,1,1,0,0,0,0,0,8,10,2,0,0,7,74,14,0,2,5,2,13,1,1,0,1174,2,-1,1,3,7,1,203
twarren,Toby,Warren,OAK,1,1,0,0,0,0,0,0,0,0,0,0,0,0,0,0,0,0,0,0,0,0,0,0,0,0,0,0,0,0,0,0
twarren,Toby,Warren,OAK,2,2,0,0,0,0,0,0,0,0,0,0,0,0,0,0,0,0,0,0,0,0,0,0,0,0,0,0,0,0,0,0
twarren,Toby,Warren,OAK,3,1,0,0,0,0,0,0,0,0,0,0,0,0,0,0,0,0,0,0,0,0,0,0,0,0,0,0,0,0,0,0
twarren,Toby,Warren,OAK,5,1,0,0,0,0,0,0,0,0,0,0,0,0,0,0,0,0,0,0,0,0,0,0,0,0,0,0,0,0,0,0
twarren,Toby,Warren,OAK,6,1,0,0,0,0,0,0,0,0,0,0,0,0,0,0,0,0,0,0,0,0,0,0,0,0,0,0,0,0,0,0
twarren,Toby,Warren,OAK,7,1,0,0,0,0,0,0,0,0,0,0,0,0,0,0,0,0,0,0,0,0,0,0,0,0,0,0,0,0,0,0
twarren,Toby,Warren,OAK,8,1,0,0,0,0,0,0,0,0,0,0,0,0,0,0,0,0,0,0,0,0,0,0,0,0,0,0,0,0,0,0
twarren,Toby,Warren,OAK,9,1,0,3,1,0,0,0,23,26,3,0,0,21,186,92,1,2,0,0,17,11,0,0,1085,3,0,3,0,3,0,92
twarren,Toby,Warren,OAK,10,2,0,0,0,1,0,0,8,11,3,0,0,10,78,24,0,1,0,0,25,3,6,0,1659,3,-2,0,-2,3,1,116
twarren,Toby,Warren,OAK,13,1,1,2,2,0,0,0,14,14,0,0,0,13,136,78,2,2,0,0,11,4,8,2,1102,0,3,3,1,6,1,194
awarringt,Alex,Warrington,PIT,2,1,0,0,0,0,0,0,0,0,0,0,0,0,0,0,0,0,0,0,8,0,0,0,429,0,0,0,0,0,0,0
awarringt,Alex,Warrington,PIT,3,1,0,0,1,0,0,1,7,8,1,0,0,7,21,30,0,0,0,0,10,2,0,0,457,1,-1,0,-1,0,0,30
awarringt,Alex,Warrington,PIT,4,1,0,1,0,0,0,0,3,3,0,0,0,3,41,52,0,0,0,0,7,2,0,0,229,0,1,1,0,1,0,82
awarringt,Alex,Warrington,PIT,5,1,0,0,0,1,0,0,1,1,0,0,0,1,-8,19,0,0,2,0,6,1,0,0,319,0,1,0,1,1,1,101
awarringt,Alex,Warrington,PIT,6,1,0,0,0,0,0,0,0,0,0,0,0,0,0,0,0,0,0,0,0,0,0,0,0,0,0,0,1,1,1,101
awarringt,Alex,Warrington,PIT,7,1,0,0,0,1,0,0,0,1,1,0,1,1,0,32,0,0,3,0,11,5,0,0,897,2,-1,0,0,1,2,133
awarringt,Alex,Warrington,PIT,8,1,0,0,0,0,0,0,0,0,0,0,0,0,0,0,0,0,0,0,0,0,0,0,0,0,0,0,0,1,2,133
awarringt,Alex,Warrington,PIT,9,2,0,0,0,0,0,0,0,0,0,0,1,0,0,0,0,0,0,0,7,0,0,0,445,1,-1,0,-1,1,2,133
awarringt,Alex,Warrington,PIT,10,1,0,0,0,0,0,0,0,0,0,0,0,0,0,0,0,0,0,0,0,0,0,0,0,0,0,0,-1,1,2,133
awarringt,Alex,Warrington,PIT,11,1,0,1,0,0,0,0,2,2,0,0,0,2,12,20,0,0,0,0,11,1,0,0,855,0,1,1,0,2,2,153
awarringt,Alex,Warrington,PIT,13,1,0,0,0,0,0,0,0,0,0,0,0,0,0,0,0,0,0,0,0,0,0,0,0,0,0,0,0,2,2,153
rwartenbe,Ryan,Wartenberg,IND,2,1,0,0,0,1,0,0,2,2,0,0,0,2,26,30,0,0,0,0,16,2,0,0,806,0,1,0,1,0,1,30
rwartenbe,Ryan,Wartenberg,IND,3,1,0,0,0,0,0,0,0,0,0,0,0,0,0,0,0,0,0,0,0,0,0,0,0,0,0,0,1,0,1,30
rwartenbe,Ryan,Wartenberg,IND,5,1,0,0,0,1,0,0,1,1,0,0,0,0,8,0,0,0,1,1,16,6,0,0,1418,0,1,0,2,0,2,30
rwartenbe,Ryan,Wartenberg,IND,6,1,0,0,0,3,0,0,4,4,0,0,0,4,1,57,0,0,0,0,10,2,0,0,844,0,3,0,5,0,5,87
rwartenbe,Ryan,Wartenberg,IND,7,1,2,0,1,0,0,0,7,8,1,0,1,9,30,89,0,0,0,0,16,7,0,0,1198,2,0,2,5,2,5,176
rwartenbe,Ryan,Wartenberg,IND,8,1,0,0,0,0,0,0,2,2,0,0,0,2,14,27,0,0,2,2,12,0,0,0,552,0,0,0,5,2,5,203
rwartenbe,Ryan,Wartenberg,IND,9,1,1,0,1,1,0,0,5,7,2,0,0,8,26,91,0,0,11,3,9,1,0,0,1464,2,0,1,5,3,6,294
rwartenbe,Ryan,Wartenberg,IND,10,2,3,0,2,0,0,0,19,22,2,0,0,24,36,376,0,1,23,10,8,3,0,0,2371,2,1,3,6,6,6,670
rwartenbe,Ryan,Wartenberg,IND,11,1,0,0,1,0,0,0,2,2,0,0,0,2,20,16,0,0,2,0,10,2,0,0,837,0,0,0,6,6,6,686
rwartenbe,Ryan,Wartenberg,IND,12,1,0,0,1,0,0,0,5,5,0,0,0,5,20,70,0,0,0,0,15,7,0,0,1102,0,0,0,6,6,6,756
rwartenbe,Ryan,Wartenberg,IND,13,1,0,0,1,0,0,0,5,5,0,0,0,5,113,55,1,1,4,2,14,6,0,0,1117,0,0,0,6,6,6,811
cwatkins,Curtis,Watkins,SLC,1,1,0,0,0,0,0,0,0,0,0,0,0,0,0,0,0,0,0,0,0,0,0,0,0,0,0,0,0,0,0,0
cwatkins,Curtis,Watkins,SLC,2,1,0,0,0,0,0,0,7,7,0,0,0,6,38,43,0,0,0,0,13,6,0,0,939,0,0,0,0,0,0,43
cwatkins,Curtis,Watkins,SLC,5,1,0,0,0,0,0,0,2,2,0,0,0,2,-2,8,0,0,1,1,14,4,0,0,639,0,0,0,0,0,0,51
cwatkins,Curtis,Watkins,SLC,6,2,4,0,0,0,0,0,4,4,0,0,0,8,-16,95,0,0,2,1,26,9,0,0,1990,0,4,4,4,4,0,146
cwatkins,Curtis,Watkins,SLC,7,1,0,0,0,0,0,0,0,0,0,0,0,0,0,0,0,0,0,0,0,0,0,0,0,0,0,0,4,4,0,146
cwatkins,Curtis,Watkins,SLC,8,1,1,0,0,1,0,0,1,1,0,0,0,2,11,36,0,0,0,0,18,6,0,0,814,0,2,1,6,5,1,182
cwatkins,Curtis,Watkins,SLC,10,1,0,0,0,0,0,0,0,0,0,0,0,0,0,0,0,0,0,0,0,0,0,0,0,0,0,0,6,5,1,182
cwatkins,Curtis,Watkins,SLC,11,2,0,0,0,0,0,0,0,0,0,0,0,0,0,0,0,0,0,0,0,0,0,0,0,0,0,0,6,5,1,182
cwatkins,Curtis,Watkins,SLC,12,1,0,0,0,0,0,0,0,0,0,0,0,0,0,0,0,0,0,0,0,0,0,0,0,0,0,0,6,5,1,182
cwatkins,Curtis,Watkins,SLC,13,1,0,0,0,0,0,0,0,0,0,0,0,0,0,0,0,0,0,0,0,0,0,0,0,0,0,0,6,5,1,182
mweaver,Matthew,Weaver,IND,2,1,0,0,0,0,0,0,0,0,0,0,0,0,0,0,0,0,0,0,0,0,0,0,0,0,0,0,0,0,0,0
mweaver,Matthew,Weaver,IND,3,1,0,0,0,0,0,0,0,0,0,0,0,0,0,0,0,0,0,0,0,0,0,0,0,0,0,0,0,0,0,0
mweaver,Matthew,Weaver,IND,5,1,1,0,0,0,0,0,1,1,0,0,0,2,-5,9,0,0,0,0,7,3,0,0,718,0,1,1,1,1,0,9
mweaver,Matthew,Weaver,IND,6,1,0,0,0,0,0,0,0,0,0,0,0,0,0,0,0,0,0,0,0,0,0,0,0,0,0,0,1,1,0,9
mweaver,Matthew,Weaver,IND,7,1,0,0,0,0,0,0,0,0,0,0,0,0,0,0,0,0,0,0,0,0,0,0,0,0,0,0,1,1,0,9
mweaver,Matthew,Weaver,IND,8,1,0,0,0,0,0,0,0,0,0,0,0,0,0,0,0,0,0,0,0,0,0,0,0,0,0,0,1,1,0,9
mweaver,Matthew,Weaver,IND,9,1,1,0,0,0,0,0,8,9,1,0,1,10,30,77,0,1,8,1,7,2,0,0,1055,2,-1,1,0,2,0,86
mweaver,Matthew,Weaver,IND,10,2,1,3,1,3,0,1,17,21,4,0,0,19,110,117,1,3,12,5,17,3,2,0,2173,4,3,4,3,6,3,203
mweaver,Matthew,Weaver,IND,11,1,0,1,0,0,0,0,11,12,1,0,0,12,67,24,0,0,4,1,6,2,0,0,796,1,0,1,3,7,3,227
mweaver,Matthew,Weaver,IND,12,1,1,1,1,0,0,0,5,6,1,0,0,7,17,72,0,0,0,0,14,4,0,0,730,1,1,2,4,9,3,299
mweaver,Matthew,Weaver,IND,13,1,0,0,0,0,0,0,0,0,0,0,0,0,0,0,0,0,0,0,0,0,0,0,0,0,0,0,4,9,3,299
sweaver,Seth,Weaver,CAR,3,1,0,0,0,0,0,0,0,0,0,0,0,0,0,0,0,0,0,0,0,0,0,0,0,0,0,0,0,0,0,0
sweaver,Seth,Weaver,CAR,4,2,0,0,0,0,0,0,0,0,0,0,0,0,0,0,0,0,0,0,0,0,0,0,0,0,0,0,0,0,0,0
sweaver,Seth,Weaver,CAR,5,1,0,0,0,0,0,0,0,0,0,0,0,0,0,0,0,0,0,0,0,0,0,0,0,0,0,0,0,0,0,0
sweaver,Seth,Weaver,CAR,6,2,0,0,0,0,0,0,0,0,0,0,0,0,0,0,0,0,0,0,0,0,0,0,0,0,0,0,0,0,0,0
sweaver,Seth,Weaver,CAR,7,1,0,0,0,0,0,0,0,0,0,0,0,0,0,0,0,0,0,0,0,0,0,0,0,0,0,0,0,0,0,0
sweaver,Seth,Weaver,CAR,9,1,0,0,0,0,0,0,0,0,0,0,0,0,0,0,0,0,0,0,0,0,0,0,0,0,0,0,0,0,0,0
sweaver,Seth,Weaver,CAR,10,1,0,0,0,0,0,0,0,0,0,0,0,0,0,0,0,0,0,0,0,0,0,0,0,0,0,0,0,0,0,0
sweaver,Seth,Weaver,CAR,12,1,0,0,0,0,0,0,0,0,0,0,0,0,0,0,0,0,0,0,0,0,0,0,0,0,0,0,0,0,0,0
sweaver,Seth,Weaver,CAR,13,2,0,0,0,0,0,0,0,0,0,0,0,0,0,0,0,0,0,0,0,0,0,0,0,0,0,0,0,0,0,0
lwebb,Luke,Webb,BOS,1,1,0,0,0,1,0,0,1,1,0,0,1,1,-2,9,0,0,0,0,17,4,0,0,768,1,0,0,0,0,1,9
lwebb,Luke,Webb,BOS,3,1,0,0,0,0,0,0,0,0,0,0,0,0,0,0,0,0,0,0,0,0,0,0,0,0,0,0,0,0,1,9
lwebb,Luke,Webb,BOS,4,2,1,0,1,1,0,0,2,2,0,0,0,3,30,31,0,0,0,0,28,9,0,0,2737,0,2,1,2,1,2,40
lwebb,Luke,Webb,BOS,7,1,1,0,0,1,0,0,5,5,0,0,0,5,22,29,0,0,0,0,13,7,0,0,1174,0,2,1,4,2,3,69
lwebb,Luke,Webb,BOS,8,2,0,0,0,1,0,0,3,3,0,0,0,3,4,6,0,0,0,0,32,7,0,0,1753,0,1,0,5,2,4,75
lwebb,Luke,Webb,BOS,9,1,0,0,0,0,0,0,0,0,0,0,0,0,0,0,0,0,0,0,0,0,0,0,0,0,0,0,5,2,4,75
lwebb,Luke,Webb,BOS,11,1,0,0,0,0,0,0,1,1,0,0,0,1,1,16,0,0,0,0,6,2,0,0,651,0,0,0,5,2,4,91
lwebb,Luke,Webb,BOS,12,2,0,0,0,0,0,0,0,0,0,0,0,0,0,0,0,0,0,0,14,1,0,0,1043,0,0,0,5,2,4,91
lwebb,Luke,Webb,BOS,13,1,0,0,1,0,0,0,1,1,0,0,0,1,5,0,0,0,0,0,13,6,0,0,759,0,0,0,5,2,4,91
mweber2,Mac,Weber,MAD,2,2,1,0,1,1,0,0,7,10,3,0,0,7,72,58,1,3,8,4,29,7,0,0,2344,3,-1,1,-1,1,1,58
mweber2,Mac,Weber,MAD,4,1,2,0,0,0,0,0,8,8,0,0,0,8,75,26,0,0,0,0,16,4,0,0,946,0,2,2,1,3,1,84
mweber2,Mac,Weber,MAD,6,1,0,2,1,1,0,0,5,6,1,0,0,3,22,30,0,0,0,0,15,8,0,0,1100,1,2,2,3,5,2,114
mweber2,Mac,Weber,MAD,7,1,0,0,0,0,0,0,13,13,0,0,0,12,27,59,0,0,4,1,16,4,0,0,1380,0,0,0,3,5,2,173
mweber2,Mac,Weber,MAD,8,2,1,0,1,0,0,0,12,13,1,0,0,12,92,54,0,0,4,4,34,11,0,0,2334,1,0,1,3,6,2,227
mweber2,Mac,Weber,MAD,10,2,0,0,2,2,0,0,22,23,1,0,0,22,92,33,0,0,2,2,30,9,0,0,1512,1,1,0,4,6,4,260
mweber2,Mac,Weber,MAD,11,1,0,0,0,0,0,0,0,0,0,0,0,0,0,0,0,0,0,0,0,0,0,0,0,0,0,0,4,6,4,260
mweber2,Mac,Weber,MAD,12,1,0,0,1,1,0,0,14,15,1,0,1,12,39,-18,0,0,3,2,7,3,0,0,1254,2,-1,0,3,6,5,242
mweber2,Mac,Weber,MAD,13,1,1,0,0,1,0,0,7,7,0,0,0,7,29,13,0,0,0,0,16,5,0,0,999,0,2,1,5,7,6,255
kweinberg,Kyle,Weinberg,SLC,1,1,0,0,0,1,0,0,0,2,2,0,0,2,0,-9,0,0,1,0,16,2,0,0,1056,2,-1,0,-1,0,1,-9
kweinberg,Kyle,Weinberg,SLC,2,1,0,1,1,2,0,0,8,8,0,0,0,3,90,2,1,1,1,0,15,7,12,2,1362,0,3,1,2,1,3,-7
kweinberg,Kyle,Weinberg,SLC,5,1,2,1,2,1,0,0,9,10,1,0,0,10,55,35,0,1,3,2,17,6,14,0,1093,1,3,3,5,4,4,28
kweinberg,Kyle,Weinberg,SLC,6,2,0,0,0,0,0,0,0,0,0,0,0,0,0,0,0,0,0,0,0,0,0,0,0,0,0,0,5,4,4,28
kweinberg,Kyle,Weinberg,SLC,7,1,2,0,1,0,0,0,7,7,0,0,0,8,56,85,0,0,3,3,21,6,19,1,1254,0,2,2,7,6,4,113
kweinberg,Kyle,Weinberg,SLC,8,1,1,2,2,2,0,0,11,11,0,0,0,8,84,32,1,1,1,1,20,8,17,2,942,0,5,3,12,9,6,145
kweinberg,Kyle,Weinberg,SLC,10,1,0,1,0,1,0,0,8,9,1,0,0,9,52,50,0,0,2,2,18,2,14,1,996,1,1,1,13,10,7,195
kweinberg,Kyle,Weinberg,SLC,11,2,4,0,0,2,0,0,13,14,1,0,1,16,37,103,0,0,2,1,32,14,26,0,2896,2,4,4,17,14,9,298
kweinberg,Kyle,Weinberg,SLC,12,1,1,0,0,0,0,0,2,2,0,0,0,3,16,17,0,0,1,0,14,2,11,1,900,0,1,1,18,15,9,315
kweinberg,Kyle,Weinberg,SLC,13,1,2,0,1,0,0,0,10,11,1,0,0,13,69,50,0,1,3,2,16,6,14,1,1136,1,1,2,19,17,9,365
jweis,Jeff,Weis,CHI,4,1,1,0,0,2,0,0,29,30,0,0,1,29,80,-67,0,0,4,2,14,9,0,0,1613,1,2,1,2,1,2,-67
jweis,Jeff,Weis,CHI,6,1,1,0,0,2,0,0,10,10,0,0,1,12,40,24,0,0,5,2,18,6,0,0,1635,1,2,1,4,2,4,-43
jweis,Jeff,Weis,CHI,7,1,1,0,0,0,0,0,7,7,0,0,0,8,6,52,0,0,1,1,18,3,0,0,1059,0,1,1,5,3,4,9
jweis,Jeff,Weis,CHI,8,1,0,0,0,0,0,0,0,0,0,0,0,0,0,0,0,0,0,0,0,0,0,0,0,0,0,0,5,3,4,9
jweis,Jeff,Weis,CHI,9,2,2,0,3,0,0,0,12,12,0,0,0,14,-14,150,0,0,3,1,18,11,0,0,1116,0,2,2,7,5,4,159
jweis,Jeff,Weis,CHI,10,2,0,0,0,0,0,0,0,0,0,0,0,0,0,0,0,0,0,0,0,0,0,0,0,0,0,0,7,5,4,159
jweis,Jeff,Weis,CHI,11,2,1,0,5,3,0,0,24,24,0,0,0,22,98,120,0,0,7,4,35,12,0,0,2684,0,4,1,11,6,7,279
jweis,Jeff,Weis,CHI,13,2,0,0,1,0,0,0,11,11,0,0,0,11,32,28,0,0,3,2,17,6,0,0,1491,0,0,0,11,6,7,307
dwelkener,Daniel,Welkener,ATX,1,1,0,0,0,0,0,0,0,0,0,0,0,0,0,0,0,0,0,0,0,0,0,0,0,0,0,0,0,0,0,0
dwelkener,Daniel,Welkener,ATX,2,1,1,0,0,0,0,0,5,5,0,0,0,6,38,21,0,0,0,0,9,3,6,0,524,0,1,1,1,1,0,21
dwelkener,Daniel,Welkener,ATX,3,1,1,0,0,1,0,0,1,1,0,0,0,2,-2,1,0,0,0,0,12,4,6,0,754,0,2,1,3,2,1,22
dwelkener,Daniel,Welkener,ATX,4,1,0,1,0,0,0,0,7,9,2,0,0,10,92,51,0,1,0,0,9,4,3,1,827,2,-1,1,2,3,1,73
dwelkener,Daniel,Welkener,ATX,7,2,1,0,1,0,0,0,5,5,0,0,0,5,29,24,0,0,0,0,20,10,6,0,1614,0,1,1,3,4,1,97
dwelkener,Daniel,Welkener,ATX,8,1,0,0,0,0,0,0,0,0,0,0,0,0,0,0,0,0,0,0,0,0,0,0,0,0,0,0,3,4,1,97
dwelkener,Daniel,Welkener,ATX,10,2,0,0,0,0,0,0,0,0,0,0,0,0,0,0,0,0,0,0,0,0,0,0,0,0,0,0,3,4,1,97
dwelkener,Daniel,Welkener,ATX,11,1,0,1,0,2,0,0,11,11,0,0,0,7,108,34,1,1,0,0,15,6,0,0,861,0,3,1,6,5,3,131
dwelkener,Daniel,Welkener,ATX,12,1,0,1,1,0,0,0,9,9,0,0,0,8,128,15,1,1,0,0,14,7,0,0,935,0,1,1,7,6,3,146
dwelkener,Daniel,Welkener,ATX,13,1,0,2,0,0,0,0,4,4,0,0,0,4,27,75,0,0,0,0,9,4,0,0,548,0,2,2,9,8,3,221
jwellers,John,Wellers,CAR,3,1,0,0,0,0,0,0,1,1,0,0,0,1,-5,5,0,0,1,0,12,0,0,0,846,0,0,0,0,0,0,5
jwellers,John,Wellers,CAR,4,2,0,0,1,1,0,0,2,2,0,0,0,1,-1,9,0,0,0,0,16,4,0,0,1088,0,1,0,1,0,1,14
jwellers,John,Wellers,CAR,5,1,1,0,1,0,0,0,2,2,0,0,0,3,2,70,0,0,0,0,20,4,0,0,1178,0,1,1,2,1,1,84
jwellers,John,Wellers,CAR,6,2,0,1,0,2,0,0,7,8,1,0,0,8,-17,84,0,0,0,0,33,14,0,0,2567,1,2,1,4,2,3,168
jwellers,John,Wellers,CAR,7,1,1,0,0,0,0,0,1,1,0,0,0,2,-9,21,0,0,0,0,12,3,0,0,733,0,1,1,5,3,3,189
jwellers,John,Wellers,CAR,9,1,0,0,0,2,0,0,2,2,0,0,0,2,-3,25,0,0,0,0,20,8,0,0,1177,0,2,0,7,3,5,214
jwellers,John,Wellers,CAR,10,1,0,0,0,0,0,0,0,0,0,0,0,0,0,0,0,0,0,0,0,0,0,0,0,0,0,0,7,3,5,214
jwellers,John,Wellers,CAR,12,1,0,0,0,1,0,0,3,3,0,0,0,2,24,15,0,0,0,0,12,2,0,0,810,0,1,0,8,3,6,229
jwellers,John,Wellers,CAR,13,2,1,0,0,2,0,0,3,4,1,0,1,3,-2,66,0,0,0,0,30,9,0,0,1821,2,1,1,9,4,8,295
jwells,Jensen,Wells,SLC,1,1,0,0,0,0,0,0,0,0,0,0,0,0,0,0,0,0,0,0,0,0,0,0,0,0,0,0,0,0,0,0
jwells,Jensen,Wells,SLC,2,1,0,0,0,0,0,0,0,0,0,0,0,0,0,0,0,0,0,0,0,0,0,0,0,0,0,0,0,0,0,0
jwells,Jensen,Wells,SLC,5,1,0,0,0,0,0,0,0,0,0,0,0,0,0,0,0,0,0,0,0,0,0,0,0,0,0,0,0,0,0,0
jwells,Jensen,Wells,SLC,6,2,0,0,0,0,0,0,0,0,0,0,0,0,0,0,0,0,0,0,0,0,0,0,0,0,0,0,0,0,0,0
jwells,Jensen,Wells,SLC,7,1,0,0,0,0,0,0,0,0,0,0,0,0,0,0,0,0,0,0,0,0,0,0,0,0,0,0,0,0,0,0
jwells,Jensen,Wells,SLC,8,1,0,0,0,0,0,0,0,0,0,0,0,0,0,0,0,0,0,0,0,0,0,0,0,0,0,0,0,0,0,0
jwells,Jensen,Wells,SLC,10,1,0,0,0,0,0,0,0,0,0,0,0,0,0,0,0,0,0,0,0,0,0,0,0,0,0,0,0,0,0,0
jwells,Jensen,Wells,SLC,11,2,0,0,0,0,0,0,0,0,0,0,0,0,0,0,0,0,0,0,0,0,0,0,0,0,0,0,0,0,0,0
jwells,Jensen,Wells,SLC,12,1,0,0,0,0,0,0,0,0,0,0,0,0,0,0,0,0,0,0,0,0,0,0,0,0,0,0,0,0,0,0
jwells,Jensen,Wells,SLC,13,1,0,0,0,0,0,0,0,0,0,0,0,0,0,0,0,0,0,0,0,0,0,0,0,0,0,0,0,0,0,0
swells,Seth,Wells,COL,1,1,0,0,0,0,0,0,0,0,0,0,0,0,0,0,0,0,0,0,0,0,0,0,0,0,0,0,0,0,0,0
swells,Seth,Wells,COL,4,2,0,0,0,0,0,0,0,0,0,0,0,0,0,0,0,0,0,0,0,0,0,0,0,0,0,0,0,0,0,0
swells,Seth,Wells,COL,5,1,0,0,0,0,0,0,0,0,0,0,0,0,0,0,0,0,0,0,0,0,0,0,0,0,0,0,0,0,0,0
swells,Seth,Wells,COL,6,1,0,0,0,0,0,0,0,0,0,0,0,0,0,0,0,0,0,0,0,0,0,0,0,0,0,0,0,0,0,0
swells,Seth,Wells,COL,9,1,0,0,0,0,0,0,0,0,0,0,0,0,0,0,0,0,0,0,0,0,0,0,0,0,0,0,0,0,0,0
swells,Seth,Wells,COL,10,2,0,0,0,0,0,0,0,0,0,0,0,0,0,0,0,0,0,0,0,0,0,0,0,0,0,0,0,0,0,0
swells,Seth,Wells,COL,11,1,0,0,0,0,0,0,0,0,0,0,0,0,0,0,0,0,0,0,0,0,0,0,0,0,0,0,0,0,0,0
swells,Seth,Wells,COL,12,2,0,0,0,0,0,0,0,0,0,0,0,0,0,0,0,0,0,0,0,0,0,0,0,0,0,0,0,0,0,0
swells,Seth,Wells,COL,13,1,0,0,0,0,0,0,0,0,0,0,0,0,0,0,0,0,0,0,0,0,0,0,0,0,0,0,0,0,0,0
wwettenge,William,Wettengel,CHI,4,1,0,1,0,2,0,0,14,15,1,0,0,14,59,76,0,1,2,0,15,9,0,0,1501,1,2,1,2,1,2,76
wwettenge,William,Wettengel,CHI,6,1,2,1,0,1,0,0,7,8,1,0,0,10,52,78,1,2,2,1,20,6,0,0,1637,1,3,3,5,4,3,154
wwettenge,William,Wettengel,CHI,7,1,0,3,0,1,0,0,9,9,0,0,0,9,96,35,0,0,1,1,18,6,0,0,1183,0,4,3,9,7,4,189
wwettenge,William,Wettengel,CHI,8,1,0,0,0,0,0,0,0,0,0,0,0,0,0,0,0,0,0,0,0,0,0,0,0,0,0,0,9,7,4,189
wwettenge,William,Wettengel,CHI,9,2,0,0,0,0,0,0,0,0,0,0,0,0,0,0,0,0,0,0,0,0,0,0,0,0,0,0,9,7,4,189
wwettenge,William,Wettengel,CHI,10,2,0,0,0,0,0,0,0,0,0,0,0,0,0,0,0,0,0,0,0,0,0,0,0,0,0,0,9,7,4,189
wwettenge,William,Wettengel,CHI,11,2,2,3,0,4,0,0,13,16,1,0,0,16,87,254,1,2,5,4,36,11,6,1,2989,1,8,5,17,12,8,443
wwettenge,William,Wettengel,CHI,13,2,3,2,3,4,0,0,12,13,1,0,0,14,78,292,0,0,3,2,36,18,0,0,2508,1,8,5,25,17,12,735
jwherry,Jason,Wherry,PIT,2,1,0,0,0,0,0,0,2,3,1,0,0,3,-6,44,0,0,0,0,9,0,0,0,566,1,-1,0,-1,0,0,44
jwherry,Jason,Wherry,PIT,3,1,0,0,0,1,0,0,6,6,0,0,0,4,26,3,0,0,0,0,7,1,0,0,383,0,1,0,0,0,1,47
jwherry,Jason,Wherry,PIT,4,1,0,0,0,0,0,0,3,4,0,0,0,2,-1,-34,0,0,0,0,5,2,0,0,177,0,0,0,0,0,1,13
jwherry,Jason,Wherry,PIT,5,1,0,0,1,0,0,0,3,3,0,0,0,2,4,18,0,0,0,0,8,2,0,0,317,0,0,0,0,0,1,31
jwherry,Jason,Wherry,PIT,6,1,0,0,0,0,0,0,0,0,0,0,0,0,0,0,0,0,0,0,0,0,0,0,0,0,0,0,0,0,1,31
jwherry,Jason,Wherry,PIT,7,1,0,0,0,0,0,0,0,0,0,0,0,0,0,0,0,0,0,0,0,0,0,0,0,0,0,0,0,0,1,31
jwherry,Jason,Wherry,PIT,8,1,0,1,0,1,0,0,3,4,1,0,0,3,26,19,0,0,0,0,9,1,0,0,515,1,1,1,1,1,2,50
jwherry,Jason,Wherry,PIT,9,2,0,0,1,1,0,0,14,15,1,0,1,11,94,65,0,0,3,2,14,4,0,0,1160,2,-1,0,0,1,3,115
jwherry,Jason,Wherry,PIT,10,1,0,0,0,0,0,0,0,0,0,0,0,0,0,0,0,0,0,0,0,0,0,0,0,0,0,0,0,1,3,115
jwherry,Jason,Wherry,PIT,11,1,0,0,0,0,0,0,1,1,0,0,0,1,-2,9,0,0,0,0,9,1,0,0,357,0,0,0,0,1,3,124
jwherry,Jason,Wherry,PIT,13,1,0,0,0,0,0,0,5,5,0,0,0,5,23,27,0,0,0,0,10,3,0,0,743,0,0,0,0,1,3,151
cwhite,Cade,White,MAD,2,2,0,0,0,0,0,0,0,0,0,0,0,0,0,0,0,0,0,0,0,0,0,0,0,0,0,0,0,0,0,0
cwhite,Cade,White,MAD,4,1,0,0,0,0,0,0,0,0,0,0,0,0,0,0,0,0,0,0,0,0,0,0,0,0,0,0,0,0,0,0
cwhite,Cade,White,MAD,6,1,0,0,0,0,0,0,3,4,1,0,0,3,24,63,0,0,0,0,11,6,0,0,823,1,-1,0,-1,0,0,63
cwhite,Cade,White,MAD,7,1,0,0,0,0,0,0,0,0,0,0,0,0,0,0,0,0,0,0,0,0,0,0,0,0,0,0,-1,0,0,63
cwhite,Cade,White,MAD,8,2,1,0,1,0,0,0,3,3,0,0,1,4,58,31,0,0,1,1,20,8,0,0,1171,1,0,1,-1,1,0,94
cwhite,Cade,White,MAD,10,2,0,0,1,1,0,0,8,8,0,0,0,7,42,33,0,0,0,0,20,7,0,0,1717,0,1,0,0,1,1,127
cwhite,Cade,White,MAD,11,1,0,0,0,0,0,0,0,0,0,0,0,0,0,0,0,0,0,0,0,0,0,0,0,0,0,0,0,1,1,127
cwhite,Cade,White,MAD,12,1,0,0,0,0,0,0,0,0,0,0,0,0,0,0,0,0,0,0,0,0,0,0,0,0,0,0,0,1,1,127
cwhite,Cade,White,MAD,13,1,0,0,0,0,0,0,0,0,0,0,0,0,0,0,0,0,0,0,0,0,0,0,0,0,0,0,0,1,1,127
cwhite1,Colin,White,PHI,1,1,0,0,0,0,0,0,0,0,0,0,0,0,0,0,0,0,0,0,3,0,0,0,300,0,0,0,0,0,0,0
cwhite1,Colin,White,PHI,2,1,0,0,0,0,0,0,0,0,0,0,0,0,0,0,0,0,0,0,0,0,0,0,0,0,0,0,0,0,0,0
cwhite1,Colin,White,PHI,3,1,2,0,2,0,0,0,8,8,0,0,1,10,108,168,0,0,17,12,2,1,0,0,1270,1,1,2,1,2,0,168
cwhite1,Colin,White,PHI,5,1,1,0,1,0,0,0,13,13,0,0,0,14,35,129,0,0,20,14,0,0,0,0,1456,0,1,1,2,3,0,297
cwhite1,Colin,White,PHI,6,1,1,0,1,0,0,0,10,10,0,0,0,11,-19,105,0,0,15,10,1,0,0,0,1622,0,1,1,3,4,0,402
cwhite1,Colin,White,PHI,7,2,3,0,4,0,0,0,8,9,1,0,0,12,96,31,0,0,21,8,7,1,0,0,1676,1,2,3,5,7,0,433
cwhite1,Colin,White,PHI,8,1,0,0,0,2,0,0,4,4,0,0,0,4,33,107,0,0,1,1,12,4,0,0,855,0,2,0,7,7,2,540
cwhite1,Colin,White,PHI,10,1,1,0,0,0,0,0,8,8,0,0,0,9,35,38,0,0,10,5,5,3,0,0,1198,0,1,1,8,8,2,578
cwhite1,Colin,White,PHI,12,2,2,1,0,0,0,0,18,18,0,0,1,20,80,165,0,0,16,13,2,1,0,0,1589,1,2,3,10,11,2,743
cwhite1,Colin,White,PHI,13,1,2,0,2,1,0,0,12,12,0,0,0,13,92,116,0,0,16,13,0,0,0,0,1054,0,3,2,13,13,3,859
dwhited,Dillon,Whited,OAK,1,1,3,0,1,0,0,0,11,12,1,0,0,15,15,114,0,0,18,14,0,0,0,0,1185,1,2,3,2,3,0,114
dwhited,Dillon,Whited,OAK,2,2,0,0,0,0,0,0,0,0,0,0,0,0,0,0,0,0,0,0,0,0,0,0,0,0,0,0,2,3,0,114
dwhited,Dillon,Whited,OAK,3,1,0,0,0,0,0,0,0,0,0,0,0,0,0,0,0,0,0,0,0,0,0,0,0,0,0,0,2,3,0,114
dwhited,Dillon,Whited,OAK,5,1,0,0,0,0,0,0,0,0,0,0,0,0,0,0,0,0,0,0,0,0,0,0,0,0,0,0,2,3,0,114
dwhited,Dillon,Whited,OAK,6,1,0,0,0,0,0,0,0,0,0,0,0,0,0,0,0,0,0,0,0,0,0,0,0,0,0,0,2,3,0,114
dwhited,Dillon,Whited,OAK,7,1,0,0,0,0,0,0,0,0,0,0,0,0,0,0,0,0,0,0,0,0,0,0,0,0,0,0,2,3,0,114
dwhited,Dillon,Whited,OAK,8,1,0,0,0,0,0,0,0,0,0,0,0,0,0,0,0,0,0,0,0,0,0,0,0,0,0,0,2,3,0,114
dwhited,Dillon,Whited,OAK,9,1,0,0,0,0,0,0,0,0,0,0,0,0,0,0,0,0,0,0,0,0,0,0,0,0,0,0,2,3,0,114
dwhited,Dillon,Whited,OAK,10,2,0,0,0,0,0,0,0,0,0,0,0,0,0,0,0,0,0,0,0,0,0,0,0,0,0,0,2,3,0,114
dwhited,Dillon,Whited,OAK,13,1,2,1,0,0,0,0,3,3,0,0,0,5,38,50,0,0,13,7,0,0,0,0,1052,0,3,3,5,6,0,164
awhitton,Adam,Whitton,DET,3,1,0,0,0,0,0,0,0,0,0,0,0,0,0,0,0,0,0,0,0,0,0,0,0,0,0,0,0,0,0,0
awhitton,Adam,Whitton,DET,5,1,1,1,0,0,0,1,7,11,3,0,0,7,51,4,0,1,1,0,17,5,0,0,1364,3,-1,2,-1,2,0,4
awhitton,Adam,Whitton,DET,7,1,0,0,0,0,0,0,0,0,0,0,0,0,0,0,0,0,0,0,0,0,0,0,0,0,0,0,-1,2,0,4
awhitton,Adam,Whitton,DET,8,1,0,0,0,1,0,0,4,5,1,0,0,4,14,1,0,0,2,1,16,3,0,0,1132,1,0,0,-1,2,1,5
awhitton,Adam,Whitton,DET,9,2,0,1,0,0,0,0,2,2,0,0,0,2,21,12,0,0,0,0,12,2,0,0,588,0,1,1,0,3,1,17
awhitton,Adam,Whitton,DET,10,2,0,1,0,0,0,0,5,6,1,0,0,5,-4,56,0,0,2,1,9,1,0,0,514,1,0,1,0,4,1,73
awhitton,Adam,Whitton,DET,11,1,0,0,0,0,0,0,0,0,0,0,0,0,0,0,0,0,0,0,0,0,0,0,0,0,0,0,0,4,1,73
awhitton,Adam,Whitton,DET,12,1,0,0,0,0,0,0,0,0,0,0,0,0,0,0,0,0,0,0,0,0,0,0,0,0,0,0,0,4,1,73
awhitton,Adam,Whitton,DET,13,2,0,0,0,0,0,0,0,0,0,0,0,0,0,0,0,0,0,0,0,0,0,0,0,0,0,0,0,4,1,73
mwhitton,Mark,Whitton,PIT,2,1,0,0,0,0,0,0,0,0,0,0,0,0,0,0,0,0,0,0,0,0,0,0,0,0,0,0,0,0,0,0
mwhitton,Mark,Whitton,PIT,3,1,0,0,0,0,0,0,0,0,0,0,0,0,0,0,0,0,0,0,0,0,0,0,0,0,0,0,0,0,0,0
mwhitton,Mark,Whitton,PIT,4,1,0,0,0,0,0,0,0,0,0,0,0,0,0,0,0,0,0,0,0,0,0,0,0,0,0,0,0,0,0,0
mwhitton,Mark,Whitton,PIT,5,1,2,1,0,1,0,0,12,13,1,0,0,15,143,200,1,1,25,9,2,0,0,0,1432,1,3,3,3,3,1,200
mwhitton,Mark,Whitton,PIT,6,1,0,0,0,0,0,0,0,0,0,0,0,0,0,0,0,0,0,0,0,0,0,0,0,0,0,0,3,3,1,200
mwhitton,Mark,Whitton,PIT,7,1,0,0,0,0,0,0,0,0,0,0,0,0,0,0,0,0,0,0,0,0,0,0,0,0,0,0,3,3,1,200
mwhitton,Mark,Whitton,PIT,8,1,0,0,0,0,0,0,0,0,0,0,0,0,0,0,0,0,0,0,0,0,0,0,0,0,0,0,3,3,1,200
mwhitton,Mark,Whitton,PIT,9,2,0,0,0,0,0,0,0,0,0,0,0,0,0,0,0,0,0,0,0,0,0,0,0,0,0,0,3,3,1,200
mwhitton,Mark,Whitton,PIT,10,1,0,0,0,0,0,0,0,0,0,0,0,0,0,0,0,0,0,0,0,0,0,0,0,0,0,0,3,3,1,200
mwhitton,Mark,Whitton,PIT,11,1,0,0,0,0,0,0,0,0,0,0,0,0,0,0,0,0,0,0,0,0,0,0,0,0,0,0,3,3,1,200
mwhitton,Mark,Whitton,PIT,13,1,0,0,0,0,0,0,0,0,0,0,0,0,0,0,0,0,0,0,0,0,0,0,0,0,0,0,3,3,1,200
awilcox,Xander,Wilcox,CAR,3,1,0,0,0,0,0,0,0,0,0,0,0,0,0,0,0,0,0,0,0,0,0,0,0,0,0,0,0,0,0,0
awilcox,Xander,Wilcox,CAR,4,2,0,0,0,0,0,0,0,0,0,0,0,0,0,0,0,0,0,0,0,0,0,0,0,0,0,0,0,0,0,0
awilcox,Xander,Wilcox,CAR,5,1,0,0,0,0,0,0,0,0,0,0,0,0,0,0,0,0,0,0,0,0,0,0,0,0,0,0,0,0,0,0
awilcox,Xander,Wilcox,CAR,6,2,0,0,0,0,0,0,0,0,0,0,0,0,0,0,0,0,0,0,0,0,0,0,0,0,0,0,0,0,0,0
awilcox,Xander,Wilcox,CAR,7,1,0,0,0,0,0,0,0,0,0,0,0,0,0,0,0,0,0,0,0,0,0,0,0,0,0,0,0,0,0,0
awilcox,Xander,Wilcox,CAR,9,1,0,0,0,0,0,0,0,0,0,0,0,0,0,0,0,0,0,0,0,0,0,0,0,0,0,0,0,0,0,0
awilcox,Xander,Wilcox,CAR,10,1,0,0,0,0,0,0,0,0,0,0,0,0,0,0,0,0,0,0,0,0,0,0,0,0,0,0,0,0,0,0
awilcox,Xander,Wilcox,CAR,12,1,0,0,0,0,0,0,0,0,0,0,0,0,0,0,0,0,0,0,0,0,0,0,0,0,0,0,0,0,0,0
awilcox,Xander,Wilcox,CAR,13,2,0,0,0,0,0,0,0,0,0,0,0,0,0,0,0,0,0,0,0,0,0,0,0,0,0,0,0,0,0,0
swildavsk,Saul,Wildavsky,OAK,1,1,3,0,0,0,0,0,3,4,1,0,0,7,14,119,0,1,14,10,0,0,0,0,881,1,2,3,2,3,0,119
swildavsk,Saul,Wildavsky,OAK,2,2,3,2,2,1,0,0,23,23,0,0,0,26,239,279,0,0,40,33,0,0,0,0,2632,0,6,5,8,8,1,398
swildavsk,Saul,Wildavsky,OAK,3,1,1,1,1,1,0,0,10,10,0,0,0,12,25,115,0,0,26,22,1,0,0,0,1319,0,3,2,11,10,2,513
swildavsk,Saul,Wildavsky,OAK,5,1,1,1,2,0,0,0,11,11,0,0,0,12,111,120,0,0,19,16,2,0,0,0,1432,0,2,2,13,12,2,633
swildavsk,Saul,Wildavsky,OAK,6,1,3,0,1,0,0,0,6,6,0,0,0,9,-30,125,0,0,26,17,0,0,0,0,1271,0,3,3,16,15,2,758
swildavsk,Saul,Wildavsky,OAK,7,1,5,1,0,0,0,0,20,21,1,0,0,26,124,217,0,0,28,18,0,0,0,0,1443,1,5,6,21,21,2,975
swildavsk,Saul,Wildavsky,OAK,8,1,3,1,1,0,0,0,8,10,1,0,0,13,74,119,0,0,12,10,0,0,0,0,613,1,3,4,24,25,2,1094
swildavsk,Saul,Wildavsky,OAK,9,1,0,0,0,0,0,0,0,0,0,0,0,0,0,0,0,0,0,0,0,0,0,0,0,0,0,0,24,25,2,1094
swildavsk,Saul,Wildavsky,OAK,10,2,4,2,2,0,0,0,22,23,1,0,0,27,-32,347,0,0,39,29,1,0,0,0,2288,1,5,6,29,31,2,1441
swildavsk,Saul,Wildavsky,OAK,13,1,2,0,1,0,0,0,13,14,1,0,0,15,38,92,0,0,14,7,0,0,0,0,1057,1,1,2,30,33,2,1533
swiles,Sean,Wiles,CAR,3,1,1,0,3,0,0,0,14,14,0,0,0,15,71,190,0,0,19,14,0,0,0,0,1465,0,1,1,1,1,0,190
swiles,Sean,Wiles,CAR,4,2,1,1,1,0,0,0,10,10,0,0,0,11,42,207,0,0,9,7,0,0,0,0,603,0,2,2,3,3,0,397
swiles,Sean,Wiles,CAR,5,1,2,0,2,0,0,0,12,12,0,0,0,14,11,185,0,0,25,18,1,0,0,0,1443,0,2,2,5,5,0,582
swiles,Sean,Wiles,CAR,6,2,3,1,3,0,0,0,34,35,1,0,0,37,-57,377,1,1,28,24,0,0,0,0,2519,1,3,4,8,9,0,959
swiles,Sean,Wiles,CAR,7,1,0,1,0,0,0,0,13,13,0,0,0,13,-20,132,0,0,15,12,0,0,0,0,1156,0,1,1,9,10,0,1091
swiles,Sean,Wiles,CAR,9,1,0,0,3,0,0,0,11,11,0,0,0,11,123,183,1,1,14,14,0,0,0,0,861,0,0,0,9,10,0,1274
swiles,Sean,Wiles,CAR,10,1,1,0,1,0,0,0,6,6,0,0,0,7,-16,110,0,0,16,11,1,0,0,0,980,0,1,1,10,11,0,1384
swiles,Sean,Wiles,CAR,12,1,0,0,0,0,0,0,0,0,0,0,0,0,0,0,0,0,0,0,0,0,0,0,0,0,0,0,10,11,0,1384
swiles,Sean,Wiles,CAR,13,2,0,0,0,0,0,0,0,0,0,0,0,0,0,0,0,0,0,0,0,0,0,0,0,0,0,0,10,11,0,1384
awilliams,Aidan,Williams,DET,3,1,0,0,0,0,0,0,0,0,0,0,0,0,0,0,0,0,0,0,0,0,0,0,0,0,0,0,0,0,0,0
awilliams,Aidan,Williams,DET,5,1,0,0,0,0,0,0,0,0,0,0,0,0,0,0,0,0,0,0,0,0,0,0,0,0,0,0,0,0,0,0
awilliams,Aidan,Williams,DET,7,1,0,0,0,0,0,0,0,0,0,0,0,0,0,0,0,0,0,0,0,0,0,0,0,0,0,0,0,0,0,0
awilliams,Aidan,Williams,DET,8,1,0,0,0,0,0,0,0,0,0,0,0,0,0,0,0,0,0,0,0,0,0,0,0,0,0,0,0,0,0,0
awilliams,Aidan,Williams,DET,9,2,0,0,0,0,0,0,0,0,0,0,0,0,0,0,0,0,0,0,0,0,0,0,0,0,0,0,0,0,0,0
awilliams,Aidan,Williams,DET,10,2,0,0,0,0,0,0,0,0,0,0,0,0,0,0,0,0,0,0,0,0,0,0,0,0,0,0,0,0,0,0
awilliams,Aidan,Williams,DET,11,1,0,0,0,0,0,0,0,0,0,0,0,0,0,0,0,0,0,0,7,0,0,0,324,0,0,0,0,0,0,0
awilliams,Aidan,Williams,DET,12,1,0,0,0,0,0,0,0,0,0,0,0,0,0,0,0,0,0,0,0,0,0,0,0,0,0,0,0,0,0,0
awilliams,Aidan,Williams,DET,13,2,0,0,0,0,0,0,0,0,0,0,0,0,0,0,0,0,1,0,8,1,0,0,672,0,0,0,0,0,0,0
bwilliams1,Brycen,Williams,LV,1,1,0,0,2,0,0,0,6,6,0,0,0,6,-11,124,0,0,5,3,9,1,0,0,708,0,0,0,0,0,0,124
bwilliams1,Brycen,Williams,LV,2,1,0,0,0,1,0,0,5,6,1,0,0,6,14,82,0,0,8,2,5,2,0,0,677,1,0,0,0,0,1,206
bwilliams1,Brycen,Williams,LV,3,1,1,0,0,0,0,0,9,9,0,0,1,9,61,71,0,0,4,3,14,2,0,0,1399,1,0,1,0,1,1,277
bwilliams1,Brycen,Williams,LV,5,1,0,0,0,2,0,0,7,9,2,0,0,7,36,2,0,0,0,0,12,3,0,0,1216,2,0,0,0,1,3,279
bwilliams1,Brycen,Williams,LV,7,2,0,2,1,0,0,0,5,6,1,0,0,5,37,94,0,0,2,1,23,4,0,0,1658,1,1,2,1,3,3,373
bwilliams1,Brycen,Williams,LV,8,1,2,2,1,0,0,0,5,5,0,0,0,7,80,102,1,1,7,4,7,2,0,0,925,0,4,4,5,7,3,475
bwilliams1,Brycen,Williams,LV,9,2,1,0,1,0,0,0,15,17,2,0,1,15,100,90,0,0,16,5,16,0,1,0,2076,3,-2,1,3,8,3,565
bwilliams1,Brycen,Williams,LV,11,1,0,0,0,0,0,0,0,0,0,0,0,0,0,0,0,0,0,0,0,0,0,0,0,0,0,0,3,8,3,565
bwilliams1,Brycen,Williams,LV,12,1,0,0,0,0,0,0,11,13,2,0,0,11,23,128,0,0,21,6,2,0,0,0,1309,2,-2,0,1,8,3,693
bwilliams1,Brycen,Williams,LV,13,1,0,0,0,0,0,0,2,2,0,0,0,2,22,33,0,0,0,0,15,4,0,0,1029,0,0,0,1,8,3,726
cwilliams,Cooper,Williams,CAR,3,1,0,0,0,0,0,0,0,0,0,0,0,0,0,0,0,0,0,0,0,0,0,0,0,0,0,0,0,0,0,0
cwilliams,Cooper,Williams,CAR,4,2,0,1,0,2,0,0,8,8,0,0,0,8,-3,91,0,0,5,3,30,6,0,0,2627,0,3,1,3,1,2,91
cwilliams,Cooper,Williams,CAR,5,1,0,0,0,1,0,0,2,2,0,0,0,2,26,11,0,0,0,0,19,5,1,0,1280,0,1,0,4,1,3,102
cwilliams,Cooper,Williams,CAR,6,2,2,1,0,2,0,0,7,9,1,0,0,10,-20,116,0,1,2,0,29,11,0,0,2267,1,4,3,8,4,5,218
cwilliams,Cooper,Williams,CAR,7,1,0,0,0,0,0,0,5,6,1,0,0,6,19,33,0,0,2,0,13,5,0,0,1098,1,-1,0,7,4,5,251
cwilliams,Cooper,Williams,CAR,9,1,1,1,1,0,0,0,8,8,0,0,0,9,42,46,0,0,0,0,20,8,0,0,1308,0,2,2,9,6,5,297
cwilliams,Cooper,Williams,CAR,10,1,1,0,0,1,0,0,3,4,1,0,0,5,5,99,0,0,3,2,19,7,1,0,1359,1,1,1,10,7,6,396
cwilliams,Cooper,Williams,CAR,12,1,1,0,0,1,0,0,2,2,0,0,0,4,15,43,0,0,3,1,15,2,4,1,1207,0,2,1,12,8,7,439
cwilliams,Cooper,Williams,CAR,13,2,2,0,0,2,0,0,3,4,1,0,0,6,3,56,0,1,0,0,15,6,5,1,980,1,3,2,15,10,9,495
dwilliams2,Daniel,Williams,CHI,4,1,0,0,0,0,0,0,0,0,0,0,0,0,0,0,0,0,0,0,0,0,0,0,0,0,0,0,0,0,0,0
dwilliams2,Daniel,Williams,CHI,6,1,0,0,0,0,0,0,0,0,0,0,0,0,0,0,0,0,0,0,0,0,0,0,0,0,0,0,0,0,0,0
dwilliams2,Daniel,Williams,CHI,7,1,0,0,0,0,0,0,0,0,0,0,0,0,0,0,0,0,0,0,0,0,0,0,0,0,0,0,0,0,0,0
dwilliams2,Daniel,Williams,CHI,8,1,0,0,0,0,0,0,0,0,0,0,0,0,0,0,0,0,0,0,0,0,0,0,0,0,0,0,0,0,0,0
dwilliams2,Daniel,Williams,CHI,9,2,0,0,1,0,0,0,4,8,3,0,0,7,50,62,0,1,0,0,14,8,13,0,1111,3,-3,0,-3,0,0,62
dwilliams2,Daniel,Williams,CHI,10,2,1,2,2,0,0,0,15,16,1,0,0,15,115,80,1,1,0,0,25,13,12,3,2119,1,2,3,-1,3,0,142
dwilliams2,Daniel,Williams,CHI,11,2,0,0,0,0,0,0,4,5,1,0,0,4,25,19,0,1,0,0,8,2,2,0,681,1,-1,0,-2,3,0,161
dwilliams2,Daniel,Williams,CHI,13,2,0,0,0,0,0,0,0,0,0,0,0,0,0,0,0,0,0,0,0,0,0,0,0,0,0,0,-2,3,0,161
jwilliams,Jack,Williams,NY,1,2,3,5,2,0,0,0,84,92,8,0,0,77,529,274,1,4,40,27,0,0,0,0,2358,8,0,8,0,8,0,274
jwilliams,Jack,Williams,NY,3,1,1,5,6,1,0,0,34,38,2,0,0,34,346,164,0,0,24,17,0,0,0,0,1751,2,5,6,5,14,1,438
jwilliams,Jack,Williams,NY,4,2,0,0,0,0,0,0,0,0,0,0,0,0,0,0,0,0,0,0,0,0,0,0,0,0,0,0,5,14,1,438
jwilliams,Jack,Williams,NY,5,1,0,1,4,0,0,0,39,39,0,0,0,26,264,134,0,0,17,12,0,0,0,0,1261,0,1,1,6,15,1,572
jwilliams,Jack,Williams,NY,6,1,0,0,0,1,0,0,5,8,2,0,0,5,-23,8,0,1,1,1,11,2,0,0,623,2,-1,0,5,15,2,580
jwilliams,Jack,Williams,NY,7,1,1,4,0,0,0,0,47,50,2,0,0,39,421,239,1,4,23,13,0,0,0,0,1593,2,3,5,8,20,2,819
jwilliams,Jack,Williams,NY,8,1,3,3,4,1,0,0,43,44,0,0,0,47,206,238,1,1,23,17,2,0,0,0,1455,0,7,6,15,26,3,1057
jwilliams,Jack,Williams,NY,9,1,1,4,4,1,0,0,40,40,0,0,0,40,385,145,2,2,24,20,1,0,0,0,1695,0,6,5,21,31,4,1202
jwilliams,Jack,Williams,NY,12,1,0,2,1,0,0,0,37,38,1,0,0,29,159,63,1,2,15,15,0,0,0,0,1138,1,1,2,22,33,4,1265
jwilliams,Jack,Williams,NY,13,1,0,4,4,0,0,0,60,62,2,0,0,47,608,163,3,3,26,16,0,0,0,0,1657,2,2,4,24,37,4,1428
mwilliams,Max,Williams,OAK,1,1,1,0,0,1,0,0,5,5,0,0,1,6,38,33,0,0,3,2,17,6,0,0,1251,1,1,1,1,1,1,33
mwilliams,Max,Williams,OAK,2,2,1,1,0,3,0,0,13,13,0,0,0,12,112,100,1,1,5,4,30,8,0,0,2094,0,5,2,6,3,4,133
mwilliams,Max,Williams,OAK,3,1,0,0,0,1,0,0,3,3,0,0,0,3,22,35,0,0,0,0,18,7,0,0,1006,0,1,0,7,3,5,168
mwilliams,Max,Williams,OAK,5,1,0,0,0,1,0,0,0,1,1,0,0,1,0,8,0,1,1,0,15,3,0,0,1149,1,0,0,7,3,6,176
mwilliams,Max,Williams,OAK,6,1,0,1,0,0,0,0,3,4,1,0,0,4,40,49,0,0,4,1,14,3,0,0,1262,1,0,1,7,4,6,225
mwilliams,Max,Williams,OAK,7,1,1,0,0,1,0,0,1,2,1,0,0,3,-7,60,0,0,4,1,17,3,0,0,1075,1,1,1,8,5,7,285
mwilliams,Max,Williams,OAK,8,1,1,1,2,0,0,0,8,8,0,0,0,9,51,78,0,0,0,0,13,8,0,0,1133,0,2,2,10,7,7,363
mwilliams,Max,Williams,OAK,9,1,0,2,0,2,0,0,13,13,0,0,0,12,53,62,0,0,1,1,17,9,0,0,947,0,4,2,14,9,9,425
mwilliams,Max,Williams,OAK,10,2,2,0,0,3,0,0,5,7,2,0,0,7,54,98,1,1,4,2,32,10,0,0,2239,2,3,2,17,11,12,523
mwilliams,Max,Williams,OAK,13,1,1,0,0,0,0,0,4,5,1,0,0,6,22,146,0,0,4,3,10,4,0,0,1140,1,0,1,17,12,12,669
nwilliams,Nathan,Williams,ORE,1,1,0,0,0,0,0,0,0,0,0,0,0,0,0,0,0,0,0,0,0,0,0,0,0,0,0,0,0,0,0,0
nwilliams,Nathan,Williams,ORE,2,1,0,0,0,0,0,0,0,0,0,0,0,0,0,0,0,0,0,0,0,0,0,0,0,0,0,0,0,0,0,0
nwilliams,Nathan,Williams,ORE,4,1,0,0,0,0,0,0,0,0,0,0,0,0,0,0,0,0,0,0,0,0,0,0,0,0,0,0,0,0,0,0
nwilliams,Nathan,Williams,ORE,5,2,0,0,0,0,0,0,0,0,0,0,0,0,0,0,0,0,0,0,0,0,0,0,0,0,0,0,0,0,0,0
nwilliams,Nathan,Williams,ORE,6,1,0,0,0,0,0,0,0,0,0,0,0,0,0,0,0,0,0,0,0,0,0,0,0,0,0,0,0,0,0,0
nwilliams,Nathan,Williams,ORE,7,1,0,0,0,0,0,0,0,0,0,0,0,0,0,0,0,0,0,0,0,0,0,0,0,0,0,0,0,0,0,0
nwilliams,Nathan,Williams,ORE,8,2,0,0,0,0,0,0,0,0,0,0,0,0,0,0,0,0,0,0,0,0,0,0,0,0,0,0,0,0,0,0
nwilliams,Nathan,Williams,ORE,9,1,0,0,0,0,0,0,0,0,0,0,0,0,0,0,0,0,0,0,0,0,0,0,0,0,0,0,0,0,0,0
nwilliams,Nathan,Williams,ORE,10,1,0,0,0,0,0,0,1,1,0,0,0,1,-7,20,0,0,1,0,8,3,0,0,643,0,0,0,0,0,0,20
nwilliams,Nathan,Williams,ORE,13,1,0,0,0,0,0,0,1,1,0,0,1,1,-3,7,0,0,0,0,9,1,0,0,686,1,-1,0,-1,0,0,27
twilliams1,Tyler,Williams,MAD,2,2,0,0,0,0,0,0,0,0,0,0,0,0,0,0,0,0,0,0,0,0,0,0,0,0,0,0,0,0,0,0
twilliams1,Tyler,Williams,MAD,4,1,0,0,0,0,0,0,0,0,0,0,0,0,0,0,0,0,0,0,0,0,0,0,0,0,0,0,0,0,0,0
twilliams1,Tyler,Williams,MAD,6,1,0,0,0,0,0,0,0,0,0,0,0,0,0,0,0,0,0,0,0,0,0,0,0,0,0,0,0,0,0,0
twilliams1,Tyler,Williams,MAD,7,1,0,0,0,0,0,0,0,0,0,0,0,0,0,0,0,0,0,0,0,0,0,0,0,0,0,0,0,0,0,0
twilliams1,Tyler,Williams,MAD,8,2,0,0,0,0,0,0,0,0,0,0,0,0,0,0,0,0,0,0,0,0,0,0,0,0,0,0,0,0,0,0
twilliams1,Tyler,Williams,MAD,10,2,0,0,0,0,0,0,0,0,0,0,0,0,0,0,0,0,0,0,0,0,0,0,0,0,0,0,0,0,0,0
twilliams1,Tyler,Williams,MAD,11,1,0,0,0,0,0,0,0,0,0,0,0,0,0,0,0,0,0,0,0,0,0,0,0,0,0,0,0,0,0,0
twilliams1,Tyler,Williams,MAD,12,1,0,0,0,0,0,0,0,0,0,0,0,0,0,0,0,0,0,0,0,0,0,0,0,0,0,0,0,0,0,0
twilliams1,Tyler,Williams,MAD,13,1,0,0,0,0,0,0,0,0,0,0,0,0,0,0,0,0,0,0,0,0,0,0,0,0,0,0,0,0,0,0
swilliams,Sebastian,Williamson,ORE,1,1,0,0,0,0,0,0,7,7,0,0,0,6,11,2,0,0,3,2,9,1,0,0,1090,0,0,0,0,0,0,2
swilliams,Sebastian,Williamson,ORE,2,1,0,0,0,0,0,0,5,5,0,0,1,4,-13,18,0,0,6,2,10,1,0,0,1114,1,-1,0,-1,0,0,20
swilliams,Sebastian,Williamson,ORE,4,1,1,0,0,1,0,0,1,1,0,0,1,2,11,52,0,0,0,0,18,4,0,0,1438,1,1,1,0,1,1,72
swilliams,Sebastian,Williamson,ORE,5,2,0,0,1,0,0,0,3,3,0,0,1,2,10,24,0,0,1,0,21,2,0,0,1625,1,-1,0,-1,1,1,96
swilliams,Sebastian,Williamson,ORE,6,1,0,0,0,0,0,0,5,5,0,0,1,5,32,95,0,0,0,0,7,2,0,0,719,1,-1,0,-2,1,1,191
swilliams,Sebastian,Williamson,ORE,7,1,1,0,0,0,0,0,0,0,0,0,0,1,0,12,0,0,0,0,10,2,0,0,653,0,1,1,-1,2,1,203
swilliams,Sebastian,Williamson,ORE,8,2,0,0,0,1,0,0,4,5,1,0,1,3,-6,27,0,0,2,1,9,0,0,0,651,2,-1,0,-2,2,2,230
swilliams,Sebastian,Williamson,ORE,9,1,0,0,0,0,0,0,0,0,0,0,0,0,0,0,0,0,0,0,0,0,0,0,0,0,0,0,-2,2,2,230
swilliams,Sebastian,Williamson,ORE,10,1,0,0,0,0,0,0,0,0,0,0,0,0,0,0,0,0,0,0,0,0,0,0,0,0,0,0,-2,2,2,230
swilliams,Sebastian,Williamson,ORE,13,1,0,0,0,0,0,0,0,0,0,0,0,0,0,0,0,0,0,0,0,0,0,0,0,0,0,0,-2,2,2,230
cwilson,Chris,Wilson,LV,1,1,0,1,1,0,0,0,2,3,0,0,0,3,7,14,0,0,4,3,7,0,0,0,589,0,1,1,1,1,0,14
cwilson,Chris,Wilson,LV,2,1,1,0,1,0,0,0,6,6,0,0,0,7,19,99,0,0,8,5,5,0,0,0,1147,0,1,1,2,2,0,113
cwilson,Chris,Wilson,LV,3,1,1,2,0,0,0,0,6,6,0,0,0,7,18,85,0,0,1,1,14,3,0,0,1049,0,3,3,5,5,0,198
cwilson,Chris,Wilson,LV,5,1,0,1,1,0,0,0,12,12,0,0,1,12,-5,89,0,0,3,2,10,4,0,0,1383,1,0,1,5,6,0,287
cwilson,Chris,Wilson,LV,7,2,0,1,0,1,0,0,16,17,1,0,0,17,16,110,0,0,11,5,16,4,0,0,2104,1,1,1,6,7,1,397
cwilson,Chris,Wilson,LV,8,1,0,0,1,1,0,0,8,9,1,0,0,9,4,70,0,0,0,0,15,2,0,0,857,1,0,0,6,7,2,467
cwilson,Chris,Wilson,LV,9,2,0,0,0,2,0,0,7,9,2,0,0,9,10,50,0,0,6,1,20,1,0,0,1739,2,0,0,6,7,4,517
cwilson,Chris,Wilson,LV,11,1,0,0,0,0,0,0,4,4,0,0,0,4,20,7,0,0,8,1,9,2,0,0,1150,0,0,0,6,7,4,524
cwilson,Chris,Wilson,LV,12,1,0,0,0,0,0,0,1,1,0,0,0,1,-6,20,0,0,1,0,16,2,0,0,1035,0,0,0,6,7,4,544
cwilson,Chris,Wilson,LV,13,1,0,0,0,0,0,0,0,0,0,0,0,0,0,0,0,0,0,0,0,0,0,0,0,0,0,0,6,7,4,544
gwilson1,Garrett,Wilson,ATX,1,1,0,0,0,0,0,0,0,0,0,0,0,0,0,0,0,0,0,0,0,0,0,0,0,0,0,0,0,0,0,0
gwilson1,Garrett,Wilson,ATX,2,1,0,0,0,0,0,0,0,0,0,0,0,0,0,0,0,0,0,0,0,0,0,0,0,0,0,0,0,0,0,0
gwilson1,Garrett,Wilson,ATX,3,1,0,0,0,0,0,0,0,0,0,0,0,0,0,0,0,0,0,0,0,0,0,0,0,0,0,0,0,0,0,0
gwilson1,Garrett,Wilson,ATX,4,1,0,0,0,0,0,0,0,0,0,0,0,0,0,0,0,0,0,0,0,0,0,0,0,0,0,0,0,0,0,0
gwilson1,Garrett,Wilson,ATX,7,2,0,0,0,0,0,0,0,0,0,0,0,0,0,0,0,0,0,0,0,0,0,0,0,0,0,0,0,0,0,0
gwilson1,Garrett,Wilson,ATX,8,1,0,0,0,0,0,0,0,0,0,0,0,0,0,0,0,0,0,0,0,0,0,0,0,0,0,0,0,0,0,0
gwilson1,Garrett,Wilson,ATX,10,2,0,0,0,0,0,0,0,0,0,0,0,0,0,0,0,0,0,0,9,2,0,0,410,0,0,0,0,0,0,0
gwilson1,Garrett,Wilson,ATX,11,1,0,0,0,0,0,0,0,0,0,0,0,0,0,0,0,0,0,0,0,0,0,0,0,0,0,0,0,0,0,0
gwilson1,Garrett,Wilson,ATX,12,1,0,0,0,0,0,0,0,0,0,0,0,0,0,0,0,0,0,0,0,0,0,0,0,0,0,0,0,0,0,0
gwilson1,Garrett,Wilson,ATX,13,1,0,0,0,0,0,0,0,0,0,0,0,0,0,0,0,0,0,0,0,0,0,0,0,0,0,0,0,0,0,0
jwilson,Joshua,Wilson,MAD,2,2,1,2,1,1,0,0,22,24,1,0,0,15,162,139,1,1,8,4,16,3,4,0,1714,1,3,3,3,3,1,139
jwilson,Joshua,Wilson,MAD,4,1,1,0,0,0,0,0,9,10,0,0,1,7,160,31,2,2,5,3,10,6,2,0,1062,1,0,1,3,4,1,170
jwilson,Joshua,Wilson,MAD,6,1,1,2,0,1,0,0,17,17,0,0,0,10,95,34,1,1,4,4,13,8,1,0,1405,0,4,3,7,7,2,204
jwilson,Joshua,Wilson,MAD,7,1,0,1,0,1,0,0,20,21,1,0,0,16,90,10,0,1,4,1,10,1,0,0,768,1,1,1,8,8,3,214
jwilson,Joshua,Wilson,MAD,8,2,1,1,1,0,0,0,10,10,0,0,0,8,72,51,1,1,7,4,8,2,1,0,1092,0,2,2,10,10,3,265
jwilson,Joshua,Wilson,MAD,10,2,0,2,0,1,0,0,9,11,1,0,0,5,73,24,0,0,2,2,19,5,16,1,1081,1,2,2,12,12,4,289
jwilson,Joshua,Wilson,MAD,11,1,1,2,1,0,0,0,13,15,1,0,0,12,178,114,1,2,3,2,16,9,12,2,1149,1,2,3,14,15,4,403
jwilson,Joshua,Wilson,MAD,12,1,0,1,1,0,0,0,14,16,1,1,0,13,64,21,0,1,3,2,6,3,4,0,1202,2,-1,1,13,16,4,424
jwilson,Joshua,Wilson,MAD,13,1,1,0,0,0,0,0,13,13,0,0,0,11,91,63,0,0,6,2,7,2,5,0,750,0,1,1,14,17,4,487
awilsonho,Alec,Wilson Holliday,ATL,1,1,2,0,0,1,0,0,3,3,0,0,0,5,6,58,0,0,11,11,0,0,0,0,749,0,3,2,3,2,1,58
awilsonho,Alec,Wilson Holliday,ATL,3,2,4,0,1,0,0,0,13,13,0,0,0,17,29,312,0,0,25,22,1,0,0,0,1795,0,4,4,7,6,1,370
awilsonho,Alec,Wilson Holliday,ATL,4,2,4,1,0,1,0,0,8,8,0,0,0,12,5,257,0,0,12,10,0,0,0,0,700,0,6,5,13,11,2,627
awilsonho,Alec,Wilson Holliday,ATL,5,1,4,1,2,1,0,0,6,6,0,0,0,10,58,268,1,1,10,7,0,0,0,0,823,0,6,5,19,16,3,895
awilsonho,Alec,Wilson Holliday,ATL,6,2,7,0,4,0,0,0,31,34,3,0,0,41,79,434,0,0,30,16,0,0,0,0,2471,3,4,7,23,23,3,1329
awilsonho,Alec,Wilson Holliday,ATL,7,1,5,1,2,0,0,0,11,12,1,0,0,17,18,278,0,0,21,14,0,0,0,0,1276,1,5,6,28,29,3,1607
awilsonho,Alec,Wilson Holliday,ATL,9,1,3,2,2,0,0,0,6,7,1,0,0,10,95,192,1,1,15,15,0,0,0,0,732,1,4,5,32,34,3,1799
awilsonho,Alec,Wilson Holliday,ATL,10,1,1,0,0,0,0,0,5,5,0,0,0,6,-15,79,0,0,6,6,0,0,0,0,353,0,1,1,33,35,3,1878
awilsonho,Alec,Wilson Holliday,ATL,12,1,3,1,0,1,0,0,3,4,1,0,0,7,3,101,0,0,9,7,0,0,0,0,696,1,4,4,37,39,4,1979
ewimmer,Ethan,Wimmer,SLC,1,1,0,0,0,0,0,0,0,0,0,0,0,0,0,0,0,0,0,0,0,0,0,0,0,0,0,0,0,0,0,0
ewimmer,Ethan,Wimmer,SLC,2,1,1,0,0,1,0,0,4,7,3,0,0,8,44,57,0,1,0,0,12,5,0,0,1123,3,-1,1,-1,1,1,57
ewimmer,Ethan,Wimmer,SLC,5,1,1,0,0,1,0,0,0,0,0,0,0,2,0,25,0,0,0,0,9,3,0,0,622,0,2,1,1,2,2,82
ewimmer,Ethan,Wimmer,SLC,6,2,0,0,0,0,0,0,0,0,0,0,0,0,0,0,0,0,0,0,0,0,0,0,0,0,0,0,1,2,2,82
ewimmer,Ethan,Wimmer,SLC,7,1,0,0,0,0,0,0,0,0,0,0,0,0,0,0,0,0,0,0,0,0,0,0,0,0,0,0,1,2,2,82
ewimmer,Ethan,Wimmer,SLC,8,1,0,0,0,0,0,0,0,0,0,0,0,0,0,0,0,0,0,0,0,0,0,0,0,0,0,0,1,2,2,82
ewimmer,Ethan,Wimmer,SLC,10,1,0,0,0,0,0,0,0,0,0,0,0,0,0,0,0,0,0,0,0,0,0,0,0,0,0,0,1,2,2,82
ewimmer,Ethan,Wimmer,SLC,11,2,0,0,0,0,0,0,0,0,0,0,0,0,0,0,0,0,0,0,0,0,0,0,0,0,0,0,1,2,2,82
ewimmer,Ethan,Wimmer,SLC,12,1,0,0,0,0,0,0,0,0,0,0,0,0,0,0,0,0,0,0,0,0,0,0,0,0,0,0,1,2,2,82
ewimmer,Ethan,Wimmer,SLC,13,1,0,0,0,0,0,0,0,0,0,0,0,0,0,0,0,0,0,0,0,0,0,0,0,0,0,0,1,2,2,82
jwisner,Jack,Wisner,PHI,1,1,0,0,0,0,0,0,0,0,0,0,0,0,0,0,0,0,0,0,0,0,0,0,0,0,0,0,0,0,0,0
jwisner,Jack,Wisner,PHI,2,1,0,0,0,2,0,0,1,1,0,0,0,0,25,0,0,0,1,0,10,3,0,0,926,0,2,0,2,0,2,0
jwisner,Jack,Wisner,PHI,3,1,1,0,0,1,0,0,3,3,0,0,1,3,3,59,0,0,0,0,24,5,0,0,1368,1,1,1,3,1,3,59
jwisner,Jack,Wisner,PHI,5,1,0,0,0,1,0,0,2,2,0,0,0,1,-16,9,0,0,0,0,15,3,0,0,1074,0,1,0,4,1,4,68
jwisner,Jack,Wisner,PHI,6,1,0,0,0,1,0,0,1,2,1,0,0,2,-4,18,0,0,1,1,14,2,0,0,1378,1,0,0,4,1,5,86
jwisner,Jack,Wisner,PHI,7,2,3,1,0,1,0,0,12,13,1,0,0,14,-3,186,0,0,14,11,19,3,0,0,1881,1,4,4,8,5,6,272
jwisner,Jack,Wisner,PHI,8,1,1,2,0,1,0,0,4,4,0,0,0,5,78,47,1,1,1,1,22,11,0,0,1403,0,4,3,12,8,7,319
jwisner,Jack,Wisner,PHI,10,1,1,0,0,3,0,0,3,3,0,0,0,5,-18,53,0,0,1,0,20,6,0,0,1545,0,4,1,16,9,10,372
jwisner,Jack,Wisner,PHI,12,2,1,0,0,3,0,0,4,4,0,0,1,6,4,105,0,0,5,0,26,4,0,0,2150,1,3,1,19,10,13,477
jwisner,Jack,Wisner,PHI,13,1,4,0,1,0,0,0,6,7,1,0,0,11,11,111,0,0,3,3,17,7,0,0,1137,1,3,4,22,14,13,588
ewitmer,Eric,Witmer,PHI,1,1,0,0,0,2,0,0,3,3,0,0,0,3,4,21,0,0,1,1,12,3,0,0,1210,0,2,0,2,0,2,21
ewitmer,Eric,Witmer,PHI,2,1,0,0,0,1,0,0,2,2,0,0,0,2,-2,63,0,0,0,0,21,7,0,0,1547,0,1,0,3,0,3,84
ewitmer,Eric,Witmer,PHI,3,1,0,0,0,0,0,0,0,0,0,0,0,0,0,0,0,0,0,0,0,0,0,0,0,0,0,0,3,0,3,84
ewitmer,Eric,Witmer,PHI,5,1,0,1,0,0,0,0,3,3,0,0,0,4,15,-9,0,0,0,0,17,4,0,0,1329,0,1,1,4,1,3,75
ewitmer,Eric,Witmer,PHI,6,1,0,0,0,2,0,0,0,0,0,0,0,0,0,0,0,0,0,0,12,2,0,0,917,0,2,0,6,1,5,75
ewitmer,Eric,Witmer,PHI,7,2,0,1,2,1,0,0,27,28,1,0,1,26,116,101,0,0,14,11,22,3,0,0,2109,2,0,1,6,2,6,176
ewitmer,Eric,Witmer,PHI,8,1,0,0,0,0,0,0,0,0,0,0,0,0,0,0,0,0,0,0,0,0,0,0,0,0,0,0,6,2,6,176
ewitmer,Eric,Witmer,PHI,10,1,0,1,2,2,0,0,12,14,2,0,0,12,155,-56,0,0,1,0,23,8,0,0,1724,2,1,1,7,3,8,120
ewitmer,Eric,Witmer,PHI,12,2,0,0,0,0,0,0,7,7,0,0,0,7,5,30,0,0,1,0,18,1,0,0,1853,0,0,0,7,3,8,150
ewitmer,Eric,Witmer,PHI,13,1,0,0,1,0,0,0,5,5,0,0,0,5,31,-15,0,0,0,0,12,5,0,0,645,0,0,0,7,3,8,135
jwodatch1,Jeff,Wodatch,DC,1,1,2,0,2,1,0,0,19,22,3,0,1,24,42,144,0,1,16,9,0,0,0,0,1214,4,-1,2,-1,2,1,144
jwodatch1,Jeff,Wodatch,DC,2,1,0,0,0,0,0,0,0,0,0,0,0,0,0,0,0,0,0,0,0,0,0,0,0,0,0,0,-1,2,1,144
jwodatch1,Jeff,Wodatch,DC,3,1,0,0,0,0,0,0,0,0,0,0,0,0,0,0,0,0,0,0,0,0,0,0,0,0,0,0,-1,2,1,144
jwodatch1,Jeff,Wodatch,DC,4,1,1,1,1,0,0,0,6,8,2,0,1,9,33,52,0,0,8,4,1,0,0,0,980,3,-1,2,-2,4,1,196
jwodatch1,Jeff,Wodatch,DC,6,2,3,1,1,0,0,0,23,24,1,0,0,27,84,219,0,0,28,18,2,0,0,0,2097,1,3,4,1,8,1,415
jwodatch1,Jeff,Wodatch,DC,7,1,3,1,1,0,0,0,11,11,0,0,0,14,35,188,0,0,13,12,2,0,0,0,748,0,4,4,5,12,1,603
jwodatch1,Jeff,Wodatch,DC,8,1,1,2,1,1,0,0,19,20,1,0,0,21,140,145,0,0,18,13,2,0,0,0,1421,1,3,3,8,15,2,748
jwodatch1,Jeff,Wodatch,DC,10,1,1,2,2,2,0,0,19,20,1,0,0,21,190,141,1,1,14,11,1,1,0,0,1016,1,4,3,12,18,4,889
jwodatch1,Jeff,Wodatch,DC,11,1,1,1,1,0,0,0,15,16,1,0,0,18,122,110,0,0,12,6,1,0,0,0,1354,1,1,2,13,20,4,999
jwodatch1,Jeff,Wodatch,DC,12,1,0,0,2,0,0,0,14,14,0,0,0,14,52,154,0,0,14,12,1,0,0,0,1207,0,0,0,13,20,4,1153
jwodatch1,Jeff,Wodatch,DC,13,1,0,0,3,1,0,0,25,29,4,0,0,29,102,324,1,3,17,9,0,0,0,0,1180,4,-3,0,10,20,5,1477
awolf,Aaron,Wolf,SEA,2,1,1,5,2,2,0,0,41,44,2,0,0,39,421,32,1,1,13,9,6,4,0,0,1165,2,6,6,6,6,2,32
awolf,Aaron,Wolf,SEA,3,2,3,3,3,0,0,0,20,22,2,0,0,21,162,134,0,1,26,17,2,0,0,0,1431,2,4,6,10,12,2,166
awolf,Aaron,Wolf,SEA,4,1,0,0,0,0,0,0,0,0,0,0,0,0,0,0,0,0,0,0,0,0,0,0,0,0,0,0,10,12,2,166
awolf,Aaron,Wolf,SEA,5,2,1,4,5,1,0,0,79,87,8,0,0,79,600,113,3,3,39,26,7,1,0,0,3142,8,-2,5,8,17,3,279
awolf,Aaron,Wolf,SEA,6,1,1,1,1,0,0,0,13,18,5,1,1,15,93,46,0,2,8,4,13,2,0,0,1391,7,-5,2,3,19,3,325
awolf,Aaron,Wolf,SEA,7,1,2,3,2,2,0,0,17,17,0,0,1,15,220,54,1,1,1,1,18,10,8,0,1305,1,6,5,9,24,5,379
awolf,Aaron,Wolf,SEA,9,1,0,0,0,0,0,0,0,0,0,0,0,0,0,0,0,0,0,0,0,0,0,0,0,0,0,0,9,24,5,379
awolf,Aaron,Wolf,SEA,10,1,0,0,0,0,0,0,0,0,0,0,0,0,0,0,0,0,0,0,0,0,0,0,0,0,0,0,9,24,5,379
awolf,Aaron,Wolf,SEA,13,2,0,0,0,0,0,0,0,0,0,0,0,0,0,0,0,0,0,0,0,0,0,0,0,0,0,0,9,24,5,379
rwolfe,Ryan,Wolfe,ORE,1,1,0,0,0,0,0,0,9,11,2,0,2,11,0,129,0,0,9,2,10,1,0,0,1570,4,-4,0,-4,0,0,129
rwolfe,Ryan,Wolfe,ORE,2,1,0,0,0,0,0,0,8,8,0,0,1,7,31,21,0,0,6,2,12,1,0,0,1231,1,-1,0,-5,0,0,150
rwolfe,Ryan,Wolfe,ORE,4,1,3,1,0,1,0,0,3,3,0,0,0,6,20,76,0,0,0,0,16,6,0,0,1326,0,5,4,0,4,1,226
rwolfe,Ryan,Wolfe,ORE,5,2,0,2,0,0,0,0,9,12,2,0,1,11,85,63,1,2,2,1,22,4,0,0,2073,3,-1,2,-1,6,1,289
rwolfe,Ryan,Wolfe,ORE,6,1,1,2,0,0,0,0,8,9,1,0,0,10,108,91,2,2,1,1,13,5,1,0,1042,1,2,3,1,9,1,380
rwolfe,Ryan,Wolfe,ORE,7,1,0,0,2,1,0,0,3,3,0,0,0,3,-13,42,0,0,2,1,15,7,0,0,973,0,1,0,2,9,2,422
rwolfe,Ryan,Wolfe,ORE,8,2,0,0,1,1,0,0,5,9,4,0,0,8,65,71,1,3,4,2,23,2,0,0,1718,4,-3,0,-1,9,3,493
rwolfe,Ryan,Wolfe,ORE,9,1,0,0,0,0,0,0,4,4,0,0,0,4,27,14,0,0,1,0,9,3,0,0,581,0,0,0,-1,9,3,507
rwolfe,Ryan,Wolfe,ORE,10,1,1,0,0,1,0,0,3,3,0,0,0,4,25,25,0,0,3,3,13,5,0,0,791,0,2,1,1,10,4,532
rwolfe,Ryan,Wolfe,ORE,13,1,0,0,0,0,0,0,1,1,0,0,0,1,-8,19,0,0,1,0,15,1,0,0,819,0,0,0,1,10,4,551
jwollin,Justin,Wollin,DET,3,1,0,0,0,0,0,0,0,0,0,0,0,0,0,0,0,0,0,0,0,0,0,0,0,0,0,0,0,0,0,0
jwollin,Justin,Wollin,DET,5,1,0,0,0,0,0,0,0,0,0,0,0,0,0,0,0,0,0,0,0,0,0,0,0,0,0,0,0,0,0,0
jwollin,Justin,Wollin,DET,7,1,0,0,0,0,0,0,0,0,0,0,0,0,0,0,0,0,0,0,0,0,0,0,0,0,0,0,0,0,0,0
jwollin,Justin,Wollin,DET,8,1,0,0,0,0,0,0,0,0,0,0,0,0,0,0,0,0,0,0,0,0,0,0,0,0,0,0,0,0,0,0
jwollin,Justin,Wollin,DET,9,2,0,0,0,0,0,0,0,0,0,0,0,0,0,0,0,0,0,0,0,0,0,0,0,0,0,0,0,0,0,0
jwollin,Justin,Wollin,DET,10,2,0,0,0,0,0,0,0,0,0,0,0,0,0,0,0,0,0,0,0,0,0,0,0,0,0,0,0,0,0,0
jwollin,Justin,Wollin,DET,11,1,2,0,0,1,0,0,10,12,2,0,0,13,62,98,0,1,14,8,0,0,0,0,1192,2,1,2,1,2,1,98
jwollin,Justin,Wollin,DET,12,1,1,0,5,0,0,0,28,29,1,0,0,23,205,23,0,0,17,12,0,0,0,0,805,1,0,1,1,3,1,121
jwollin,Justin,Wollin,DET,13,2,2,2,2,0,0,0,50,53,1,0,3,41,439,213,1,1,50,18,0,0,0,0,2393,4,0,4,1,7,1,334
owoodward,Owen,Woodward,IND,2,1,0,0,0,0,0,0,0,0,0,0,0,0,0,0,0,0,0,0,0,0,0,0,0,0,0,0,0,0,0,0
owoodward,Owen,Woodward,IND,3,1,0,0,0,0,0,0,0,0,0,0,0,0,0,0,0,0,0,0,0,0,0,0,0,0,0,0,0,0,0,0
owoodward,Owen,Woodward,IND,5,1,0,0,0,0,0,0,0,0,0,0,0,0,0,0,0,0,0,0,0,0,0,0,0,0,0,0,0,0,0,0
owoodward,Owen,Woodward,IND,6,1,0,0,0,0,0,0,0,0,0,0,0,0,0,0,0,0,0,0,0,0,0,0,0,0,0,0,0,0,0,0
owoodward,Owen,Woodward,IND,7,1,0,0,0,0,0,0,0,0,0,0,0,0,0,0,0,0,0,0,0,0,0,0,0,0,0,0,0,0,0,0
owoodward,Owen,Woodward,IND,8,1,0,0,0,0,0,0,0,0,0,0,0,0,0,0,0,0,0,0,0,0,0,0,0,0,0,0,0,0,0,0
owoodward,Owen,Woodward,IND,9,1,0,0,0,0,0,0,0,0,0,0,0,0,0,0,0,0,0,0,0,0,0,0,0,0,0,0,0,0,0,0
owoodward,Owen,Woodward,IND,10,2,4,0,1,0,0,0,11,13,0,0,0,17,74,134,0,0,15,7,18,4,0,0,2245,0,4,4,4,4,0,134
owoodward,Owen,Woodward,IND,11,1,0,0,0,0,0,0,0,0,0,0,0,0,0,0,0,0,0,0,0,0,0,0,0,0,0,0,4,4,0,134
owoodward,Owen,Woodward,IND,12,1,1,0,0,0,0,0,5,6,1,0,0,7,64,114,0,1,0,0,14,5,0,0,1019,1,0,1,4,5,0,248
owoodward,Owen,Woodward,IND,13,1,2,0,0,1,0,0,3,3,0,0,0,6,22,39,0,0,0,0,11,6,0,0,609,0,3,2,7,7,1,287
jworthing,Jake,Worthington,ATX,1,1,0,0,0,0,0,0,0,0,0,0,0,0,0,0,0,0,0,0,0,0,0,0,0,0,0,0,0,0,0,0
jworthing,Jake,Worthington,ATX,2,1,0,0,0,0,0,0,0,0,0,0,0,0,0,0,0,0,0,0,0,0,0,0,0,0,0,0,0,0,0,0
jworthing,Jake,Worthington,ATX,3,1,0,0,0,0,0,0,0,0,0,0,0,0,0,0,0,0,0,0,0,0,0,0,0,0,0,0,0,0,0,0
jworthing,Jake,Worthington,ATX,4,1,0,0,0,0,0,0,0,0,0,0,0,0,0,0,0,0,0,0,0,0,0,0,0,0,0,0,0,0,0,0
jworthing,Jake,Worthington,ATX,7,2,0,0,0,0,0,0,0,0,0,0,0,0,0,0,0,0,0,0,0,0,0,0,0,0,0,0,0,0,0,0
jworthing,Jake,Worthington,ATX,8,1,0,0,0,0,0,0,0,0,0,0,0,0,0,0,0,0,0,0,0,0,0,0,0,0,0,0,0,0,0,0
jworthing,Jake,Worthington,ATX,10,2,0,0,0,0,0,0,0,0,0,0,0,0,0,0,0,0,0,0,0,0,0,0,0,0,0,0,0,0,0,0
jworthing,Jake,Worthington,ATX,11,1,0,0,0,0,0,0,0,0,0,0,0,0,0,0,0,0,0,0,0,0,0,0,0,0,0,0,0,0,0,0
jworthing,Jake,Worthington,ATX,12,1,0,0,0,0,0,0,0,0,0,0,0,0,0,0,0,0,0,0,0,0,0,0,0,0,0,0,0,0,0,0
jworthing,Jake,Worthington,ATX,13,1,0,0,0,0,0,0,0,0,0,0,0,0,0,0,0,0,0,0,0,0,0,0,0,0,0,0,0,0,0,0
bwu,Bailey,Wu,SEA,2,1,0,0,0,0,0,0,0,0,0,0,0,0,0,0,0,0,0,0,0,0,0,0,0,0,0,0,0,0,0,0
bwu,Bailey,Wu,SEA,3,2,1,0,0,0,0,0,1,1,0,0,0,4,10,22,0,0,1,1,24,8,0,0,1235,0,1,1,1,1,0,22
bwu,Bailey,Wu,SEA,4,1,0,1,0,0,0,0,1,1,0,0,0,1,10,3,0,0,0,0,8,2,0,0,700,0,1,1,2,2,0,25
bwu,Bailey,Wu,SEA,5,2,0,0,0,0,0,0,0,0,0,0,0,0,0,0,0,0,0,0,0,0,0,0,0,0,0,0,2,2,0,25
bwu,Bailey,Wu,SEA,6,1,0,0,0,0,0,0,0,0,0,0,0,0,0,0,0,0,0,0,0,0,0,0,0,0,0,0,2,2,0,25
bwu,Bailey,Wu,SEA,7,1,0,0,0,0,0,0,0,0,0,0,0,0,0,0,0,0,0,0,0,0,0,0,0,0,0,0,2,2,0,25
bwu,Bailey,Wu,SEA,9,1,0,0,0,0,0,0,0,0,0,0,0,0,0,0,0,0,0,0,0,0,0,0,0,0,0,0,2,2,0,25
bwu,Bailey,Wu,SEA,10,1,0,0,0,0,0,0,0,0,0,0,0,0,0,0,0,0,0,0,0,0,0,0,0,0,0,0,2,2,0,25
bwu,Bailey,Wu,SEA,13,2,0,0,0,0,0,0,4,5,1,0,0,5,2,38,0,0,2,0,21,7,0,0,1591,1,-1,0,1,2,0,63
cwu,Casey,Wu,SD,2,2,1,2,1,0,0,0,14,14,0,0,0,14,95,121,0,0,26,18,0,0,0,0,1797,0,3,3,3,3,0,121
cwu,Casey,Wu,SD,3,1,1,0,2,0,0,0,20,20,0,0,0,20,56,147,0,0,14,11,0,0,0,0,1163,0,1,1,4,4,0,268
cwu,Casey,Wu,SD,4,1,5,2,1,1,0,0,12,13,0,0,0,15,137,166,1,1,18,14,0,0,0,0,1479,0,8,7,12,11,1,434
cwu,Casey,Wu,SD,5,2,1,0,0,0,0,0,11,11,0,0,0,9,54,79,0,0,12,8,0,0,0,0,879,0,1,1,13,12,1,513
cwu,Casey,Wu,SD,6,1,0,0,0,0,0,0,0,0,0,0,0,0,0,0,0,0,0,0,0,0,0,0,0,0,0,0,13,12,1,513
cwu,Casey,Wu,SD,7,1,2,0,2,0,0,0,13,13,0,0,0,14,94,126,0,0,15,11,0,0,0,0,670,0,2,2,15,14,1,639
cwu,Casey,Wu,SD,8,1,2,0,1,0,0,0,9,9,0,0,1,9,46,85,0,0,15,11,0,0,0,0,806,1,1,2,16,16,1,724
cwu,Casey,Wu,SD,10,1,1,0,0,1,0,0,15,16,1,0,0,15,67,62,0,0,18,11,0,0,0,0,1317,1,1,1,17,17,2,786
cwu,Casey,Wu,SD,11,1,1,0,2,0,0,0,10,10,0,0,0,8,87,78,0,0,15,9,0,0,0,0,922,0,1,1,18,18,2,864
cwu,Casey,Wu,SD,13,1,0,0,0,0,0,0,0,0,0,0,0,0,0,0,0,0,0,0,0,0,0,0,0,0,0,0,18,18,2,864
awulkan,Adam,Wulkan,OAK,1,1,0,0,0,0,0,0,0,0,0,0,0,0,0,0,0,0,0,0,0,0,0,0,0,0,0,0,0,0,0,0
awulkan,Adam,Wulkan,OAK,2,2,0,0,0,0,0,0,0,0,0,0,0,0,0,0,0,0,0,0,0,0,0,0,0,0,0,0,0,0,0,0
awulkan,Adam,Wulkan,OAK,3,1,0,0,0,0,0,0,0,0,0,0,0,0,0,0,0,0,0,0,0,0,0,0,0,0,0,0,0,0,0,0
awulkan,Adam,Wulkan,OAK,5,1,0,0,0,0,0,0,0,0,0,0,0,0,0,0,0,0,0,0,0,0,0,0,0,0,0,0,0,0,0,0
awulkan,Adam,Wulkan,OAK,6,1,0,0,0,0,0,0,0,0,0,0,0,0,0,0,0,0,0,0,0,0,0,0,0,0,0,0,0,0,0,0
awulkan,Adam,Wulkan,OAK,7,1,0,0,0,0,0,0,0,0,0,0,0,0,0,0,0,0,0,0,0,0,0,0,0,0,0,0,0,0,0,0
awulkan,Adam,Wulkan,OAK,8,1,0,0,0,0,0,0,0,0,0,0,0,0,0,0,0,0,0,0,0,0,0,0,0,0,0,0,0,0,0,0
awulkan,Adam,Wulkan,OAK,9,1,0,0,0,0,0,0,0,0,0,0,0,0,0,0,0,0,0,0,0,0,0,0,0,0,0,0,0,0,0,0
awulkan,Adam,Wulkan,OAK,10,2,0,0,0,0,0,0,0,0,0,0,0,0,0,0,0,0,0,0,0,0,0,0,0,0,0,0,0,0,0,0
awulkan,Adam,Wulkan,OAK,13,1,0,0,0,0,0,0,0,0,0,0,0,0,0,0,0,0,0,0,0,0,0,0,0,0,0,0,0,0,0,0
jwylie,Joey,Wylie,ATX,1,1,2,3,4,0,0,0,28,28,0,0,0,30,251,204,1,1,24,19,2,0,0,0,1198,0,5,5,5,5,0,204
jwylie,Joey,Wylie,ATX,2,1,3,0,3,2,0,0,33,35,2,0,0,38,166,222,0,0,21,16,1,0,0,0,1601,2,3,3,8,8,2,426
jwylie,Joey,Wylie,ATX,3,1,2,2,2,0,0,0,17,17,0,0,0,19,53,245,0,0,21,18,2,1,0,0,1411,0,4,4,12,12,2,671
jwylie,Joey,Wylie,ATX,4,1,0,0,0,0,0,0,0,0,0,0,0,0,0,0,0,0,0,0,0,0,0,0,0,0,0,0,12,12,2,671
jwylie,Joey,Wylie,ATX,7,2,3,5,3,0,0,0,35,38,2,0,1,39,235,325,0,0,22,13,22,9,0,0,3135,3,5,8,17,20,2,996
jwylie,Joey,Wylie,ATX,8,1,0,1,0,2,0,0,14,16,2,0,0,13,75,95,0,1,1,0,16,5,0,0,1303,2,1,1,18,21,4,1091
jwylie,Joey,Wylie,ATX,10,2,2,0,2,0,0,0,13,14,1,0,0,16,107,145,0,0,14,9,1,0,0,0,928,1,1,2,19,23,4,1236
jwylie,Joey,Wylie,ATX,11,1,3,2,2,0,0,0,23,23,0,0,0,23,163,236,0,0,14,11,13,5,0,0,1494,0,5,5,24,28,4,1472
jwylie,Joey,Wylie,ATX,12,1,0,4,0,1,0,0,42,44,2,0,0,42,255,195,0,0,19,14,4,2,0,0,1749,2,3,4,27,32,5,1667
jwylie,Joey,Wylie,ATX,13,1,0,4,0,0,0,0,32,32,0,0,0,28,195,98,0,0,10,7,18,3,0,0,1787,0,4,4,31,36,5,1765
ayanelli,Alex,Yanelli,SLC,1,1,0,0,0,0,0,0,0,0,0,0,0,0,0,0,0,0,0,0,0,0,0,0,0,0,0,0,0,0,0,0
ayanelli,Alex,Yanelli,SLC,2,1,0,0,0,0,0,0,0,0,0,0,0,0,0,0,0,0,0,0,0,0,0,0,0,0,0,0,0,0,0,0
ayanelli,Alex,Yanelli,SLC,5,1,0,0,0,0,0,0,0,0,0,0,0,0,0,0,0,0,0,0,0,0,0,0,0,0,0,0,0,0,0,0
ayanelli,Alex,Yanelli,SLC,6,2,0,0,0,0,0,0,0,0,0,0,0,0,0,0,0,0,0,0,0,0,0,0,0,0,0,0,0,0,0,0
ayanelli,Alex,Yanelli,SLC,7,1,0,0,0,0,0,0,0,0,0,0,0,0,0,0,0,0,0,0,0,0,0,0,0,0,0,0,0,0,0,0
ayanelli,Alex,Yanelli,SLC,8,1,0,0,0,0,0,0,0,0,0,0,0,0,0,0,0,0,0,0,0,0,0,0,0,0,0,0,0,0,0,0
ayanelli,Alex,Yanelli,SLC,10,1,0,0,0,0,0,0,0,0,0,0,0,0,0,0,0,0,0,0,0,0,0,0,0,0,0,0,0,0,0,0
ayanelli,Alex,Yanelli,SLC,11,2,0,0,0,0,0,0,0,0,0,0,0,0,0,0,0,0,0,0,0,0,0,0,0,0,0,0,0,0,0,0
ayanelli,Alex,Yanelli,SLC,12,1,0,0,0,0,0,0,0,0,0,0,0,0,0,0,0,0,0,0,0,0,0,0,0,0,0,0,0,0,0,0
ayanelli,Alex,Yanelli,SLC,13,1,0,0,0,0,0,0,0,0,0,0,0,0,0,0,0,0,0,0,0,0,0,0,0,0,0,0,0,0,0,0
syanuck,Sol,Yanuck,CAR,3,1,0,0,0,0,0,0,0,0,0,0,0,0,0,0,0,0,0,0,0,0,0,0,0,0,0,0,0,0,0,0
syanuck,Sol,Yanuck,CAR,4,2,0,0,0,0,0,0,0,0,0,0,0,0,0,0,0,0,0,0,0,0,0,0,0,0,0,0,0,0,0,0
syanuck,Sol,Yanuck,CAR,5,1,0,0,0,0,0,0,0,0,0,0,0,0,0,0,0,0,0,0,0,0,0,0,0,0,0,0,0,0,0,0
syanuck,Sol,Yanuck,CAR,6,2,0,0,0,0,0,0,0,0,0,0,0,0,0,0,0,0,0,0,0,0,0,0,0,0,0,0,0,0,0,0
syanuck,Sol,Yanuck,CAR,7,1,0,0,0,0,0,0,0,0,0,0,0,0,0,0,0,0,0,0,0,0,0,0,0,0,0,0,0,0,0,0
syanuck,Sol,Yanuck,CAR,9,1,0,0,0,0,0,0,0,0,0,0,0,0,0,0,0,0,0,0,0,0,0,0,0,0,0,0,0,0,0,0
syanuck,Sol,Yanuck,CAR,10,1,1,2,3,0,0,0,45,45,0,0,0,36,219,94,0,0,23,19,1,0,0,0,1361,0,3,3,3,3,0,94
syanuck,Sol,Yanuck,CAR,12,1,0,0,0,0,0,0,0,0,0,0,0,0,0,0,0,0,0,0,0,0,0,0,0,0,0,0,3,3,0,94
syanuck,Sol,Yanuck,CAR,13,2,0,0,0,0,0,0,0,0,0,0,0,0,0,0,0,0,0,0,0,0,0,0,0,0,0,0,3,3,0,94
tyarter,Tristan,Yarter,NY,1,2,0,0,0,0,0,0,0,0,0,0,0,0,0,0,0,0,0,0,0,0,0,0,0,0,0,0,0,0,0,0
tyarter,Tristan,Yarter,NY,3,1,0,0,0,0,0,0,0,0,0,0,0,0,0,0,0,0,0,0,0,0,0,0,0,0,0,0,0,0,0,0
tyarter,Tristan,Yarter,NY,4,2,0,0,1,0,0,0,5,5,0,0,0,5,17,28,0,0,1,1,20,2,0,0,1610,0,0,0,0,0,0,28
tyarter,Tristan,Yarter,NY,5,1,0,0,0,0,0,0,0,0,0,0,0,0,0,0,0,0,0,0,13,1,0,0,888,0,0,0,0,0,0,28
tyarter,Tristan,Yarter,NY,6,1,0,0,0,1,0,0,2,2,0,0,0,3,4,-4,0,0,0,0,6,1,0,0,215,0,1,0,1,0,1,24
tyarter,Tristan,Yarter,NY,7,1,0,0,0,0,0,0,0,0,0,0,0,0,0,0,0,0,0,0,9,0,0,0,660,0,0,0,1,0,1,24
tyarter,Tristan,Yarter,NY,8,1,0,0,0,2,0,0,1,1,0,0,0,1,-8,9,0,0,0,0,15,4,8,0,1332,0,2,0,3,0,3,33
tyarter,Tristan,Yarter,NY,9,1,0,1,0,1,0,0,4,4,0,0,1,3,16,-19,0,0,0,0,11,5,0,0,802,1,1,1,4,1,4,14
tyarter,Tristan,Yarter,NY,12,1,0,1,0,1,0,0,11,11,0,0,0,9,103,-42,0,0,1,0,12,4,0,0,851,0,2,1,6,2,5,-28
tyarter,Tristan,Yarter,NY,13,1,0,0,1,0,0,0,12,13,1,0,0,8,51,-17,0,0,0,0,15,6,0,0,771,1,-1,0,5,2,5,-45
ryeagle,Robert,Yeagle,OAK,1,1,0,0,0,0,0,0,0,0,0,0,0,0,0,0,0,0,0,0,0,0,0,0,0,0,0,0,0,0,0,0
ryeagle,Robert,Yeagle,OAK,2,2,0,0,0,0,0,0,0,0,0,0,0,0,0,0,0,0,0,0,0,0,0,0,0,0,0,0,0,0,0,0
ryeagle,Robert,Yeagle,OAK,3,1,0,0,0,0,0,0,0,0,0,0,0,0,0,0,0,0,0,0,0,0,0,0,0,0,0,0,0,0,0,0
ryeagle,Robert,Yeagle,OAK,5,1,1,0,0,0,0,0,3,3,0,0,0,4,-1,9,0,0,0,0,11,6,0,0,1097,0,1,1,1,1,0,9
ryeagle,Robert,Yeagle,OAK,6,1,0,0,0,0,0,0,0,0,0,0,0,0,0,0,0,0,0,0,0,0,0,0,0,0,0,0,1,1,0,9
ryeagle,Robert,Yeagle,OAK,7,1,0,0,0,0,0,0,0,0,0,0,0,0,0,0,0,0,0,0,0,0,0,0,0,0,0,0,1,1,0,9
ryeagle,Robert,Yeagle,OAK,8,1,0,0,0,0,0,0,0,0,0,0,0,0,0,0,0,0,0,0,0,0,0,0,0,0,0,0,1,1,0,9
ryeagle,Robert,Yeagle,OAK,9,1,2,0,0,0,0,0,3,4,1,0,0,6,16,70,0,0,0,0,15,10,0,0,942,1,1,2,2,3,0,79
ryeagle,Robert,Yeagle,OAK,10,2,0,0,0,0,0,0,0,0,0,0,0,0,0,0,0,0,0,0,0,0,0,0,0,0,0,0,2,3,0,79
ryeagle,Robert,Yeagle,OAK,13,1,0,0,0,0,0,0,0,0,0,0,0,0,0,0,0,0,0,0,0,0,0,0,0,0,0,0,2,3,0,79
cyorgason,Chad,Yorgason,SLC,1,1,2,5,4,0,0,0,28,28,0,0,0,29,169,360,0,0,23,18,3,1,0,0,1575,0,7,7,7,7,0,360
cyorgason,Chad,Yorgason,SLC,2,1,0,3,5,1,0,0,17,18,1,0,0,17,141,232,0,0,15,12,3,1,0,0,1325,1,3,3,10,10,1,592
cyorgason,Chad,Yorgason,SLC,5,1,2,4,1,0,0,0,23,26,3,0,0,29,239,398,3,4,22,15,7,1,0,0,1561,3,3,6,13,16,1,990
cyorgason,Chad,Yorgason,SLC,6,2,3,3,8,1,0,0,48,53,4,0,1,54,623,435,4,6,42,29,6,3,0,0,3430,5,2,6,15,22,2,1425
cyorgason,Chad,Yorgason,SLC,7,1,5,6,4,1,0,0,37,41,4,0,0,39,466,326,6,7,25,19,10,4,0,0,1906,4,8,11,23,33,3,1751
cyorgason,Chad,Yorgason,SLC,8,1,0,0,0,0,0,0,0,0,0,0,0,0,0,0,0,0,0,0,0,0,0,0,0,0,0,0,23,33,3,1751
cyorgason,Chad,Yorgason,SLC,10,1,3,4,1,0,0,0,29,30,1,0,0,32,228,262,1,2,22,16,0,0,0,0,1296,1,6,7,29,40,3,2013
cyorgason,Chad,Yorgason,SLC,11,2,4,9,4,0,0,0,29,33,4,0,1,35,483,461,5,5,37,32,1,1,0,0,2076,5,8,13,37,53,3,2474
cyorgason,Chad,Yorgason,SLC,12,1,4,2,3,0,0,0,16,17,1,0,0,21,158,358,1,1,20,15,4,1,0,0,1391,1,5,6,42,59,3,2832
cyorgason,Chad,Yorgason,SLC,13,1,2,0,1,1,0,0,15,17,2,0,0,16,186,179,2,2,16,10,5,2,0,0,1172,2,1,2,43,61,4,3011
lyorgason,Luke,Yorgason,SLC,1,1,0,0,0,0,0,0,0,0,0,0,0,0,0,0,0,0,0,0,0,0,0,0,0,0,0,0,0,0,0,0
lyorgason,Luke,Yorgason,SLC,2,1,0,0,0,0,0,0,0,0,0,0,0,0,0,0,0,0,0,0,0,0,0,0,0,0,0,0,0,0,0,0
lyorgason,Luke,Yorgason,SLC,5,1,0,0,0,0,0,0,0,0,0,0,0,0,0,0,0,0,0,0,0,0,0,0,0,0,0,0,0,0,0,0
lyorgason,Luke,Yorgason,SLC,6,2,0,0,0,0,0,0,0,0,0,0,0,0,0,0,0,0,0,0,0,0,0,0,0,0,0,0,0,0,0,0
lyorgason,Luke,Yorgason,SLC,7,1,0,0,0,0,0,0,0,0,0,0,0,0,0,0,0,0,0,0,0,0,0,0,0,0,0,0,0,0,0,0
lyorgason,Luke,Yorgason,SLC,8,1,0,0,0,0,0,0,0,0,0,0,0,0,0,0,0,0,0,0,0,0,0,0,0,0,0,0,0,0,0,0
lyorgason,Luke,Yorgason,SLC,10,1,1,0,1,1,0,0,10,10,0,0,0,8,98,37,1,1,2,2,12,6,0,0,854,0,2,1,2,1,1,37
lyorgason,Luke,Yorgason,SLC,11,2,1,1,2,0,0,0,15,17,2,0,0,15,145,53,0,0,1,0,26,12,0,0,2165,2,0,2,2,3,1,90
lyorgason,Luke,Yorgason,SLC,12,1,0,0,1,1,0,0,5,5,0,0,0,4,34,17,0,0,0,0,12,5,0,0,898,0,1,0,3,3,2,107
lyorgason,Luke,Yorgason,SLC,13,1,4,1,1,0,0,0,9,9,0,0,0,11,71,195,0,0,2,2,13,6,0,0,1117,0,5,5,8,8,2,302
myorgason,McKay,Yorgason,SLC,1,1,1,5,4,0,0,0,41,43,2,0,0,36,473,285,2,2,21,17,2,0,0,0,1263,2,4,6,4,6,0,285
myorgason,McKay,Yorgason,SLC,2,1,0,3,2,0,0,0,33,35,1,0,0,30,322,95,2,2,15,12,2,1,0,0,1183,1,2,3,6,9,0,380
myorgason,McKay,Yorgason,SLC,5,1,0,3,7,0,0,0,60,61,1,1,1,48,429,74,0,0,23,15,5,4,0,0,1710,3,0,3,6,12,0,454
myorgason,McKay,Yorgason,SLC,6,2,0,5,1,0,0,0,81,87,4,0,1,64,588,78,1,2,39,27,4,3,0,0,3126,5,0,5,6,17,0,532
myorgason,McKay,Yorgason,SLC,7,1,0,7,7,2,0,0,68,70,2,0,0,60,388,190,1,1,25,19,5,2,0,0,1908,2,7,7,13,24,2,722
myorgason,McKay,Yorgason,SLC,8,1,1,4,4,0,0,0,44,46,2,0,0,29,324,168,0,0,21,19,0,0,0,0,1114,2,3,5,16,29,2,890
myorgason,McKay,Yorgason,SLC,10,1,1,4,2,0,0,0,39,42,3,0,0,37,216,66,0,1,22,16,1,0,0,0,1342,3,2,5,18,34,2,956
myorgason,McKay,Yorgason,SLC,11,2,1,5,8,0,0,0,66,66,0,0,0,48,602,285,0,0,35,30,0,0,0,0,1650,0,6,6,24,40,2,1241
myorgason,McKay,Yorgason,SLC,12,1,0,5,2,1,0,0,58,59,1,0,0,47,507,111,1,1,20,15,2,0,0,0,1340,1,5,5,29,45,3,1352
myorgason,McKay,Yorgason,SLC,13,1,0,2,7,1,0,0,59,62,2,0,0,50,359,26,0,0,18,12,2,2,0,0,1256,2,1,2,30,47,4,1378
eyoung,Emmett,Young,BOS,1,1,0,0,0,0,0,0,0,0,0,0,0,0,0,0,0,0,0,0,0,0,0,0,0,0,0,0,0,0,0,0
eyoung,Emmett,Young,BOS,3,1,0,0,0,0,0,0,0,0,0,0,0,0,0,0,0,0,0,0,0,0,0,0,0,0,0,0,0,0,0,0
eyoung,Emmett,Young,BOS,4,2,0,0,0,0,0,0,0,0,0,0,0,0,0,0,0,0,0,0,0,0,0,0,0,0,0,0,0,0,0,0
eyoung,Emmett,Young,BOS,7,1,0,0,0,0,0,0,0,0,0,0,0,0,0,0,0,0,0,0,0,0,0,0,0,0,0,0,0,0,0,0
eyoung,Emmett,Young,BOS,8,2,0,0,0,0,0,0,0,0,0,0,0,0,0,0,0,0,0,0,0,0,0,0,0,0,0,0,0,0,0,0
eyoung,Emmett,Young,BOS,9,1,0,0,1,0,0,0,10,11,1,0,1,9,51,24,0,0,0,0,15,5,0,0,1128,2,-2,0,-2,0,0,24
eyoung,Emmett,Young,BOS,11,1,0,0,2,2,0,0,11,11,0,0,0,12,71,40,0,0,0,0,15,6,0,0,1267,0,2,0,0,0,2,64
eyoung,Emmett,Young,BOS,12,2,0,0,0,0,0,0,8,11,2,0,0,10,15,30,0,0,0,0,19,2,0,0,1361,2,-2,0,-2,0,2,94
eyoung,Emmett,Young,BOS,13,1,0,0,1,0,0,0,3,3,0,0,0,3,25,17,0,0,0,0,17,3,0,0,1021,0,0,0,-2,0,2,111
kyoung,Kydan,Young,IND,2,1,0,0,0,0,0,0,0,0,0,0,0,0,0,0,0,0,0,0,0,0,0,0,0,0,0,0,0,0,0,0
kyoung,Kydan,Young,IND,3,1,2,0,1,0,0,0,14,15,1,0,0,17,94,112,0,1,9,4,13,2,8,0,1254,1,1,2,1,2,0,112
kyoung,Kydan,Young,IND,5,1,0,1,0,2,0,0,3,4,1,0,0,1,47,8,1,2,0,0,11,5,4,0,1361,1,2,1,3,3,2,120
kyoung,Kydan,Young,IND,6,1,1,0,0,1,0,0,9,13,3,0,1,10,63,91,1,2,7,2,6,2,2,0,884,4,-2,1,1,4,3,211
kyoung,Kydan,Young,IND,7,1,1,1,0,1,0,0,2,3,1,0,0,4,29,40,0,0,3,3,13,6,5,1,984,1,2,2,3,6,4,251
kyoung,Kydan,Young,IND,8,1,0,0,0,0,0,0,0,2,1,0,0,2,0,-3,0,2,3,2,7,0,3,0,484,1,-1,0,2,6,4,248
kyoung,Kydan,Young,IND,9,1,0,0,0,0,0,0,0,0,0,0,0,0,0,0,0,0,0,0,0,0,0,0,0,0,0,0,2,6,4,248
kyoung,Kydan,Young,IND,10,2,0,1,0,2,0,0,6,9,3,0,2,8,35,110,0,2,9,2,7,1,2,0,1416,5,-2,1,0,7,6,358
kyoung,Kydan,Young,IND,11,1,0,0,0,0,0,0,0,0,0,0,0,0,0,0,0,0,0,0,0,0,0,0,0,0,0,0,0,7,6,358
kyoung,Kydan,Young,IND,12,1,0,0,0,0,0,0,0,0,0,0,0,0,0,0,0,0,0,0,0,0,0,0,0,0,0,0,0,7,6,358
kyoung,Kydan,Young,IND,13,1,0,0,0,0,0,0,0,0,0,0,0,0,0,0,0,0,0,0,0,0,0,0,0,0,0,0,0,7,6,358
cyoungblo,Chris,Youngblood,ATL,1,1,0,0,0,0,0,0,0,0,0,0,0,0,0,0,0,0,0,0,0,0,0,0,0,0,0,0,0,0,0,0
cyoungblo,Chris,Youngblood,ATL,3,2,0,0,0,0,0,0,0,0,0,0,0,0,0,0,0,0,0,0,0,0,0,0,0,0,0,0,0,0,0,0
cyoungblo,Chris,Youngblood,ATL,4,2,0,0,0,0,0,0,0,0,0,0,0,0,0,0,0,0,0,0,0,0,0,0,0,0,0,0,0,0,0,0
cyoungblo,Chris,Youngblood,ATL,5,1,0,0,0,0,0,0,0,0,0,0,0,0,0,0,0,0,0,0,0,0,0,0,0,0,0,0,0,0,0,0
cyoungblo,Chris,Youngblood,ATL,6,2,0,0,0,0,0,0,0,0,0,0,0,0,0,0,0,0,0,0,0,0,0,0,0,0,0,0,0,0,0,0
cyoungblo,Chris,Youngblood,ATL,7,1,0,0,0,0,0,0,0,0,0,0,0,0,0,0,0,0,0,0,0,0,0,0,0,0,0,0,0,0,0,0
cyoungblo,Chris,Youngblood,ATL,9,1,0,0,0,0,0,0,0,0,0,0,0,0,0,0,0,0,0,0,0,0,0,0,0,0,0,0,0,0,0,0
cyoungblo,Chris,Youngblood,ATL,10,1,0,0,0,0,0,0,0,0,0,0,0,0,0,0,0,0,0,0,0,0,0,0,0,0,0,0,0,0,0,0
cyoungblo,Chris,Youngblood,ATL,12,1,0,0,0,0,0,0,0,0,0,0,0,0,0,0,0,0,0,0,0,0,0,0,0,0,0,0,0,0,0,0
dyu,David,Yu,COL,1,1,0,0,0,0,0,0,0,0,0,0,0,0,0,0,0,0,0,0,0,0,0,0,0,0,0,0,0,0,0,0
dyu,David,Yu,COL,4,2,0,0,0,0,0,0,5,6,1,0,1,6,18,23,0,0,1,1,22,4,0,0,2098,2,-2,0,-2,0,0,23
dyu,David,Yu,COL,5,1,1,0,1,1,0,0,9,11,1,0,0,9,40,23,0,0,0,0,13,6,0,0,1272,1,1,1,-1,1,1,46
dyu,David,Yu,COL,6,1,0,2,0,0,0,0,5,5,0,0,0,3,20,84,0,0,1,1,12,5,0,0,741,0,2,2,1,3,1,130
dyu,David,Yu,COL,9,1,0,0,0,0,0,0,0,0,0,0,0,0,0,0,0,0,0,0,0,0,0,0,0,0,0,0,1,3,1,130
dyu,David,Yu,COL,10,2,0,1,1,0,0,0,13,15,2,0,0,13,46,97,0,0,0,0,26,9,0,0,1660,2,-1,1,0,4,1,227
dyu,David,Yu,COL,11,1,0,0,0,0,0,0,0,0,0,0,0,0,0,0,0,0,0,0,0,0,0,0,0,0,0,0,0,4,1,227
dyu,David,Yu,COL,12,2,0,0,0,0,0,0,0,0,0,0,0,0,0,0,0,0,0,0,0,0,0,0,0,0,0,0,0,4,1,227
dyu,David,Yu,COL,13,1,0,0,2,1,0,0,8,9,1,0,0,8,49,20,0,0,0,0,13,9,0,0,1138,1,0,0,0,4,2,247
ayuan,Albert,Yuan,BOS,1,1,3,0,1,0,0,0,5,6,0,0,0,7,-19,130,0,0,0,0,13,5,0,0,897,0,3,3,3,3,0,130
ayuan,Albert,Yuan,BOS,3,1,2,0,0,1,0,0,1,2,1,0,0,4,-1,33,0,0,0,0,12,6,0,0,1115,1,2,2,5,5,1,163
ayuan,Albert,Yuan,BOS,4,2,1,0,0,0,0,0,6,6,0,0,0,7,54,75,0,0,2,1,22,8,0,0,2293,0,1,1,6,6,1,238
ayuan,Albert,Yuan,BOS,7,1,0,0,1,1,0,0,1,1,0,0,1,1,30,7,0,0,1,1,11,3,0,0,759,1,0,0,6,6,2,245
ayuan,Albert,Yuan,BOS,8,2,0,0,0,0,0,0,2,2,0,0,0,3,-10,37,0,0,1,1,16,5,0,0,1214,0,0,0,6,6,2,282
ayuan,Albert,Yuan,BOS,9,1,1,0,1,0,0,0,2,3,0,0,0,4,-11,53,0,0,0,0,13,6,0,0,1188,0,1,1,7,7,2,335
ayuan,Albert,Yuan,BOS,11,1,1,2,2,0,0,0,8,8,0,0,1,9,64,97,0,0,16,11,0,0,0,0,1213,1,2,3,9,10,2,432
ayuan,Albert,Yuan,BOS,12,2,4,2,3,2,0,0,32,33,1,0,0,37,120,485,0,0,32,22,0,0,0,0,2938,1,7,6,16,16,4,917
ayuan,Albert,Yuan,BOS,13,1,3,3,1,0,0,0,13,13,0,0,0,15,180,177,1,1,17,12,0,0,0,0,861,0,6,6,22,22,4,1094
czaleski,Christopher,Zaleski,PHI,1,1,0,0,0,0,0,0,2,2,0,0,0,3,9,0,0,0,0,0,4,0,0,0,336,0,0,0,0,0,0,0
czaleski,Christopher,Zaleski,PHI,2,1,0,0,0,0,0,0,0,0,0,0,0,0,0,0,0,0,0,0,0,0,0,0,0,0,0,0,0,0,0,0
czaleski,Christopher,Zaleski,PHI,3,1,0,0,0,0,0,0,0,0,0,0,0,0,0,0,0,0,0,0,0,0,0,0,0,0,0,0,0,0,0,0
czaleski,Christopher,Zaleski,PHI,5,1,0,0,0,0,0,0,0,0,0,0,0,0,0,0,0,0,0,0,0,0,0,0,0,0,0,0,0,0,0,0
czaleski,Christopher,Zaleski,PHI,6,1,0,0,0,0,0,0,0,0,0,0,0,0,0,0,0,0,0,0,0,0,0,0,0,0,0,0,0,0,0,0
czaleski,Christopher,Zaleski,PHI,7,2,0,1,1,0,0,0,7,7,0,0,0,6,42,15,0,0,3,1,11,2,0,0,806,0,1,1,1,1,0,15
czaleski,Christopher,Zaleski,PHI,8,1,0,1,0,0,0,0,4,4,0,0,1,4,-26,59,0,0,0,0,8,3,0,0,522,1,0,1,1,2,0,74
czaleski,Christopher,Zaleski,PHI,10,1,0,0,0,0,0,0,0,0,0,0,0,0,0,0,0,0,0,0,0,0,0,0,0,0,0,0,1,2,0,74
czaleski,Christopher,Zaleski,PHI,12,2,0,0,0,0,0,0,0,0,0,0,0,0,0,0,0,0,0,0,0,0,0,0,0,0,0,0,1,2,0,74
czaleski,Christopher,Zaleski,PHI,13,1,0,0,0,0,0,0,0,0,0,0,0,0,0,0,0,0,0,0,0,0,0,0,0,0,0,0,1,2,0,74
jzeidman,Jason,Zeidman,LV,1,1,1,0,0,1,0,0,0,0,0,0,0,1,0,21,0,0,0,0,7,1,0,0,403,0,2,1,2,1,1,21
jzeidman,Jason,Zeidman,LV,2,1,0,0,1,0,0,0,3,3,0,0,0,3,14,-6,0,0,7,2,4,1,0,0,541,0,0,0,2,1,1,15
jzeidman,Jason,Zeidman,LV,3,1,1,0,0,0,0,0,3,3,0,0,0,4,19,14,0,0,1,1,12,2,0,0,988,0,1,1,3,2,1,29
jzeidman,Jason,Zeidman,LV,5,1,0,0,0,1,0,0,3,3,0,0,1,4,5,3,0,0,0,0,9,2,0,0,962,1,0,0,3,2,2,32
jzeidman,Jason,Zeidman,LV,7,2,0,0,0,0,0,0,0,0,0,0,0,0,0,0,0,0,0,0,0,0,0,0,0,0,0,0,3,2,2,32
jzeidman,Jason,Zeidman,LV,8,1,0,1,0,1,0,0,13,14,1,0,0,10,88,130,1,1,8,4,7,2,0,0,966,1,1,1,4,3,3,162
jzeidman,Jason,Zeidman,LV,9,2,2,1,1,3,0,0,18,20,1,0,1,19,128,178,1,2,18,6,10,0,0,0,2002,2,4,3,8,6,6,340
jzeidman,Jason,Zeidman,LV,11,1,0,0,0,0,0,0,0,0,0,0,0,0,0,0,0,0,0,0,0,0,0,0,0,0,0,0,8,6,6,340
jzeidman,Jason,Zeidman,LV,12,1,1,0,0,1,0,0,12,16,4,0,0,10,54,86,0,0,15,5,7,0,0,0,1538,4,-2,1,6,7,7,426
jzeidman,Jason,Zeidman,LV,13,1,0,0,0,1,0,0,5,5,0,0,0,5,-10,25,0,0,2,2,13,2,0,0,1088,0,1,0,7,7,8,451
mzetsch,Mason,Zetsch,LV,1,1,0,0,0,0,0,0,6,7,1,0,1,6,79,14,0,0,14,3,7,0,0,0,1236,2,-2,0,-2,0,0,14
mzetsch,Mason,Zetsch,LV,2,1,1,2,0,0,0,0,11,13,2,0,1,11,-8,89,0,2,9,3,7,1,4,0,1289,3,0,3,-2,3,0,103
mzetsch,Mason,Zetsch,LV,3,1,0,0,0,0,0,0,0,0,0,0,0,0,0,0,0,0,0,0,0,0,0,0,0,0,0,0,-2,3,0,103
mzetsch,Mason,Zetsch,LV,5,1,1,3,0,1,0,0,7,11,3,0,0,12,62,194,1,3,14,8,3,2,0,0,1626,3,2,4,0,7,1,297
mzetsch,Mason,Zetsch,LV,7,2,2,4,4,3,0,0,36,42,5,1,1,40,255,352,1,4,36,19,0,0,0,0,3042,7,2,6,2,13,4,649
mzetsch,Mason,Zetsch,LV,8,1,2,1,2,1,0,0,20,21,1,0,1,20,188,172,1,1,20,11,0,0,0,0,1187,2,2,3,4,16,5,821
mzetsch,Mason,Zetsch,LV,9,2,0,0,0,0,0,0,12,17,5,0,3,14,16,167,0,3,33,9,2,0,1,1,2079,8,-8,0,-4,16,5,988
mzetsch,Mason,Zetsch,LV,11,1,1,2,0,0,0,0,19,23,4,0,1,21,157,186,1,4,22,8,0,0,0,0,1525,5,-2,3,-6,19,5,1174
mzetsch,Mason,Zetsch,LV,12,1,0,0,0,0,0,0,0,0,0,0,0,0,0,0,0,0,0,0,0,0,0,0,0,0,0,0,-6,19,5,1174
mzetsch,Mason,Zetsch,LV,13,1,3,0,1,0,0,0,9,12,2,0,0,15,42,262,1,1,16,9,1,1,0,0,1169,2,1,3,-5,22,5,1436
bzhang,Ben,Zhang,CHI,4,1,0,0,0,0,0,0,0,0,0,0,0,0,0,0,0,0,0,0,0,0,0,0,0,0,0,0,0,0,0,0
bzhang,Ben,Zhang,CHI,6,1,0,0,0,0,0,0,0,0,0,0,0,0,0,0,0,0,0,0,0,0,0,0,0,0,0,0,0,0,0,0
bzhang,Ben,Zhang,CHI,7,1,0,0,0,0,0,0,0,0,0,0,0,0,0,0,0,0,0,0,0,0,0,0,0,0,0,0,0,0,0,0
bzhang,Ben,Zhang,CHI,8,1,0,0,0,0,0,0,0,0,0,0,0,0,0,0,0,0,0,0,0,0,0,0,0,0,0,0,0,0,0,0
bzhang,Ben,Zhang,CHI,9,2,0,1,0,1,0,0,3,5,1,0,0,4,17,39,0,0,0,0,15,9,0,0,1123,1,1,1,1,1,1,39
bzhang,Ben,Zhang,CHI,10,2,3,1,1,0,0,0,8,8,0,0,0,10,23,100,0,0,0,0,20,10,0,0,1736,0,4,4,5,5,1,139
bzhang,Ben,Zhang,CHI,11,2,0,0,0,0,0,0,0,0,0,0,0,0,0,0,0,0,0,0,0,0,0,0,0,0,0,0,5,5,1,139
bzhang,Ben,Zhang,CHI,13,2,0,0,0,0,0,0,0,0,0,0,0,0,0,0,0,0,0,0,0,0,0,0,0,0,0,0,5,5,1,139
vzhivich,Victor,Zhivich,LA,2,2,0,0,0,0,0,0,0,0,0,0,0,0,0,0,0,0,0,0,0,0,0,0,0,0,0,0,0,0,0,0
vzhivich,Victor,Zhivich,LA,3,1,0,0,0,0,0,0,0,0,0,0,0,0,0,0,0,0,0,0,0,0,0,0,0,0,0,0,0,0,0,0
vzhivich,Victor,Zhivich,LA,4,1,0,0,0,0,0,0,4,5,1,0,0,5,-8,20,0,0,0,0,8,1,0,0,628,1,-1,0,-1,0,0,20
vzhivich,Victor,Zhivich,LA,6,1,0,0,0,0,0,0,0,0,0,0,0,0,0,0,0,0,0,0,0,0,0,0,0,0,0,0,-1,0,0,20
vzhivich,Victor,Zhivich,LA,7,1,0,0,0,0,0,0,0,0,0,0,0,0,0,0,0,0,0,0,0,0,0,0,0,0,0,0,-1,0,0,20
vzhivich,Victor,Zhivich,LA,9,2,0,0,0,0,0,0,0,0,0,0,0,0,0,0,0,0,0,0,0,0,0,0,0,0,0,0,-1,0,0,20
vzhivich,Victor,Zhivich,LA,11,1,0,0,0,0,0,0,0,0,0,0,0,0,0,0,0,0,0,0,0,0,0,0,0,0,0,0,-1,0,0,20
vzhivich,Victor,Zhivich,LA,12,2,1,0,0,1,0,0,1,1,0,0,0,1,7,37,0,0,1,0,9,2,0,0,789,0,2,1,1,1,1,57
vzhivich,Victor,Zhivich,LA,13,1,0,0,0,0,0,0,0,0,0,0,0,0,0,0,0,0,0,0,0,0,0,0,0,0,0,0,1,1,1,57
jzhou,Jeff,Zhou,HTX,1,1,0,0,0,0,0,0,0,0,0,0,0,0,0,0,0,0,0,0,0,0,0,0,0,0,0,0,0,0,0,0
jzhou,Jeff,Zhou,HTX,2,1,0,0,0,0,0,0,0,0,0,0,0,0,0,0,0,0,0,0,0,0,0,0,0,0,0,0,0,0,0,0
jzhou,Jeff,Zhou,HTX,3,1,0,0,0,0,0,0,0,0,0,0,0,0,0,0,0,0,0,0,0,0,0,0,0,0,0,0,0,0,0,0
jzhou,Jeff,Zhou,HTX,4,1,0,0,0,0,0,0,0,0,0,0,0,0,0,0,0,0,0,0,0,0,0,0,0,0,0,0,0,0,0,0
jzhou,Jeff,Zhou,HTX,6,2,0,0,0,0,0,0,0,0,0,0,0,0,0,0,0,0,0,0,0,0,0,0,0,0,0,0,0,0,0,0
jzhou,Jeff,Zhou,HTX,8,1,0,0,0,0,0,0,0,0,0,0,0,0,0,0,0,0,2,0,6,1,0,0,522,0,0,0,0,0,0,0
jzhou,Jeff,Zhou,HTX,9,2,0,0,0,0,0,0,5,5,0,0,0,5,45,24,0,0,6,1,25,0,0,0,1797,0,0,0,0,0,0,24
jzhou,Jeff,Zhou,HTX,11,1,0,0,0,0,0,0,0,0,0,0,0,0,0,0,0,0,0,0,0,0,0,0,0,0,0,0,0,0,0,24
jzhou,Jeff,Zhou,HTX,12,1,1,2,0,0,0,0,3,3,0,0,0,4,33,73,0,0,0,0,13,6,0,0,948,0,3,3,3,3,0,97
jzhou,Jeff,Zhou,HTX,13,1,0,2,1,2,0,0,7,7,0,0,0,7,31,72,0,0,6,3,10,2,0,0,986,0,4,2,7,5,2,169
dzoldan,David,Zoldan,DET,3,1,2,1,0,0,0,0,7,8,1,0,0,9,63,154,0,0,10,7,3,1,0,0,1034,1,2,3,2,3,0,154
dzoldan,David,Zoldan,DET,5,1,1,0,2,1,0,0,3,4,1,0,0,4,14,45,0,0,1,0,14,5,0,0,1208,1,1,1,3,4,1,199
dzoldan,David,Zoldan,DET,7,1,0,0,0,0,0,0,0,0,0,0,0,0,0,0,0,0,0,0,0,0,0,0,0,0,0,0,3,4,1,199
dzoldan,David,Zoldan,DET,8,1,0,0,0,0,0,0,1,1,0,0,0,1,-9,10,0,0,0,0,16,3,0,0,846,0,0,0,3,4,1,209
dzoldan,David,Zoldan,DET,9,2,0,0,0,0,0,0,0,0,0,0,0,0,0,0,0,0,0,0,0,0,0,0,0,0,0,0,3,4,1,209
dzoldan,David,Zoldan,DET,10,2,0,0,0,0,0,0,0,0,0,0,0,0,0,0,0,0,0,0,0,0,0,0,0,0,0,0,3,4,1,209
dzoldan,David,Zoldan,DET,11,1,0,0,0,0,0,0,0,0,0,0,0,0,0,0,0,0,0,0,0,0,0,0,0,0,0,0,3,4,1,209
dzoldan,David,Zoldan,DET,12,1,0,0,0,0,0,0,0,0,0,0,0,0,0,0,0,0,0,0,0,0,0,0,0,0,0,0,3,4,1,209
dzoldan,David,Zoldan,DET,13,2,0,0,0,0,0,0,0,0,0,0,0,0,0,0,0,0,0,0,0,0,0,0,0,0,0,0,3,4,1,209
jzuraw,Jimmy,Zuraw,HTX,1,1,1,3,5,1,0,0,39,44,4,0,1,33,382,226,1,2,24,16,5,2,1,0,1552,5,0,4,0,4,1,226
jzuraw,Jimmy,Zuraw,HTX,2,1,1,1,0,1,0,0,25,28,2,0,1,21,144,86,0,0,9,4,4,2,2,0,1093,3,0,2,0,6,2,312
jzuraw,Jimmy,Zuraw,HTX,3,1,1,2,1,1,0,0,28,30,2,0,0,29,229,165,0,0,19,13,4,0,1,0,1017,2,2,3,2,9,3,477
jzuraw,Jimmy,Zuraw,HTX,4,1,2,3,2,2,0,0,19,20,1,0,2,18,45,177,0,0,16,11,7,4,2,0,1450,3,4,5,6,14,5,654
jzuraw,Jimmy,Zuraw,HTX,6,2,1,7,4,1,0,0,85,90,4,0,0,79,429,388,3,3,36,21,8,3,7,0,3351,4,5,8,11,22,6,1042
jzuraw,Jimmy,Zuraw,HTX,8,1,2,1,2,0,0,0,21,22,1,0,1,21,155,66,0,1,15,12,5,2,1,0,1488,2,1,3,12,25,6,1108
jzuraw,Jimmy,Zuraw,HTX,9,2,2,6,6,0,0,1,63,67,4,1,0,61,591,230,3,4,43,22,3,1,2,0,2978,5,3,8,15,33,6,1338
jzuraw,Jimmy,Zuraw,HTX,11,1,1,3,4,1,0,0,30,31,1,0,0,26,353,163,3,3,23,15,3,0,2,0,1486,1,4,4,19,37,7,1501
jzuraw,Jimmy,Zuraw,HTX,12,1,1,0,1,0,0,0,27,27,0,0,0,27,213,60,1,1,16,11,9,1,2,0,1404,0,1,1,20,38,7,1561
jzuraw,Jimmy,Zuraw,HTX,13,1,0,0,0,0,0,0,0,0,0,0,0,0,0,0,0,0,0,0,0,0,0,0,0,0,0,0,20,38,7,1561
rdusaire,Ryan,duSaire,MIN,3,1,0,0,0,0,0,0,0,0,0,0,0,0,0,0,0,0,0,0,0,0,0,0,0,0,0,0,0,0,0,0
rdusaire,Ryan,duSaire,MIN,4,1,0,0,0,0,0,0,0,0,0,0,0,0,0,0,0,0,0,0,0,0,0,0,0,0,0,0,0,0,0,0
rdusaire,Ryan,duSaire,MIN,5,1,0,0,0,0,0,0,0,0,0,0,0,0,0,0,0,0,0,0,0,0,0,0,0,0,0,0,0,0,0,0
rdusaire,Ryan,duSaire,MIN,6,1,0,0,0,0,0,0,0,0,0,0,0,0,0,0,0,0,0,0,0,0,0,0,0,0,0,0,0,0,0,0
rdusaire,Ryan,duSaire,MIN,7,1,0,0,0,0,0,0,0,0,0,0,0,0,0,0,0,0,0,0,0,0,0,0,0,0,0,0,0,0,0,0
rdusaire,Ryan,duSaire,MIN,8,1,0,0,0,0,0,0,0,0,0,0,0,0,0,0,0,0,0,0,0,0,0,0,0,0,0,0,0,0,0,0
rdusaire,Ryan,duSaire,MIN,9,1,0,0,0,0,0,0,0,0,0,0,0,0,0,0,0,0,0,0,0,0,0,0,0,0,0,0,0,0,0,0
rdusaire,Ryan,duSaire,MIN,11,2,0,0,0,0,0,0,0,0,0,0,0,0,0,0,0,0,0,0,0,0,0,0,0,0,0,0,0,0,0,0
rdusaire,Ryan,duSaire,MIN,12,1,0,0,0,1,0,0,7,7,0,0,0,7,39,43,0,0,0,0,6,2,0,0,798,0,1,0,1,0,1,43
rdusaire,Ryan,duSaire,MIN,13,2,0,0,0,0,0,0,0,0,0,0,0,0,0,0,0,0,0,0,0,0,0,0,0,0,0,0,1,0,1,43
